Fecha,Hora,Frecuencia cardiaca,Origen
2026.08.10 22:23:00,22:23:00,57,
2026.08.10 22:28:00,22:28:00,67,
2026.08.10 22:29:00,22:29:00,56,
2026.08.10 22:55:00,22:55:00,61,
2026.08.10 22:56:00,22:56:00,66,
2026.08.10 23:06:00,23:06:00,68,
2026.08.10 23:24:00,23:24:00,61,
2026.08.10 23:36:00,23:36:00,52,
2026.08.10 23:40:00,23:40:00,57,
2026.08.11 00:02:00,00:02:00,49,
2026.08.11 00:22:00,00:22:00,54,
2026.08.11 00:25:00,00:25:00,69,
2026.08.11 00:26:00,00:26:00,77,
2026.08.11 00:27:00,00:27:00,59,
2026.08.11 00:30:00,00:30:00,53,
2026.08.11 00:31:00,00:31:00,53,
2026.08.11 00:40:00,00:40:00,55,
2026.08.11 00:41:00,00:41:00,54,
2026.08.11 01:00:00,01:00:00,45,
2026.08.11 01:01:00,01:01:00,54,
2026.08.11 01:10:00,01:10:00,55,
2026.08.11 01:11:00,01:11:00,55,
2026.08.11 01:20:00,01:20:00,56,
2026.08.11 01:21:00,01:21:00,55,
2026.08.11 01:30:00,01:30:00,55,
2026.08.11 01:31:00,01:31:00,55,
2026.08.11 01:40:00,01:40:00,55,
2026.08.11 01:41:00,01:41:00,52,
2026.08.11 01:50:00,01:50:00,55,
2026.08.11 01:51:00,01:51:00,53,
2026.08.11 02:00:00,02:00:00,52,
2026.08.11 02:01:00,02:01:00,53,
2026.08.11 02:10:00,02:10:00,53,
2026.08.11 02:11:00,02:11:00,53,
2026.08.11 02:20:00,02:20:00,54,
2026.08.11 02:21:00,02:21:00,54,
2026.08.11 02:30:00,02:30:00,53,
2026.08.11 02:31:00,02:31:00,52,
2026.08.11 02:46:00,02:46:00,53,
2026.08.11 02:47:00,02:47:00,51,
2026.08.11 02:50:00,02:50:00,58,
2026.08.11 02:51:00,02:51:00,53,
2026.08.11 03:00:00,03:00:00,57,
2026.08.11 03:01:00,03:01:00,57,
2026.08.11 03:10:00,03:10:00,56,
2026.08.11 03:11:00,03:11:00,53,
2026.08.11 03:20:00,03:20:00,50,
2026.08.11 03:21:00,03:21:00,51,
2026.08.11 03:30:00,03:30:00,54,
2026.08.11 03:31:00,03:31:00,52,
2026.08.11 03:40:00,03:40:00,53,
2026.08.11 03:41:00,03:41:00,53,
2026.08.11 03:50:00,03:50:00,53,
2026.08.11 03:51:00,03:51:00,53,
2026.08.11 04:00:00,04:00:00,53,
2026.08.11 04:01:00,04:01:00,53,
2026.08.11 04:10:00,04:10:00,52,
2026.08.11 04:20:00,04:20:00,56,
2026.08.11 04:30:00,04:30:00,58,
2026.08.11 04:40:00,04:40:00,52,
2026.08.11 04:50:00,04:50:00,49,
2026.08.11 05:00:00,05:00:00,53,
2026.08.11 05:10:00,05:10:00,52,
2026.08.11 05:20:00,05:20:00,51,
2026.08.11 05:30:00,05:30:00,54,
2026.08.11 05:40:00,05:40:00,55,
2026.08.11 05:50:00,05:50:00,56,
2026.08.11 06:00:00,06:00:00,53,
2026.08.11 06:10:00,06:10:00,50,
2026.08.11 06:20:00,06:20:00,59,
2026.08.11 06:30:00,06:30:00,56,
2026.08.11 06:40:00,06:40:00,52,
2026.08.11 06:50:00,06:50:00,45,
2026.08.11 07:03:00,07:03:00,55,
2026.08.11 08:03:00,08:03:00,111,
2026.08.11 08:04:00,08:04:00,98,
2026.08.11 08:33:00,08:33:00,89,
2026.08.11 08:34:00,08:34:00,93,
2026.08.11 08:35:00,08:35:00,111,
2026.08.11 08:36:00,08:36:00,105,
2026.08.11 08:38:00,08:38:00,96,
2026.08.11 08:43:00,08:43:00,101,
2026.08.11 08:44:00,08:44:00,105,
2026.08.11 08:45:00,08:45:00,104,
2026.08.11 08:49:00,08:49:00,104,
2026.08.11 08:50:00,08:50:00,98,
2026.08.11 08:51:00,08:51:00,105,
2026.08.11 08:52:00,08:52:00,106,
2026.08.11 08:53:00,08:53:00,92,
2026.08.11 08:54:00,08:54:00,92,
2026.08.11 08:55:00,08:55:00,97,
2026.08.11 08:56:00,08:56:00,106,
2026.08.11 08:57:00,08:57:00,96,
2026.08.11 08:59:00,08:59:00,88,
2026.08.11 09:00:00,09:00:00,119,
2026.08.11 09:02:00,09:02:00,110,
2026.08.11 09:03:00,09:03:00,112,
2026.08.11 09:04:00,09:04:00,115,
2026.08.11 09:05:00,09:05:00,116,
2026.08.11 09:27:00,09:27:00,86,
2026.08.11 09:28:00,09:28:00,86,
2026.08.11 09:38:00,09:38:00,81,
2026.08.11 09:39:00,09:39:00,86,
2026.08.11 09:42:00,09:42:00,84,
2026.08.11 09:43:00,09:43:00,86,
2026.08.11 10:01:00,10:01:00,84,
2026.08.11 10:02:00,10:02:00,76,
2026.08.11 10:04:00,10:04:00,69,
2026.08.11 10:05:00,10:05:00,90,
2026.08.11 10:06:00,10:06:00,76,
2026.08.11 10:07:00,10:07:00,72,
2026.08.11 10:09:00,10:09:00,78,
2026.08.11 10:10:00,10:10:00,64,
2026.08.11 10:11:00,10:11:00,75,
2026.08.11 10:13:00,10:13:00,69,
2026.08.11 10:14:00,10:14:00,78,
2026.08.11 10:16:00,10:16:00,78,
2026.08.11 10:17:00,10:17:00,78,
2026.08.11 10:19:00,10:19:00,87,
2026.08.11 10:20:00,10:20:00,81,
2026.08.11 10:21:00,10:21:00,73,
2026.08.11 10:26:00,10:26:00,94,
2026.08.11 10:27:00,10:27:00,69,
2026.08.11 10:28:00,10:28:00,70,
2026.08.11 10:31:00,10:31:00,63,
2026.08.11 10:32:00,10:32:00,76,
2026.08.11 10:33:00,10:33:00,76,
2026.08.11 10:34:00,10:34:00,79,
2026.08.11 10:35:00,10:35:00,80,
2026.08.11 10:36:00,10:36:00,75,
2026.08.11 10:37:00,10:37:00,77,
2026.08.11 10:38:00,10:38:00,71,
2026.08.11 10:39:00,10:39:00,74,
2026.08.11 10:40:00,10:40:00,73,
2026.08.11 10:42:00,10:42:00,82,
2026.08.11 10:43:00,10:43:00,62,
2026.08.11 10:44:00,10:44:00,72,
2026.08.11 10:45:00,10:45:00,91,
2026.08.11 10:46:00,10:46:00,62,
2026.08.11 10:47:00,10:47:00,64,
2026.08.11 10:48:00,10:48:00,65,
2026.08.11 10:50:00,10:50:00,73,
2026.08.11 10:52:00,10:52:00,86,
2026.08.11 10:53:00,10:53:00,85,
2026.08.11 10:54:00,10:54:00,82,
2026.08.11 10:55:00,10:55:00,89,
2026.08.11 10:56:00,10:56:00,85,
2026.08.11 10:58:00,10:58:00,77,
2026.08.11 11:03:00,11:03:00,110,
2026.08.11 11:04:00,11:04:00,91,
2026.08.11 11:05:00,11:05:00,98,
2026.08.11 11:06:00,11:06:00,92,
2026.08.11 11:07:00,11:07:00,100,
2026.08.11 11:10:00,11:10:00,81,
2026.08.11 11:12:00,11:12:00,117,
2026.08.11 11:13:00,11:13:00,137,
2026.08.11 11:14:00,11:14:00,114,
2026.08.11 11:15:00,11:15:00,114,
2026.08.11 11:16:00,11:16:00,101,
2026.08.11 11:17:00,11:17:00,97,
2026.08.11 11:18:00,11:18:00,92,
2026.08.11 11:19:00,11:19:00,94,
2026.08.11 11:20:00,11:20:00,112,
2026.08.11 11:21:00,11:21:00,73,
2026.08.11 11:22:00,11:22:00,79,
2026.08.11 11:27:00,11:27:00,78,
2026.08.11 11:28:00,11:28:00,74,
2026.08.11 11:29:00,11:29:00,75,
2026.08.11 11:30:00,11:30:00,76,
2026.08.11 11:31:00,11:31:00,84,
2026.08.11 11:32:00,11:32:00,76,
2026.08.11 11:33:00,11:33:00,75,
2026.08.11 11:34:00,11:34:00,73,
2026.08.11 11:35:00,11:35:00,81,
2026.08.11 11:36:00,11:36:00,80,
2026.08.11 11:38:00,11:38:00,78,
2026.08.11 11:42:00,11:42:00,96,
2026.08.11 11:43:00,11:43:00,137,
2026.08.11 11:44:00,11:44:00,130,
2026.08.11 11:45:00,11:45:00,93,
2026.08.11 11:46:00,11:46:00,81,
2026.08.11 11:47:00,11:47:00,82,
2026.08.11 11:49:00,11:49:00,80,
2026.08.11 11:50:00,11:50:00,101,
2026.08.11 11:51:00,11:51:00,107,
2026.08.11 11:52:00,11:52:00,103,
2026.08.11 11:53:00,11:53:00,100,
2026.08.11 11:54:00,11:54:00,100,
2026.08.11 11:55:00,11:55:00,88,
2026.08.11 11:56:00,11:56:00,85,
2026.08.11 11:57:00,11:57:00,86,
2026.08.11 11:58:00,11:58:00,79,
2026.08.11 11:59:00,11:59:00,72,
2026.08.11 12:00:00,12:00:00,71,
2026.08.11 12:01:00,12:01:00,56,
2026.08.11 12:04:00,12:04:00,59,
2026.08.11 12:06:00,12:06:00,60,
2026.08.11 12:07:00,12:07:00,80,
2026.08.11 12:12:00,12:12:00,84,
2026.08.11 12:13:00,12:13:00,89,
2026.08.11 12:14:00,12:14:00,84,
2026.08.11 12:15:00,12:15:00,86,
2026.08.11 12:16:00,12:16:00,91,
2026.08.11 12:17:00,12:17:00,101,
2026.08.11 12:18:00,12:18:00,113,
2026.08.11 12:19:00,12:19:00,111,
2026.08.11 12:20:00,12:20:00,108,
2026.08.11 12:21:00,12:21:00,100,
2026.08.11 12:22:00,12:22:00,100,
2026.08.11 12:23:00,12:23:00,107,
2026.08.11 12:24:00,12:24:00,109,
2026.08.11 12:25:00,12:25:00,88,
2026.08.11 12:26:00,12:26:00,89,
2026.08.11 12:28:00,12:28:00,79,
2026.08.11 12:35:00,12:35:00,71,
2026.08.11 12:36:00,12:36:00,67,
2026.08.11 12:37:00,12:37:00,68,
2026.08.11 12:38:00,12:38:00,68,
2026.08.11 12:39:00,12:39:00,63,
2026.08.11 12:40:00,12:40:00,73,
2026.08.11 12:41:00,12:41:00,66,
2026.08.11 12:42:00,12:42:00,79,
2026.08.11 12:43:00,12:43:00,77,
2026.08.11 12:44:00,12:44:00,74,
2026.08.11 12:46:00,12:46:00,95,
2026.08.11 12:47:00,12:47:00,95,
2026.08.11 12:48:00,12:48:00,77,
2026.08.11 12:49:00,12:49:00,90,
2026.08.11 12:50:00,12:50:00,82,
2026.08.11 12:51:00,12:51:00,89,
2026.08.11 12:52:00,12:52:00,74,
2026.08.11 12:53:00,12:53:00,70,
2026.08.11 12:54:00,12:54:00,72,
2026.08.11 12:55:00,12:55:00,82,
2026.08.11 12:56:00,12:56:00,79,
2026.08.11 12:57:00,12:57:00,74,
2026.08.11 12:59:00,12:59:00,81,
2026.08.11 13:00:00,13:00:00,82,
2026.08.11 13:01:00,13:01:00,83,
2026.08.11 13:02:00,13:02:00,66,
2026.08.11 13:03:00,13:03:00,79,
2026.08.11 13:04:00,13:04:00,82,
2026.08.11 13:07:00,13:07:00,81,
2026.08.11 13:08:00,13:08:00,74,
2026.08.11 13:12:00,13:12:00,81,
2026.08.11 13:13:00,13:13:00,82,
2026.08.11 13:15:00,13:15:00,83,
2026.08.11 13:17:00,13:17:00,77,
2026.08.11 13:23:00,13:23:00,78,
2026.08.11 13:24:00,13:24:00,74,
2026.08.11 13:25:00,13:25:00,83,
2026.08.11 13:26:00,13:26:00,84,
2026.08.11 13:28:00,13:28:00,89,
2026.08.11 13:30:00,13:30:00,90,
2026.08.11 13:31:00,13:31:00,94,
2026.08.11 13:32:00,13:32:00,95,
2026.08.11 13:33:00,13:33:00,104,
2026.08.11 13:34:00,13:34:00,102,
2026.08.11 13:35:00,13:35:00,96,
2026.08.11 13:36:00,13:36:00,103,
2026.08.11 13:37:00,13:37:00,110,
2026.08.11 13:38:00,13:38:00,102,
2026.08.11 13:39:00,13:39:00,102,
2026.08.11 13:40:00,13:40:00,98,
2026.08.11 13:41:00,13:41:00,73,
2026.08.11 13:42:00,13:42:00,77,
2026.08.11 13:43:00,13:43:00,55,
2026.08.11 13:44:00,13:44:00,62,
2026.08.11 13:45:00,13:45:00,85,
2026.08.11 13:46:00,13:46:00,61,
2026.08.11 13:49:00,13:49:00,66,
2026.08.11 13:54:00,13:54:00,69,
2026.08.11 13:55:00,13:55:00,86,
2026.08.11 13:58:00,13:58:00,80,
2026.08.11 14:03:00,14:03:00,60,
2026.08.11 14:04:00,14:04:00,61,
2026.08.11 14:08:00,14:08:00,60,
2026.08.11 14:12:00,14:12:00,64,
2026.08.11 14:13:00,14:13:00,64,
2026.08.11 14:18:00,14:18:00,65,
2026.08.11 14:20:00,14:20:00,65,
2026.08.11 14:21:00,14:21:00,63,
2026.08.11 14:30:00,14:30:00,64,
2026.08.11 14:31:00,14:31:00,65,
2026.08.11 14:40:00,14:40:00,64,
2026.08.11 14:41:00,14:41:00,65,
2026.08.11 14:50:00,14:50:00,92,
2026.08.11 15:00:00,15:00:00,65,
2026.08.11 15:01:00,15:01:00,65,
2026.08.11 15:10:00,15:10:00,66,
2026.08.11 15:11:00,15:11:00,67,
2026.08.11 15:18:00,15:18:00,86,
2026.08.11 15:20:00,15:20:00,57,
2026.08.11 15:21:00,15:21:00,57,
2026.08.11 15:29:00,15:29:00,85,
2026.08.11 15:35:00,15:35:00,60,
2026.08.11 15:40:00,15:40:00,64,
2026.08.11 15:49:00,15:49:00,103,
2026.08.11 15:50:00,15:50:00,63,
2026.08.11 15:59:00,15:59:00,60,
2026.08.11 16:00:00,16:00:00,55,
2026.08.11 16:10:00,16:10:00,60,
2026.08.11 16:11:00,16:11:00,58,
2026.08.11 16:14:00,16:14:00,60,
2026.08.11 16:15:00,16:15:00,91,
2026.08.11 16:20:00,16:20:00,58,
2026.08.11 16:21:00,16:21:00,58,
2026.08.11 16:30:00,16:30:00,58,
2026.08.11 16:34:00,16:34:00,89,
2026.08.11 16:40:00,16:40:00,67,
2026.08.11 16:42:00,16:42:00,86,
2026.08.11 16:43:00,16:43:00,90,
2026.08.11 16:46:00,16:46:00,77,
2026.08.11 16:50:00,16:50:00,71,
2026.08.11 16:51:00,16:51:00,107,
2026.08.11 16:52:00,16:52:00,80,
2026.08.11 16:53:00,16:53:00,79,
2026.08.11 16:54:00,16:54:00,83,
2026.08.11 16:55:00,16:55:00,74,
2026.08.11 16:56:00,16:56:00,71,
2026.08.11 16:57:00,16:57:00,75,
2026.08.11 16:58:00,16:58:00,77,
2026.08.11 16:59:00,16:59:00,71,
2026.08.11 17:00:00,17:00:00,77,
2026.08.11 17:01:00,17:01:00,92,
2026.08.11 17:07:00,17:07:00,66,
2026.08.11 17:08:00,17:08:00,88,
2026.08.11 17:09:00,17:09:00,78,
2026.08.11 17:10:00,17:10:00,78,
2026.08.11 17:11:00,17:11:00,78,
2026.08.11 17:14:00,17:14:00,80,
2026.08.11 17:15:00,17:15:00,78,
2026.08.11 17:16:00,17:16:00,77,
2026.08.11 17:17:00,17:17:00,86,
2026.08.11 17:18:00,17:18:00,80,
2026.08.11 17:19:00,17:19:00,82,
2026.08.11 17:20:00,17:20:00,78,
2026.08.11 17:22:00,17:22:00,79,
2026.08.11 17:25:00,17:25:00,89,
2026.08.11 17:26:00,17:26:00,84,
2026.08.11 17:27:00,17:27:00,78,
2026.08.11 17:28:00,17:28:00,80,
2026.08.11 17:29:00,17:29:00,78,
2026.08.11 17:33:00,17:33:00,73,
2026.08.11 17:36:00,17:36:00,78,
2026.08.11 17:39:00,17:39:00,82,
2026.08.11 17:40:00,17:40:00,78,
2026.08.11 17:41:00,17:41:00,83,
2026.08.11 17:42:00,17:42:00,76,
2026.08.11 17:43:00,17:43:00,77,
2026.08.11 17:45:00,17:45:00,79,
2026.08.11 17:46:00,17:46:00,79,
2026.08.11 17:48:00,17:48:00,91,
2026.08.11 17:51:00,17:51:00,80,
2026.08.11 17:54:00,17:54:00,85,
2026.08.11 17:55:00,17:55:00,81,
2026.08.11 17:56:00,17:56:00,82,
2026.08.11 17:57:00,17:57:00,79,
2026.08.11 17:58:00,17:58:00,80,
2026.08.11 17:59:00,17:59:00,74,
2026.08.11 18:00:00,18:00:00,87,
2026.08.11 18:01:00,18:01:00,86,
2026.08.11 18:02:00,18:02:00,74,
2026.08.11 18:03:00,18:03:00,68,
2026.08.11 18:07:00,18:07:00,91,
2026.08.11 18:08:00,18:08:00,77,
2026.08.11 18:09:00,18:09:00,77,
2026.08.11 18:10:00,18:10:00,84,
2026.08.11 18:12:00,18:12:00,77,
2026.08.11 18:14:00,18:14:00,60,
2026.08.11 18:15:00,18:15:00,76,
2026.08.11 18:17:00,18:17:00,65,
2026.08.11 18:18:00,18:18:00,67,
2026.08.11 18:19:00,18:19:00,70,
2026.08.11 18:20:00,18:20:00,75,
2026.08.11 18:21:00,18:21:00,80,
2026.08.11 18:22:00,18:22:00,80,
2026.08.11 18:23:00,18:23:00,79,
2026.08.11 18:24:00,18:24:00,79,
2026.08.11 18:26:00,18:26:00,73,
2026.08.11 18:27:00,18:27:00,67,
2026.08.11 18:31:00,18:31:00,77,
2026.08.11 18:32:00,18:32:00,69,
2026.08.11 18:33:00,18:33:00,80,
2026.08.11 18:34:00,18:34:00,78,
2026.08.11 18:35:00,18:35:00,61,
2026.08.11 18:37:00,18:37:00,66,
2026.08.11 18:38:00,18:38:00,70,
2026.08.11 18:39:00,18:39:00,75,
2026.08.11 18:40:00,18:40:00,67,
2026.08.11 18:41:00,18:41:00,76,
2026.08.11 18:42:00,18:42:00,75,
2026.08.11 18:43:00,18:43:00,81,
2026.08.11 18:44:00,18:44:00,69,
2026.08.11 18:45:00,18:45:00,82,
2026.08.11 18:46:00,18:46:00,79,
2026.08.11 18:47:00,18:47:00,84,
2026.08.11 18:48:00,18:48:00,67,
2026.08.11 18:49:00,18:49:00,69,
2026.08.11 18:51:00,18:51:00,77,
2026.08.11 18:52:00,18:52:00,86,
2026.08.11 18:53:00,18:53:00,60,
2026.08.11 18:54:00,18:54:00,77,
2026.08.11 18:55:00,18:55:00,94,
2026.08.11 18:57:00,18:57:00,94,
2026.08.11 18:59:00,18:59:00,84,
2026.08.11 19:02:00,19:02:00,84,
2026.08.11 19:08:00,19:08:00,82,
2026.08.11 19:09:00,19:09:00,85,
2026.08.11 19:10:00,19:10:00,84,
2026.08.11 19:12:00,19:12:00,82,
2026.08.11 19:13:00,19:13:00,73,
2026.08.11 19:16:00,19:16:00,77,
2026.08.11 19:19:00,19:19:00,80,
2026.08.11 19:22:00,19:22:00,57,
2026.08.11 19:23:00,19:23:00,89,
2026.08.11 19:24:00,19:24:00,73,
2026.08.11 19:25:00,19:25:00,67,
2026.08.11 19:31:00,19:31:00,83,
2026.08.11 19:33:00,19:33:00,66,
2026.08.11 19:34:00,19:34:00,88,
2026.08.11 19:38:00,19:38:00,67,
2026.08.11 19:39:00,19:39:00,75,
2026.08.11 19:40:00,19:40:00,63,
2026.08.11 19:41:00,19:41:00,59,
2026.08.11 19:42:00,19:42:00,60,
2026.08.11 19:43:00,19:43:00,62,
2026.08.11 19:44:00,19:44:00,70,
2026.08.11 19:45:00,19:45:00,77,
2026.08.11 19:46:00,19:46:00,53,
2026.08.11 19:48:00,19:48:00,61,
2026.08.11 19:54:00,19:54:00,55,
2026.08.11 19:56:00,19:56:00,87,
2026.08.11 19:57:00,19:57:00,61,
2026.08.11 19:58:00,19:58:00,66,
2026.08.11 19:59:00,19:59:00,90,
2026.08.11 20:00:00,20:00:00,79,
2026.08.11 20:01:00,20:01:00,103,
2026.08.11 20:02:00,20:02:00,61,
2026.08.11 20:04:00,20:04:00,84,
2026.08.11 20:06:00,20:06:00,80,
2026.08.11 20:07:00,20:07:00,86,
2026.08.11 20:08:00,20:08:00,86,
2026.08.11 20:10:00,20:10:00,61,
2026.08.11 20:11:00,20:11:00,65,
2026.08.11 20:12:00,20:12:00,75,
2026.08.11 20:13:00,20:13:00,82,
2026.08.11 20:14:00,20:14:00,78,
2026.08.11 20:15:00,20:15:00,76,
2026.08.11 20:16:00,20:16:00,68,
2026.08.11 20:17:00,20:17:00,75,
2026.08.11 20:18:00,20:18:00,60,
2026.08.11 20:19:00,20:19:00,71,
2026.08.11 20:20:00,20:20:00,66,
2026.08.11 20:21:00,20:21:00,73,
2026.08.11 20:22:00,20:22:00,93,
2026.08.11 20:23:00,20:23:00,77,
2026.08.11 20:24:00,20:24:00,71,
2026.08.11 20:25:00,20:25:00,76,
2026.08.11 20:26:00,20:26:00,73,
2026.08.11 20:27:00,20:27:00,79,
2026.08.11 20:28:00,20:28:00,69,
2026.08.11 20:29:00,20:29:00,67,
2026.08.11 20:30:00,20:30:00,77,
2026.08.11 20:31:00,20:31:00,77,
2026.08.11 20:32:00,20:32:00,72,
2026.08.11 20:33:00,20:33:00,84,
2026.08.11 20:35:00,20:35:00,78,
2026.08.11 20:36:00,20:36:00,70,
2026.08.11 20:37:00,20:37:00,62,
2026.08.11 20:38:00,20:38:00,66,
2026.08.11 20:40:00,20:40:00,61,
2026.08.11 20:41:00,20:41:00,76,
2026.08.11 20:42:00,20:42:00,66,
2026.08.11 20:43:00,20:43:00,67,
2026.08.11 20:44:00,20:44:00,87,
2026.08.11 20:45:00,20:45:00,60,
2026.08.11 20:46:00,20:46:00,61,
2026.08.11 20:48:00,20:48:00,66,
2026.08.11 20:49:00,20:49:00,89,
2026.08.11 20:50:00,20:50:00,89,
2026.08.11 20:51:00,20:51:00,89,
2026.08.11 20:52:00,20:52:00,90,
2026.08.11 20:53:00,20:53:00,70,
2026.08.11 20:54:00,20:54:00,82,
2026.08.11 20:55:00,20:55:00,79,
2026.08.11 20:56:00,20:56:00,68,
2026.08.11 20:57:00,20:57:00,69,
2026.08.11 20:58:00,20:58:00,71,
2026.08.11 20:59:00,20:59:00,74,
2026.08.11 21:00:00,21:00:00,77,
2026.08.11 21:01:00,21:01:00,92,
2026.08.11 21:02:00,21:02:00,80,
2026.08.11 21:03:00,21:03:00,67,
2026.08.11 21:04:00,21:04:00,69,
2026.08.11 21:05:00,21:05:00,82,
2026.08.11 21:07:00,21:07:00,73,
2026.08.11 21:09:00,21:09:00,89,
2026.08.11 21:10:00,21:10:00,70,
2026.08.11 21:11:00,21:11:00,83,
2026.08.11 21:12:00,21:12:00,66,
2026.08.11 21:13:00,21:13:00,71,
2026.08.11 21:14:00,21:14:00,94,
2026.08.11 21:15:00,21:15:00,69,
2026.08.11 21:16:00,21:16:00,59,
2026.08.11 21:17:00,21:17:00,83,
2026.08.11 21:19:00,21:19:00,73,
2026.08.11 21:20:00,21:20:00,60,
2026.08.11 21:21:00,21:21:00,64,
2026.08.11 21:22:00,21:22:00,73,
2026.08.11 21:23:00,21:23:00,79,
2026.08.11 21:24:00,21:24:00,79,
2026.08.11 21:25:00,21:25:00,70,
2026.08.11 21:27:00,21:27:00,67,
2026.08.11 21:29:00,21:29:00,81,
2026.08.11 21:30:00,21:30:00,70,
2026.08.11 21:31:00,21:31:00,82,
2026.08.11 21:32:00,21:32:00,97,
2026.08.11 21:33:00,21:33:00,86,
2026.08.11 21:34:00,21:34:00,70,
2026.08.11 21:36:00,21:36:00,81,
2026.08.11 21:37:00,21:37:00,77,
2026.08.11 21:38:00,21:38:00,95,
2026.08.11 21:39:00,21:39:00,61,
2026.08.11 21:40:00,21:40:00,54,
2026.08.11 21:41:00,21:41:00,63,
2026.08.11 21:42:00,21:42:00,75,
2026.08.11 21:47:00,21:47:00,83,
2026.08.11 21:48:00,21:48:00,93,
2026.08.11 21:49:00,21:49:00,94,
2026.08.11 21:50:00,21:50:00,84,
2026.08.11 21:51:00,21:51:00,98,
2026.08.11 21:52:00,21:52:00,87,
2026.08.11 21:53:00,21:53:00,96,
2026.08.11 21:54:00,21:54:00,94,
2026.08.11 21:55:00,21:55:00,81,
2026.08.11 21:56:00,21:56:00,89,
2026.08.11 21:57:00,21:57:00,90,
2026.08.11 21:58:00,21:58:00,84,
2026.08.11 21:59:00,21:59:00,90,
2026.08.11 22:00:00,22:00:00,71,
2026.08.11 22:01:00,22:01:00,67,
2026.08.11 22:02:00,22:02:00,75,
2026.08.11 22:03:00,22:03:00,88,
2026.08.11 22:04:00,22:04:00,62,
2026.08.11 22:05:00,22:05:00,73,
2026.08.11 22:06:00,22:06:00,78,
2026.08.11 22:07:00,22:07:00,77,
2026.08.11 22:08:00,22:08:00,67,
2026.08.11 22:09:00,22:09:00,67,
2026.08.11 22:10:00,22:10:00,76,
2026.08.11 22:11:00,22:11:00,71,
2026.08.11 22:12:00,22:12:00,83,
2026.08.11 22:14:00,22:14:00,84,
2026.08.11 22:16:00,22:16:00,82,
2026.08.11 22:17:00,22:17:00,96,
2026.08.11 22:18:00,22:18:00,110,
2026.08.11 22:19:00,22:19:00,80,
2026.08.11 22:20:00,22:20:00,86,
2026.08.11 22:21:00,22:21:00,64,
2026.08.11 22:22:00,22:22:00,93,
2026.08.11 22:24:00,22:24:00,67,
2026.08.11 22:25:00,22:25:00,83,
2026.08.11 22:26:00,22:26:00,87,
2026.08.11 22:29:00,22:29:00,108,
2026.08.11 22:30:00,22:30:00,68,
2026.08.11 22:31:00,22:31:00,70,
2026.08.11 22:32:00,22:32:00,94,
2026.08.11 22:33:00,22:33:00,89,
2026.08.11 22:34:00,22:34:00,62,
2026.08.11 22:36:00,22:36:00,88,
2026.08.11 22:37:00,22:37:00,81,
2026.08.11 22:38:00,22:38:00,69,
2026.08.11 22:39:00,22:39:00,75,
2026.08.11 22:40:00,22:40:00,70,
2026.08.11 22:41:00,22:41:00,69,
2026.08.11 22:42:00,22:42:00,72,
2026.08.11 22:43:00,22:43:00,65,
2026.08.11 22:44:00,22:44:00,70,
2026.08.11 22:45:00,22:45:00,73,
2026.08.11 22:46:00,22:46:00,90,
2026.08.11 22:47:00,22:47:00,82,
2026.08.11 22:48:00,22:48:00,81,
2026.08.11 22:50:00,22:50:00,87,
2026.08.11 22:51:00,22:51:00,71,
2026.08.11 22:52:00,22:52:00,66,
2026.08.11 22:53:00,22:53:00,74,
2026.08.11 22:55:00,22:55:00,72,
2026.08.11 22:56:00,22:56:00,63,
2026.08.11 22:57:00,22:57:00,62,
2026.08.11 22:58:00,22:58:00,62,
2026.08.11 23:00:00,23:00:00,72,
2026.08.11 23:01:00,23:01:00,77,
2026.08.11 23:02:00,23:02:00,63,
2026.08.11 23:04:00,23:04:00,77,
2026.08.11 23:05:00,23:05:00,61,
2026.08.11 23:06:00,23:06:00,68,
2026.08.11 23:07:00,23:07:00,66,
2026.08.11 23:08:00,23:08:00,71,
2026.08.11 23:09:00,23:09:00,72,
2026.08.11 23:10:00,23:10:00,64,
2026.08.11 23:11:00,23:11:00,72,
2026.08.11 23:12:00,23:12:00,66,
2026.08.11 23:13:00,23:13:00,72,
2026.08.11 23:14:00,23:14:00,83,
2026.08.11 23:15:00,23:15:00,76,
2026.08.11 23:16:00,23:16:00,65,
2026.08.11 23:18:00,23:18:00,84,
2026.08.11 23:19:00,23:19:00,90,
2026.08.11 23:20:00,23:20:00,64,
2026.08.11 23:21:00,23:21:00,72,
2026.08.11 23:22:00,23:22:00,65,
2026.08.11 23:24:00,23:24:00,66,
2026.08.11 23:26:00,23:26:00,56,
2026.08.11 23:27:00,23:27:00,67,
2026.08.11 23:29:00,23:29:00,76,
2026.08.11 23:32:00,23:32:00,63,
2026.08.11 23:33:00,23:33:00,80,
2026.08.11 23:34:00,23:34:00,86,
2026.08.11 23:35:00,23:35:00,64,
2026.08.11 23:36:00,23:36:00,84,
2026.08.11 23:37:00,23:37:00,76,
2026.08.11 23:40:00,23:40:00,77,
2026.08.11 23:41:00,23:41:00,68,
2026.08.11 23:43:00,23:43:00,67,
2026.08.11 23:45:00,23:45:00,69,
2026.08.11 23:46:00,23:46:00,59,
2026.08.11 23:48:00,23:48:00,83,
2026.08.11 23:49:00,23:49:00,84,
2026.08.11 23:50:00,23:50:00,72,
2026.08.11 23:52:00,23:52:00,84,
2026.08.11 23:53:00,23:53:00,85,
2026.08.11 23:54:00,23:54:00,80,
2026.08.11 23:57:00,23:57:00,86,
2026.08.11 23:58:00,23:58:00,74,
2026.08.11 23:59:00,23:59:00,91,
2026.08.12 00:00:00,00:00:00,92,
2026.08.12 00:02:00,00:02:00,59,
2026.08.12 00:04:00,00:04:00,58,
2026.08.12 00:05:00,00:05:00,66,
2026.08.12 00:06:00,00:06:00,59,
2026.08.12 00:07:00,00:07:00,68,
2026.08.12 00:08:00,00:08:00,61,
2026.08.12 00:09:00,00:09:00,82,
2026.08.12 00:10:00,00:10:00,57,
2026.08.12 00:11:00,00:11:00,57,
2026.08.12 00:15:00,00:15:00,54,
2026.08.12 00:17:00,00:17:00,82,
2026.08.12 00:18:00,00:18:00,85,
2026.08.12 00:23:00,00:23:00,90,
2026.08.12 00:24:00,00:24:00,86,
2026.08.12 00:26:00,00:26:00,58,
2026.08.12 00:30:00,00:30:00,82,
2026.08.12 00:31:00,00:31:00,64,
2026.08.12 00:32:00,00:32:00,80,
2026.08.12 00:33:00,00:33:00,79,
2026.08.12 00:34:00,00:34:00,59,
2026.08.12 00:36:00,00:36:00,76,
2026.08.12 00:38:00,00:38:00,87,
2026.08.12 00:40:00,00:40:00,61,
2026.08.12 00:42:00,00:42:00,80,
2026.08.12 00:43:00,00:43:00,87,
2026.08.12 00:47:00,00:47:00,87,
2026.08.12 00:50:00,00:50:00,84,
2026.08.12 00:51:00,00:51:00,83,
2026.08.12 00:56:00,00:56:00,61,
2026.08.12 00:57:00,00:57:00,64,
2026.08.12 01:00:00,01:00:00,62,
2026.08.12 01:05:00,01:05:00,61,
2026.08.12 01:06:00,01:06:00,62,
2026.08.12 01:10:00,01:10:00,61,
2026.08.12 01:20:00,01:20:00,62,
2026.08.12 01:25:00,01:25:00,62,
2026.08.12 01:30:00,01:30:00,64,
2026.08.12 01:31:00,01:31:00,65,
2026.08.12 01:40:00,01:40:00,57,
2026.08.12 01:41:00,01:41:00,58,
2026.08.12 01:50:00,01:50:00,53,
2026.08.12 01:51:00,01:51:00,51,
2026.08.12 02:00:00,02:00:00,57,
2026.08.12 02:01:00,02:01:00,56,
2026.08.12 02:10:00,02:10:00,58,
2026.08.12 02:11:00,02:11:00,57,
2026.08.12 02:20:00,02:20:00,54,
2026.08.12 02:21:00,02:21:00,55,
2026.08.12 02:30:00,02:30:00,58,
2026.08.12 02:31:00,02:31:00,58,
2026.08.12 02:40:00,02:40:00,60,
2026.08.12 02:41:00,02:41:00,60,
2026.08.12 02:50:00,02:50:00,58,
2026.08.12 02:51:00,02:51:00,58,
2026.08.12 03:00:00,03:00:00,99,
2026.08.12 03:01:00,03:01:00,95,
2026.08.12 03:10:00,03:10:00,53,
2026.08.12 03:20:00,03:20:00,56,
2026.08.12 03:29:00,03:29:00,48,
2026.08.12 03:30:00,03:30:00,50,
2026.08.12 03:37:00,03:37:00,83,
2026.08.12 03:43:00,03:43:00,76,
2026.08.12 03:46:00,03:46:00,58,
2026.08.12 03:47:00,03:47:00,52,
2026.08.12 03:48:00,03:48:00,56,
2026.08.12 03:50:00,03:50:00,54,
2026.08.12 03:51:00,03:51:00,57,
2026.08.12 04:00:00,04:00:00,50,
2026.08.12 04:01:00,04:01:00,50,
2026.08.12 04:10:00,04:10:00,51,
2026.08.12 04:11:00,04:11:00,51,
2026.08.12 04:23:00,04:23:00,52,
2026.08.12 04:24:00,04:24:00,51,
2026.08.12 04:30:00,04:30:00,52,
2026.08.12 04:31:00,04:31:00,51,
2026.08.12 04:40:00,04:40:00,53,
2026.08.12 04:41:00,04:41:00,53,
2026.08.12 04:50:00,04:50:00,55,
2026.08.12 05:00:00,05:00:00,55,
2026.08.12 05:10:00,05:10:00,56,
2026.08.12 05:20:00,05:20:00,55,
2026.08.12 05:30:00,05:30:00,52,
2026.08.12 05:40:00,05:40:00,51,
2026.08.12 05:50:00,05:50:00,53,
2026.08.12 06:00:00,06:00:00,55,
2026.08.12 06:01:00,06:01:00,77,
2026.08.12 06:02:00,06:02:00,80,
2026.08.12 06:09:00,06:09:00,71,
2026.08.12 06:10:00,06:10:00,44,
2026.08.12 06:15:00,06:15:00,75,
2026.08.12 06:20:00,06:20:00,54,
2026.08.12 06:22:00,06:22:00,82,
2026.08.12 06:30:00,06:30:00,76,
2026.08.12 06:40:00,06:40:00,56,
2026.08.12 06:50:00,06:50:00,57,
2026.08.12 06:56:00,06:56:00,83,
2026.08.12 06:57:00,06:57:00,83,
2026.08.12 07:00:00,07:00:00,53,
2026.08.12 07:07:00,07:07:00,86,
2026.08.12 07:08:00,07:08:00,55,
2026.08.12 07:10:00,07:10:00,69,
2026.08.12 07:11:00,07:11:00,53,
2026.08.12 07:17:00,07:17:00,52,
2026.08.12 07:18:00,07:18:00,84,
2026.08.12 07:20:00,07:20:00,83,
2026.08.12 07:22:00,07:22:00,84,
2026.08.12 07:23:00,07:23:00,84,
2026.08.12 07:30:00,07:30:00,65,
2026.08.12 07:31:00,07:31:00,84,
2026.08.12 07:32:00,07:32:00,60,
2026.08.12 07:40:00,07:40:00,78,
2026.08.12 07:41:00,07:41:00,51,
2026.08.12 07:42:00,07:42:00,55,
2026.08.12 07:50:00,07:50:00,46,
2026.08.12 07:51:00,07:51:00,48,
2026.08.12 07:53:00,07:53:00,82,
2026.08.12 07:54:00,07:54:00,55,
2026.08.12 07:55:00,07:55:00,80,
2026.08.12 07:56:00,07:56:00,49,
2026.08.12 07:57:00,07:57:00,51,
2026.08.12 08:00:00,08:00:00,56,
2026.08.12 08:01:00,08:01:00,53,
2026.08.12 08:10:00,08:10:00,55,
2026.08.12 08:11:00,08:11:00,53,
2026.08.12 08:20:00,08:20:00,57,
2026.08.12 08:21:00,08:21:00,95,
2026.08.12 08:36:00,08:36:00,57,
2026.08.12 08:37:00,08:37:00,57,
2026.08.12 08:39:00,08:39:00,82,
2026.08.12 08:40:00,08:40:00,62,
2026.08.12 08:41:00,08:41:00,56,
2026.08.12 08:46:00,08:46:00,85,
2026.08.12 08:48:00,08:48:00,76,
2026.08.12 08:49:00,08:49:00,67,
2026.08.12 08:50:00,08:50:00,58,
2026.08.12 08:51:00,08:51:00,58,
2026.08.12 08:52:00,08:52:00,65,
2026.08.12 08:53:00,08:53:00,86,
2026.08.12 08:54:00,08:54:00,75,
2026.08.12 08:55:00,08:55:00,95,
2026.08.12 08:56:00,08:56:00,85,
2026.08.12 08:57:00,08:57:00,87,
2026.08.12 08:58:00,08:58:00,89,
2026.08.12 08:59:00,08:59:00,67,
2026.08.12 09:00:00,09:00:00,67,
2026.08.12 09:02:00,09:02:00,95,
2026.08.12 09:07:00,09:07:00,114,
2026.08.12 09:08:00,09:08:00,112,
2026.08.12 09:10:00,09:10:00,109,
2026.08.12 09:12:00,09:12:00,106,
2026.08.12 09:15:00,09:15:00,102,
2026.08.12 09:16:00,09:16:00,97,
2026.08.12 09:17:00,09:17:00,91,
2026.08.12 09:18:00,09:18:00,92,
2026.08.12 09:19:00,09:19:00,61,
2026.08.12 09:20:00,09:20:00,70,
2026.08.12 09:23:00,09:23:00,80,
2026.08.12 09:26:00,09:26:00,61,
2026.08.12 09:27:00,09:27:00,63,
2026.08.12 09:28:00,09:28:00,81,
2026.08.12 09:30:00,09:30:00,62,
2026.08.12 09:31:00,09:31:00,64,
2026.08.12 09:35:00,09:35:00,60,
2026.08.12 09:36:00,09:36:00,63,
2026.08.12 09:41:00,09:41:00,64,
2026.08.12 09:42:00,09:42:00,67,
2026.08.12 09:43:00,09:43:00,80,
2026.08.12 09:44:00,09:44:00,83,
2026.08.12 09:47:00,09:47:00,84,
2026.08.12 09:48:00,09:48:00,97,
2026.08.12 09:49:00,09:49:00,98,
2026.08.12 09:50:00,09:50:00,90,
2026.08.12 09:52:00,09:52:00,90,
2026.08.12 09:55:00,09:55:00,74,
2026.08.12 10:01:00,10:01:00,78,
2026.08.12 10:04:00,10:04:00,86,
2026.08.12 10:05:00,10:05:00,89,
2026.08.12 10:06:00,10:06:00,76,
2026.08.12 10:09:00,10:09:00,82,
2026.08.12 10:10:00,10:10:00,69,
2026.08.12 10:12:00,10:12:00,59,
2026.08.12 10:13:00,10:13:00,67,
2026.08.12 10:16:00,10:16:00,62,
2026.08.12 10:20:00,10:20:00,63,
2026.08.12 10:22:00,10:22:00,72,
2026.08.12 10:25:00,10:25:00,63,
2026.08.12 10:27:00,10:27:00,57,
2026.08.12 10:29:00,10:29:00,73,
2026.08.12 10:30:00,10:30:00,79,
2026.08.12 10:33:00,10:33:00,87,
2026.08.12 10:34:00,10:34:00,61,
2026.08.12 10:35:00,10:35:00,63,
2026.08.12 10:36:00,10:36:00,68,
2026.08.12 10:39:00,10:39:00,79,
2026.08.12 10:40:00,10:40:00,78,
2026.08.12 10:41:00,10:41:00,83,
2026.08.12 10:42:00,10:42:00,74,
2026.08.12 10:43:00,10:43:00,76,
2026.08.12 10:44:00,10:44:00,79,
2026.08.12 10:45:00,10:45:00,85,
2026.08.12 10:46:00,10:46:00,92,
2026.08.12 10:47:00,10:47:00,86,
2026.08.12 10:48:00,10:48:00,92,
2026.08.12 10:49:00,10:49:00,78,
2026.08.12 10:50:00,10:50:00,82,
2026.08.12 10:52:00,10:52:00,82,
2026.08.12 10:53:00,10:53:00,92,
2026.08.12 10:54:00,10:54:00,85,
2026.08.12 10:55:00,10:55:00,79,
2026.08.12 10:56:00,10:56:00,73,
2026.08.12 10:57:00,10:57:00,89,
2026.08.12 10:58:00,10:58:00,86,
2026.08.12 11:02:00,11:02:00,97,
2026.08.12 11:03:00,11:03:00,89,
2026.08.12 11:05:00,11:05:00,71,
2026.08.12 11:06:00,11:06:00,60,
2026.08.12 11:07:00,11:07:00,69,
2026.08.12 11:12:00,11:12:00,81,
2026.08.12 11:13:00,11:13:00,82,
2026.08.12 11:14:00,11:14:00,54,
2026.08.12 11:16:00,11:16:00,72,
2026.08.12 11:17:00,11:17:00,87,
2026.08.12 11:18:00,11:18:00,65,
2026.08.12 11:19:00,11:19:00,76,
2026.08.12 11:20:00,11:20:00,83,
2026.08.12 11:22:00,11:22:00,87,
2026.08.12 11:23:00,11:23:00,86,
2026.08.12 11:24:00,11:24:00,75,
2026.08.12 11:26:00,11:26:00,88,
2026.08.12 11:27:00,11:27:00,70,
2026.08.12 11:28:00,11:28:00,72,
2026.08.12 11:29:00,11:29:00,73,
2026.08.12 11:30:00,11:30:00,95,
2026.08.12 11:31:00,11:31:00,104,
2026.08.12 11:33:00,11:33:00,88,
2026.08.12 11:34:00,11:34:00,81,
2026.08.12 11:35:00,11:35:00,63,
2026.08.12 11:36:00,11:36:00,69,
2026.08.12 11:37:00,11:37:00,71,
2026.08.12 11:38:00,11:38:00,57,
2026.08.12 11:39:00,11:39:00,79,
2026.08.12 11:40:00,11:40:00,63,
2026.08.12 11:43:00,11:43:00,83,
2026.08.12 11:45:00,11:45:00,80,
2026.08.12 11:46:00,11:46:00,65,
2026.08.12 11:47:00,11:47:00,66,
2026.08.12 11:48:00,11:48:00,69,
2026.08.12 11:49:00,11:49:00,69,
2026.08.12 11:50:00,11:50:00,79,
2026.08.12 11:51:00,11:51:00,69,
2026.08.12 11:52:00,11:52:00,84,
2026.08.12 11:54:00,11:54:00,80,
2026.08.12 11:55:00,11:55:00,62,
2026.08.12 11:57:00,11:57:00,81,
2026.08.12 11:58:00,11:58:00,73,
2026.08.12 11:59:00,11:59:00,83,
2026.08.12 12:00:00,12:00:00,63,
2026.08.12 12:01:00,12:01:00,60,
2026.08.12 12:02:00,12:02:00,59,
2026.08.12 12:03:00,12:03:00,68,
2026.08.12 12:04:00,12:04:00,74,
2026.08.12 12:05:00,12:05:00,95,
2026.08.12 12:06:00,12:06:00,84,
2026.08.12 12:07:00,12:07:00,80,
2026.08.12 12:08:00,12:08:00,91,
2026.08.12 12:09:00,12:09:00,93,
2026.08.12 12:11:00,12:11:00,87,
2026.08.12 12:13:00,12:13:00,80,
2026.08.12 12:17:00,12:17:00,77,
2026.08.12 12:18:00,12:18:00,81,
2026.08.12 12:19:00,12:19:00,77,
2026.08.12 12:23:00,12:23:00,71,
2026.08.12 12:27:00,12:27:00,65,
2026.08.12 12:28:00,12:28:00,78,
2026.08.12 12:29:00,12:29:00,86,
2026.08.12 12:30:00,12:30:00,84,
2026.08.12 12:34:00,12:34:00,87,
2026.08.12 12:35:00,12:35:00,78,
2026.08.12 12:36:00,12:36:00,83,
2026.08.12 12:37:00,12:37:00,89,
2026.08.12 12:38:00,12:38:00,66,
2026.08.12 12:39:00,12:39:00,82,
2026.08.12 12:40:00,12:40:00,89,
2026.08.12 12:41:00,12:41:00,87,
2026.08.12 12:42:00,12:42:00,69,
2026.08.12 12:43:00,12:43:00,86,
2026.08.12 12:44:00,12:44:00,69,
2026.08.12 12:45:00,12:45:00,65,
2026.08.12 12:46:00,12:46:00,69,
2026.08.12 12:47:00,12:47:00,67,
2026.08.12 12:49:00,12:49:00,82,
2026.08.12 12:50:00,12:50:00,81,
2026.08.12 12:51:00,12:51:00,85,
2026.08.12 12:53:00,12:53:00,82,
2026.08.12 12:54:00,12:54:00,82,
2026.08.12 12:55:00,12:55:00,73,
2026.08.12 12:56:00,12:56:00,80,
2026.08.12 12:57:00,12:57:00,91,
2026.08.12 12:59:00,12:59:00,87,
2026.08.12 13:00:00,13:00:00,84,
2026.08.12 13:01:00,13:01:00,90,
2026.08.12 13:02:00,13:02:00,95,
2026.08.12 13:03:00,13:03:00,86,
2026.08.12 13:04:00,13:04:00,86,
2026.08.12 13:05:00,13:05:00,81,
2026.08.12 13:06:00,13:06:00,81,
2026.08.12 13:07:00,13:07:00,104,
2026.08.12 13:08:00,13:08:00,127,
2026.08.12 13:09:00,13:09:00,85,
2026.08.12 13:10:00,13:10:00,81,
2026.08.12 13:14:00,13:14:00,90,
2026.08.12 13:16:00,13:16:00,69,
2026.08.12 13:18:00,13:18:00,66,
2026.08.12 13:24:00,13:24:00,80,
2026.08.12 13:25:00,13:25:00,103,
2026.08.12 13:26:00,13:26:00,82,
2026.08.12 13:27:00,13:27:00,86,
2026.08.12 13:29:00,13:29:00,92,
2026.08.12 13:32:00,13:32:00,90,
2026.08.12 13:35:00,13:35:00,89,
2026.08.12 13:37:00,13:37:00,82,
2026.08.12 13:38:00,13:38:00,85,
2026.08.12 13:43:00,13:43:00,85,
2026.08.12 13:45:00,13:45:00,88,
2026.08.12 13:46:00,13:46:00,90,
2026.08.12 13:47:00,13:47:00,106,
2026.08.12 13:48:00,13:48:00,82,
2026.08.12 13:49:00,13:49:00,88,
2026.08.12 13:50:00,13:50:00,86,
2026.08.12 13:52:00,13:52:00,91,
2026.08.12 13:54:00,13:54:00,85,
2026.08.12 13:58:00,13:58:00,88,
2026.08.12 13:59:00,13:59:00,91,
2026.08.12 14:04:00,14:04:00,92,
2026.08.12 14:05:00,14:05:00,90,
2026.08.12 14:08:00,14:08:00,102,
2026.08.12 14:09:00,14:09:00,83,
2026.08.12 14:11:00,14:11:00,107,
2026.08.12 14:12:00,14:12:00,114,
2026.08.12 14:13:00,14:13:00,121,
2026.08.12 14:14:00,14:14:00,132,
2026.08.12 14:15:00,14:15:00,117,
2026.08.12 14:16:00,14:16:00,138,
2026.08.12 14:17:00,14:17:00,133,
2026.08.12 14:18:00,14:18:00,154,
2026.08.12 14:19:00,14:19:00,161,
2026.08.12 14:20:00,14:20:00,141,
2026.08.12 14:21:00,14:21:00,137,
2026.08.12 14:22:00,14:22:00,130,
2026.08.12 14:23:00,14:23:00,114,
2026.08.12 14:24:00,14:24:00,113,
2026.08.12 14:25:00,14:25:00,109,
2026.08.12 14:26:00,14:26:00,103,
2026.08.12 14:27:00,14:27:00,95,
2026.08.12 14:30:00,14:30:00,103,
2026.08.12 14:31:00,14:31:00,104,
2026.08.12 14:33:00,14:33:00,99,
2026.08.12 14:34:00,14:34:00,93,
2026.08.12 14:35:00,14:35:00,95,
2026.08.12 14:36:00,14:36:00,95,
2026.08.12 14:38:00,14:38:00,94,
2026.08.12 14:41:00,14:41:00,88,
2026.08.12 14:43:00,14:43:00,92,
2026.08.12 14:44:00,14:44:00,89,
2026.08.12 14:45:00,14:45:00,94,
2026.08.12 14:47:00,14:47:00,86,
2026.08.12 14:48:00,14:48:00,91,
2026.08.12 14:49:00,14:49:00,86,
2026.08.12 14:50:00,14:50:00,92,
2026.08.12 14:53:00,14:53:00,82,
2026.08.12 14:54:00,14:54:00,81,
2026.08.12 14:55:00,14:55:00,84,
2026.08.12 14:56:00,14:56:00,87,
2026.08.12 14:57:00,14:57:00,80,
2026.08.12 14:58:00,14:58:00,75,
2026.08.12 15:00:00,15:00:00,85,
2026.08.12 15:01:00,15:01:00,84,
2026.08.12 15:02:00,15:02:00,86,
2026.08.12 15:03:00,15:03:00,83,
2026.08.12 15:04:00,15:04:00,85,
2026.08.12 15:05:00,15:05:00,87,
2026.08.12 15:06:00,15:06:00,82,
2026.08.12 15:07:00,15:07:00,82,
2026.08.12 15:08:00,15:08:00,83,
2026.08.12 15:09:00,15:09:00,76,
2026.08.12 15:10:00,15:10:00,75,
2026.08.12 15:11:00,15:11:00,70,
2026.08.12 15:12:00,15:12:00,89,
2026.08.12 15:13:00,15:13:00,76,
2026.08.12 15:14:00,15:14:00,79,
2026.08.12 15:16:00,15:16:00,78,
2026.08.12 15:21:00,15:21:00,83,
2026.08.12 15:22:00,15:22:00,76,
2026.08.12 15:23:00,15:23:00,75,
2026.08.12 15:24:00,15:24:00,81,
2026.08.12 15:25:00,15:25:00,71,
2026.08.12 15:26:00,15:26:00,73,
2026.08.12 15:27:00,15:27:00,77,
2026.08.12 15:29:00,15:29:00,81,
2026.08.12 15:30:00,15:30:00,77,
2026.08.12 15:31:00,15:31:00,84,
2026.08.12 15:32:00,15:32:00,87,
2026.08.12 15:33:00,15:33:00,81,
2026.08.12 15:34:00,15:34:00,79,
2026.08.12 15:35:00,15:35:00,70,
2026.08.12 15:36:00,15:36:00,92,
2026.08.12 15:37:00,15:37:00,83,
2026.08.12 15:38:00,15:38:00,92,
2026.08.12 15:39:00,15:39:00,83,
2026.08.12 15:40:00,15:40:00,78,
2026.08.12 15:41:00,15:41:00,73,
2026.08.12 15:42:00,15:42:00,79,
2026.08.12 15:43:00,15:43:00,91,
2026.08.12 15:44:00,15:44:00,90,
2026.08.12 15:45:00,15:45:00,94,
2026.08.12 15:46:00,15:46:00,82,
2026.08.12 15:47:00,15:47:00,88,
2026.08.12 15:48:00,15:48:00,94,
2026.08.12 15:49:00,15:49:00,94,
2026.08.12 15:50:00,15:50:00,83,
2026.08.12 15:51:00,15:51:00,83,
2026.08.12 15:52:00,15:52:00,78,
2026.08.12 15:55:00,15:55:00,86,
2026.08.12 15:56:00,15:56:00,88,
2026.08.12 15:57:00,15:57:00,93,
2026.08.12 15:59:00,15:59:00,80,
2026.08.12 16:01:00,16:01:00,91,
2026.08.12 16:02:00,16:02:00,86,
2026.08.12 16:03:00,16:03:00,82,
2026.08.12 16:04:00,16:04:00,83,
2026.08.12 16:06:00,16:06:00,79,
2026.08.12 16:07:00,16:07:00,95,
2026.08.12 16:08:00,16:08:00,81,
2026.08.12 16:09:00,16:09:00,77,
2026.08.12 16:10:00,16:10:00,82,
2026.08.12 16:11:00,16:11:00,91,
2026.08.12 16:12:00,16:12:00,95,
2026.08.12 16:14:00,16:14:00,85,
2026.08.12 16:15:00,16:15:00,102,
2026.08.12 16:16:00,16:16:00,98,
2026.08.12 16:19:00,16:19:00,89,
2026.08.12 16:20:00,16:20:00,100,
2026.08.12 16:21:00,16:21:00,92,
2026.08.12 16:22:00,16:22:00,85,
2026.08.12 16:26:00,16:26:00,99,
2026.08.12 16:27:00,16:27:00,91,
2026.08.12 16:28:00,16:28:00,93,
2026.08.12 16:30:00,16:30:00,91,
2026.08.12 16:32:00,16:32:00,94,
2026.08.12 16:33:00,16:33:00,91,
2026.08.12 16:35:00,16:35:00,123,
2026.08.12 16:36:00,16:36:00,107,
2026.08.12 16:37:00,16:37:00,101,
2026.08.12 16:38:00,16:38:00,96,
2026.08.12 16:39:00,16:39:00,101,
2026.08.12 16:41:00,16:41:00,90,
2026.08.12 16:42:00,16:42:00,111,
2026.08.12 16:43:00,16:43:00,110,
2026.08.12 16:44:00,16:44:00,109,
2026.08.12 16:50:00,16:50:00,93,
2026.08.12 16:51:00,16:51:00,94,
2026.08.12 16:54:00,16:54:00,95,
2026.08.12 16:57:00,16:57:00,90,
2026.08.12 16:58:00,16:58:00,93,
2026.08.12 16:59:00,16:59:00,95,
2026.08.12 17:00:00,17:00:00,94,
2026.08.12 17:01:00,17:01:00,88,
2026.08.12 17:02:00,17:02:00,90,
2026.08.12 17:03:00,17:03:00,88,
2026.08.12 17:04:00,17:04:00,88,
2026.08.12 17:05:00,17:05:00,102,
2026.08.12 17:06:00,17:06:00,89,
2026.08.12 17:07:00,17:07:00,86,
2026.08.12 17:08:00,17:08:00,90,
2026.08.12 17:09:00,17:09:00,87,
2026.08.12 17:10:00,17:10:00,77,
2026.08.12 17:11:00,17:11:00,91,
2026.08.12 17:12:00,17:12:00,92,
2026.08.12 17:13:00,17:13:00,94,
2026.08.12 17:15:00,17:15:00,91,
2026.08.12 17:17:00,17:17:00,100,
2026.08.12 17:18:00,17:18:00,89,
2026.08.12 17:22:00,17:22:00,81,
2026.08.12 17:23:00,17:23:00,83,
2026.08.12 17:24:00,17:24:00,86,
2026.08.12 17:25:00,17:25:00,88,
2026.08.12 17:26:00,17:26:00,102,
2026.08.12 17:27:00,17:27:00,90,
2026.08.12 17:28:00,17:28:00,102,
2026.08.12 17:29:00,17:29:00,100,
2026.08.12 17:30:00,17:30:00,101,
2026.08.12 17:31:00,17:31:00,95,
2026.08.12 17:32:00,17:32:00,110,
2026.08.12 17:33:00,17:33:00,141,
2026.08.12 17:34:00,17:34:00,146,
2026.08.12 17:35:00,17:35:00,114,
2026.08.12 17:36:00,17:36:00,108,
2026.08.12 17:37:00,17:37:00,110,
2026.08.12 17:43:00,17:43:00,86,
2026.08.12 17:44:00,17:44:00,116,
2026.08.12 17:45:00,17:45:00,100,
2026.08.12 17:46:00,17:46:00,110,
2026.08.12 17:47:00,17:47:00,117,
2026.08.12 17:48:00,17:48:00,121,
2026.08.12 17:49:00,17:49:00,111,
2026.08.12 17:50:00,17:50:00,113,
2026.08.12 17:51:00,17:51:00,106,
2026.08.12 17:52:00,17:52:00,88,
2026.08.12 17:53:00,17:53:00,94,
2026.08.12 17:54:00,17:54:00,81,
2026.08.12 17:55:00,17:55:00,82,
2026.08.12 17:56:00,17:56:00,81,
2026.08.12 17:57:00,17:57:00,86,
2026.08.12 17:58:00,17:58:00,92,
2026.08.12 17:59:00,17:59:00,84,
2026.08.12 18:02:00,18:02:00,78,
2026.08.12 18:03:00,18:03:00,77,
2026.08.12 18:05:00,18:05:00,84,
2026.08.12 18:06:00,18:06:00,86,
2026.08.12 18:07:00,18:07:00,71,
2026.08.12 18:08:00,18:08:00,75,
2026.08.12 18:09:00,18:09:00,77,
2026.08.12 18:10:00,18:10:00,78,
2026.08.12 18:11:00,18:11:00,69,
2026.08.12 18:12:00,18:12:00,81,
2026.08.12 18:13:00,18:13:00,80,
2026.08.12 18:14:00,18:14:00,84,
2026.08.12 18:15:00,18:15:00,80,
2026.08.12 18:16:00,18:16:00,70,
2026.08.12 18:17:00,18:17:00,76,
2026.08.12 18:18:00,18:18:00,73,
2026.08.12 18:19:00,18:19:00,86,
2026.08.12 18:20:00,18:20:00,69,
2026.08.12 18:21:00,18:21:00,77,
2026.08.12 18:22:00,18:22:00,84,
2026.08.12 18:23:00,18:23:00,83,
2026.08.12 18:24:00,18:24:00,89,
2026.08.12 18:25:00,18:25:00,68,
2026.08.12 18:26:00,18:26:00,74,
2026.08.12 18:27:00,18:27:00,73,
2026.08.12 18:28:00,18:28:00,66,
2026.08.12 18:29:00,18:29:00,70,
2026.08.12 18:30:00,18:30:00,59,
2026.08.12 18:31:00,18:31:00,65,
2026.08.12 18:32:00,18:32:00,79,
2026.08.12 18:33:00,18:33:00,68,
2026.08.12 18:34:00,18:34:00,85,
2026.08.12 18:36:00,18:36:00,73,
2026.08.12 18:41:00,18:41:00,66,
2026.08.12 18:42:00,18:42:00,70,
2026.08.12 18:47:00,18:47:00,69,
2026.08.12 18:48:00,18:48:00,62,
2026.08.12 18:50:00,18:50:00,67,
2026.08.12 18:51:00,18:51:00,73,
2026.08.12 18:52:00,18:52:00,64,
2026.08.12 18:53:00,18:53:00,58,
2026.08.12 18:55:00,18:55:00,66,
2026.08.12 18:56:00,18:56:00,59,
2026.08.12 18:57:00,18:57:00,60,
2026.08.12 18:58:00,18:58:00,78,
2026.08.12 18:59:00,18:59:00,81,
2026.08.12 19:00:00,19:00:00,79,
2026.08.12 19:02:00,19:02:00,80,
2026.08.12 19:03:00,19:03:00,67,
2026.08.12 19:04:00,19:04:00,61,
2026.08.12 19:06:00,19:06:00,63,
2026.08.12 19:10:00,19:10:00,63,
2026.08.12 19:11:00,19:11:00,59,
2026.08.12 19:13:00,19:13:00,77,
2026.08.12 19:17:00,19:17:00,78,
2026.08.12 19:18:00,19:18:00,88,
2026.08.12 19:28:00,19:28:00,67,
2026.08.12 19:29:00,19:29:00,77,
2026.08.12 19:31:00,19:31:00,55,
2026.08.12 19:36:00,19:36:00,62,
2026.08.12 19:37:00,19:37:00,64,
2026.08.12 19:38:00,19:38:00,57,
2026.08.12 19:39:00,19:39:00,81,
2026.08.12 19:40:00,19:40:00,63,
2026.08.12 19:41:00,19:41:00,57,
2026.08.12 19:42:00,19:42:00,63,
2026.08.12 19:44:00,19:44:00,62,
2026.08.12 19:47:00,19:47:00,89,
2026.08.12 19:48:00,19:48:00,90,
2026.08.12 19:49:00,19:49:00,88,
2026.08.12 19:50:00,19:50:00,82,
2026.08.12 19:51:00,19:51:00,85,
2026.08.12 19:53:00,19:53:00,79,
2026.08.12 19:55:00,19:55:00,77,
2026.08.12 19:56:00,19:56:00,64,
2026.08.12 19:57:00,19:57:00,86,
2026.08.12 19:58:00,19:58:00,75,
2026.08.12 19:59:00,19:59:00,72,
2026.08.12 20:01:00,20:01:00,71,
2026.08.12 20:02:00,20:02:00,68,
2026.08.12 20:03:00,20:03:00,65,
2026.08.12 20:04:00,20:04:00,66,
2026.08.12 20:08:00,20:08:00,82,
2026.08.12 20:09:00,20:09:00,79,
2026.08.12 20:10:00,20:10:00,70,
2026.08.12 20:11:00,20:11:00,65,
2026.08.12 20:12:00,20:12:00,86,
2026.08.12 20:14:00,20:14:00,92,
2026.08.12 20:16:00,20:16:00,73,
2026.08.12 20:17:00,20:17:00,62,
2026.08.12 20:19:00,20:19:00,102,
2026.08.12 20:20:00,20:20:00,77,
2026.08.12 20:21:00,20:21:00,76,
2026.08.12 20:22:00,20:22:00,66,
2026.08.12 20:23:00,20:23:00,65,
2026.08.12 20:24:00,20:24:00,66,
2026.08.12 20:25:00,20:25:00,79,
2026.08.12 20:27:00,20:27:00,79,
2026.08.12 20:28:00,20:28:00,85,
2026.08.12 20:33:00,20:33:00,67,
2026.08.12 20:34:00,20:34:00,90,
2026.08.12 20:35:00,20:35:00,87,
2026.08.12 20:36:00,20:36:00,89,
2026.08.12 20:37:00,20:37:00,87,
2026.08.12 20:39:00,20:39:00,88,
2026.08.12 20:43:00,20:43:00,76,
2026.08.12 20:45:00,20:45:00,92,
2026.08.12 20:47:00,20:47:00,62,
2026.08.12 20:48:00,20:48:00,70,
2026.08.12 20:49:00,20:49:00,74,
2026.08.12 20:50:00,20:50:00,80,
2026.08.12 20:51:00,20:51:00,71,
2026.08.12 20:52:00,20:52:00,75,
2026.08.12 20:53:00,20:53:00,75,
2026.08.12 20:55:00,20:55:00,79,
2026.08.12 20:56:00,20:56:00,95,
2026.08.12 20:57:00,20:57:00,79,
2026.08.12 21:01:00,21:01:00,56,
2026.08.12 21:02:00,21:02:00,73,
2026.08.12 21:04:00,21:04:00,68,
2026.08.12 21:05:00,21:05:00,73,
2026.08.12 21:07:00,21:07:00,61,
2026.08.12 21:08:00,21:08:00,91,
2026.08.12 21:09:00,21:09:00,75,
2026.08.12 21:10:00,21:10:00,52,
2026.08.12 21:11:00,21:11:00,59,
2026.08.12 21:21:00,21:21:00,72,
2026.08.12 21:22:00,21:22:00,70,
2026.08.12 21:26:00,21:26:00,69,
2026.08.12 21:32:00,21:32:00,70,
2026.08.12 21:40:00,21:40:00,69,
2026.08.12 21:42:00,21:42:00,72,
2026.08.12 21:44:00,21:44:00,69,
2026.08.12 21:48:00,21:48:00,69,
2026.08.12 21:49:00,21:49:00,72,
2026.08.12 21:50:00,21:50:00,60,
2026.08.12 21:51:00,21:51:00,61,
2026.08.12 21:54:00,21:54:00,57,
2026.08.12 22:04:00,22:04:00,64,
2026.08.12 22:06:00,22:06:00,63,
2026.08.12 22:07:00,22:07:00,62,
2026.08.12 22:14:00,22:14:00,63,
2026.08.12 22:24:00,22:24:00,57,
2026.08.12 22:27:00,22:27:00,57,
2026.08.12 22:30:00,22:30:00,60,
2026.08.12 22:31:00,22:31:00,58,
2026.08.12 22:40:00,22:40:00,61,
2026.08.12 22:41:00,22:41:00,61,
2026.08.12 22:50:00,22:50:00,59,
2026.08.12 22:51:00,22:51:00,59,
2026.08.12 23:00:00,23:00:00,58,
2026.08.12 23:01:00,23:01:00,59,
2026.08.12 23:10:00,23:10:00,60,
2026.08.12 23:11:00,23:11:00,55,
2026.08.12 23:20:00,23:20:00,55,
2026.08.12 23:21:00,23:21:00,62,
2026.08.12 23:30:00,23:30:00,55,
2026.08.12 23:31:00,23:31:00,55,
2026.08.12 23:40:00,23:40:00,52,
2026.08.12 23:41:00,23:41:00,53,
2026.08.12 23:50:00,23:50:00,52,
2026.08.12 23:51:00,23:51:00,53,
2026.08.13 00:00:00,00:00:00,53,
2026.08.13 00:01:00,00:01:00,54,
2026.08.13 00:10:00,00:10:00,58,
2026.08.13 00:11:00,00:11:00,62,
2026.08.13 00:20:00,00:20:00,53,
2026.08.13 00:21:00,00:21:00,51,
2026.08.13 00:30:00,00:30:00,52,
2026.08.13 00:31:00,00:31:00,53,
2026.08.13 00:40:00,00:40:00,48,
2026.08.13 00:41:00,00:41:00,49,
2026.08.13 00:50:00,00:50:00,46,
2026.08.13 00:51:00,00:51:00,49,
2026.08.13 01:00:00,01:00:00,50,
2026.08.13 01:01:00,01:01:00,49,
2026.08.13 01:10:00,01:10:00,54,
2026.08.13 01:11:00,01:11:00,51,
2026.08.13 01:20:00,01:20:00,54,
2026.08.13 01:21:00,01:21:00,55,
2026.08.13 01:30:00,01:30:00,55,
2026.08.13 01:31:00,01:31:00,54,
2026.08.13 01:43:00,01:43:00,54,
2026.08.13 01:44:00,01:44:00,54,
2026.08.13 01:50:00,01:50:00,53,
2026.08.13 01:51:00,01:51:00,52,
2026.08.13 02:00:00,02:00:00,53,
2026.08.13 02:01:00,02:01:00,52,
2026.08.13 02:10:00,02:10:00,54,
2026.08.13 02:11:00,02:11:00,53,
2026.08.13 02:20:00,02:20:00,59,
2026.08.13 02:21:00,02:21:00,59,
2026.08.13 02:30:00,02:30:00,57,
2026.08.13 02:31:00,02:31:00,57,
2026.08.13 02:40:00,02:40:00,52,
2026.08.13 02:50:00,02:50:00,53,
2026.08.13 02:54:00,02:54:00,57,
2026.08.13 02:58:00,02:58:00,59,
2026.08.13 03:06:00,03:06:00,60,
2026.08.13 03:08:00,03:08:00,71,
2026.08.13 03:10:00,03:10:00,58,
2026.08.13 03:18:00,03:18:00,54,
2026.08.13 03:20:00,03:20:00,55,
2026.08.13 03:28:00,03:28:00,51,
2026.08.13 03:29:00,03:29:00,51,
2026.08.13 03:30:00,03:30:00,58,
2026.08.13 03:38:00,03:38:00,47,
2026.08.13 03:39:00,03:39:00,48,
2026.08.13 03:40:00,03:40:00,55,
2026.08.13 03:48:00,03:48:00,52,
2026.08.13 03:50:00,03:50:00,49,
2026.08.13 03:56:00,03:56:00,52,
2026.08.13 04:00:00,04:00:00,51,
2026.08.13 04:10:00,04:10:00,56,
2026.08.13 04:20:00,04:20:00,56,
2026.08.13 04:30:00,04:30:00,41,
2026.08.13 04:40:00,04:40:00,46,
2026.08.13 04:50:00,04:50:00,52,
2026.08.13 05:00:00,05:00:00,50,
2026.08.13 05:10:00,05:10:00,50,
2026.08.13 05:11:00,05:11:00,53,
2026.08.13 05:12:00,05:12:00,47,
2026.08.13 05:14:00,05:14:00,91,
2026.08.13 05:15:00,05:15:00,86,
2026.08.13 05:17:00,05:17:00,83,
2026.08.13 05:18:00,05:18:00,98,
2026.08.13 05:24:00,05:24:00,88,
2026.08.13 05:25:00,05:25:00,80,
2026.08.13 05:26:00,05:26:00,101,
2026.08.13 05:27:00,05:27:00,79,
2026.08.13 05:28:00,05:28:00,90,
2026.08.13 05:29:00,05:29:00,75,
2026.08.13 05:30:00,05:30:00,79,
2026.08.13 05:32:00,05:32:00,80,
2026.08.13 05:37:00,05:37:00,74,
2026.08.13 05:38:00,05:38:00,87,
2026.08.13 05:40:00,05:40:00,73,
2026.08.13 05:46:00,05:46:00,68,
2026.08.13 05:47:00,05:47:00,75,
2026.08.13 05:49:00,05:49:00,84,
2026.08.13 05:50:00,05:50:00,74,
2026.08.13 05:51:00,05:51:00,86,
2026.08.13 05:52:00,05:52:00,84,
2026.08.13 05:53:00,05:53:00,100,
2026.08.13 05:55:00,05:55:00,88,
2026.08.13 05:56:00,05:56:00,88,
2026.08.13 05:57:00,05:57:00,93,
2026.08.13 05:58:00,05:58:00,115,
2026.08.13 05:59:00,05:59:00,73,
2026.08.13 06:05:00,06:05:00,86,
2026.08.13 06:06:00,06:06:00,95,
2026.08.13 06:07:00,06:07:00,75,
2026.08.13 06:08:00,06:08:00,74,
2026.08.13 06:09:00,06:09:00,73,
2026.08.13 06:16:00,06:16:00,92,
2026.08.13 06:17:00,06:17:00,78,
2026.08.13 06:21:00,06:21:00,80,
2026.08.13 06:22:00,06:22:00,82,
2026.08.13 06:23:00,06:23:00,83,
2026.08.13 06:24:00,06:24:00,80,
2026.08.13 06:25:00,06:25:00,84,
2026.08.13 06:26:00,06:26:00,82,
2026.08.13 06:27:00,06:27:00,87,
2026.08.13 06:28:00,06:28:00,81,
2026.08.13 06:29:00,06:29:00,80,
2026.08.13 06:30:00,06:30:00,81,
2026.08.13 06:31:00,06:31:00,87,
2026.08.13 06:32:00,06:32:00,76,
2026.08.13 06:33:00,06:33:00,80,
2026.08.13 06:34:00,06:34:00,83,
2026.08.13 06:35:00,06:35:00,84,
2026.08.13 06:36:00,06:36:00,80,
2026.08.13 06:37:00,06:37:00,80,
2026.08.13 06:38:00,06:38:00,79,
2026.08.13 06:39:00,06:39:00,80,
2026.08.13 06:48:00,06:48:00,85,
2026.08.13 06:55:00,06:55:00,91,
2026.08.13 06:56:00,06:56:00,107,
2026.08.13 06:57:00,06:57:00,95,
2026.08.13 06:58:00,06:58:00,98,
2026.08.13 06:59:00,06:59:00,103,
2026.08.13 07:00:00,07:00:00,123,
2026.08.13 07:01:00,07:01:00,124,
2026.08.13 07:02:00,07:02:00,109,
2026.08.13 07:03:00,07:03:00,109,
2026.08.13 07:04:00,07:04:00,130,
2026.08.13 07:05:00,07:05:00,135,
2026.08.13 07:06:00,07:06:00,117,
2026.08.13 07:07:00,07:07:00,118,
2026.08.13 07:09:00,07:09:00,94,
2026.08.13 07:10:00,07:10:00,107,
2026.08.13 07:11:00,07:11:00,90,
2026.08.13 07:12:00,07:12:00,88,
2026.08.13 07:13:00,07:13:00,86,
2026.08.13 07:14:00,07:14:00,86,
2026.08.13 07:15:00,07:15:00,83,
2026.08.13 07:17:00,07:17:00,83,
2026.08.13 07:20:00,07:20:00,83,
2026.08.13 07:21:00,07:21:00,82,
2026.08.13 07:27:00,07:27:00,90,
2026.08.13 07:28:00,07:28:00,81,
2026.08.13 07:29:00,07:29:00,84,
2026.08.13 07:30:00,07:30:00,79,
2026.08.13 07:35:00,07:35:00,77,
2026.08.13 07:36:00,07:36:00,73,
2026.08.13 07:37:00,07:37:00,77,
2026.08.13 07:38:00,07:38:00,93,
2026.08.13 07:40:00,07:40:00,60,
2026.08.13 07:41:00,07:41:00,82,
2026.08.13 07:42:00,07:42:00,84,
2026.08.13 07:43:00,07:43:00,86,
2026.08.13 07:46:00,07:46:00,82,
2026.08.13 07:47:00,07:47:00,82,
2026.08.13 07:50:00,07:50:00,84,
2026.08.13 07:54:00,07:54:00,79,
2026.08.13 07:56:00,07:56:00,75,
2026.08.13 07:57:00,07:57:00,82,
2026.08.13 08:02:00,08:02:00,89,
2026.08.13 08:03:00,08:03:00,78,
2026.08.13 08:04:00,08:04:00,64,
2026.08.13 08:05:00,08:05:00,66,
2026.08.13 08:06:00,08:06:00,81,
2026.08.13 08:08:00,08:08:00,85,
2026.08.13 08:09:00,08:09:00,68,
2026.08.13 08:10:00,08:10:00,70,
2026.08.13 08:11:00,08:11:00,74,
2026.08.13 08:18:00,08:18:00,61,
2026.08.13 08:19:00,08:19:00,76,
2026.08.13 08:22:00,08:22:00,79,
2026.08.13 08:23:00,08:23:00,71,
2026.08.13 08:24:00,08:24:00,74,
2026.08.13 08:25:00,08:25:00,67,
2026.08.13 08:26:00,08:26:00,74,
2026.08.13 08:28:00,08:28:00,74,
2026.08.13 08:30:00,08:30:00,69,
2026.08.13 08:31:00,08:31:00,67,
2026.08.13 08:32:00,08:32:00,72,
2026.08.13 08:33:00,08:33:00,74,
2026.08.13 08:34:00,08:34:00,75,
2026.08.13 08:35:00,08:35:00,80,
2026.08.13 08:36:00,08:36:00,74,
2026.08.13 08:42:00,08:42:00,66,
2026.08.13 08:43:00,08:43:00,63,
2026.08.13 08:44:00,08:44:00,69,
2026.08.13 08:47:00,08:47:00,84,
2026.08.13 08:48:00,08:48:00,87,
2026.08.13 08:49:00,08:49:00,81,
2026.08.13 08:50:00,08:50:00,75,
2026.08.13 08:51:00,08:51:00,56,
2026.08.13 08:53:00,08:53:00,62,
2026.08.13 08:54:00,08:54:00,59,
2026.08.13 08:55:00,08:55:00,96,
2026.08.13 08:57:00,08:57:00,90,
2026.08.13 08:58:00,08:58:00,92,
2026.08.13 08:59:00,08:59:00,94,
2026.08.13 09:00:00,09:00:00,81,
2026.08.13 09:01:00,09:01:00,85,
2026.08.13 09:04:00,09:04:00,86,
2026.08.13 09:06:00,09:06:00,83,
2026.08.13 09:07:00,09:07:00,77,
2026.08.13 09:08:00,09:08:00,79,
2026.08.13 09:09:00,09:09:00,78,
2026.08.13 09:10:00,09:10:00,85,
2026.08.13 09:11:00,09:11:00,99,
2026.08.13 09:12:00,09:12:00,84,
2026.08.13 09:13:00,09:13:00,76,
2026.08.13 09:14:00,09:14:00,82,
2026.08.13 09:15:00,09:15:00,85,
2026.08.13 09:16:00,09:16:00,82,
2026.08.13 09:17:00,09:17:00,88,
2026.08.13 09:18:00,09:18:00,75,
2026.08.13 09:21:00,09:21:00,92,
2026.08.13 09:22:00,09:22:00,103,
2026.08.13 09:23:00,09:23:00,80,
2026.08.13 09:24:00,09:24:00,66,
2026.08.13 09:25:00,09:25:00,58,
2026.08.13 09:26:00,09:26:00,68,
2026.08.13 09:28:00,09:28:00,83,
2026.08.13 09:31:00,09:31:00,83,
2026.08.13 09:32:00,09:32:00,64,
2026.08.13 09:33:00,09:33:00,68,
2026.08.13 09:38:00,09:38:00,81,
2026.08.13 09:39:00,09:39:00,78,
2026.08.13 09:40:00,09:40:00,84,
2026.08.13 09:41:00,09:41:00,73,
2026.08.13 09:42:00,09:42:00,76,
2026.08.13 09:44:00,09:44:00,60,
2026.08.13 09:46:00,09:46:00,80,
2026.08.13 09:47:00,09:47:00,68,
2026.08.13 09:48:00,09:48:00,64,
2026.08.13 09:49:00,09:49:00,70,
2026.08.13 09:50:00,09:50:00,66,
2026.08.13 09:51:00,09:51:00,66,
2026.08.13 09:57:00,09:57:00,64,
2026.08.13 09:58:00,09:58:00,64,
2026.08.13 09:59:00,09:59:00,67,
2026.08.13 10:00:00,10:00:00,66,
2026.08.13 10:02:00,10:02:00,68,
2026.08.13 10:03:00,10:03:00,80,
2026.08.13 10:04:00,10:04:00,73,
2026.08.13 10:05:00,10:05:00,65,
2026.08.13 10:07:00,10:07:00,78,
2026.08.13 10:08:00,10:08:00,76,
2026.08.13 10:11:00,10:11:00,62,
2026.08.13 10:12:00,10:12:00,72,
2026.08.13 10:14:00,10:14:00,73,
2026.08.13 10:17:00,10:17:00,94,
2026.08.13 10:18:00,10:18:00,65,
2026.08.13 10:20:00,10:20:00,66,
2026.08.13 10:21:00,10:21:00,63,
2026.08.13 10:24:00,10:24:00,64,
2026.08.13 10:26:00,10:26:00,62,
2026.08.13 10:27:00,10:27:00,67,
2026.08.13 10:28:00,10:28:00,66,
2026.08.13 10:29:00,10:29:00,65,
2026.08.13 10:30:00,10:30:00,70,
2026.08.13 10:31:00,10:31:00,59,
2026.08.13 10:32:00,10:32:00,93,
2026.08.13 10:33:00,10:33:00,65,
2026.08.13 10:34:00,10:34:00,59,
2026.08.13 10:35:00,10:35:00,64,
2026.08.13 10:36:00,10:36:00,83,
2026.08.13 10:37:00,10:37:00,72,
2026.08.13 10:38:00,10:38:00,64,
2026.08.13 10:40:00,10:40:00,61,
2026.08.13 10:43:00,10:43:00,68,
2026.08.13 10:44:00,10:44:00,67,
2026.08.13 10:45:00,10:45:00,86,
2026.08.13 10:46:00,10:46:00,63,
2026.08.13 10:48:00,10:48:00,65,
2026.08.13 10:50:00,10:50:00,59,
2026.08.13 10:51:00,10:51:00,81,
2026.08.13 10:53:00,10:53:00,90,
2026.08.13 10:54:00,10:54:00,92,
2026.08.13 10:55:00,10:55:00,79,
2026.08.13 10:56:00,10:56:00,91,
2026.08.13 10:57:00,10:57:00,92,
2026.08.13 10:58:00,10:58:00,92,
2026.08.13 10:59:00,10:59:00,92,
2026.08.13 11:00:00,11:00:00,90,
2026.08.13 11:01:00,11:01:00,95,
2026.08.13 11:02:00,11:02:00,71,
2026.08.13 11:03:00,11:03:00,74,
2026.08.13 11:06:00,11:06:00,87,
2026.08.13 11:07:00,11:07:00,79,
2026.08.13 11:09:00,11:09:00,84,
2026.08.13 11:12:00,11:12:00,84,
2026.08.13 11:16:00,11:16:00,71,
2026.08.13 11:20:00,11:20:00,63,
2026.08.13 11:21:00,11:21:00,61,
2026.08.13 11:22:00,11:22:00,61,
2026.08.13 11:26:00,11:26:00,64,
2026.08.13 11:27:00,11:27:00,71,
2026.08.13 11:28:00,11:28:00,61,
2026.08.13 11:29:00,11:29:00,60,
2026.08.13 11:31:00,11:31:00,81,
2026.08.13 11:32:00,11:32:00,71,
2026.08.13 11:34:00,11:34:00,61,
2026.08.13 11:35:00,11:35:00,78,
2026.08.13 11:36:00,11:36:00,75,
2026.08.13 11:37:00,11:37:00,62,
2026.08.13 11:38:00,11:38:00,72,
2026.08.13 11:40:00,11:40:00,65,
2026.08.13 11:41:00,11:41:00,76,
2026.08.13 11:42:00,11:42:00,68,
2026.08.13 11:44:00,11:44:00,63,
2026.08.13 11:45:00,11:45:00,63,
2026.08.13 11:46:00,11:46:00,69,
2026.08.13 11:48:00,11:48:00,66,
2026.08.13 11:49:00,11:49:00,74,
2026.08.13 11:51:00,11:51:00,78,
2026.08.13 11:52:00,11:52:00,63,
2026.08.13 11:53:00,11:53:00,65,
2026.08.13 11:55:00,11:55:00,84,
2026.08.13 11:56:00,11:56:00,63,
2026.08.13 11:57:00,11:57:00,64,
2026.08.13 12:01:00,12:01:00,55,
2026.08.13 12:02:00,12:02:00,61,
2026.08.13 12:04:00,12:04:00,78,
2026.08.13 12:05:00,12:05:00,64,
2026.08.13 12:06:00,12:06:00,70,
2026.08.13 12:07:00,12:07:00,83,
2026.08.13 12:08:00,12:08:00,75,
2026.08.13 12:09:00,12:09:00,81,
2026.08.13 12:10:00,12:10:00,87,
2026.08.13 12:11:00,12:11:00,86,
2026.08.13 12:12:00,12:12:00,92,
2026.08.13 12:14:00,12:14:00,80,
2026.08.13 12:15:00,12:15:00,81,
2026.08.13 12:16:00,12:16:00,87,
2026.08.13 12:17:00,12:17:00,89,
2026.08.13 12:19:00,12:19:00,86,
2026.08.13 12:20:00,12:20:00,85,
2026.08.13 12:21:00,12:21:00,85,
2026.08.13 12:22:00,12:22:00,81,
2026.08.13 12:23:00,12:23:00,84,
2026.08.13 12:24:00,12:24:00,83,
2026.08.13 12:25:00,12:25:00,84,
2026.08.13 12:26:00,12:26:00,70,
2026.08.13 12:27:00,12:27:00,90,
2026.08.13 12:30:00,12:30:00,69,
2026.08.13 12:31:00,12:31:00,73,
2026.08.13 12:32:00,12:32:00,80,
2026.08.13 12:33:00,12:33:00,75,
2026.08.13 12:34:00,12:34:00,61,
2026.08.13 12:35:00,12:35:00,77,
2026.08.13 12:36:00,12:36:00,72,
2026.08.13 12:37:00,12:37:00,81,
2026.08.13 12:39:00,12:39:00,81,
2026.08.13 12:40:00,12:40:00,75,
2026.08.13 12:41:00,12:41:00,66,
2026.08.13 12:43:00,12:43:00,81,
2026.08.13 12:49:00,12:49:00,84,
2026.08.13 12:51:00,12:51:00,84,
2026.08.13 12:52:00,12:52:00,76,
2026.08.13 12:53:00,12:53:00,72,
2026.08.13 12:54:00,12:54:00,76,
2026.08.13 12:55:00,12:55:00,81,
2026.08.13 12:56:00,12:56:00,83,
2026.08.13 12:57:00,12:57:00,82,
2026.08.13 12:58:00,12:58:00,104,
2026.08.13 13:00:00,13:00:00,78,
2026.08.13 13:01:00,13:01:00,80,
2026.08.13 13:02:00,13:02:00,71,
2026.08.13 13:03:00,13:03:00,77,
2026.08.13 13:04:00,13:04:00,82,
2026.08.13 13:11:00,13:11:00,98,
2026.08.13 13:13:00,13:13:00,109,
2026.08.13 13:15:00,13:15:00,97,
2026.08.13 13:16:00,13:16:00,106,
2026.08.13 13:17:00,13:17:00,92,
2026.08.13 13:18:00,13:18:00,95,
2026.08.13 13:19:00,13:19:00,92,
2026.08.13 13:20:00,13:20:00,85,
2026.08.13 13:21:00,13:21:00,80,
2026.08.13 13:22:00,13:22:00,94,
2026.08.13 13:23:00,13:23:00,83,
2026.08.13 13:24:00,13:24:00,84,
2026.08.13 13:25:00,13:25:00,61,
2026.08.13 13:26:00,13:26:00,81,
2026.08.13 13:27:00,13:27:00,82,
2026.08.13 13:28:00,13:28:00,88,
2026.08.13 13:29:00,13:29:00,78,
2026.08.13 13:30:00,13:30:00,86,
2026.08.13 13:31:00,13:31:00,87,
2026.08.13 13:32:00,13:32:00,85,
2026.08.13 13:33:00,13:33:00,86,
2026.08.13 13:34:00,13:34:00,88,
2026.08.13 13:35:00,13:35:00,89,
2026.08.13 13:37:00,13:37:00,76,
2026.08.13 13:40:00,13:40:00,94,
2026.08.13 13:41:00,13:41:00,97,
2026.08.13 13:42:00,13:42:00,110,
2026.08.13 13:44:00,13:44:00,88,
2026.08.13 13:45:00,13:45:00,87,
2026.08.13 13:46:00,13:46:00,69,
2026.08.13 13:47:00,13:47:00,72,
2026.08.13 13:49:00,13:49:00,83,
2026.08.13 13:50:00,13:50:00,88,
2026.08.13 13:51:00,13:51:00,89,
2026.08.13 13:52:00,13:52:00,77,
2026.08.13 13:53:00,13:53:00,75,
2026.08.13 13:56:00,13:56:00,76,
2026.08.13 13:57:00,13:57:00,84,
2026.08.13 14:04:00,14:04:00,83,
2026.08.13 14:05:00,14:05:00,82,
2026.08.13 14:07:00,14:07:00,78,
2026.08.13 14:08:00,14:08:00,89,
2026.08.13 14:09:00,14:09:00,84,
2026.08.13 14:10:00,14:10:00,87,
2026.08.13 14:11:00,14:11:00,90,
2026.08.13 14:12:00,14:12:00,88,
2026.08.13 14:13:00,14:13:00,92,
2026.08.13 14:14:00,14:14:00,80,
2026.08.13 14:15:00,14:15:00,88,
2026.08.13 14:16:00,14:16:00,92,
2026.08.13 14:17:00,14:17:00,94,
2026.08.13 14:19:00,14:19:00,92,
2026.08.13 14:20:00,14:20:00,91,
2026.08.13 14:21:00,14:21:00,95,
2026.08.13 14:22:00,14:22:00,111,
2026.08.13 14:23:00,14:23:00,106,
2026.08.13 14:25:00,14:25:00,95,
2026.08.13 14:26:00,14:26:00,94,
2026.08.13 14:27:00,14:27:00,90,
2026.08.13 14:28:00,14:28:00,88,
2026.08.13 14:29:00,14:29:00,85,
2026.08.13 14:30:00,14:30:00,81,
2026.08.13 14:31:00,14:31:00,83,
2026.08.13 14:33:00,14:33:00,86,
2026.08.13 14:34:00,14:34:00,81,
2026.08.13 14:35:00,14:35:00,86,
2026.08.13 14:36:00,14:36:00,78,
2026.08.13 14:37:00,14:37:00,87,
2026.08.13 14:38:00,14:38:00,86,
2026.08.13 14:39:00,14:39:00,76,
2026.08.13 14:40:00,14:40:00,87,
2026.08.13 14:41:00,14:41:00,87,
2026.08.13 14:42:00,14:42:00,95,
2026.08.13 14:43:00,14:43:00,105,
2026.08.13 14:45:00,14:45:00,114,
2026.08.13 14:46:00,14:46:00,116,
2026.08.13 14:47:00,14:47:00,86,
2026.08.13 14:48:00,14:48:00,92,
2026.08.13 14:51:00,14:51:00,85,
2026.08.13 14:52:00,14:52:00,88,
2026.08.13 14:54:00,14:54:00,94,
2026.08.13 14:56:00,14:56:00,102,
2026.08.13 14:57:00,14:57:00,87,
2026.08.13 14:58:00,14:58:00,96,
2026.08.13 15:00:00,15:00:00,85,
2026.08.13 15:03:00,15:03:00,93,
2026.08.13 15:04:00,15:04:00,95,
2026.08.13 15:11:00,15:11:00,125,
2026.08.13 15:12:00,15:12:00,128,
2026.08.13 15:13:00,15:13:00,124,
2026.08.13 15:14:00,15:14:00,130,
2026.08.13 15:15:00,15:15:00,128,
2026.08.13 15:16:00,15:16:00,125,
2026.08.13 15:17:00,15:17:00,115,
2026.08.13 15:19:00,15:19:00,112,
2026.08.13 15:20:00,15:20:00,98,
2026.08.13 15:23:00,15:23:00,86,
2026.08.13 15:26:00,15:26:00,103,
2026.08.13 15:27:00,15:27:00,98,
2026.08.13 15:31:00,15:31:00,109,
2026.08.13 15:32:00,15:32:00,105,
2026.08.13 15:33:00,15:33:00,102,
2026.08.13 15:34:00,15:34:00,93,
2026.08.13 15:35:00,15:35:00,109,
2026.08.13 15:36:00,15:36:00,111,
2026.08.13 15:37:00,15:37:00,101,
2026.08.13 15:38:00,15:38:00,105,
2026.08.13 15:39:00,15:39:00,98,
2026.08.13 15:40:00,15:40:00,93,
2026.08.13 15:41:00,15:41:00,94,
2026.08.13 15:42:00,15:42:00,104,
2026.08.13 15:43:00,15:43:00,101,
2026.08.13 15:44:00,15:44:00,100,
2026.08.13 15:47:00,15:47:00,105,
2026.08.13 15:48:00,15:48:00,107,
2026.08.13 15:49:00,15:49:00,91,
2026.08.13 15:50:00,15:50:00,93,
2026.08.13 15:52:00,15:52:00,84,
2026.08.13 15:55:00,15:55:00,91,
2026.08.13 15:57:00,15:57:00,87,
2026.08.13 15:58:00,15:58:00,100,
2026.08.13 15:59:00,15:59:00,89,
2026.08.13 16:00:00,16:00:00,78,
2026.08.13 16:03:00,16:03:00,76,
2026.08.13 16:04:00,16:04:00,83,
2026.08.13 16:07:00,16:07:00,112,
2026.08.13 16:08:00,16:08:00,114,
2026.08.13 16:09:00,16:09:00,114,
2026.08.13 16:10:00,16:10:00,116,
2026.08.13 16:12:00,16:12:00,106,
2026.08.13 16:13:00,16:13:00,91,
2026.08.13 16:15:00,16:15:00,83,
2026.08.13 16:17:00,16:17:00,79,
2026.08.13 16:21:00,16:21:00,99,
2026.08.13 16:22:00,16:22:00,102,
2026.08.13 16:23:00,16:23:00,75,
2026.08.13 16:24:00,16:24:00,72,
2026.08.13 16:26:00,16:26:00,101,
2026.08.13 16:28:00,16:28:00,69,
2026.08.13 16:30:00,16:30:00,76,
2026.08.13 16:31:00,16:31:00,65,
2026.08.13 16:32:00,16:32:00,80,
2026.08.13 16:33:00,16:33:00,64,
2026.08.13 16:34:00,16:34:00,67,
2026.08.13 16:35:00,16:35:00,76,
2026.08.13 16:36:00,16:36:00,67,
2026.08.13 16:37:00,16:37:00,73,
2026.08.13 16:38:00,16:38:00,66,
2026.08.13 16:39:00,16:39:00,73,
2026.08.13 16:40:00,16:40:00,66,
2026.08.13 16:41:00,16:41:00,85,
2026.08.13 16:42:00,16:42:00,76,
2026.08.13 16:44:00,16:44:00,66,
2026.08.13 16:45:00,16:45:00,79,
2026.08.13 16:46:00,16:46:00,67,
2026.08.13 16:47:00,16:47:00,59,
2026.08.13 16:48:00,16:48:00,63,
2026.08.13 16:52:00,16:52:00,70,
2026.08.13 16:53:00,16:53:00,77,
2026.08.13 16:54:00,16:54:00,89,
2026.08.13 16:55:00,16:55:00,66,
2026.08.13 16:56:00,16:56:00,59,
2026.08.13 16:57:00,16:57:00,71,
2026.08.13 16:58:00,16:58:00,74,
2026.08.13 16:59:00,16:59:00,63,
2026.08.13 17:01:00,17:01:00,81,
2026.08.13 17:02:00,17:02:00,81,
2026.08.13 17:03:00,17:03:00,59,
2026.08.13 17:06:00,17:06:00,74,
2026.08.13 17:07:00,17:07:00,92,
2026.08.13 17:08:00,17:08:00,103,
2026.08.13 17:09:00,17:09:00,69,
2026.08.13 17:11:00,17:11:00,59,
2026.08.13 17:12:00,17:12:00,59,
2026.08.13 17:15:00,17:15:00,71,
2026.08.13 17:16:00,17:16:00,75,
2026.08.13 17:18:00,17:18:00,59,
2026.08.13 17:21:00,17:21:00,60,
2026.08.13 17:23:00,17:23:00,62,
2026.08.13 17:26:00,17:26:00,59,
2026.08.13 17:28:00,17:28:00,60,
2026.08.13 17:31:00,17:31:00,59,
2026.08.13 17:36:00,17:36:00,70,
2026.08.13 17:37:00,17:37:00,54,
2026.08.13 17:38:00,17:38:00,57,
2026.08.13 17:46:00,17:46:00,74,
2026.08.13 17:48:00,17:48:00,83,
2026.08.13 17:56:00,17:56:00,82,
2026.08.13 17:57:00,17:57:00,86,
2026.08.13 17:58:00,17:58:00,73,
2026.08.13 17:59:00,17:59:00,58,
2026.08.13 18:00:00,18:00:00,58,
2026.08.13 18:01:00,18:01:00,65,
2026.08.13 18:03:00,18:03:00,57,
2026.08.13 18:04:00,18:04:00,62,
2026.08.13 18:05:00,18:05:00,68,
2026.08.13 18:06:00,18:06:00,64,
2026.08.13 18:07:00,18:07:00,59,
2026.08.13 18:08:00,18:08:00,59,
2026.08.13 18:09:00,18:09:00,52,
2026.08.13 18:10:00,18:10:00,53,
2026.08.13 18:14:00,18:14:00,59,
2026.08.13 18:15:00,18:15:00,63,
2026.08.13 18:16:00,18:16:00,59,
2026.08.13 18:19:00,18:19:00,62,
2026.08.13 18:20:00,18:20:00,81,
2026.08.13 18:21:00,18:21:00,56,
2026.08.13 18:22:00,18:22:00,65,
2026.08.13 18:25:00,18:25:00,58,
2026.08.13 18:27:00,18:27:00,68,
2026.08.13 18:28:00,18:28:00,67,
2026.08.13 18:30:00,18:30:00,82,
2026.08.13 18:31:00,18:31:00,77,
2026.08.13 18:32:00,18:32:00,78,
2026.08.13 18:33:00,18:33:00,79,
2026.08.13 18:35:00,18:35:00,71,
2026.08.13 18:38:00,18:38:00,59,
2026.08.13 18:40:00,18:40:00,82,
2026.08.13 18:41:00,18:41:00,89,
2026.08.13 18:42:00,18:42:00,76,
2026.08.13 18:43:00,18:43:00,56,
2026.08.13 18:44:00,18:44:00,56,
2026.08.13 18:46:00,18:46:00,66,
2026.08.13 18:48:00,18:48:00,67,
2026.08.13 18:49:00,18:49:00,59,
2026.08.13 18:50:00,18:50:00,73,
2026.08.13 18:51:00,18:51:00,85,
2026.08.13 18:52:00,18:52:00,81,
2026.08.13 18:54:00,18:54:00,58,
2026.08.13 18:55:00,18:55:00,58,
2026.08.13 18:56:00,18:56:00,60,
2026.08.13 18:57:00,18:57:00,63,
2026.08.13 18:59:00,18:59:00,82,
2026.08.13 19:00:00,19:00:00,65,
2026.08.13 19:01:00,19:01:00,87,
2026.08.13 19:03:00,19:03:00,52,
2026.08.13 19:04:00,19:04:00,66,
2026.08.13 19:05:00,19:05:00,82,
2026.08.13 19:06:00,19:06:00,54,
2026.08.13 19:08:00,19:08:00,63,
2026.08.13 19:09:00,19:09:00,65,
2026.08.13 19:10:00,19:10:00,53,
2026.08.13 19:13:00,19:13:00,79,
2026.08.13 19:14:00,19:14:00,71,
2026.08.13 19:17:00,19:17:00,81,
2026.08.13 19:18:00,19:18:00,76,
2026.08.13 19:19:00,19:19:00,94,
2026.08.13 19:20:00,19:20:00,81,
2026.08.13 19:21:00,19:21:00,94,
2026.08.13 19:23:00,19:23:00,76,
2026.08.13 19:24:00,19:24:00,84,
2026.08.13 19:25:00,19:25:00,73,
2026.08.13 19:26:00,19:26:00,69,
2026.08.13 19:30:00,19:30:00,89,
2026.08.13 19:31:00,19:31:00,65,
2026.08.13 19:32:00,19:32:00,62,
2026.08.13 19:33:00,19:33:00,92,
2026.08.13 19:36:00,19:36:00,77,
2026.08.13 19:38:00,19:38:00,61,
2026.08.13 19:41:00,19:41:00,58,
2026.08.13 19:42:00,19:42:00,60,
2026.08.13 19:43:00,19:43:00,82,
2026.08.13 19:46:00,19:46:00,65,
2026.08.13 19:47:00,19:47:00,87,
2026.08.13 19:49:00,19:49:00,92,
2026.08.13 19:51:00,19:51:00,67,
2026.08.13 19:52:00,19:52:00,90,
2026.08.13 19:53:00,19:53:00,71,
2026.08.13 19:54:00,19:54:00,82,
2026.08.13 19:56:00,19:56:00,78,
2026.08.13 19:58:00,19:58:00,80,
2026.08.13 19:59:00,19:59:00,62,
2026.08.13 20:01:00,20:01:00,83,
2026.08.13 20:02:00,20:02:00,59,
2026.08.13 20:03:00,20:03:00,59,
2026.08.13 20:05:00,20:05:00,79,
2026.08.13 20:06:00,20:06:00,95,
2026.08.13 20:07:00,20:07:00,71,
2026.08.13 20:08:00,20:08:00,74,
2026.08.13 20:09:00,20:09:00,89,
2026.08.13 20:10:00,20:10:00,56,
2026.08.13 20:12:00,20:12:00,59,
2026.08.13 20:13:00,20:13:00,59,
2026.08.13 20:14:00,20:14:00,70,
2026.08.13 20:15:00,20:15:00,54,
2026.08.13 20:16:00,20:16:00,56,
2026.08.13 20:17:00,20:17:00,56,
2026.08.13 20:18:00,20:18:00,57,
2026.08.13 20:19:00,20:19:00,100,
2026.08.13 20:20:00,20:20:00,100,
2026.08.13 20:24:00,20:24:00,78,
2026.08.13 20:25:00,20:25:00,69,
2026.08.13 20:26:00,20:26:00,60,
2026.08.13 20:27:00,20:27:00,84,
2026.08.13 20:28:00,20:28:00,83,
2026.08.13 20:29:00,20:29:00,75,
2026.08.13 20:33:00,20:33:00,80,
2026.08.13 20:34:00,20:34:00,80,
2026.08.13 20:36:00,20:36:00,83,
2026.08.13 20:37:00,20:37:00,70,
2026.08.13 20:40:00,20:40:00,78,
2026.08.13 20:41:00,20:41:00,75,
2026.08.13 20:42:00,20:42:00,87,
2026.08.13 20:43:00,20:43:00,87,
2026.08.13 20:44:00,20:44:00,84,
2026.08.13 20:46:00,20:46:00,112,
2026.08.13 20:47:00,20:47:00,93,
2026.08.13 20:48:00,20:48:00,87,
2026.08.13 20:49:00,20:49:00,68,
2026.08.13 20:50:00,20:50:00,56,
2026.08.13 20:51:00,20:51:00,59,
2026.08.13 20:52:00,20:52:00,66,
2026.08.13 20:53:00,20:53:00,62,
2026.08.13 20:54:00,20:54:00,52,
2026.08.13 20:55:00,20:55:00,62,
2026.08.13 20:56:00,20:56:00,62,
2026.08.13 20:57:00,20:57:00,89,
2026.08.13 20:59:00,20:59:00,57,
2026.08.13 21:03:00,21:03:00,51,
2026.08.13 21:04:00,21:04:00,52,
2026.08.13 21:05:00,21:05:00,52,
2026.08.13 21:09:00,21:09:00,53,
2026.08.13 21:10:00,21:10:00,51,
2026.08.13 21:11:00,21:11:00,51,
2026.08.13 21:12:00,21:12:00,53,
2026.08.13 21:13:00,21:13:00,53,
2026.08.13 21:19:00,21:19:00,54,
2026.08.13 21:20:00,21:20:00,52,
2026.08.13 21:21:00,21:21:00,54,
2026.08.13 21:29:00,21:29:00,54,
2026.08.13 21:30:00,21:30:00,54,
2026.08.13 21:31:00,21:31:00,54,
2026.08.13 21:35:00,21:35:00,78,
2026.08.13 21:36:00,21:36:00,63,
2026.08.13 21:37:00,21:37:00,84,
2026.08.13 21:40:00,21:40:00,47,
2026.08.13 21:41:00,21:41:00,49,
2026.08.13 21:50:00,21:50:00,54,
2026.08.13 21:51:00,21:51:00,55,
2026.08.13 22:00:00,22:00:00,52,
2026.08.13 22:01:00,22:01:00,53,
2026.08.13 22:10:00,22:10:00,53,
2026.08.13 22:11:00,22:11:00,53,
2026.08.13 22:20:00,22:20:00,52,
2026.08.13 22:21:00,22:21:00,51,
2026.08.13 22:30:00,22:30:00,53,
2026.08.13 22:31:00,22:31:00,54,
2026.08.13 22:40:00,22:40:00,56,
2026.08.13 22:41:00,22:41:00,57,
2026.08.13 22:50:00,22:50:00,54,
2026.08.13 22:51:00,22:51:00,52,
2026.08.13 23:03:00,23:03:00,50,
2026.08.13 23:04:00,23:04:00,50,
2026.08.13 23:10:00,23:10:00,51,
2026.08.13 23:11:00,23:11:00,52,
2026.08.13 23:20:00,23:20:00,52,
2026.08.13 23:21:00,23:21:00,51,
2026.08.13 23:30:00,23:30:00,50,
2026.08.13 23:31:00,23:31:00,50,
2026.08.13 23:40:00,23:40:00,54,
2026.08.13 23:50:00,23:50:00,51,
2026.08.14 00:00:00,00:00:00,55,
2026.08.14 00:04:00,00:04:00,85,
2026.08.14 00:05:00,00:05:00,82,
2026.08.14 00:06:00,00:06:00,79,
2026.08.14 00:10:00,00:10:00,62,
2026.08.14 00:11:00,00:11:00,78,
2026.08.14 00:12:00,00:12:00,66,
2026.08.14 00:13:00,00:13:00,88,
2026.08.14 00:14:00,00:14:00,91,
2026.08.14 00:15:00,00:15:00,88,
2026.08.14 00:16:00,00:16:00,85,
2026.08.14 00:17:00,00:17:00,94,
2026.08.14 00:27:00,00:27:00,88,
2026.08.14 00:28:00,00:28:00,82,
2026.08.14 00:30:00,00:30:00,81,
2026.08.14 00:31:00,00:31:00,66,
2026.08.14 00:32:00,00:32:00,73,
2026.08.14 00:33:00,00:33:00,80,
2026.08.14 00:34:00,00:34:00,70,
2026.08.14 00:35:00,00:35:00,55,
2026.08.14 00:36:00,00:36:00,96,
2026.08.14 00:37:00,00:37:00,57,
2026.08.14 00:38:00,00:38:00,54,
2026.08.14 00:40:00,00:40:00,66,
2026.08.14 00:41:00,00:41:00,56,
2026.08.14 00:43:00,00:43:00,62,
2026.08.14 00:45:00,00:45:00,49,
2026.08.14 00:46:00,00:46:00,48,
2026.08.14 00:47:00,00:47:00,67,
2026.08.14 00:48:00,00:48:00,57,
2026.08.14 00:49:00,00:49:00,52,
2026.08.14 00:50:00,00:50:00,53,
2026.08.14 00:51:00,00:51:00,52,
2026.08.14 00:54:00,00:54:00,82,
2026.08.14 00:56:00,00:56:00,61,
2026.08.14 01:04:00,01:04:00,50,
2026.08.14 01:05:00,01:05:00,51,
2026.08.14 01:08:00,01:08:00,47,
2026.08.14 01:09:00,01:09:00,48,
2026.08.14 01:10:00,01:10:00,45,
2026.08.14 01:11:00,01:11:00,51,
2026.08.14 01:14:00,01:14:00,81,
2026.08.14 01:20:00,01:20:00,54,
2026.08.14 01:21:00,01:21:00,55,
2026.08.14 01:30:00,01:30:00,52,
2026.08.14 01:31:00,01:31:00,52,
2026.08.14 01:40:00,01:40:00,55,
2026.08.14 01:41:00,01:41:00,53,
2026.08.14 01:50:00,01:50:00,54,
2026.08.14 01:51:00,01:51:00,55,
2026.08.14 02:00:00,02:00:00,54,
2026.08.14 02:01:00,02:01:00,52,
2026.08.14 02:10:00,02:10:00,49,
2026.08.14 02:11:00,02:11:00,49,
2026.08.14 02:20:00,02:20:00,56,
2026.08.14 02:21:00,02:21:00,48,
2026.08.14 02:30:00,02:30:00,56,
2026.08.14 02:31:00,02:31:00,53,
2026.08.14 02:40:00,02:40:00,43,
2026.08.14 02:41:00,02:41:00,49,
2026.08.14 02:50:00,02:50:00,50,
2026.08.14 02:51:00,02:51:00,50,
2026.08.14 03:00:00,03:00:00,53,
2026.08.14 03:01:00,03:01:00,52,
2026.08.14 03:16:00,03:16:00,51,
2026.08.14 03:17:00,03:17:00,52,
2026.08.14 03:20:00,03:20:00,53,
2026.08.14 03:21:00,03:21:00,52,
2026.08.14 03:30:00,03:30:00,51,
2026.08.14 03:31:00,03:31:00,51,
2026.08.14 03:40:00,03:40:00,50,
2026.08.14 03:41:00,03:41:00,52,
2026.08.14 03:50:00,03:50:00,54,
2026.08.14 03:51:00,03:51:00,51,
2026.08.14 04:00:00,04:00:00,54,
2026.08.14 04:01:00,04:01:00,54,
2026.08.14 04:10:00,04:10:00,49,
2026.08.14 04:11:00,04:11:00,49,
2026.08.14 04:20:00,04:20:00,52,
2026.08.14 04:21:00,04:21:00,53,
2026.08.14 04:30:00,04:30:00,55,
2026.08.14 04:40:00,04:40:00,50,
2026.08.14 04:50:00,04:50:00,54,
2026.08.14 05:00:00,05:00:00,51,
2026.08.14 05:10:00,05:10:00,61,
2026.08.14 05:20:00,05:20:00,54,
2026.08.14 05:30:00,05:30:00,54,
2026.08.14 05:40:00,05:40:00,55,
2026.08.14 05:50:00,05:50:00,46,
2026.08.14 05:55:00,05:55:00,70,
2026.08.14 05:56:00,05:56:00,54,
2026.08.14 06:00:00,06:00:00,56,
2026.08.14 06:01:00,06:01:00,54,
2026.08.14 06:05:00,06:05:00,56,
2026.08.14 06:06:00,06:06:00,51,
2026.08.14 06:15:00,06:15:00,83,
2026.08.14 06:18:00,06:18:00,48,
2026.08.14 06:20:00,06:20:00,57,
2026.08.14 06:21:00,06:21:00,54,
2026.08.14 06:22:00,06:22:00,74,
2026.08.14 06:24:00,06:24:00,75,
2026.08.14 06:30:00,06:30:00,56,
2026.08.14 06:31:00,06:31:00,74,
2026.08.14 06:40:00,06:40:00,54,
2026.08.14 06:41:00,06:41:00,52,
2026.08.14 06:50:00,06:50:00,60,
2026.08.14 06:51:00,06:51:00,61,
2026.08.14 06:53:00,06:53:00,74,
2026.08.14 07:00:00,07:00:00,56,
2026.08.14 07:01:00,07:01:00,50,
2026.08.14 07:10:00,07:10:00,57,
2026.08.14 07:11:00,07:11:00,55,
2026.08.14 07:20:00,07:20:00,54,
2026.08.14 07:21:00,07:21:00,74,
2026.08.14 07:24:00,07:24:00,81,
2026.08.14 07:25:00,07:25:00,91,
2026.08.14 07:26:00,07:26:00,90,
2026.08.14 07:27:00,07:27:00,62,
2026.08.14 07:28:00,07:28:00,59,
2026.08.14 07:29:00,07:29:00,61,
2026.08.14 07:30:00,07:30:00,80,
2026.08.14 07:31:00,07:31:00,78,
2026.08.14 07:34:00,07:34:00,95,
2026.08.14 07:35:00,07:35:00,66,
2026.08.14 07:36:00,07:36:00,65,
2026.08.14 07:37:00,07:37:00,82,
2026.08.14 07:38:00,07:38:00,65,
2026.08.14 07:45:00,07:45:00,77,
2026.08.14 07:46:00,07:46:00,50,
2026.08.14 07:48:00,07:48:00,82,
2026.08.14 07:53:00,07:53:00,48,
2026.08.14 07:54:00,07:54:00,49,
2026.08.14 07:55:00,07:55:00,52,
2026.08.14 07:56:00,07:56:00,50,
2026.08.14 07:57:00,07:57:00,84,
2026.08.14 08:00:00,08:00:00,82,
2026.08.14 08:01:00,08:01:00,64,
2026.08.14 08:02:00,08:02:00,59,
2026.08.14 08:08:00,08:08:00,53,
2026.08.14 08:10:00,08:10:00,57,
2026.08.14 08:11:00,08:11:00,86,
2026.08.14 08:12:00,08:12:00,66,
2026.08.14 08:15:00,08:15:00,51,
2026.08.14 08:19:00,08:19:00,85,
2026.08.14 08:20:00,08:20:00,57,
2026.08.14 08:21:00,08:21:00,80,
2026.08.14 08:22:00,08:22:00,90,
2026.08.14 08:23:00,08:23:00,54,
2026.08.14 08:27:00,08:27:00,83,
2026.08.14 08:29:00,08:29:00,84,
2026.08.14 08:30:00,08:30:00,52,
2026.08.14 08:31:00,08:31:00,83,
2026.08.14 08:33:00,08:33:00,83,
2026.08.14 08:35:00,08:35:00,92,
2026.08.14 08:36:00,08:36:00,98,
2026.08.14 08:38:00,08:38:00,95,
2026.08.14 08:40:00,08:40:00,95,
2026.08.14 08:42:00,08:42:00,80,
2026.08.14 08:46:00,08:46:00,61,
2026.08.14 08:50:00,08:50:00,58,
2026.08.14 08:52:00,08:52:00,81,
2026.08.14 08:54:00,08:54:00,100,
2026.08.14 08:55:00,08:55:00,63,
2026.08.14 08:56:00,08:56:00,67,
2026.08.14 08:57:00,08:57:00,54,
2026.08.14 08:58:00,08:58:00,65,
2026.08.14 08:59:00,08:59:00,73,
2026.08.14 09:00:00,09:00:00,68,
2026.08.14 09:01:00,09:01:00,54,
2026.08.14 09:02:00,09:02:00,55,
2026.08.14 09:04:00,09:04:00,85,
2026.08.14 09:06:00,09:06:00,86,
2026.08.14 09:07:00,09:07:00,85,
2026.08.14 09:09:00,09:09:00,75,
2026.08.14 09:12:00,09:12:00,72,
2026.08.14 09:13:00,09:13:00,68,
2026.08.14 09:14:00,09:14:00,77,
2026.08.14 09:16:00,09:16:00,73,
2026.08.14 09:20:00,09:20:00,79,
2026.08.14 09:21:00,09:21:00,83,
2026.08.14 09:22:00,09:22:00,73,
2026.08.14 09:24:00,09:24:00,104,
2026.08.14 09:25:00,09:25:00,85,
2026.08.14 09:26:00,09:26:00,79,
2026.08.14 09:27:00,09:27:00,82,
2026.08.14 09:28:00,09:28:00,84,
2026.08.14 09:30:00,09:30:00,72,
2026.08.14 09:32:00,09:32:00,75,
2026.08.14 09:33:00,09:33:00,82,
2026.08.14 09:40:00,09:40:00,60,
2026.08.14 09:41:00,09:41:00,86,
2026.08.14 09:42:00,09:42:00,60,
2026.08.14 09:43:00,09:43:00,82,
2026.08.14 09:44:00,09:44:00,59,
2026.08.14 09:45:00,09:45:00,60,
2026.08.14 09:46:00,09:46:00,76,
2026.08.14 09:47:00,09:47:00,85,
2026.08.14 09:48:00,09:48:00,75,
2026.08.14 09:50:00,09:50:00,90,
2026.08.14 09:51:00,09:51:00,95,
2026.08.14 09:52:00,09:52:00,76,
2026.08.14 09:53:00,09:53:00,89,
2026.08.14 09:55:00,09:55:00,89,
2026.08.14 09:56:00,09:56:00,85,
2026.08.14 09:57:00,09:57:00,94,
2026.08.14 09:58:00,09:58:00,87,
2026.08.14 09:59:00,09:59:00,91,
2026.08.14 10:01:00,10:01:00,89,
2026.08.14 10:02:00,10:02:00,85,
2026.08.14 10:03:00,10:03:00,79,
2026.08.14 10:05:00,10:05:00,75,
2026.08.14 10:06:00,10:06:00,78,
2026.08.14 10:08:00,10:08:00,89,
2026.08.14 10:09:00,10:09:00,77,
2026.08.14 10:10:00,10:10:00,77,
2026.08.14 10:11:00,10:11:00,67,
2026.08.14 10:13:00,10:13:00,76,
2026.08.14 10:14:00,10:14:00,84,
2026.08.14 10:15:00,10:15:00,66,
2026.08.14 10:16:00,10:16:00,69,
2026.08.14 10:17:00,10:17:00,79,
2026.08.14 10:18:00,10:18:00,73,
2026.08.14 10:19:00,10:19:00,85,
2026.08.14 10:20:00,10:20:00,82,
2026.08.14 10:21:00,10:21:00,81,
2026.08.14 10:23:00,10:23:00,80,
2026.08.14 10:25:00,10:25:00,76,
2026.08.14 10:26:00,10:26:00,72,
2026.08.14 10:27:00,10:27:00,63,
2026.08.14 10:30:00,10:30:00,70,
2026.08.14 10:31:00,10:31:00,67,
2026.08.14 10:34:00,10:34:00,86,
2026.08.14 10:35:00,10:35:00,75,
2026.08.14 10:36:00,10:36:00,67,
2026.08.14 10:37:00,10:37:00,67,
2026.08.14 10:38:00,10:38:00,69,
2026.08.14 10:39:00,10:39:00,68,
2026.08.14 10:41:00,10:41:00,75,
2026.08.14 10:43:00,10:43:00,71,
2026.08.14 10:45:00,10:45:00,66,
2026.08.14 10:46:00,10:46:00,70,
2026.08.14 10:48:00,10:48:00,69,
2026.08.14 10:49:00,10:49:00,94,
2026.08.14 10:50:00,10:50:00,82,
2026.08.14 10:52:00,10:52:00,65,
2026.08.14 10:53:00,10:53:00,65,
2026.08.14 10:56:00,10:56:00,78,
2026.08.14 10:59:00,10:59:00,84,
2026.08.14 11:00:00,11:00:00,66,
2026.08.14 11:01:00,11:01:00,65,
2026.08.14 11:02:00,11:02:00,64,
2026.08.14 11:06:00,11:06:00,73,
2026.08.14 11:07:00,11:07:00,88,
2026.08.14 11:08:00,11:08:00,67,
2026.08.14 11:09:00,11:09:00,65,
2026.08.14 11:10:00,11:10:00,62,
2026.08.14 11:11:00,11:11:00,62,
2026.08.14 11:12:00,11:12:00,74,
2026.08.14 11:13:00,11:13:00,65,
2026.08.14 11:14:00,11:14:00,65,
2026.08.14 11:15:00,11:15:00,75,
2026.08.14 11:16:00,11:16:00,72,
2026.08.14 11:17:00,11:17:00,64,
2026.08.14 11:19:00,11:19:00,85,
2026.08.14 11:20:00,11:20:00,63,
2026.08.14 11:21:00,11:21:00,67,
2026.08.14 11:22:00,11:22:00,60,
2026.08.14 11:23:00,11:23:00,65,
2026.08.14 11:25:00,11:25:00,82,
2026.08.14 11:26:00,11:26:00,69,
2026.08.14 11:27:00,11:27:00,61,
2026.08.14 11:29:00,11:29:00,60,
2026.08.14 11:30:00,11:30:00,68,
2026.08.14 11:31:00,11:31:00,62,
2026.08.14 11:32:00,11:32:00,65,
2026.08.14 11:33:00,11:33:00,60,
2026.08.14 11:38:00,11:38:00,61,
2026.08.14 11:39:00,11:39:00,65,
2026.08.14 11:40:00,11:40:00,82,
2026.08.14 11:41:00,11:41:00,87,
2026.08.14 11:42:00,11:42:00,70,
2026.08.14 11:43:00,11:43:00,69,
2026.08.14 11:46:00,11:46:00,61,
2026.08.14 11:47:00,11:47:00,61,
2026.08.14 11:48:00,11:48:00,63,
2026.08.14 11:50:00,11:50:00,61,
2026.08.14 11:54:00,11:54:00,63,
2026.08.14 11:56:00,11:56:00,59,
2026.08.14 11:57:00,11:57:00,58,
2026.08.14 11:58:00,11:58:00,64,
2026.08.14 11:59:00,11:59:00,61,
2026.08.14 12:04:00,12:04:00,60,
2026.08.14 12:05:00,12:05:00,62,
2026.08.14 12:08:00,12:08:00,70,
2026.08.14 12:09:00,12:09:00,83,
2026.08.14 12:10:00,12:10:00,69,
2026.08.14 12:11:00,12:11:00,82,
2026.08.14 12:12:00,12:12:00,91,
2026.08.14 12:13:00,12:13:00,62,
2026.08.14 12:14:00,12:14:00,69,
2026.08.14 12:15:00,12:15:00,71,
2026.08.14 12:16:00,12:16:00,73,
2026.08.14 12:17:00,12:17:00,75,
2026.08.14 12:18:00,12:18:00,86,
2026.08.14 12:20:00,12:20:00,69,
2026.08.14 12:23:00,12:23:00,63,
2026.08.14 12:24:00,12:24:00,60,
2026.08.14 12:25:00,12:25:00,69,
2026.08.14 12:26:00,12:26:00,77,
2026.08.14 12:28:00,12:28:00,65,
2026.08.14 12:30:00,12:30:00,71,
2026.08.14 12:31:00,12:31:00,81,
2026.08.14 12:32:00,12:32:00,101,
2026.08.14 12:33:00,12:33:00,77,
2026.08.14 12:34:00,12:34:00,76,
2026.08.14 12:35:00,12:35:00,81,
2026.08.14 12:36:00,12:36:00,72,
2026.08.14 12:38:00,12:38:00,70,
2026.08.14 12:39:00,12:39:00,72,
2026.08.14 12:41:00,12:41:00,73,
2026.08.14 12:43:00,12:43:00,67,
2026.08.14 12:46:00,12:46:00,78,
2026.08.14 12:48:00,12:48:00,88,
2026.08.14 12:49:00,12:49:00,81,
2026.08.14 12:50:00,12:50:00,83,
2026.08.14 12:52:00,12:52:00,62,
2026.08.14 12:56:00,12:56:00,67,
2026.08.14 12:58:00,12:58:00,64,
2026.08.14 12:59:00,12:59:00,69,
2026.08.14 13:00:00,13:00:00,72,
2026.08.14 13:02:00,13:02:00,70,
2026.08.14 13:03:00,13:03:00,75,
2026.08.14 13:04:00,13:04:00,70,
2026.08.14 13:05:00,13:05:00,67,
2026.08.14 13:07:00,13:07:00,62,
2026.08.14 13:08:00,13:08:00,73,
2026.08.14 13:09:00,13:09:00,68,
2026.08.14 13:10:00,13:10:00,67,
2026.08.14 13:14:00,13:14:00,63,
2026.08.14 13:15:00,13:15:00,64,
2026.08.14 13:16:00,13:16:00,55,
2026.08.14 13:17:00,13:17:00,72,
2026.08.14 13:18:00,13:18:00,66,
2026.08.14 13:19:00,13:19:00,68,
2026.08.14 13:20:00,13:20:00,68,
2026.08.14 13:21:00,13:21:00,69,
2026.08.14 13:22:00,13:22:00,83,
2026.08.14 13:24:00,13:24:00,65,
2026.08.14 13:25:00,13:25:00,66,
2026.08.14 13:26:00,13:26:00,70,
2026.08.14 13:28:00,13:28:00,84,
2026.08.14 13:29:00,13:29:00,83,
2026.08.14 13:30:00,13:30:00,83,
2026.08.14 13:31:00,13:31:00,86,
2026.08.14 13:33:00,13:33:00,95,
2026.08.14 13:34:00,13:34:00,80,
2026.08.14 13:37:00,13:37:00,71,
2026.08.14 13:38:00,13:38:00,81,
2026.08.14 13:39:00,13:39:00,89,
2026.08.14 13:41:00,13:41:00,76,
2026.08.14 13:46:00,13:46:00,74,
2026.08.14 13:48:00,13:48:00,58,
2026.08.14 13:51:00,13:51:00,83,
2026.08.14 13:52:00,13:52:00,65,
2026.08.14 13:53:00,13:53:00,64,
2026.08.14 13:55:00,13:55:00,72,
2026.08.14 13:56:00,13:56:00,75,
2026.08.14 13:57:00,13:57:00,78,
2026.08.14 13:58:00,13:58:00,71,
2026.08.14 13:59:00,13:59:00,77,
2026.08.14 14:00:00,14:00:00,76,
2026.08.14 14:03:00,14:03:00,67,
2026.08.14 14:04:00,14:04:00,72,
2026.08.14 14:05:00,14:05:00,64,
2026.08.14 14:06:00,14:06:00,89,
2026.08.14 14:07:00,14:07:00,65,
2026.08.14 14:09:00,14:09:00,89,
2026.08.14 14:10:00,14:10:00,72,
2026.08.14 14:11:00,14:11:00,64,
2026.08.14 14:12:00,14:12:00,73,
2026.08.14 14:13:00,14:13:00,77,
2026.08.14 14:14:00,14:14:00,69,
2026.08.14 14:15:00,14:15:00,72,
2026.08.14 14:16:00,14:16:00,72,
2026.08.14 14:17:00,14:17:00,75,
2026.08.14 14:18:00,14:18:00,89,
2026.08.14 14:19:00,14:19:00,90,
2026.08.14 14:20:00,14:20:00,73,
2026.08.14 14:21:00,14:21:00,84,
2026.08.14 14:25:00,14:25:00,87,
2026.08.14 14:26:00,14:26:00,97,
2026.08.14 14:32:00,14:32:00,93,
2026.08.14 14:33:00,14:33:00,89,
2026.08.14 14:34:00,14:34:00,81,
2026.08.14 14:36:00,14:36:00,93,
2026.08.14 14:37:00,14:37:00,107,
2026.08.14 14:38:00,14:38:00,121,
2026.08.14 14:39:00,14:39:00,117,
2026.08.14 14:40:00,14:40:00,111,
2026.08.14 14:41:00,14:41:00,115,
2026.08.14 14:43:00,14:43:00,105,
2026.08.14 14:44:00,14:44:00,96,
2026.08.14 14:45:00,14:45:00,97,
2026.08.14 14:46:00,14:46:00,93,
2026.08.14 14:47:00,14:47:00,95,
2026.08.14 14:48:00,14:48:00,85,
2026.08.14 14:49:00,14:49:00,64,
2026.08.14 14:50:00,14:50:00,71,
2026.08.14 14:51:00,14:51:00,70,
2026.08.14 14:52:00,14:52:00,70,
2026.08.14 14:53:00,14:53:00,72,
2026.08.14 14:54:00,14:54:00,74,
2026.08.14 14:55:00,14:55:00,66,
2026.08.14 14:56:00,14:56:00,67,
2026.08.14 14:58:00,14:58:00,74,
2026.08.14 14:59:00,14:59:00,65,
2026.08.14 15:00:00,15:00:00,74,
2026.08.14 15:02:00,15:02:00,89,
2026.08.14 15:03:00,15:03:00,88,
2026.08.14 15:04:00,15:04:00,86,
2026.08.14 15:05:00,15:05:00,92,
2026.08.14 15:06:00,15:06:00,100,
2026.08.14 15:08:00,15:08:00,84,
2026.08.14 15:09:00,15:09:00,84,
2026.08.14 15:10:00,15:10:00,70,
2026.08.14 15:16:00,15:16:00,66,
2026.08.14 15:17:00,15:17:00,82,
2026.08.14 15:18:00,15:18:00,81,
2026.08.14 15:19:00,15:19:00,93,
2026.08.14 15:20:00,15:20:00,86,
2026.08.14 15:21:00,15:21:00,86,
2026.08.14 15:22:00,15:22:00,84,
2026.08.14 15:23:00,15:23:00,97,
2026.08.14 15:24:00,15:24:00,92,
2026.08.14 15:25:00,15:25:00,83,
2026.08.14 15:26:00,15:26:00,69,
2026.08.14 15:27:00,15:27:00,75,
2026.08.14 15:28:00,15:28:00,77,
2026.08.14 15:29:00,15:29:00,69,
2026.08.14 15:30:00,15:30:00,69,
2026.08.14 15:31:00,15:31:00,76,
2026.08.14 15:33:00,15:33:00,80,
2026.08.14 15:34:00,15:34:00,80,
2026.08.14 15:39:00,15:39:00,64,
2026.08.14 15:48:00,15:48:00,83,
2026.08.14 15:50:00,15:50:00,63,
2026.08.14 15:51:00,15:51:00,66,
2026.08.14 15:52:00,15:52:00,59,
2026.08.14 15:53:00,15:53:00,56,
2026.08.14 15:54:00,15:54:00,67,
2026.08.14 15:55:00,15:55:00,56,
2026.08.14 16:07:00,16:07:00,85,
2026.08.14 16:08:00,16:08:00,65,
2026.08.14 16:09:00,16:09:00,72,
2026.08.14 16:10:00,16:10:00,70,
2026.08.14 16:11:00,16:11:00,84,
2026.08.14 16:16:00,16:16:00,60,
2026.08.14 16:18:00,16:18:00,84,
2026.08.14 16:19:00,16:19:00,80,
2026.08.14 16:20:00,16:20:00,65,
2026.08.14 16:22:00,16:22:00,65,
2026.08.14 16:28:00,16:28:00,76,
2026.08.14 16:29:00,16:29:00,65,
2026.08.14 16:30:00,16:30:00,62,
2026.08.14 16:31:00,16:31:00,61,
2026.08.14 16:32:00,16:32:00,57,
2026.08.14 16:34:00,16:34:00,57,
2026.08.14 16:35:00,16:35:00,64,
2026.08.14 16:36:00,16:36:00,72,
2026.08.14 16:37:00,16:37:00,53,
2026.08.14 16:38:00,16:38:00,55,
2026.08.14 16:39:00,16:39:00,61,
2026.08.14 16:40:00,16:40:00,64,
2026.08.14 16:41:00,16:41:00,54,
2026.08.14 16:43:00,16:43:00,63,
2026.08.14 16:46:00,16:46:00,52,
2026.08.14 16:48:00,16:48:00,65,
2026.08.14 16:49:00,16:49:00,59,
2026.08.14 16:50:00,16:50:00,72,
2026.08.14 16:59:00,16:59:00,79,
2026.08.14 17:00:00,17:00:00,68,
2026.08.14 17:01:00,17:01:00,62,
2026.08.14 17:06:00,17:06:00,65,
2026.08.14 17:13:00,17:13:00,68,
2026.08.14 17:14:00,17:14:00,59,
2026.08.14 17:15:00,17:15:00,64,
2026.08.14 17:17:00,17:17:00,56,
2026.08.14 17:19:00,17:19:00,68,
2026.08.14 17:20:00,17:20:00,54,
2026.08.14 17:26:00,17:26:00,80,
2026.08.14 17:27:00,17:27:00,65,
2026.08.14 17:28:00,17:28:00,75,
2026.08.14 17:29:00,17:29:00,84,
2026.08.14 17:31:00,17:31:00,64,
2026.08.14 17:32:00,17:32:00,60,
2026.08.14 17:33:00,17:33:00,71,
2026.08.14 17:34:00,17:34:00,81,
2026.08.14 17:35:00,17:35:00,62,
2026.08.14 17:36:00,17:36:00,55,
2026.08.14 17:37:00,17:37:00,85,
2026.08.14 17:38:00,17:38:00,60,
2026.08.14 17:41:00,17:41:00,57,
2026.08.14 17:42:00,17:42:00,58,
2026.08.14 17:43:00,17:43:00,56,
2026.08.14 17:44:00,17:44:00,56,
2026.08.14 17:45:00,17:45:00,56,
2026.08.14 17:46:00,17:46:00,57,
2026.08.14 17:49:00,17:49:00,85,
2026.08.14 17:50:00,17:50:00,78,
2026.08.14 17:52:00,17:52:00,85,
2026.08.14 17:54:00,17:54:00,88,
2026.08.14 17:55:00,17:55:00,61,
2026.08.14 17:56:00,17:56:00,60,
2026.08.14 17:57:00,17:57:00,55,
2026.08.14 17:59:00,17:59:00,80,
2026.08.14 18:00:00,18:00:00,62,
2026.08.14 18:01:00,18:01:00,59,
2026.08.14 18:02:00,18:02:00,80,
2026.08.14 18:04:00,18:04:00,83,
2026.08.14 18:05:00,18:05:00,75,
2026.08.14 18:06:00,18:06:00,60,
2026.08.14 18:07:00,18:07:00,65,
2026.08.14 18:09:00,18:09:00,60,
2026.08.14 18:10:00,18:10:00,75,
2026.08.14 18:11:00,18:11:00,63,
2026.08.14 18:12:00,18:12:00,69,
2026.08.14 18:13:00,18:13:00,61,
2026.08.14 18:14:00,18:14:00,80,
2026.08.14 18:15:00,18:15:00,67,
2026.08.14 18:16:00,18:16:00,70,
2026.08.14 18:17:00,18:17:00,65,
2026.08.14 18:18:00,18:18:00,57,
2026.08.14 18:19:00,18:19:00,53,
2026.08.14 18:20:00,18:20:00,59,
2026.08.14 18:22:00,18:22:00,68,
2026.08.14 18:23:00,18:23:00,53,
2026.08.14 18:24:00,18:24:00,54,
2026.08.14 18:25:00,18:25:00,58,
2026.08.14 18:26:00,18:26:00,55,
2026.08.14 18:27:00,18:27:00,64,
2026.08.14 18:29:00,18:29:00,109,
2026.08.14 18:30:00,18:30:00,52,
2026.08.14 18:31:00,18:31:00,71,
2026.08.14 18:32:00,18:32:00,71,
2026.08.14 18:33:00,18:33:00,87,
2026.08.14 18:34:00,18:34:00,77,
2026.08.14 18:35:00,18:35:00,72,
2026.08.14 18:36:00,18:36:00,60,
2026.08.14 18:38:00,18:38:00,90,
2026.08.14 18:42:00,18:42:00,70,
2026.08.14 18:43:00,18:43:00,82,
2026.08.14 18:44:00,18:44:00,80,
2026.08.14 18:45:00,18:45:00,71,
2026.08.14 18:46:00,18:46:00,88,
2026.08.14 18:47:00,18:47:00,84,
2026.08.14 18:52:00,18:52:00,78,
2026.08.14 18:53:00,18:53:00,87,
2026.08.14 18:55:00,18:55:00,79,
2026.08.14 18:57:00,18:57:00,83,
2026.08.14 18:58:00,18:58:00,79,
2026.08.14 18:59:00,18:59:00,99,
2026.08.14 19:00:00,19:00:00,102,
2026.08.14 19:01:00,19:01:00,87,
2026.08.14 19:03:00,19:03:00,91,
2026.08.14 19:04:00,19:04:00,82,
2026.08.14 19:06:00,19:06:00,83,
2026.08.14 19:07:00,19:07:00,91,
2026.08.14 19:08:00,19:08:00,94,
2026.08.14 19:09:00,19:09:00,83,
2026.08.14 19:10:00,19:10:00,83,
2026.08.14 19:12:00,19:12:00,78,
2026.08.14 19:13:00,19:13:00,80,
2026.08.14 19:14:00,19:14:00,87,
2026.08.14 19:15:00,19:15:00,77,
2026.08.14 19:16:00,19:16:00,71,
2026.08.14 19:17:00,19:17:00,76,
2026.08.14 19:19:00,19:19:00,81,
2026.08.14 19:24:00,19:24:00,84,
2026.08.14 19:25:00,19:25:00,79,
2026.08.14 19:26:00,19:26:00,88,
2026.08.14 19:27:00,19:27:00,73,
2026.08.14 19:30:00,19:30:00,81,
2026.08.14 19:32:00,19:32:00,68,
2026.08.14 19:33:00,19:33:00,78,
2026.08.14 19:35:00,19:35:00,63,
2026.08.14 19:36:00,19:36:00,64,
2026.08.14 19:41:00,19:41:00,81,
2026.08.14 19:43:00,19:43:00,67,
2026.08.14 19:46:00,19:46:00,63,
2026.08.14 19:48:00,19:48:00,73,
2026.08.14 19:52:00,19:52:00,68,
2026.08.14 19:54:00,19:54:00,62,
2026.08.14 19:55:00,19:55:00,72,
2026.08.14 19:56:00,19:56:00,88,
2026.08.14 19:57:00,19:57:00,77,
2026.08.14 19:58:00,19:58:00,88,
2026.08.14 20:00:00,20:00:00,81,
2026.08.14 20:01:00,20:01:00,73,
2026.08.14 20:02:00,20:02:00,80,
2026.08.14 20:04:00,20:04:00,75,
2026.08.14 20:06:00,20:06:00,103,
2026.08.14 20:09:00,20:09:00,85,
2026.08.14 20:10:00,20:10:00,82,
2026.08.14 20:11:00,20:11:00,82,
2026.08.14 20:12:00,20:12:00,92,
2026.08.14 20:13:00,20:13:00,79,
2026.08.14 20:15:00,20:15:00,59,
2026.08.14 20:16:00,20:16:00,86,
2026.08.14 20:17:00,20:17:00,89,
2026.08.14 20:18:00,20:18:00,74,
2026.08.14 20:20:00,20:20:00,82,
2026.08.14 20:21:00,20:21:00,71,
2026.08.14 20:25:00,20:25:00,72,
2026.08.14 20:26:00,20:26:00,64,
2026.08.14 20:32:00,20:32:00,57,
2026.08.14 20:35:00,20:35:00,65,
2026.08.14 20:36:00,20:36:00,72,
2026.08.14 20:37:00,20:37:00,69,
2026.08.14 20:38:00,20:38:00,83,
2026.08.14 20:40:00,20:40:00,69,
2026.08.14 20:44:00,20:44:00,77,
2026.08.14 20:45:00,20:45:00,80,
2026.08.14 20:46:00,20:46:00,75,
2026.08.14 20:47:00,20:47:00,75,
2026.08.14 20:48:00,20:48:00,78,
2026.08.14 20:49:00,20:49:00,86,
2026.08.14 20:50:00,20:50:00,78,
2026.08.14 20:51:00,20:51:00,79,
2026.08.14 20:52:00,20:52:00,80,
2026.08.14 20:55:00,20:55:00,96,
2026.08.14 20:56:00,20:56:00,84,
2026.08.14 20:58:00,20:58:00,79,
2026.08.14 20:59:00,20:59:00,90,
2026.08.14 21:00:00,21:00:00,79,
2026.08.14 21:01:00,21:01:00,71,
2026.08.14 21:04:00,21:04:00,89,
2026.08.14 21:05:00,21:05:00,90,
2026.08.14 21:06:00,21:06:00,68,
2026.08.14 21:07:00,21:07:00,87,
2026.08.14 21:08:00,21:08:00,73,
2026.08.14 21:11:00,21:11:00,89,
2026.08.14 21:14:00,21:14:00,59,
2026.08.14 21:15:00,21:15:00,84,
2026.08.14 21:18:00,21:18:00,69,
2026.08.14 21:19:00,21:19:00,84,
2026.08.14 21:20:00,21:20:00,70,
2026.08.14 21:21:00,21:21:00,64,
2026.08.14 21:23:00,21:23:00,73,
2026.08.14 21:25:00,21:25:00,69,
2026.08.14 21:26:00,21:26:00,88,
2026.08.14 21:27:00,21:27:00,78,
2026.08.14 21:28:00,21:28:00,87,
2026.08.14 21:29:00,21:29:00,81,
2026.08.14 21:30:00,21:30:00,80,
2026.08.14 21:35:00,21:35:00,94,
2026.08.14 21:36:00,21:36:00,91,
2026.08.14 21:37:00,21:37:00,92,
2026.08.14 21:38:00,21:38:00,100,
2026.08.14 21:39:00,21:39:00,87,
2026.08.14 21:40:00,21:40:00,87,
2026.08.14 21:41:00,21:41:00,68,
2026.08.14 21:42:00,21:42:00,73,
2026.08.14 21:45:00,21:45:00,77,
2026.08.14 21:46:00,21:46:00,94,
2026.08.14 21:49:00,21:49:00,92,
2026.08.14 21:50:00,21:50:00,84,
2026.08.14 21:51:00,21:51:00,65,
2026.08.14 21:52:00,21:52:00,69,
2026.08.14 21:55:00,21:55:00,105,
2026.08.14 21:56:00,21:56:00,77,
2026.08.14 21:58:00,21:58:00,81,
2026.08.14 21:59:00,21:59:00,83,
2026.08.14 22:02:00,22:02:00,79,
2026.08.14 22:03:00,22:03:00,79,
2026.08.14 22:05:00,22:05:00,85,
2026.08.14 22:06:00,22:06:00,76,
2026.08.14 22:07:00,22:07:00,87,
2026.08.14 22:10:00,22:10:00,73,
2026.08.14 22:12:00,22:12:00,72,
2026.08.14 22:13:00,22:13:00,61,
2026.08.14 22:14:00,22:14:00,79,
2026.08.14 22:15:00,22:15:00,91,
2026.08.14 22:16:00,22:16:00,90,
2026.08.14 22:17:00,22:17:00,60,
2026.08.14 22:18:00,22:18:00,72,
2026.08.14 22:19:00,22:19:00,63,
2026.08.14 22:20:00,22:20:00,64,
2026.08.14 22:21:00,22:21:00,86,
2026.08.14 22:22:00,22:22:00,80,
2026.08.14 22:23:00,22:23:00,75,
2026.08.14 22:24:00,22:24:00,76,
2026.08.14 22:25:00,22:25:00,72,
2026.08.14 22:26:00,22:26:00,75,
2026.08.14 22:27:00,22:27:00,78,
2026.08.14 22:28:00,22:28:00,78,
2026.08.14 22:29:00,22:29:00,68,
2026.08.14 22:30:00,22:30:00,88,
2026.08.14 22:31:00,22:31:00,75,
2026.08.14 22:33:00,22:33:00,80,
2026.08.14 22:34:00,22:34:00,65,
2026.08.14 22:35:00,22:35:00,91,
2026.08.14 22:36:00,22:36:00,78,
2026.08.14 22:37:00,22:37:00,80,
2026.08.14 22:38:00,22:38:00,81,
2026.08.14 22:40:00,22:40:00,89,
2026.08.14 22:41:00,22:41:00,71,
2026.08.14 22:42:00,22:42:00,75,
2026.08.14 22:43:00,22:43:00,77,
2026.08.14 22:45:00,22:45:00,83,
2026.08.14 22:46:00,22:46:00,85,
2026.08.14 22:47:00,22:47:00,87,
2026.08.14 22:48:00,22:48:00,78,
2026.08.14 22:49:00,22:49:00,92,
2026.08.14 22:51:00,22:51:00,79,
2026.08.14 22:54:00,22:54:00,71,
2026.08.14 22:55:00,22:55:00,96,
2026.08.14 22:56:00,22:56:00,80,
2026.08.14 22:57:00,22:57:00,82,
2026.08.14 22:58:00,22:58:00,74,
2026.08.14 22:59:00,22:59:00,74,
2026.08.14 23:00:00,23:00:00,81,
2026.08.14 23:01:00,23:01:00,92,
2026.08.14 23:02:00,23:02:00,86,
2026.08.14 23:03:00,23:03:00,79,
2026.08.14 23:04:00,23:04:00,89,
2026.08.14 23:05:00,23:05:00,76,
2026.08.14 23:06:00,23:06:00,88,
2026.08.14 23:07:00,23:07:00,91,
2026.08.14 23:10:00,23:10:00,89,
2026.08.14 23:11:00,23:11:00,79,
2026.08.14 23:12:00,23:12:00,80,
2026.08.14 23:13:00,23:13:00,88,
2026.08.14 23:14:00,23:14:00,89,
2026.08.14 23:16:00,23:16:00,87,
2026.08.14 23:17:00,23:17:00,79,
2026.08.14 23:19:00,23:19:00,84,
2026.08.14 23:21:00,23:21:00,94,
2026.08.14 23:23:00,23:23:00,108,
2026.08.14 23:26:00,23:26:00,66,
2026.08.14 23:28:00,23:28:00,87,
2026.08.14 23:29:00,23:29:00,85,
2026.08.14 23:30:00,23:30:00,83,
2026.08.14 23:40:00,23:40:00,62,
2026.08.14 23:41:00,23:41:00,72,
2026.08.14 23:43:00,23:43:00,66,
2026.08.14 23:44:00,23:44:00,65,
2026.08.14 23:51:00,23:51:00,77,
2026.08.14 23:52:00,23:52:00,69,
2026.08.14 23:53:00,23:53:00,70,
2026.08.14 23:54:00,23:54:00,61,
2026.08.14 23:55:00,23:55:00,75,
2026.08.14 23:56:00,23:56:00,74,
2026.08.14 23:57:00,23:57:00,82,
2026.08.15 00:00:00,00:00:00,79,
2026.08.15 00:05:00,00:05:00,64,
2026.08.15 00:06:00,00:06:00,58,
2026.08.15 00:07:00,00:07:00,64,
2026.08.15 00:09:00,00:09:00,74,
2026.08.15 00:11:00,00:11:00,92,
2026.08.15 00:12:00,00:12:00,95,
2026.08.15 00:13:00,00:13:00,88,
2026.08.15 00:14:00,00:14:00,83,
2026.08.15 00:16:00,00:16:00,80,
2026.08.15 00:17:00,00:17:00,68,
2026.08.15 00:18:00,00:18:00,66,
2026.08.15 00:19:00,00:19:00,69,
2026.08.15 00:20:00,00:20:00,73,
2026.08.15 00:21:00,00:21:00,66,
2026.08.15 00:22:00,00:22:00,75,
2026.08.15 00:23:00,00:23:00,61,
2026.08.15 00:24:00,00:24:00,71,
2026.08.15 00:29:00,00:29:00,63,
2026.08.15 00:30:00,00:30:00,67,
2026.08.15 00:34:00,00:34:00,79,
2026.08.15 00:35:00,00:35:00,60,
2026.08.15 00:41:00,00:41:00,102,
2026.08.15 00:43:00,00:43:00,62,
2026.08.15 00:51:00,00:51:00,82,
2026.08.15 00:53:00,00:53:00,59,
2026.08.15 01:01:00,01:01:00,61,
2026.08.15 01:02:00,01:02:00,59,
2026.08.15 01:03:00,01:03:00,64,
2026.08.15 01:10:00,01:10:00,60,
2026.08.15 01:11:00,01:11:00,61,
2026.08.15 01:13:00,01:13:00,60,
2026.08.15 01:20:00,01:20:00,57,
2026.08.15 01:23:00,01:23:00,55,
2026.08.15 01:30:00,01:30:00,59,
2026.08.15 01:33:00,01:33:00,54,
2026.08.15 01:38:00,01:38:00,61,
2026.08.15 01:40:00,01:40:00,72,
2026.08.15 01:50:00,01:50:00,55,
2026.08.15 02:00:00,02:00:00,56,
2026.08.15 02:10:00,02:10:00,50,
2026.08.15 02:20:00,02:20:00,53,
2026.08.15 02:30:00,02:30:00,55,
2026.08.15 02:31:00,02:31:00,55,
2026.08.15 02:40:00,02:40:00,55,
2026.08.15 02:41:00,02:41:00,74,
2026.08.15 02:50:00,02:50:00,54,
2026.08.15 02:51:00,02:51:00,62,
2026.08.15 03:00:00,03:00:00,57,
2026.08.15 03:01:00,03:01:00,67,
2026.08.15 03:10:00,03:10:00,52,
2026.08.15 03:11:00,03:11:00,52,
2026.08.15 03:20:00,03:20:00,57,
2026.08.15 03:21:00,03:21:00,54,
2026.08.15 03:30:00,03:30:00,56,
2026.08.15 03:31:00,03:31:00,54,
2026.08.15 03:40:00,03:40:00,55,
2026.08.15 03:41:00,03:41:00,56,
2026.08.15 03:50:00,03:50:00,54,
2026.08.15 03:51:00,03:51:00,54,
2026.08.15 04:00:00,04:00:00,60,
2026.08.15 04:01:00,04:01:00,58,
2026.08.15 04:10:00,04:10:00,52,
2026.08.15 04:11:00,04:11:00,51,
2026.08.15 04:20:00,04:20:00,82,
2026.08.15 04:30:00,04:30:00,54,
2026.08.15 04:31:00,04:31:00,60,
2026.08.15 04:40:00,04:40:00,49,
2026.08.15 04:41:00,04:41:00,57,
2026.08.15 04:55:00,04:55:00,53,
2026.08.15 04:56:00,04:56:00,54,
2026.08.15 05:00:00,05:00:00,53,
2026.08.15 05:01:00,05:01:00,58,
2026.08.15 05:10:00,05:10:00,58,
2026.08.15 05:11:00,05:11:00,60,
2026.08.15 05:20:00,05:20:00,48,
2026.08.15 05:21:00,05:21:00,50,
2026.08.15 05:30:00,05:30:00,48,
2026.08.15 05:31:00,05:31:00,49,
2026.08.15 05:40:00,05:40:00,50,
2026.08.15 05:41:00,05:41:00,50,
2026.08.15 05:50:00,05:50:00,54,
2026.08.15 05:51:00,05:51:00,54,
2026.08.15 06:00:00,06:00:00,87,
2026.08.15 06:01:00,06:01:00,87,
2026.08.15 06:10:00,06:10:00,58,
2026.08.15 06:11:00,06:11:00,59,
2026.08.15 06:20:00,06:20:00,58,
2026.08.15 06:21:00,06:21:00,58,
2026.08.15 06:31:00,06:31:00,57,
2026.08.15 06:40:00,06:40:00,57,
2026.08.15 06:41:00,06:41:00,60,
2026.08.15 06:44:00,06:44:00,82,
2026.08.15 06:45:00,06:45:00,58,
2026.08.15 06:50:00,06:50:00,89,
2026.08.15 06:51:00,06:51:00,59,
2026.08.15 06:52:00,06:52:00,56,
2026.08.15 06:53:00,06:53:00,55,
2026.08.15 06:56:00,06:56:00,58,
2026.08.15 07:00:00,07:00:00,65,
2026.08.15 07:02:00,07:02:00,59,
2026.08.15 07:10:00,07:10:00,63,
2026.08.15 07:20:00,07:20:00,59,
2026.08.15 07:30:00,07:30:00,54,
2026.08.15 07:40:00,07:40:00,55,
2026.08.15 07:50:00,07:50:00,52,
2026.08.15 08:00:00,08:00:00,60,
2026.08.15 08:10:00,08:10:00,55,
2026.08.15 08:20:00,08:20:00,57,
2026.08.15 08:30:00,08:30:00,58,
2026.08.15 08:40:00,08:40:00,52,
2026.08.15 08:47:00,08:47:00,55,
2026.08.15 08:50:00,08:50:00,77,
2026.08.15 08:51:00,08:51:00,76,
2026.08.15 08:57:00,08:57:00,51,
2026.08.15 09:07:00,09:07:00,72,
2026.08.15 09:08:00,09:08:00,64,
2026.08.15 09:10:00,09:10:00,135,
2026.08.15 09:11:00,09:11:00,144,
2026.08.15 09:12:00,09:12:00,68,
2026.08.15 09:13:00,09:13:00,76,
2026.08.15 09:14:00,09:14:00,66,
2026.08.15 09:15:00,09:15:00,66,
2026.08.15 09:16:00,09:16:00,79,
2026.08.15 09:21:00,09:21:00,58,
2026.08.15 09:22:00,09:22:00,65,
2026.08.15 09:23:00,09:23:00,106,
2026.08.15 09:26:00,09:26:00,82,
2026.08.15 09:27:00,09:27:00,84,
2026.08.15 09:31:00,09:31:00,90,
2026.08.15 09:40:00,09:40:00,78,
2026.08.15 09:43:00,09:43:00,67,
2026.08.15 09:44:00,09:44:00,80,
2026.08.15 09:46:00,09:46:00,81,
2026.08.15 09:53:00,09:53:00,67,
2026.08.15 09:54:00,09:54:00,75,
2026.08.15 09:55:00,09:55:00,75,
2026.08.15 09:56:00,09:56:00,67,
2026.08.15 09:57:00,09:57:00,68,
2026.08.15 09:59:00,09:59:00,63,
2026.08.15 10:01:00,10:01:00,54,
2026.08.15 10:08:00,10:08:00,62,
2026.08.15 10:09:00,10:09:00,78,
2026.08.15 10:10:00,10:10:00,76,
2026.08.15 10:11:00,10:11:00,59,
2026.08.15 10:12:00,10:12:00,71,
2026.08.15 10:13:00,10:13:00,80,
2026.08.15 10:14:00,10:14:00,92,
2026.08.15 10:18:00,10:18:00,74,
2026.08.15 10:19:00,10:19:00,104,
2026.08.15 10:21:00,10:21:00,57,
2026.08.15 10:28:00,10:28:00,80,
2026.08.15 10:33:00,10:33:00,85,
2026.08.15 10:34:00,10:34:00,70,
2026.08.15 10:36:00,10:36:00,56,
2026.08.15 10:43:00,10:43:00,76,
2026.08.15 10:44:00,10:44:00,69,
2026.08.15 10:45:00,10:45:00,60,
2026.08.15 10:46:00,10:46:00,69,
2026.08.15 10:47:00,10:47:00,61,
2026.08.15 10:48:00,10:48:00,58,
2026.08.15 10:49:00,10:49:00,58,
2026.08.15 10:51:00,10:51:00,76,
2026.08.15 10:55:00,10:55:00,59,
2026.08.15 11:00:00,11:00:00,58,
2026.08.15 11:01:00,11:01:00,60,
2026.08.15 11:02:00,11:02:00,59,
2026.08.15 11:03:00,11:03:00,78,
2026.08.15 11:04:00,11:04:00,83,
2026.08.15 11:06:00,11:06:00,84,
2026.08.15 11:07:00,11:07:00,74,
2026.08.15 11:10:00,11:10:00,81,
2026.08.15 11:12:00,11:12:00,98,
2026.08.15 11:13:00,11:13:00,85,
2026.08.15 11:14:00,11:14:00,89,
2026.08.15 11:15:00,11:15:00,72,
2026.08.15 11:16:00,11:16:00,95,
2026.08.15 11:21:00,11:21:00,102,
2026.08.15 11:22:00,11:22:00,102,
2026.08.15 11:23:00,11:23:00,94,
2026.08.15 11:25:00,11:25:00,106,
2026.08.15 11:26:00,11:26:00,110,
2026.08.15 11:28:00,11:28:00,122,
2026.08.15 11:29:00,11:29:00,127,
2026.08.15 11:30:00,11:30:00,130,
2026.08.15 11:31:00,11:31:00,129,
2026.08.15 11:32:00,11:32:00,121,
2026.08.15 11:33:00,11:33:00,103,
2026.08.15 11:34:00,11:34:00,95,
2026.08.15 11:36:00,11:36:00,84,
2026.08.15 11:37:00,11:37:00,79,
2026.08.15 11:38:00,11:38:00,75,
2026.08.15 11:40:00,11:40:00,98,
2026.08.15 11:41:00,11:41:00,80,
2026.08.15 11:42:00,11:42:00,73,
2026.08.15 11:43:00,11:43:00,74,
2026.08.15 11:44:00,11:44:00,96,
2026.08.15 11:45:00,11:45:00,94,
2026.08.15 11:46:00,11:46:00,64,
2026.08.15 11:47:00,11:47:00,59,
2026.08.15 11:51:00,11:51:00,88,
2026.08.15 11:53:00,11:53:00,99,
2026.08.15 11:54:00,11:54:00,87,
2026.08.15 11:55:00,11:55:00,94,
2026.08.15 11:56:00,11:56:00,87,
2026.08.15 11:57:00,11:57:00,78,
2026.08.15 11:58:00,11:58:00,85,
2026.08.15 12:01:00,12:01:00,71,
2026.08.15 12:03:00,12:03:00,83,
2026.08.15 12:05:00,12:05:00,68,
2026.08.15 12:14:00,12:14:00,65,
2026.08.15 12:15:00,12:15:00,76,
2026.08.15 12:16:00,12:16:00,60,
2026.08.15 12:17:00,12:17:00,86,
2026.08.15 12:19:00,12:19:00,70,
2026.08.15 12:26:00,12:26:00,89,
2026.08.15 12:28:00,12:28:00,54,
2026.08.15 12:29:00,12:29:00,57,
2026.08.15 12:30:00,12:30:00,53,
2026.08.15 12:31:00,12:31:00,65,
2026.08.15 12:32:00,12:32:00,79,
2026.08.15 12:33:00,12:33:00,61,
2026.08.15 12:36:00,12:36:00,87,
2026.08.15 12:37:00,12:37:00,77,
2026.08.15 12:39:00,12:39:00,55,
2026.08.15 12:43:00,12:43:00,57,
2026.08.15 12:45:00,12:45:00,52,
2026.08.15 12:53:00,12:53:00,68,
2026.08.15 12:58:00,12:58:00,55,
2026.08.15 13:01:00,13:01:00,85,
2026.08.15 13:02:00,13:02:00,84,
2026.08.15 13:03:00,13:03:00,53,
2026.08.15 13:04:00,13:04:00,53,
2026.08.15 13:07:00,13:07:00,51,
2026.08.15 13:09:00,13:09:00,81,
2026.08.15 13:10:00,13:10:00,63,
2026.08.15 13:11:00,13:11:00,52,
2026.08.15 13:20:00,13:20:00,112,
2026.08.15 13:21:00,13:21:00,71,
2026.08.15 13:22:00,13:22:00,73,
2026.08.15 13:23:00,13:23:00,77,
2026.08.15 13:24:00,13:24:00,75,
2026.08.15 13:29:00,13:29:00,87,
2026.08.15 13:30:00,13:30:00,63,
2026.08.15 13:31:00,13:31:00,56,
2026.08.15 13:32:00,13:32:00,56,
2026.08.15 13:33:00,13:33:00,60,
2026.08.15 13:34:00,13:34:00,53,
2026.08.15 13:35:00,13:35:00,74,
2026.08.15 13:38:00,13:38:00,72,
2026.08.15 13:40:00,13:40:00,70,
2026.08.15 13:41:00,13:41:00,60,
2026.08.15 13:43:00,13:43:00,62,
2026.08.15 13:44:00,13:44:00,63,
2026.08.15 13:45:00,13:45:00,57,
2026.08.15 13:47:00,13:47:00,70,
2026.08.15 13:48:00,13:48:00,61,
2026.08.15 13:49:00,13:49:00,78,
2026.08.15 13:50:00,13:50:00,64,
2026.08.15 13:52:00,13:52:00,76,
2026.08.15 13:53:00,13:53:00,78,
2026.08.15 13:56:00,13:56:00,77,
2026.08.15 13:59:00,13:59:00,68,
2026.08.15 14:00:00,14:00:00,72,
2026.08.15 14:01:00,14:01:00,63,
2026.08.15 14:02:00,14:02:00,68,
2026.08.15 14:05:00,14:05:00,62,
2026.08.15 14:06:00,14:06:00,63,
2026.08.15 14:07:00,14:07:00,67,
2026.08.15 14:09:00,14:09:00,63,
2026.08.15 14:10:00,14:10:00,63,
2026.08.15 14:11:00,14:11:00,69,
2026.08.15 14:12:00,14:12:00,65,
2026.08.15 14:13:00,14:13:00,84,
2026.08.15 14:14:00,14:14:00,62,
2026.08.15 14:18:00,14:18:00,61,
2026.08.15 14:22:00,14:22:00,89,
2026.08.15 14:24:00,14:24:00,54,
2026.08.15 14:25:00,14:25:00,53,
2026.08.15 14:28:00,14:28:00,56,
2026.08.15 14:31:00,14:31:00,83,
2026.08.15 14:32:00,14:32:00,81,
2026.08.15 14:33:00,14:33:00,88,
2026.08.15 14:34:00,14:34:00,78,
2026.08.15 14:35:00,14:35:00,78,
2026.08.15 14:36:00,14:36:00,72,
2026.08.15 14:37:00,14:37:00,91,
2026.08.15 14:41:00,14:41:00,89,
2026.08.15 14:42:00,14:42:00,92,
2026.08.15 14:43:00,14:43:00,83,
2026.08.15 14:44:00,14:44:00,88,
2026.08.15 14:45:00,14:45:00,83,
2026.08.15 14:46:00,14:46:00,84,
2026.08.15 14:47:00,14:47:00,88,
2026.08.15 14:48:00,14:48:00,95,
2026.08.15 14:50:00,14:50:00,80,
2026.08.15 14:51:00,14:51:00,85,
2026.08.15 14:52:00,14:52:00,92,
2026.08.15 14:53:00,14:53:00,84,
2026.08.15 14:54:00,14:54:00,95,
2026.08.15 14:55:00,14:55:00,83,
2026.08.15 14:56:00,14:56:00,85,
2026.08.15 14:57:00,14:57:00,91,
2026.08.15 14:58:00,14:58:00,90,
2026.08.15 14:59:00,14:59:00,83,
2026.08.15 15:01:00,15:01:00,81,
2026.08.15 15:02:00,15:02:00,85,
2026.08.15 15:03:00,15:03:00,70,
2026.08.15 15:04:00,15:04:00,68,
2026.08.15 15:05:00,15:05:00,92,
2026.08.15 15:06:00,15:06:00,92,
2026.08.15 15:08:00,15:08:00,84,
2026.08.15 15:09:00,15:09:00,91,
2026.08.15 15:11:00,15:11:00,78,
2026.08.15 15:12:00,15:12:00,90,
2026.08.15 15:13:00,15:13:00,83,
2026.08.15 15:14:00,15:14:00,84,
2026.08.15 15:15:00,15:15:00,86,
2026.08.15 15:16:00,15:16:00,65,
2026.08.15 15:17:00,15:17:00,63,
2026.08.15 15:18:00,15:18:00,74,
2026.08.15 15:19:00,15:19:00,60,
2026.08.15 15:20:00,15:20:00,64,
2026.08.15 15:21:00,15:21:00,79,
2026.08.15 15:23:00,15:23:00,58,
2026.08.15 15:25:00,15:25:00,75,
2026.08.15 15:26:00,15:26:00,81,
2026.08.15 15:27:00,15:27:00,90,
2026.08.15 15:28:00,15:28:00,77,
2026.08.15 15:30:00,15:30:00,63,
2026.08.15 15:33:00,15:33:00,109,
2026.08.15 15:34:00,15:34:00,78,
2026.08.15 15:35:00,15:35:00,67,
2026.08.15 15:36:00,15:36:00,63,
2026.08.15 15:37:00,15:37:00,82,
2026.08.15 15:38:00,15:38:00,83,
2026.08.15 15:39:00,15:39:00,88,
2026.08.15 15:40:00,15:40:00,78,
2026.08.15 15:43:00,15:43:00,81,
2026.08.15 15:44:00,15:44:00,90,
2026.08.15 15:46:00,15:46:00,63,
2026.08.15 15:47:00,15:47:00,63,
2026.08.15 15:48:00,15:48:00,83,
2026.08.15 15:50:00,15:50:00,63,
2026.08.15 15:51:00,15:51:00,61,
2026.08.15 15:56:00,15:56:00,64,
2026.08.15 15:57:00,15:57:00,65,
2026.08.15 15:59:00,15:59:00,86,
2026.08.15 16:00:00,16:00:00,82,
2026.08.15 16:01:00,16:01:00,60,
2026.08.15 16:02:00,16:02:00,68,
2026.08.15 16:03:00,16:03:00,58,
2026.08.15 16:04:00,16:04:00,60,
2026.08.15 16:05:00,16:05:00,59,
2026.08.15 16:06:00,16:06:00,65,
2026.08.15 16:07:00,16:07:00,68,
2026.08.15 16:08:00,16:08:00,75,
2026.08.15 16:09:00,16:09:00,76,
2026.08.15 16:10:00,16:10:00,73,
2026.08.15 16:11:00,16:11:00,65,
2026.08.15 16:12:00,16:12:00,59,
2026.08.15 16:14:00,16:14:00,73,
2026.08.15 16:15:00,16:15:00,66,
2026.08.15 16:16:00,16:16:00,64,
2026.08.15 16:17:00,16:17:00,63,
2026.08.15 16:24:00,16:24:00,88,
2026.08.15 16:26:00,16:26:00,65,
2026.08.15 16:27:00,16:27:00,71,
2026.08.15 16:28:00,16:28:00,70,
2026.08.15 16:29:00,16:29:00,65,
2026.08.15 16:31:00,16:31:00,92,
2026.08.15 16:32:00,16:32:00,76,
2026.08.15 16:33:00,16:33:00,58,
2026.08.15 16:35:00,16:35:00,67,
2026.08.15 16:36:00,16:36:00,64,
2026.08.15 16:39:00,16:39:00,66,
2026.08.15 16:40:00,16:40:00,62,
2026.08.15 16:43:00,16:43:00,65,
2026.08.15 16:44:00,16:44:00,104,
2026.08.15 16:45:00,16:45:00,69,
2026.08.15 16:46:00,16:46:00,65,
2026.08.15 16:47:00,16:47:00,68,
2026.08.15 16:48:00,16:48:00,80,
2026.08.15 16:49:00,16:49:00,80,
2026.08.15 16:50:00,16:50:00,65,
2026.08.15 16:53:00,16:53:00,67,
2026.08.15 16:56:00,16:56:00,63,
2026.08.15 16:59:00,16:59:00,66,
2026.08.15 17:00:00,17:00:00,72,
2026.08.15 17:02:00,17:02:00,106,
2026.08.15 17:04:00,17:04:00,85,
2026.08.15 17:07:00,17:07:00,65,
2026.08.15 17:09:00,17:09:00,73,
2026.08.15 17:10:00,17:10:00,68,
2026.08.15 17:11:00,17:11:00,66,
2026.08.15 17:13:00,17:13:00,80,
2026.08.15 17:14:00,17:14:00,82,
2026.08.15 17:16:00,17:16:00,82,
2026.08.15 17:17:00,17:17:00,94,
2026.08.15 17:21:00,17:21:00,87,
2026.08.15 17:25:00,17:25:00,62,
2026.08.15 17:26:00,17:26:00,63,
2026.08.15 17:27:00,17:27:00,75,
2026.08.15 17:30:00,17:30:00,68,
2026.08.15 17:31:00,17:31:00,61,
2026.08.15 17:38:00,17:38:00,63,
2026.08.15 17:48:00,17:48:00,64,
2026.08.15 18:05:00,18:05:00,53,
2026.08.15 18:06:00,18:06:00,57,
2026.08.15 18:07:00,18:07:00,57,
2026.08.15 18:08:00,18:08:00,58,
2026.08.15 18:09:00,18:09:00,62,
2026.08.15 18:19:00,18:19:00,57,
2026.08.15 18:20:00,18:20:00,57,
2026.08.15 18:29:00,18:29:00,63,
2026.08.15 18:30:00,18:30:00,53,
2026.08.15 18:31:00,18:31:00,60,
2026.08.15 18:32:00,18:32:00,54,
2026.08.15 18:33:00,18:33:00,53,
2026.08.15 18:34:00,18:34:00,90,
2026.08.15 18:35:00,18:35:00,61,
2026.08.15 18:36:00,18:36:00,55,
2026.08.15 18:37:00,18:37:00,54,
2026.08.15 18:38:00,18:38:00,61,
2026.08.15 18:39:00,18:39:00,59,
2026.08.15 18:40:00,18:40:00,72,
2026.08.15 18:41:00,18:41:00,61,
2026.08.15 18:45:00,18:45:00,55,
2026.08.15 18:46:00,18:46:00,56,
2026.08.15 18:47:00,18:47:00,66,
2026.08.15 18:48:00,18:48:00,61,
2026.08.15 18:49:00,18:49:00,60,
2026.08.15 18:51:00,18:51:00,79,
2026.08.15 18:52:00,18:52:00,78,
2026.08.15 18:53:00,18:53:00,53,
2026.08.15 18:55:00,18:55:00,74,
2026.08.15 18:56:00,18:56:00,88,
2026.08.15 18:57:00,18:57:00,74,
2026.08.15 18:58:00,18:58:00,79,
2026.08.15 18:59:00,18:59:00,83,
2026.08.15 19:00:00,19:00:00,83,
2026.08.15 19:02:00,19:02:00,87,
2026.08.15 19:03:00,19:03:00,65,
2026.08.15 19:04:00,19:04:00,63,
2026.08.15 19:05:00,19:05:00,78,
2026.08.15 19:08:00,19:08:00,66,
2026.08.15 19:09:00,19:09:00,74,
2026.08.15 19:10:00,19:10:00,78,
2026.08.15 19:12:00,19:12:00,65,
2026.08.15 19:13:00,19:13:00,68,
2026.08.15 19:14:00,19:14:00,60,
2026.08.15 19:15:00,19:15:00,60,
2026.08.15 19:16:00,19:16:00,59,
2026.08.15 19:17:00,19:17:00,64,
2026.08.15 19:18:00,19:18:00,59,
2026.08.15 19:19:00,19:19:00,61,
2026.08.15 19:20:00,19:20:00,68,
2026.08.15 19:21:00,19:21:00,81,
2026.08.15 19:22:00,19:22:00,67,
2026.08.15 19:23:00,19:23:00,73,
2026.08.15 19:24:00,19:24:00,56,
2026.08.15 19:25:00,19:25:00,58,
2026.08.15 19:29:00,19:29:00,62,
2026.08.15 19:30:00,19:30:00,87,
2026.08.15 19:31:00,19:31:00,83,
2026.08.15 19:32:00,19:32:00,84,
2026.08.15 19:33:00,19:33:00,81,
2026.08.15 19:34:00,19:34:00,78,
2026.08.15 19:35:00,19:35:00,66,
2026.08.15 19:36:00,19:36:00,86,
2026.08.15 19:37:00,19:37:00,80,
2026.08.15 19:38:00,19:38:00,87,
2026.08.15 19:41:00,19:41:00,80,
2026.08.15 19:42:00,19:42:00,71,
2026.08.15 19:43:00,19:43:00,76,
2026.08.15 19:44:00,19:44:00,85,
2026.08.15 19:45:00,19:45:00,80,
2026.08.15 19:46:00,19:46:00,76,
2026.08.15 19:47:00,19:47:00,75,
2026.08.15 19:48:00,19:48:00,61,
2026.08.15 19:56:00,19:56:00,82,
2026.08.15 19:57:00,19:57:00,71,
2026.08.15 19:58:00,19:58:00,71,
2026.08.15 20:05:00,20:05:00,64,
2026.08.15 20:06:00,20:06:00,61,
2026.08.15 20:07:00,20:07:00,61,
2026.08.15 20:08:00,20:08:00,64,
2026.08.15 20:09:00,20:09:00,76,
2026.08.15 20:13:00,20:13:00,64,
2026.08.15 20:16:00,20:16:00,58,
2026.08.15 20:17:00,20:17:00,60,
2026.08.15 20:19:00,20:19:00,63,
2026.08.15 20:21:00,20:21:00,77,
2026.08.15 20:22:00,20:22:00,57,
2026.08.15 20:26:00,20:26:00,71,
2026.08.15 20:28:00,20:28:00,69,
2026.08.15 20:30:00,20:30:00,62,
2026.08.15 20:32:00,20:32:00,85,
2026.08.15 20:33:00,20:33:00,70,
2026.08.15 20:36:00,20:36:00,81,
2026.08.15 20:38:00,20:38:00,67,
2026.08.15 20:40:00,20:40:00,61,
2026.08.15 20:42:00,20:42:00,63,
2026.08.15 20:46:00,20:46:00,75,
2026.08.15 20:47:00,20:47:00,63,
2026.08.15 20:48:00,20:48:00,63,
2026.08.15 20:50:00,20:50:00,65,
2026.08.15 20:51:00,20:51:00,64,
2026.08.15 20:53:00,20:53:00,61,
2026.08.15 20:56:00,20:56:00,72,
2026.08.15 20:57:00,20:57:00,85,
2026.08.15 20:59:00,20:59:00,79,
2026.08.15 21:01:00,21:01:00,68,
2026.08.15 21:03:00,21:03:00,86,
2026.08.15 21:04:00,21:04:00,82,
2026.08.15 21:05:00,21:05:00,81,
2026.08.15 21:10:00,21:10:00,72,
2026.08.15 21:11:00,21:11:00,64,
2026.08.15 21:12:00,21:12:00,90,
2026.08.15 21:13:00,21:13:00,78,
2026.08.15 21:14:00,21:14:00,90,
2026.08.15 21:16:00,21:16:00,86,
2026.08.15 21:17:00,21:17:00,60,
2026.08.15 21:18:00,21:18:00,61,
2026.08.15 21:19:00,21:19:00,70,
2026.08.15 21:20:00,21:20:00,78,
2026.08.15 21:21:00,21:21:00,72,
2026.08.15 21:22:00,21:22:00,73,
2026.08.15 21:23:00,21:23:00,74,
2026.08.15 21:24:00,21:24:00,83,
2026.08.15 21:25:00,21:25:00,82,
2026.08.15 21:26:00,21:26:00,73,
2026.08.15 21:29:00,21:29:00,89,
2026.08.15 21:30:00,21:30:00,81,
2026.08.15 21:31:00,21:31:00,62,
2026.08.15 21:32:00,21:32:00,84,
2026.08.15 21:33:00,21:33:00,71,
2026.08.15 21:34:00,21:34:00,70,
2026.08.15 21:36:00,21:36:00,82,
2026.08.15 21:37:00,21:37:00,76,
2026.08.15 21:40:00,21:40:00,78,
2026.08.15 21:46:00,21:46:00,83,
2026.08.15 21:47:00,21:47:00,81,
2026.08.15 21:48:00,21:48:00,77,
2026.08.15 21:50:00,21:50:00,81,
2026.08.15 21:52:00,21:52:00,63,
2026.08.15 21:54:00,21:54:00,91,
2026.08.15 21:56:00,21:56:00,69,
2026.08.15 21:57:00,21:57:00,71,
2026.08.15 22:02:00,22:02:00,63,
2026.08.15 22:05:00,22:05:00,69,
2026.08.15 22:06:00,22:06:00,70,
2026.08.15 22:08:00,22:08:00,114,
2026.08.15 22:10:00,22:10:00,77,
2026.08.15 22:11:00,22:11:00,103,
2026.08.15 22:12:00,22:12:00,62,
2026.08.15 22:13:00,22:13:00,70,
2026.08.15 22:14:00,22:14:00,59,
2026.08.15 22:16:00,22:16:00,62,
2026.08.15 22:17:00,22:17:00,66,
2026.08.15 22:18:00,22:18:00,74,
2026.08.15 22:19:00,22:19:00,72,
2026.08.15 22:20:00,22:20:00,80,
2026.08.15 22:22:00,22:22:00,63,
2026.08.15 22:23:00,22:23:00,68,
2026.08.15 22:24:00,22:24:00,60,
2026.08.15 22:25:00,22:25:00,83,
2026.08.15 22:27:00,22:27:00,77,
2026.08.15 22:28:00,22:28:00,64,
2026.08.15 22:29:00,22:29:00,58,
2026.08.15 22:30:00,22:30:00,76,
2026.08.15 22:34:00,22:34:00,67,
2026.08.15 22:35:00,22:35:00,61,
2026.08.15 22:36:00,22:36:00,64,
2026.08.15 22:37:00,22:37:00,62,
2026.08.15 22:38:00,22:38:00,62,
2026.08.15 22:39:00,22:39:00,60,
2026.08.15 22:40:00,22:40:00,59,
2026.08.15 22:41:00,22:41:00,65,
2026.08.15 22:42:00,22:42:00,76,
2026.08.15 22:43:00,22:43:00,77,
2026.08.15 22:44:00,22:44:00,58,
2026.08.15 22:45:00,22:45:00,61,
2026.08.15 22:46:00,22:46:00,55,
2026.08.15 22:47:00,22:47:00,58,
2026.08.15 22:48:00,22:48:00,64,
2026.08.15 22:51:00,22:51:00,61,
2026.08.15 22:52:00,22:52:00,65,
2026.08.15 22:55:00,22:55:00,60,
2026.08.15 22:56:00,22:56:00,54,
2026.08.15 23:00:00,23:00:00,55,
2026.08.15 23:03:00,23:03:00,65,
2026.08.15 23:06:00,23:06:00,73,
2026.08.15 23:08:00,23:08:00,67,
2026.08.15 23:09:00,23:09:00,68,
2026.08.15 23:10:00,23:10:00,58,
2026.08.15 23:11:00,23:11:00,72,
2026.08.15 23:17:00,23:17:00,81,
2026.08.15 23:18:00,23:18:00,75,
2026.08.15 23:20:00,23:20:00,61,
2026.08.15 23:26:00,23:26:00,56,
2026.08.15 23:30:00,23:30:00,76,
2026.08.15 23:31:00,23:31:00,83,
2026.08.15 23:32:00,23:32:00,88,
2026.08.15 23:34:00,23:34:00,71,
2026.08.15 23:35:00,23:35:00,73,
2026.08.15 23:36:00,23:36:00,64,
2026.08.15 23:37:00,23:37:00,82,
2026.08.15 23:39:00,23:39:00,55,
2026.08.15 23:41:00,23:41:00,58,
2026.08.15 23:42:00,23:42:00,72,
2026.08.15 23:43:00,23:43:00,61,
2026.08.15 23:44:00,23:44:00,73,
2026.08.15 23:45:00,23:45:00,75,
2026.08.15 23:46:00,23:46:00,58,
2026.08.15 23:48:00,23:48:00,86,
2026.08.15 23:49:00,23:49:00,70,
2026.08.15 23:50:00,23:50:00,66,
2026.08.15 23:53:00,23:53:00,82,
2026.08.15 23:55:00,23:55:00,61,
2026.08.15 23:56:00,23:56:00,54,
2026.08.15 23:58:00,23:58:00,101,
2026.08.16 00:00:00,00:00:00,57,
2026.08.16 00:01:00,00:01:00,87,
2026.08.16 00:03:00,00:03:00,89,
2026.08.16 00:07:00,00:07:00,82,
2026.08.16 00:12:00,00:12:00,57,
2026.08.16 00:13:00,00:13:00,59,
2026.08.16 00:17:00,00:17:00,56,
2026.08.16 00:20:00,00:20:00,50,
2026.08.16 00:21:00,00:21:00,55,
2026.08.16 00:22:00,00:22:00,52,
2026.08.16 00:27:00,00:27:00,49,
2026.08.16 00:30:00,00:30:00,51,
2026.08.16 00:31:00,00:31:00,53,
2026.08.16 00:37:00,00:37:00,50,
2026.08.16 00:38:00,00:38:00,82,
2026.08.16 00:40:00,00:40:00,58,
2026.08.16 00:41:00,00:41:00,55,
2026.08.16 00:48:00,00:48:00,59,
2026.08.16 00:49:00,00:49:00,61,
2026.08.16 00:50:00,00:50:00,56,
2026.08.16 00:51:00,00:51:00,60,
2026.08.16 01:00:00,01:00:00,61,
2026.08.16 01:01:00,01:01:00,62,
2026.08.16 01:10:00,01:10:00,55,
2026.08.16 01:11:00,01:11:00,61,
2026.08.16 01:20:00,01:20:00,51,
2026.08.16 01:21:00,01:21:00,53,
2026.08.16 01:30:00,01:30:00,52,
2026.08.16 01:31:00,01:31:00,51,
2026.08.16 01:40:00,01:40:00,49,
2026.08.16 01:41:00,01:41:00,47,
2026.08.16 01:50:00,01:50:00,56,
2026.08.16 01:51:00,01:51:00,56,
2026.08.16 02:00:00,02:00:00,51,
2026.08.16 02:01:00,02:01:00,52,
2026.08.16 02:15:00,02:15:00,50,
2026.08.16 02:16:00,02:16:00,50,
2026.08.16 02:20:00,02:20:00,54,
2026.08.16 02:21:00,02:21:00,55,
2026.08.16 02:30:00,02:30:00,54,
2026.08.16 02:31:00,02:31:00,54,
2026.08.16 02:40:00,02:40:00,53,
2026.08.16 02:41:00,02:41:00,53,
2026.08.16 02:50:00,02:50:00,53,
2026.08.16 03:00:00,03:00:00,52,
2026.08.16 03:10:00,03:10:00,53,
2026.08.16 03:20:00,03:20:00,42,
2026.08.16 03:30:00,03:30:00,48,
2026.08.16 03:40:00,03:40:00,55,
2026.08.16 03:50:00,03:50:00,51,
2026.08.16 04:00:00,04:00:00,54,
2026.08.16 04:10:00,04:10:00,54,
2026.08.16 04:20:00,04:20:00,52,
2026.08.16 04:30:00,04:30:00,48,
2026.08.16 04:40:00,04:40:00,57,
2026.08.16 04:50:00,04:50:00,52,
2026.08.16 05:00:00,05:00:00,51,
2026.08.16 05:10:00,05:10:00,51,
2026.08.16 05:20:00,05:20:00,50,
2026.08.16 05:30:00,05:30:00,49,
2026.08.16 05:40:00,05:40:00,53,
2026.08.16 05:50:00,05:50:00,48,
2026.08.16 06:00:00,06:00:00,47,
2026.08.16 06:10:00,06:10:00,49,
2026.08.16 06:17:00,06:17:00,83,
2026.08.16 06:20:00,06:20:00,53,
2026.08.16 06:21:00,06:21:00,56,
2026.08.16 06:23:00,06:23:00,82,
2026.08.16 06:26:00,06:26:00,64,
2026.08.16 06:31:00,06:31:00,54,
2026.08.16 06:32:00,06:32:00,52,
2026.08.16 06:40:00,06:40:00,49,
2026.08.16 06:41:00,06:41:00,47,
2026.08.16 06:50:00,06:50:00,57,
2026.08.16 06:51:00,06:51:00,49,
2026.08.16 06:58:00,06:58:00,58,
2026.08.16 06:59:00,06:59:00,47,
2026.08.16 07:00:00,07:00:00,47,
2026.08.16 07:01:00,07:01:00,49,
2026.08.16 07:02:00,07:02:00,47,
2026.08.16 07:03:00,07:03:00,50,
2026.08.16 07:10:00,07:10:00,57,
2026.08.16 07:11:00,07:11:00,50,
2026.08.16 07:20:00,07:20:00,48,
2026.08.16 07:21:00,07:21:00,50,
2026.08.16 07:25:00,07:25:00,80,
2026.08.16 07:27:00,07:27:00,90,
2026.08.16 07:30:00,07:30:00,54,
2026.08.16 07:31:00,07:31:00,53,
2026.08.16 07:40:00,07:40:00,58,
2026.08.16 07:41:00,07:41:00,53,
2026.08.16 07:50:00,07:50:00,56,
2026.08.16 07:51:00,07:51:00,58,
2026.08.16 08:00:00,08:00:00,51,
2026.08.16 08:01:00,08:01:00,51,
2026.08.16 08:03:00,08:03:00,69,
2026.08.16 08:04:00,08:04:00,72,
2026.08.16 08:10:00,08:10:00,52,
2026.08.16 08:11:00,08:11:00,54,
2026.08.16 08:13:00,08:13:00,80,
2026.08.16 08:20:00,08:20:00,51,
2026.08.16 08:21:00,08:21:00,51,
2026.08.16 08:25:00,08:25:00,76,
2026.08.16 08:26:00,08:26:00,85,
2026.08.16 08:29:00,08:29:00,80,
2026.08.16 08:30:00,08:30:00,59,
2026.08.16 08:32:00,08:32:00,56,
2026.08.16 08:33:00,08:33:00,81,
2026.08.16 08:36:00,08:36:00,83,
2026.08.16 08:37:00,08:37:00,79,
2026.08.16 08:39:00,08:39:00,87,
2026.08.16 08:41:00,08:41:00,83,
2026.08.16 08:43:00,08:43:00,76,
2026.08.16 08:46:00,08:46:00,89,
2026.08.16 08:48:00,08:48:00,86,
2026.08.16 08:49:00,08:49:00,85,
2026.08.16 08:50:00,08:50:00,85,
2026.08.16 08:51:00,08:51:00,93,
2026.08.16 08:56:00,08:56:00,84,
2026.08.16 08:58:00,08:58:00,75,
2026.08.16 08:59:00,08:59:00,78,
2026.08.16 09:01:00,09:01:00,90,
2026.08.16 09:03:00,09:03:00,84,
2026.08.16 09:05:00,09:05:00,71,
2026.08.16 09:07:00,09:07:00,106,
2026.08.16 09:16:00,09:16:00,95,
2026.08.16 09:17:00,09:17:00,111,
2026.08.16 09:18:00,09:18:00,82,
2026.08.16 09:20:00,09:20:00,75,
2026.08.16 09:21:00,09:21:00,75,
2026.08.16 09:24:00,09:24:00,95,
2026.08.16 09:25:00,09:25:00,85,
2026.08.16 09:27:00,09:27:00,86,
2026.08.16 09:28:00,09:28:00,74,
2026.08.16 09:29:00,09:29:00,73,
2026.08.16 09:31:00,09:31:00,83,
2026.08.16 09:32:00,09:32:00,84,
2026.08.16 09:35:00,09:35:00,77,
2026.08.16 09:36:00,09:36:00,60,
2026.08.16 09:41:00,09:41:00,84,
2026.08.16 09:42:00,09:42:00,69,
2026.08.16 09:43:00,09:43:00,71,
2026.08.16 09:44:00,09:44:00,73,
2026.08.16 09:45:00,09:45:00,73,
2026.08.16 09:46:00,09:46:00,84,
2026.08.16 09:47:00,09:47:00,72,
2026.08.16 09:48:00,09:48:00,76,
2026.08.16 09:51:00,09:51:00,70,
2026.08.16 09:52:00,09:52:00,74,
2026.08.16 09:53:00,09:53:00,81,
2026.08.16 09:55:00,09:55:00,67,
2026.08.16 09:56:00,09:56:00,63,
2026.08.16 09:57:00,09:57:00,62,
2026.08.16 09:59:00,09:59:00,80,
2026.08.16 10:00:00,10:00:00,60,
2026.08.16 10:01:00,10:01:00,60,
2026.08.16 10:02:00,10:02:00,66,
2026.08.16 10:03:00,10:03:00,80,
2026.08.16 10:04:00,10:04:00,89,
2026.08.16 10:05:00,10:05:00,87,
2026.08.16 10:06:00,10:06:00,88,
2026.08.16 10:07:00,10:07:00,89,
2026.08.16 10:12:00,10:12:00,83,
2026.08.16 10:13:00,10:13:00,82,
2026.08.16 10:14:00,10:14:00,80,
2026.08.16 10:15:00,10:15:00,76,
2026.08.16 10:16:00,10:16:00,73,
2026.08.16 10:17:00,10:17:00,64,
2026.08.16 10:18:00,10:18:00,66,
2026.08.16 10:22:00,10:22:00,71,
2026.08.16 10:23:00,10:23:00,71,
2026.08.16 10:25:00,10:25:00,53,
2026.08.16 10:26:00,10:26:00,78,
2026.08.16 10:27:00,10:27:00,73,
2026.08.16 10:28:00,10:28:00,57,
2026.08.16 10:30:00,10:30:00,55,
2026.08.16 10:34:00,10:34:00,64,
2026.08.16 10:36:00,10:36:00,68,
2026.08.16 10:37:00,10:37:00,64,
2026.08.16 10:38:00,10:38:00,73,
2026.08.16 10:39:00,10:39:00,88,
2026.08.16 10:40:00,10:40:00,81,
2026.08.16 10:41:00,10:41:00,73,
2026.08.16 10:42:00,10:42:00,76,
2026.08.16 10:43:00,10:43:00,60,
2026.08.16 10:44:00,10:44:00,87,
2026.08.16 10:46:00,10:46:00,61,
2026.08.16 10:49:00,10:49:00,63,
2026.08.16 10:50:00,10:50:00,79,
2026.08.16 10:51:00,10:51:00,63,
2026.08.16 10:52:00,10:52:00,80,
2026.08.16 10:53:00,10:53:00,74,
2026.08.16 10:56:00,10:56:00,63,
2026.08.16 10:58:00,10:58:00,66,
2026.08.16 10:59:00,10:59:00,76,
2026.08.16 11:00:00,11:00:00,69,
2026.08.16 11:01:00,11:01:00,65,
2026.08.16 11:02:00,11:02:00,65,
2026.08.16 11:03:00,11:03:00,69,
2026.08.16 11:04:00,11:04:00,62,
2026.08.16 11:05:00,11:05:00,77,
2026.08.16 11:06:00,11:06:00,63,
2026.08.16 11:07:00,11:07:00,82,
2026.08.16 11:08:00,11:08:00,81,
2026.08.16 11:09:00,11:09:00,67,
2026.08.16 11:10:00,11:10:00,63,
2026.08.16 11:11:00,11:11:00,69,
2026.08.16 11:12:00,11:12:00,82,
2026.08.16 11:14:00,11:14:00,67,
2026.08.16 11:17:00,11:17:00,61,
2026.08.16 11:18:00,11:18:00,65,
2026.08.16 11:19:00,11:19:00,76,
2026.08.16 11:20:00,11:20:00,76,
2026.08.16 11:21:00,11:21:00,62,
2026.08.16 11:22:00,11:22:00,58,
2026.08.16 11:24:00,11:24:00,65,
2026.08.16 11:26:00,11:26:00,78,
2026.08.16 11:27:00,11:27:00,78,
2026.08.16 11:28:00,11:28:00,62,
2026.08.16 11:29:00,11:29:00,62,
2026.08.16 11:30:00,11:30:00,59,
2026.08.16 11:32:00,11:32:00,67,
2026.08.16 11:36:00,11:36:00,61,
2026.08.16 11:37:00,11:37:00,87,
2026.08.16 11:39:00,11:39:00,74,
2026.08.16 11:40:00,11:40:00,70,
2026.08.16 11:41:00,11:41:00,82,
2026.08.16 11:42:00,11:42:00,59,
2026.08.16 11:45:00,11:45:00,73,
2026.08.16 11:46:00,11:46:00,60,
2026.08.16 11:47:00,11:47:00,58,
2026.08.16 11:49:00,11:49:00,60,
2026.08.16 11:50:00,11:50:00,68,
2026.08.16 12:01:00,12:01:00,71,
2026.08.16 12:04:00,12:04:00,59,
2026.08.16 12:06:00,12:06:00,66,
2026.08.16 12:12:00,12:12:00,64,
2026.08.16 12:13:00,12:13:00,59,
2026.08.16 12:14:00,12:14:00,61,
2026.08.16 12:16:00,12:16:00,62,
2026.08.16 12:23:00,12:23:00,82,
2026.08.16 12:25:00,12:25:00,60,
2026.08.16 12:28:00,12:28:00,63,
2026.08.16 12:37:00,12:37:00,57,
2026.08.16 12:40:00,12:40:00,60,
2026.08.16 12:41:00,12:41:00,85,
2026.08.16 12:44:00,12:44:00,81,
2026.08.16 12:45:00,12:45:00,58,
2026.08.16 12:46:00,12:46:00,53,
2026.08.16 12:47:00,12:47:00,52,
2026.08.16 12:48:00,12:48:00,54,
2026.08.16 12:49:00,12:49:00,97,
2026.08.16 12:50:00,12:50:00,112,
2026.08.16 12:51:00,12:51:00,87,
2026.08.16 12:52:00,12:52:00,77,
2026.08.16 12:53:00,12:53:00,80,
2026.08.16 12:54:00,12:54:00,82,
2026.08.16 12:57:00,12:57:00,75,
2026.08.16 12:58:00,12:58:00,81,
2026.08.16 13:00:00,13:00:00,73,
2026.08.16 13:01:00,13:01:00,65,
2026.08.16 13:02:00,13:02:00,104,
2026.08.16 13:03:00,13:03:00,78,
2026.08.16 13:04:00,13:04:00,67,
2026.08.16 13:05:00,13:05:00,65,
2026.08.16 13:06:00,13:06:00,63,
2026.08.16 13:07:00,13:07:00,79,
2026.08.16 13:08:00,13:08:00,61,
2026.08.16 13:11:00,13:11:00,65,
2026.08.16 13:13:00,13:13:00,65,
2026.08.16 13:14:00,13:14:00,65,
2026.08.16 13:16:00,13:16:00,78,
2026.08.16 13:17:00,13:17:00,72,
2026.08.16 13:18:00,13:18:00,83,
2026.08.16 13:22:00,13:22:00,80,
2026.08.16 13:23:00,13:23:00,67,
2026.08.16 13:24:00,13:24:00,82,
2026.08.16 13:25:00,13:25:00,66,
2026.08.16 13:27:00,13:27:00,69,
2026.08.16 13:28:00,13:28:00,63,
2026.08.16 13:29:00,13:29:00,70,
2026.08.16 13:30:00,13:30:00,74,
2026.08.16 13:31:00,13:31:00,72,
2026.08.16 13:33:00,13:33:00,63,
2026.08.16 13:35:00,13:35:00,78,
2026.08.16 13:36:00,13:36:00,91,
2026.08.16 13:37:00,13:37:00,77,
2026.08.16 13:39:00,13:39:00,74,
2026.08.16 13:40:00,13:40:00,98,
2026.08.16 13:41:00,13:41:00,77,
2026.08.16 13:42:00,13:42:00,85,
2026.08.16 13:43:00,13:43:00,80,
2026.08.16 13:44:00,13:44:00,79,
2026.08.16 13:45:00,13:45:00,81,
2026.08.16 13:46:00,13:46:00,84,
2026.08.16 13:47:00,13:47:00,75,
2026.08.16 13:49:00,13:49:00,78,
2026.08.16 13:50:00,13:50:00,83,
2026.08.16 13:52:00,13:52:00,81,
2026.08.16 13:53:00,13:53:00,82,
2026.08.16 13:56:00,13:56:00,83,
2026.08.16 13:57:00,13:57:00,84,
2026.08.16 13:58:00,13:58:00,81,
2026.08.16 13:59:00,13:59:00,92,
2026.08.16 14:01:00,14:01:00,59,
2026.08.16 14:03:00,14:03:00,95,
2026.08.16 14:04:00,14:04:00,84,
2026.08.16 14:05:00,14:05:00,76,
2026.08.16 14:06:00,14:06:00,85,
2026.08.16 14:07:00,14:07:00,84,
2026.08.16 14:09:00,14:09:00,78,
2026.08.16 14:10:00,14:10:00,82,
2026.08.16 14:11:00,14:11:00,77,
2026.08.16 14:12:00,14:12:00,82,
2026.08.16 14:13:00,14:13:00,82,
2026.08.16 14:14:00,14:14:00,69,
2026.08.16 14:15:00,14:15:00,79,
2026.08.16 14:16:00,14:16:00,84,
2026.08.16 14:17:00,14:17:00,82,
2026.08.16 14:18:00,14:18:00,92,
2026.08.16 14:19:00,14:19:00,84,
2026.08.16 14:20:00,14:20:00,77,
2026.08.16 14:21:00,14:21:00,99,
2026.08.16 14:22:00,14:22:00,74,
2026.08.16 14:24:00,14:24:00,83,
2026.08.16 14:25:00,14:25:00,66,
2026.08.16 14:26:00,14:26:00,81,
2026.08.16 14:27:00,14:27:00,115,
2026.08.16 14:28:00,14:28:00,109,
2026.08.16 14:29:00,14:29:00,88,
2026.08.16 14:30:00,14:30:00,106,
2026.08.16 14:31:00,14:31:00,113,
2026.08.16 14:32:00,14:32:00,101,
2026.08.16 14:33:00,14:33:00,99,
2026.08.16 14:34:00,14:34:00,101,
2026.08.16 14:35:00,14:35:00,81,
2026.08.16 14:36:00,14:36:00,100,
2026.08.16 14:37:00,14:37:00,87,
2026.08.16 14:38:00,14:38:00,89,
2026.08.16 14:39:00,14:39:00,83,
2026.08.16 14:40:00,14:40:00,92,
2026.08.16 14:41:00,14:41:00,86,
2026.08.16 14:43:00,14:43:00,90,
2026.08.16 14:46:00,14:46:00,87,
2026.08.16 14:47:00,14:47:00,90,
2026.08.16 14:49:00,14:49:00,71,
2026.08.16 14:50:00,14:50:00,86,
2026.08.16 14:51:00,14:51:00,72,
2026.08.16 14:52:00,14:52:00,61,
2026.08.16 14:53:00,14:53:00,61,
2026.08.16 14:54:00,14:54:00,68,
2026.08.16 14:55:00,14:55:00,64,
2026.08.16 14:56:00,14:56:00,61,
2026.08.16 14:59:00,14:59:00,70,
2026.08.16 15:00:00,15:00:00,68,
2026.08.16 15:01:00,15:01:00,82,
2026.08.16 15:05:00,15:05:00,78,
2026.08.16 15:06:00,15:06:00,70,
2026.08.16 15:07:00,15:07:00,92,
2026.08.16 15:08:00,15:08:00,71,
2026.08.16 15:10:00,15:10:00,59,
2026.08.16 15:11:00,15:11:00,60,
2026.08.16 15:12:00,15:12:00,61,
2026.08.16 15:13:00,15:13:00,59,
2026.08.16 15:15:00,15:15:00,92,
2026.08.16 15:16:00,15:16:00,64,
2026.08.16 15:20:00,15:20:00,74,
2026.08.16 15:22:00,15:22:00,83,
2026.08.16 15:23:00,15:23:00,56,
2026.08.16 15:24:00,15:24:00,63,
2026.08.16 15:26:00,15:26:00,67,
2026.08.16 15:27:00,15:27:00,79,
2026.08.16 15:30:00,15:30:00,72,
2026.08.16 15:31:00,15:31:00,66,
2026.08.16 15:32:00,15:32:00,60,
2026.08.16 15:33:00,15:33:00,68,
2026.08.16 15:35:00,15:35:00,71,
2026.08.16 15:36:00,15:36:00,89,
2026.08.16 15:37:00,15:37:00,77,
2026.08.16 15:38:00,15:38:00,65,
2026.08.16 15:39:00,15:39:00,61,
2026.08.16 15:40:00,15:40:00,78,
2026.08.16 15:41:00,15:41:00,60,
2026.08.16 15:42:00,15:42:00,83,
2026.08.16 15:43:00,15:43:00,59,
2026.08.16 15:44:00,15:44:00,71,
2026.08.16 15:45:00,15:45:00,66,
2026.08.16 15:46:00,15:46:00,61,
2026.08.16 15:47:00,15:47:00,81,
2026.08.16 15:49:00,15:49:00,70,
2026.08.16 15:50:00,15:50:00,82,
2026.08.16 15:52:00,15:52:00,65,
2026.08.16 15:53:00,15:53:00,62,
2026.08.16 15:54:00,15:54:00,63,
2026.08.16 15:56:00,15:56:00,63,
2026.08.16 15:57:00,15:57:00,68,
2026.08.16 15:58:00,15:58:00,64,
2026.08.16 15:59:00,15:59:00,84,
2026.08.16 16:00:00,16:00:00,66,
2026.08.16 16:01:00,16:01:00,63,
2026.08.16 16:03:00,16:03:00,67,
2026.08.16 16:04:00,16:04:00,59,
2026.08.16 16:05:00,16:05:00,60,
2026.08.16 16:06:00,16:06:00,66,
2026.08.16 16:07:00,16:07:00,95,
2026.08.16 16:10:00,16:10:00,73,
2026.08.16 16:20:00,16:20:00,66,
2026.08.16 16:30:00,16:30:00,57,
2026.08.16 16:31:00,16:31:00,84,
2026.08.16 16:34:00,16:34:00,55,
2026.08.16 16:44:00,16:44:00,53,
2026.08.16 16:56:00,16:56:00,91,
2026.08.16 17:01:00,17:01:00,56,
2026.08.16 17:05:00,17:05:00,61,
2026.08.16 17:06:00,17:06:00,50,
2026.08.16 17:09:00,17:09:00,67,
2026.08.16 17:20:00,17:20:00,73,
2026.08.16 17:21:00,17:21:00,79,
2026.08.16 17:31:00,17:31:00,77,
2026.08.16 17:35:00,17:35:00,85,
2026.08.16 17:36:00,17:36:00,63,
2026.08.16 17:37:00,17:37:00,77,
2026.08.16 17:44:00,17:44:00,65,
2026.08.16 17:47:00,17:47:00,59,
2026.08.16 17:57:00,17:57:00,60,
2026.08.16 18:07:00,18:07:00,59,
2026.08.16 18:11:00,18:11:00,62,
2026.08.16 18:15:00,18:15:00,65,
2026.08.16 18:18:00,18:18:00,63,
2026.08.16 18:19:00,18:19:00,58,
2026.08.16 18:20:00,18:20:00,59,
2026.08.16 18:21:00,18:21:00,61,
2026.08.16 18:22:00,18:22:00,56,
2026.08.16 18:25:00,18:25:00,57,
2026.08.16 18:29:00,18:29:00,59,
2026.08.16 18:31:00,18:31:00,68,
2026.08.16 18:34:00,18:34:00,64,
2026.08.16 18:35:00,18:35:00,61,
2026.08.16 18:36:00,18:36:00,60,
2026.08.16 18:38:00,18:38:00,62,
2026.08.16 18:48:00,18:48:00,62,
2026.08.16 18:58:00,18:58:00,62,
2026.08.16 19:12:00,19:12:00,94,
2026.08.16 19:17:00,19:17:00,63,
2026.08.16 19:26:00,19:26:00,73,
2026.08.16 19:27:00,19:27:00,60,
2026.08.16 19:29:00,19:29:00,67,
2026.08.16 19:31:00,19:31:00,73,
2026.08.16 19:32:00,19:32:00,71,
2026.08.16 19:37:00,19:37:00,91,
2026.08.16 19:39:00,19:39:00,80,
2026.08.16 19:47:00,19:47:00,64,
2026.08.16 19:52:00,19:52:00,58,
2026.08.16 20:02:00,20:02:00,62,
2026.08.16 20:12:00,20:12:00,56,
2026.08.16 20:23:00,20:23:00,64,
2026.08.16 20:26:00,20:26:00,63,
2026.08.16 20:30:00,20:30:00,54,
2026.08.16 20:33:00,20:33:00,67,
2026.08.16 20:41:00,20:41:00,68,
2026.08.16 20:42:00,20:42:00,67,
2026.08.16 20:52:00,20:52:00,52,
2026.08.16 20:56:00,20:56:00,76,
2026.08.16 21:02:00,21:02:00,89,
2026.08.16 21:03:00,21:03:00,74,
2026.08.16 21:07:00,21:07:00,70,
2026.08.16 21:16:00,21:16:00,67,
2026.08.16 21:17:00,21:17:00,71,
2026.08.16 21:20:00,21:20:00,66,
2026.08.16 21:21:00,21:21:00,69,
2026.08.16 21:23:00,21:23:00,84,
2026.08.16 21:26:00,21:26:00,86,
2026.08.16 21:28:00,21:28:00,63,
2026.08.16 21:32:00,21:32:00,60,
2026.08.16 21:38:00,21:38:00,64,
2026.08.16 21:39:00,21:39:00,65,
2026.08.16 21:45:00,21:45:00,99,
2026.08.16 21:55:00,21:55:00,83,
2026.08.16 21:56:00,21:56:00,66,
2026.08.16 21:58:00,21:58:00,61,
2026.08.16 22:08:00,22:08:00,56,
2026.08.16 22:10:00,22:10:00,56,
2026.08.16 22:19:00,22:19:00,80,
2026.08.16 22:21:00,22:21:00,68,
2026.08.16 22:22:00,22:22:00,68,
2026.08.16 22:33:00,22:33:00,54,
2026.08.16 22:34:00,22:34:00,51,
2026.08.16 22:38:00,22:38:00,54,
2026.08.16 22:39:00,22:39:00,55,
2026.08.16 22:43:00,22:43:00,57,
2026.08.16 22:46:00,22:46:00,53,
2026.08.16 22:49:00,22:49:00,49,
2026.08.16 22:59:00,22:59:00,92,
2026.08.16 23:00:00,23:00:00,60,
2026.08.16 23:01:00,23:01:00,62,
2026.08.16 23:02:00,23:02:00,59,
2026.08.16 23:03:00,23:03:00,51,
2026.08.16 23:04:00,23:04:00,52,
2026.08.16 23:05:00,23:05:00,85,
2026.08.16 23:06:00,23:06:00,56,
2026.08.16 23:16:00,23:16:00,67,
2026.08.16 23:17:00,23:17:00,62,
2026.08.16 23:18:00,23:18:00,53,
2026.08.16 23:20:00,23:20:00,57,
2026.08.16 23:21:00,23:21:00,56,
2026.08.16 23:22:00,23:22:00,59,
2026.08.16 23:29:00,23:29:00,52,
2026.08.16 23:30:00,23:30:00,50,
2026.08.16 23:32:00,23:32:00,81,
2026.08.16 23:42:00,23:42:00,52,
2026.08.16 23:47:00,23:47:00,51,
2026.08.16 23:48:00,23:48:00,51,
2026.08.16 23:52:00,23:52:00,48,
2026.08.17 00:02:00,00:02:00,49,
2026.08.17 00:06:00,00:06:00,50,
2026.08.17 00:10:00,00:10:00,53,
2026.08.17 00:11:00,00:11:00,48,
2026.08.17 00:20:00,00:20:00,54,
2026.08.17 00:21:00,00:21:00,54,
2026.08.17 00:30:00,00:30:00,56,
2026.08.17 00:31:00,00:31:00,55,
2026.08.17 00:40:00,00:40:00,51,
2026.08.17 00:50:00,00:50:00,51,
2026.08.17 01:00:00,01:00:00,57,
2026.08.17 01:10:00,01:10:00,52,
2026.08.17 01:20:00,01:20:00,51,
2026.08.17 01:30:00,01:30:00,51,
2026.08.17 01:40:00,01:40:00,55,
2026.08.17 01:50:00,01:50:00,44,
2026.08.17 02:00:00,02:00:00,52,
2026.08.17 02:10:00,02:10:00,48,
2026.08.17 02:20:00,02:20:00,45,
2026.08.17 02:30:00,02:30:00,47,
2026.08.17 02:40:00,02:40:00,55,
2026.08.17 02:44:00,02:44:00,69,
2026.08.17 02:45:00,02:45:00,71,
2026.08.17 02:46:00,02:46:00,52,
2026.08.17 02:50:00,02:50:00,51,
2026.08.17 02:56:00,02:56:00,49,
2026.08.17 02:59:00,02:59:00,51,
2026.08.17 03:00:00,03:00:00,79,
2026.08.17 03:07:00,03:07:00,50,
2026.08.17 03:09:00,03:09:00,52,
2026.08.17 03:10:00,03:10:00,51,
2026.08.17 03:20:00,03:20:00,52,
2026.08.17 03:30:00,03:30:00,51,
2026.08.17 03:40:00,03:40:00,56,
2026.08.17 03:51:00,03:51:00,57,
2026.08.17 04:01:00,04:01:00,90,
2026.08.17 04:02:00,04:02:00,66,
2026.08.17 04:03:00,04:03:00,81,
2026.08.17 04:04:00,04:04:00,81,
2026.08.17 04:05:00,04:05:00,85,
2026.08.17 04:07:00,04:07:00,76,
2026.08.17 04:08:00,04:08:00,82,
2026.08.17 04:09:00,04:09:00,84,
2026.08.17 04:10:00,04:10:00,61,
2026.08.17 04:11:00,04:11:00,59,
2026.08.17 04:12:00,04:12:00,67,
2026.08.17 04:13:00,04:13:00,67,
2026.08.17 04:14:00,04:14:00,54,
2026.08.17 04:16:00,04:16:00,72,
2026.08.17 04:17:00,04:17:00,64,
2026.08.17 04:18:00,04:18:00,65,
2026.08.17 04:20:00,04:20:00,50,
2026.08.17 04:24:00,04:24:00,78,
2026.08.17 04:29:00,04:29:00,55,
2026.08.17 04:30:00,04:30:00,53,
2026.08.17 04:34:00,04:34:00,52,
2026.08.17 04:38:00,04:38:00,57,
2026.08.17 04:39:00,04:39:00,55,
2026.08.17 04:40:00,04:40:00,53,
2026.08.17 04:43:00,04:43:00,55,
2026.08.17 04:50:00,04:50:00,49,
2026.08.17 05:00:00,05:00:00,48,
2026.08.17 05:10:00,05:10:00,56,
2026.08.17 05:20:00,05:20:00,53,
2026.08.17 05:30:00,05:30:00,51,
2026.08.17 05:40:00,05:40:00,52,
2026.08.17 05:50:00,05:50:00,48,
2026.08.17 06:00:00,06:00:00,44,
2026.08.17 06:01:00,06:01:00,46,
2026.08.17 06:08:00,06:08:00,75,
2026.08.17 06:10:00,06:10:00,49,
2026.08.17 06:11:00,06:11:00,44,
2026.08.17 06:20:00,06:20:00,45,
2026.08.17 06:21:00,06:21:00,53,
2026.08.17 06:28:00,06:28:00,55,
2026.08.17 06:29:00,06:29:00,69,
2026.08.17 06:30:00,06:30:00,43,
2026.08.17 06:31:00,06:31:00,45,
2026.08.17 06:35:00,06:35:00,62,
2026.08.17 06:40:00,06:40:00,46,
2026.08.17 06:41:00,06:41:00,47,
2026.08.17 06:42:00,06:42:00,65,
2026.08.17 06:50:00,06:50:00,44,
2026.08.17 06:51:00,06:51:00,56,
2026.08.17 07:00:00,07:00:00,53,
2026.08.17 07:01:00,07:01:00,51,
2026.08.17 07:10:00,07:10:00,52,
2026.08.17 07:11:00,07:11:00,50,
2026.08.17 07:16:00,07:16:00,82,
2026.08.17 07:20:00,07:20:00,47,
2026.08.17 07:21:00,07:21:00,45,
2026.08.17 07:23:00,07:23:00,79,
2026.08.17 07:24:00,07:24:00,49,
2026.08.17 07:30:00,07:30:00,53,
2026.08.17 07:31:00,07:31:00,50,
2026.08.17 07:32:00,07:32:00,86,
2026.08.17 07:33:00,07:33:00,46,
2026.08.17 07:34:00,07:34:00,46,
2026.08.17 07:40:00,07:40:00,48,
2026.08.17 07:41:00,07:41:00,47,
2026.08.17 07:42:00,07:42:00,48,
2026.08.17 07:45:00,07:45:00,49,
2026.08.17 07:48:00,07:48:00,45,
2026.08.17 07:49:00,07:49:00,46,
2026.08.17 07:50:00,07:50:00,50,
2026.08.17 07:51:00,07:51:00,48,
2026.08.17 07:59:00,07:59:00,71,
2026.08.17 08:00:00,08:00:00,57,
2026.08.17 08:02:00,08:02:00,78,
2026.08.17 08:06:00,08:06:00,41,
2026.08.17 08:07:00,08:07:00,45,
2026.08.17 08:10:00,08:10:00,45,
2026.08.17 08:11:00,08:11:00,45,
2026.08.17 08:12:00,08:12:00,75,
2026.08.17 08:13:00,08:13:00,61,
2026.08.17 08:20:00,08:20:00,46,
2026.08.17 08:21:00,08:21:00,72,
2026.08.17 08:30:00,08:30:00,45,
2026.08.17 08:31:00,08:31:00,47,
2026.08.17 08:40:00,08:40:00,51,
2026.08.17 08:41:00,08:41:00,51,
2026.08.17 08:50:00,08:50:00,50,
2026.08.17 08:51:00,08:51:00,51,
2026.08.17 08:58:00,08:58:00,82,
2026.08.17 09:00:00,09:00:00,59,
2026.08.17 09:01:00,09:01:00,64,
2026.08.17 09:07:00,09:07:00,89,
2026.08.17 09:08:00,09:08:00,89,
2026.08.17 09:09:00,09:09:00,53,
2026.08.17 09:10:00,09:10:00,53,
2026.08.17 09:15:00,09:15:00,80,
2026.08.17 09:16:00,09:16:00,81,
2026.08.17 09:21:00,09:21:00,77,
2026.08.17 09:22:00,09:22:00,77,
2026.08.17 09:27:00,09:27:00,54,
2026.08.17 09:30:00,09:30:00,81,
2026.08.17 09:33:00,09:33:00,79,
2026.08.17 09:34:00,09:34:00,79,
2026.08.17 09:40:00,09:40:00,53,
2026.08.17 09:44:00,09:44:00,51,
2026.08.17 09:46:00,09:46:00,78,
2026.08.17 09:47:00,09:47:00,65,
2026.08.17 09:49:00,09:49:00,53,
2026.08.17 09:50:00,09:50:00,54,
2026.08.17 09:59:00,09:59:00,43,
2026.08.17 10:00:00,10:00:00,59,
2026.08.17 10:06:00,10:06:00,52,
2026.08.17 10:10:00,10:10:00,52,
2026.08.17 10:13:00,10:13:00,74,
2026.08.17 10:20:00,10:20:00,54,
2026.08.17 10:21:00,10:21:00,86,
2026.08.17 10:29:00,10:29:00,89,
2026.08.17 10:30:00,10:30:00,87,
2026.08.17 10:31:00,10:31:00,92,
2026.08.17 10:32:00,10:32:00,90,
2026.08.17 10:34:00,10:34:00,92,
2026.08.17 10:35:00,10:35:00,107,
2026.08.17 10:36:00,10:36:00,104,
2026.08.17 10:37:00,10:37:00,90,
2026.08.17 10:38:00,10:38:00,98,
2026.08.17 10:39:00,10:39:00,86,
2026.08.17 10:40:00,10:40:00,84,
2026.08.17 10:41:00,10:41:00,84,
2026.08.17 10:42:00,10:42:00,95,
2026.08.17 10:43:00,10:43:00,80,
2026.08.17 10:44:00,10:44:00,68,
2026.08.17 10:45:00,10:45:00,76,
2026.08.17 10:46:00,10:46:00,81,
2026.08.17 10:47:00,10:47:00,77,
2026.08.17 10:48:00,10:48:00,79,
2026.08.17 10:52:00,10:52:00,74,
2026.08.17 10:54:00,10:54:00,80,
2026.08.17 10:55:00,10:55:00,79,
2026.08.17 10:57:00,10:57:00,75,
2026.08.17 10:59:00,10:59:00,94,
2026.08.17 11:01:00,11:01:00,79,
2026.08.17 11:03:00,11:03:00,63,
2026.08.17 11:04:00,11:04:00,85,
2026.08.17 11:05:00,11:05:00,58,
2026.08.17 11:06:00,11:06:00,63,
2026.08.17 11:09:00,11:09:00,71,
2026.08.17 11:11:00,11:11:00,56,
2026.08.17 11:12:00,11:12:00,60,
2026.08.17 11:15:00,11:15:00,57,
2026.08.17 11:16:00,11:16:00,58,
2026.08.17 11:19:00,11:19:00,67,
2026.08.17 11:20:00,11:20:00,57,
2026.08.17 11:26:00,11:26:00,66,
2026.08.17 11:27:00,11:27:00,61,
2026.08.17 11:30:00,11:30:00,56,
2026.08.17 11:31:00,11:31:00,58,
2026.08.17 11:34:00,11:34:00,83,
2026.08.17 11:36:00,11:36:00,81,
2026.08.17 11:37:00,11:37:00,70,
2026.08.17 11:38:00,11:38:00,84,
2026.08.17 11:39:00,11:39:00,61,
2026.08.17 11:40:00,11:40:00,60,
2026.08.17 11:41:00,11:41:00,77,
2026.08.17 11:42:00,11:42:00,76,
2026.08.17 11:43:00,11:43:00,70,
2026.08.17 11:44:00,11:44:00,68,
2026.08.17 11:45:00,11:45:00,60,
2026.08.17 11:46:00,11:46:00,81,
2026.08.17 11:50:00,11:50:00,60,
2026.08.17 11:51:00,11:51:00,63,
2026.08.17 11:52:00,11:52:00,65,
2026.08.17 11:54:00,11:54:00,86,
2026.08.17 11:56:00,11:56:00,89,
2026.08.17 12:12:00,12:12:00,93,
2026.08.17 12:13:00,12:13:00,83,
2026.08.17 12:14:00,12:14:00,88,
2026.08.17 12:16:00,12:16:00,74,
2026.08.17 12:17:00,12:17:00,81,
2026.08.17 12:18:00,12:18:00,77,
2026.08.17 12:19:00,12:19:00,63,
2026.08.17 12:20:00,12:20:00,83,
2026.08.17 12:21:00,12:21:00,69,
2026.08.17 12:22:00,12:22:00,70,
2026.08.17 12:24:00,12:24:00,68,
2026.08.17 12:25:00,12:25:00,78,
2026.08.17 12:27:00,12:27:00,106,
2026.08.17 12:28:00,12:28:00,86,
2026.08.17 12:29:00,12:29:00,80,
2026.08.17 12:31:00,12:31:00,84,
2026.08.17 12:32:00,12:32:00,83,
2026.08.17 12:33:00,12:33:00,86,
2026.08.17 12:35:00,12:35:00,66,
2026.08.17 12:36:00,12:36:00,85,
2026.08.17 12:37:00,12:37:00,96,
2026.08.17 12:38:00,12:38:00,83,
2026.08.17 12:39:00,12:39:00,93,
2026.08.17 12:40:00,12:40:00,93,
2026.08.17 12:44:00,12:44:00,82,
2026.08.17 12:46:00,12:46:00,59,
2026.08.17 12:51:00,12:51:00,61,
2026.08.17 12:52:00,12:52:00,68,
2026.08.17 12:53:00,12:53:00,64,
2026.08.17 12:54:00,12:54:00,62,
2026.08.17 12:55:00,12:55:00,63,
2026.08.17 12:57:00,12:57:00,57,
2026.08.17 12:58:00,12:58:00,61,
2026.08.17 12:59:00,12:59:00,57,
2026.08.17 13:00:00,13:00:00,59,
2026.08.17 13:01:00,13:01:00,63,
2026.08.17 13:03:00,13:03:00,68,
2026.08.17 13:05:00,13:05:00,61,
2026.08.17 13:06:00,13:06:00,67,
2026.08.17 13:10:00,13:10:00,115,
2026.08.17 13:13:00,13:13:00,97,
2026.08.17 13:19:00,13:19:00,70,
2026.08.17 13:23:00,13:23:00,81,
2026.08.17 13:24:00,13:24:00,80,
2026.08.17 13:25:00,13:25:00,76,
2026.08.17 13:26:00,13:26:00,79,
2026.08.17 13:27:00,13:27:00,66,
2026.08.17 13:28:00,13:28:00,68,
2026.08.17 13:29:00,13:29:00,66,
2026.08.17 13:30:00,13:30:00,62,
2026.08.17 13:32:00,13:32:00,59,
2026.08.17 13:33:00,13:33:00,80,
2026.08.17 13:39:00,13:39:00,69,
2026.08.17 13:43:00,13:43:00,71,
2026.08.17 13:46:00,13:46:00,72,
2026.08.17 13:51:00,13:51:00,69,
2026.08.17 13:53:00,13:53:00,66,
2026.08.17 13:54:00,13:54:00,64,
2026.08.17 13:57:00,13:57:00,79,
2026.08.17 13:59:00,13:59:00,68,
2026.08.17 14:00:00,14:00:00,69,
2026.08.17 14:01:00,14:01:00,78,
2026.08.17 14:02:00,14:02:00,67,
2026.08.17 14:05:00,14:05:00,71,
2026.08.17 14:07:00,14:07:00,71,
2026.08.17 14:08:00,14:08:00,67,
2026.08.17 14:09:00,14:09:00,71,
2026.08.17 14:10:00,14:10:00,67,
2026.08.17 14:11:00,14:11:00,67,
2026.08.17 14:13:00,14:13:00,67,
2026.08.17 14:14:00,14:14:00,61,
2026.08.17 14:15:00,14:15:00,72,
2026.08.17 14:16:00,14:16:00,75,
2026.08.17 14:17:00,14:17:00,69,
2026.08.17 14:18:00,14:18:00,76,
2026.08.17 14:19:00,14:19:00,77,
2026.08.17 14:21:00,14:21:00,77,
2026.08.17 14:22:00,14:22:00,74,
2026.08.17 14:23:00,14:23:00,83,
2026.08.17 14:25:00,14:25:00,78,
2026.08.17 14:28:00,14:28:00,71,
2026.08.17 14:30:00,14:30:00,79,
2026.08.17 14:31:00,14:31:00,77,
2026.08.17 14:32:00,14:32:00,91,
2026.08.17 14:34:00,14:34:00,79,
2026.08.17 14:35:00,14:35:00,75,
2026.08.17 14:36:00,14:36:00,72,
2026.08.17 14:37:00,14:37:00,72,
2026.08.17 14:38:00,14:38:00,84,
2026.08.17 14:39:00,14:39:00,84,
2026.08.17 14:40:00,14:40:00,82,
2026.08.17 14:42:00,14:42:00,73,
2026.08.17 14:43:00,14:43:00,85,
2026.08.17 14:45:00,14:45:00,81,
2026.08.17 14:46:00,14:46:00,74,
2026.08.17 14:48:00,14:48:00,72,
2026.08.17 14:49:00,14:49:00,80,
2026.08.17 14:50:00,14:50:00,79,
2026.08.17 14:51:00,14:51:00,92,
2026.08.17 14:52:00,14:52:00,92,
2026.08.17 14:56:00,14:56:00,71,
2026.08.17 15:00:00,15:00:00,81,
2026.08.17 15:01:00,15:01:00,98,
2026.08.17 15:02:00,15:02:00,98,
2026.08.17 15:03:00,15:03:00,89,
2026.08.17 15:04:00,15:04:00,80,
2026.08.17 15:05:00,15:05:00,93,
2026.08.17 15:06:00,15:06:00,75,
2026.08.17 15:07:00,15:07:00,84,
2026.08.17 15:09:00,15:09:00,78,
2026.08.17 15:10:00,15:10:00,77,
2026.08.17 15:11:00,15:11:00,87,
2026.08.17 15:12:00,15:12:00,98,
2026.08.17 15:13:00,15:13:00,73,
2026.08.17 15:16:00,15:16:00,69,
2026.08.17 15:17:00,15:17:00,67,
2026.08.17 15:19:00,15:19:00,64,
2026.08.17 15:21:00,15:21:00,64,
2026.08.17 15:22:00,15:22:00,66,
2026.08.17 15:23:00,15:23:00,66,
2026.08.17 15:24:00,15:24:00,82,
2026.08.17 15:25:00,15:25:00,84,
2026.08.17 15:29:00,15:29:00,74,
2026.08.17 15:30:00,15:30:00,91,
2026.08.17 15:31:00,15:31:00,91,
2026.08.17 15:34:00,15:34:00,86,
2026.08.17 15:43:00,15:43:00,87,
2026.08.17 15:44:00,15:44:00,83,
2026.08.17 15:45:00,15:45:00,82,
2026.08.17 15:46:00,15:46:00,82,
2026.08.17 15:48:00,15:48:00,80,
2026.08.17 15:49:00,15:49:00,94,
2026.08.17 15:50:00,15:50:00,88,
2026.08.17 15:51:00,15:51:00,84,
2026.08.17 15:55:00,15:55:00,88,
2026.08.17 15:56:00,15:56:00,87,
2026.08.17 15:57:00,15:57:00,97,
2026.08.17 15:58:00,15:58:00,82,
2026.08.17 15:59:00,15:59:00,100,
2026.08.17 16:00:00,16:00:00,97,
2026.08.17 16:01:00,16:01:00,89,
2026.08.17 16:02:00,16:02:00,81,
2026.08.17 16:03:00,16:03:00,100,
2026.08.17 16:04:00,16:04:00,98,
2026.08.17 16:05:00,16:05:00,97,
2026.08.17 16:06:00,16:06:00,92,
2026.08.17 16:07:00,16:07:00,79,
2026.08.17 16:09:00,16:09:00,82,
2026.08.17 16:10:00,16:10:00,100,
2026.08.17 16:12:00,16:12:00,96,
2026.08.17 16:13:00,16:13:00,76,
2026.08.17 16:16:00,16:16:00,95,
2026.08.17 16:17:00,16:17:00,95,
2026.08.17 16:18:00,16:18:00,98,
2026.08.17 16:19:00,16:19:00,94,
2026.08.17 16:20:00,16:20:00,95,
2026.08.17 16:21:00,16:21:00,101,
2026.08.17 16:22:00,16:22:00,93,
2026.08.17 16:26:00,16:26:00,99,
2026.08.17 16:27:00,16:27:00,94,
2026.08.17 16:28:00,16:28:00,86,
2026.08.17 16:30:00,16:30:00,105,
2026.08.17 16:31:00,16:31:00,99,
2026.08.17 16:33:00,16:33:00,102,
2026.08.17 16:34:00,16:34:00,102,
2026.08.17 16:35:00,16:35:00,99,
2026.08.17 16:36:00,16:36:00,104,
2026.08.17 16:37:00,16:37:00,112,
2026.08.17 16:38:00,16:38:00,101,
2026.08.17 16:39:00,16:39:00,103,
2026.08.17 16:40:00,16:40:00,83,
2026.08.17 16:42:00,16:42:00,79,
2026.08.17 16:43:00,16:43:00,90,
2026.08.17 16:44:00,16:44:00,81,
2026.08.17 16:45:00,16:45:00,75,
2026.08.17 16:46:00,16:46:00,84,
2026.08.17 16:47:00,16:47:00,77,
2026.08.17 16:49:00,16:49:00,76,
2026.08.17 16:50:00,16:50:00,83,
2026.08.17 16:51:00,16:51:00,81,
2026.08.17 16:53:00,16:53:00,79,
2026.08.17 16:54:00,16:54:00,70,
2026.08.17 16:55:00,16:55:00,74,
2026.08.17 16:56:00,16:56:00,78,
2026.08.17 16:57:00,16:57:00,76,
2026.08.17 16:58:00,16:58:00,71,
2026.08.17 17:02:00,17:02:00,71,
2026.08.17 17:03:00,17:03:00,69,
2026.08.17 17:05:00,17:05:00,72,
2026.08.17 17:06:00,17:06:00,79,
2026.08.17 17:07:00,17:07:00,81,
2026.08.17 17:09:00,17:09:00,90,
2026.08.17 17:10:00,17:10:00,88,
2026.08.17 17:11:00,17:11:00,80,
2026.08.17 17:13:00,17:13:00,86,
2026.08.17 17:14:00,17:14:00,80,
2026.08.17 17:15:00,17:15:00,79,
2026.08.17 17:16:00,17:16:00,79,
2026.08.17 17:17:00,17:17:00,72,
2026.08.17 17:18:00,17:18:00,72,
2026.08.17 17:21:00,17:21:00,69,
2026.08.17 17:22:00,17:22:00,67,
2026.08.17 17:24:00,17:24:00,86,
2026.08.17 17:25:00,17:25:00,67,
2026.08.17 17:26:00,17:26:00,73,
2026.08.17 17:27:00,17:27:00,73,
2026.08.17 17:28:00,17:28:00,66,
2026.08.17 17:29:00,17:29:00,64,
2026.08.17 17:31:00,17:31:00,82,
2026.08.17 17:32:00,17:32:00,70,
2026.08.17 17:33:00,17:33:00,68,
2026.08.17 17:34:00,17:34:00,75,
2026.08.17 17:35:00,17:35:00,87,
2026.08.17 17:36:00,17:36:00,80,
2026.08.17 17:37:00,17:37:00,73,
2026.08.17 17:38:00,17:38:00,97,
2026.08.17 17:39:00,17:39:00,98,
2026.08.17 17:40:00,17:40:00,92,
2026.08.17 17:42:00,17:42:00,73,
2026.08.17 17:43:00,17:43:00,74,
2026.08.17 17:44:00,17:44:00,69,
2026.08.17 17:45:00,17:45:00,82,
2026.08.17 17:46:00,17:46:00,82,
2026.08.17 17:47:00,17:47:00,66,
2026.08.17 17:48:00,17:48:00,71,
2026.08.17 17:49:00,17:49:00,77,
2026.08.17 17:51:00,17:51:00,74,
2026.08.17 17:52:00,17:52:00,71,
2026.08.17 17:53:00,17:53:00,90,
2026.08.17 17:55:00,17:55:00,77,
2026.08.17 17:56:00,17:56:00,77,
2026.08.17 17:59:00,17:59:00,90,
2026.08.17 18:00:00,18:00:00,74,
2026.08.17 18:01:00,18:01:00,83,
2026.08.17 18:02:00,18:02:00,69,
2026.08.17 18:03:00,18:03:00,81,
2026.08.17 18:04:00,18:04:00,78,
2026.08.17 18:05:00,18:05:00,74,
2026.08.17 18:06:00,18:06:00,79,
2026.08.17 18:07:00,18:07:00,70,
2026.08.17 18:08:00,18:08:00,80,
2026.08.17 18:10:00,18:10:00,92,
2026.08.17 18:13:00,18:13:00,85,
2026.08.17 18:15:00,18:15:00,61,
2026.08.17 18:16:00,18:16:00,105,
2026.08.17 18:17:00,18:17:00,90,
2026.08.17 18:18:00,18:18:00,98,
2026.08.17 18:22:00,18:22:00,73,
2026.08.17 18:23:00,18:23:00,81,
2026.08.17 18:26:00,18:26:00,81,
2026.08.17 18:29:00,18:29:00,89,
2026.08.17 18:31:00,18:31:00,83,
2026.08.17 18:35:00,18:35:00,63,
2026.08.17 18:36:00,18:36:00,60,
2026.08.17 18:37:00,18:37:00,67,
2026.08.17 18:38:00,18:38:00,66,
2026.08.17 18:40:00,18:40:00,75,
2026.08.17 18:41:00,18:41:00,91,
2026.08.17 18:45:00,18:45:00,62,
2026.08.17 18:46:00,18:46:00,64,
2026.08.17 18:47:00,18:47:00,62,
2026.08.17 18:51:00,18:51:00,66,
2026.08.17 18:54:00,18:54:00,82,
2026.08.17 18:55:00,18:55:00,71,
2026.08.17 18:56:00,18:56:00,66,
2026.08.17 18:57:00,18:57:00,70,
2026.08.17 18:58:00,18:58:00,75,
2026.08.17 18:59:00,18:59:00,83,
2026.08.17 19:00:00,19:00:00,83,
2026.08.17 19:01:00,19:01:00,70,
2026.08.17 19:02:00,19:02:00,70,
2026.08.17 19:03:00,19:03:00,71,
2026.08.17 19:04:00,19:04:00,79,
2026.08.17 19:05:00,19:05:00,75,
2026.08.17 19:06:00,19:06:00,71,
2026.08.17 19:07:00,19:07:00,75,
2026.08.17 19:08:00,19:08:00,76,
2026.08.17 19:09:00,19:09:00,76,
2026.08.17 19:10:00,19:10:00,82,
2026.08.17 19:11:00,19:11:00,60,
2026.08.17 19:13:00,19:13:00,86,
2026.08.17 19:14:00,19:14:00,62,
2026.08.17 19:15:00,19:15:00,75,
2026.08.17 19:17:00,19:17:00,64,
2026.08.17 19:18:00,19:18:00,64,
2026.08.17 19:19:00,19:19:00,82,
2026.08.17 19:20:00,19:20:00,67,
2026.08.17 19:21:00,19:21:00,71,
2026.08.17 19:22:00,19:22:00,64,
2026.08.17 19:23:00,19:23:00,75,
2026.08.17 19:24:00,19:24:00,67,
2026.08.17 19:26:00,19:26:00,69,
2026.08.17 19:27:00,19:27:00,69,
2026.08.17 19:29:00,19:29:00,70,
2026.08.17 19:30:00,19:30:00,84,
2026.08.17 19:32:00,19:32:00,65,
2026.08.17 19:33:00,19:33:00,61,
2026.08.17 19:34:00,19:34:00,102,
2026.08.17 19:35:00,19:35:00,93,
2026.08.17 19:36:00,19:36:00,109,
2026.08.17 19:37:00,19:37:00,93,
2026.08.17 19:38:00,19:38:00,112,
2026.08.17 19:39:00,19:39:00,119,
2026.08.17 19:40:00,19:40:00,115,
2026.08.17 19:41:00,19:41:00,93,
2026.08.17 19:42:00,19:42:00,108,
2026.08.17 19:43:00,19:43:00,97,
2026.08.17 19:44:00,19:44:00,105,
2026.08.17 19:45:00,19:45:00,99,
2026.08.17 19:46:00,19:46:00,92,
2026.08.17 19:47:00,19:47:00,92,
2026.08.17 19:48:00,19:48:00,110,
2026.08.17 19:49:00,19:49:00,91,
2026.08.17 19:51:00,19:51:00,109,
2026.08.17 19:52:00,19:52:00,97,
2026.08.17 19:53:00,19:53:00,102,
2026.08.17 19:54:00,19:54:00,98,
2026.08.17 19:55:00,19:55:00,101,
2026.08.17 19:56:00,19:56:00,90,
2026.08.17 19:58:00,19:58:00,100,
2026.08.17 19:59:00,19:59:00,90,
2026.08.17 20:02:00,20:02:00,101,
2026.08.17 20:04:00,20:04:00,96,
2026.08.17 20:05:00,20:05:00,102,
2026.08.17 20:06:00,20:06:00,101,
2026.08.17 20:07:00,20:07:00,102,
2026.08.17 20:10:00,20:10:00,90,
2026.08.17 20:11:00,20:11:00,94,
2026.08.17 20:12:00,20:12:00,93,
2026.08.17 20:13:00,20:13:00,92,
2026.08.17 20:15:00,20:15:00,71,
2026.08.17 20:16:00,20:16:00,83,
2026.08.17 20:17:00,20:17:00,86,
2026.08.17 20:18:00,20:18:00,75,
2026.08.17 20:19:00,20:19:00,78,
2026.08.17 20:21:00,20:21:00,67,
2026.08.17 20:22:00,20:22:00,75,
2026.08.17 20:23:00,20:23:00,66,
2026.08.17 20:24:00,20:24:00,70,
2026.08.17 20:25:00,20:25:00,79,
2026.08.17 20:27:00,20:27:00,75,
2026.08.17 21:36:00,21:36:00,73,
2026.08.17 21:37:00,21:37:00,92,
2026.08.17 21:39:00,21:39:00,73,
2026.08.17 21:41:00,21:41:00,90,
2026.08.17 21:45:00,21:45:00,75,
2026.08.17 21:46:00,21:46:00,83,
2026.08.17 21:47:00,21:47:00,91,
2026.08.17 21:49:00,21:49:00,82,
2026.08.17 21:50:00,21:50:00,88,
2026.08.17 21:51:00,21:51:00,88,
2026.08.17 21:52:00,21:52:00,86,
2026.08.17 21:53:00,21:53:00,92,
2026.08.17 21:54:00,21:54:00,94,
2026.08.17 21:55:00,21:55:00,100,
2026.08.17 21:56:00,21:56:00,76,
2026.08.17 21:57:00,21:57:00,87,
2026.08.17 21:58:00,21:58:00,101,
2026.08.17 21:59:00,21:59:00,81,
2026.08.17 22:00:00,22:00:00,94,
2026.08.17 22:01:00,22:01:00,91,
2026.08.17 22:02:00,22:02:00,94,
2026.08.17 22:03:00,22:03:00,91,
2026.08.17 22:04:00,22:04:00,94,
2026.08.17 22:05:00,22:05:00,87,
2026.08.17 22:06:00,22:06:00,89,
2026.08.17 22:07:00,22:07:00,95,
2026.08.17 22:08:00,22:08:00,70,
2026.08.17 22:09:00,22:09:00,73,
2026.08.17 22:10:00,22:10:00,70,
2026.08.17 22:14:00,22:14:00,81,
2026.08.17 22:15:00,22:15:00,83,
2026.08.17 22:16:00,22:16:00,68,
2026.08.17 22:18:00,22:18:00,106,
2026.08.17 22:19:00,22:19:00,97,
2026.08.17 22:20:00,22:20:00,99,
2026.08.17 22:22:00,22:22:00,93,
2026.08.17 22:23:00,22:23:00,91,
2026.08.17 22:24:00,22:24:00,92,
2026.08.17 22:27:00,22:27:00,104,
2026.08.17 22:28:00,22:28:00,103,
2026.08.17 22:29:00,22:29:00,95,
2026.08.17 22:30:00,22:30:00,99,
2026.08.17 22:31:00,22:31:00,98,
2026.08.17 22:34:00,22:34:00,83,
2026.08.17 22:35:00,22:35:00,95,
2026.08.17 22:36:00,22:36:00,96,
2026.08.17 22:38:00,22:38:00,81,
2026.08.17 22:39:00,22:39:00,95,
2026.08.17 22:40:00,22:40:00,97,
2026.08.17 22:41:00,22:41:00,96,
2026.08.17 22:42:00,22:42:00,95,
2026.08.17 22:43:00,22:43:00,93,
2026.08.17 22:44:00,22:44:00,86,
2026.08.17 22:45:00,22:45:00,109,
2026.08.17 22:46:00,22:46:00,91,
2026.08.17 22:47:00,22:47:00,96,
2026.08.17 22:48:00,22:48:00,87,
2026.08.17 22:50:00,22:50:00,93,
2026.08.17 22:51:00,22:51:00,93,
2026.08.17 22:52:00,22:52:00,94,
2026.08.17 22:53:00,22:53:00,100,
2026.08.17 22:56:00,22:56:00,91,
2026.08.17 22:57:00,22:57:00,83,
2026.08.17 22:58:00,22:58:00,100,
2026.08.17 22:59:00,22:59:00,78,
2026.08.17 23:00:00,23:00:00,75,
2026.08.17 23:07:00,23:07:00,66,
2026.08.17 23:09:00,23:09:00,67,
2026.08.17 23:12:00,23:12:00,73,
2026.08.17 23:16:00,23:16:00,73,
2026.08.17 23:20:00,23:20:00,90,
2026.08.17 23:21:00,23:21:00,87,
2026.08.17 23:22:00,23:22:00,95,
2026.08.17 23:23:00,23:23:00,69,
2026.08.17 23:24:00,23:24:00,59,
2026.08.17 23:25:00,23:25:00,60,
2026.08.17 23:26:00,23:26:00,62,
2026.08.17 23:31:00,23:31:00,65,
2026.08.17 23:38:00,23:38:00,62,
2026.08.17 23:43:00,23:43:00,77,
2026.08.17 23:45:00,23:45:00,63,
2026.08.17 23:48:00,23:48:00,60,
2026.08.17 23:50:00,23:50:00,65,
2026.08.17 23:51:00,23:51:00,72,
2026.08.17 23:52:00,23:52:00,67,
2026.08.17 23:53:00,23:53:00,72,
2026.08.17 23:54:00,23:54:00,69,
2026.08.17 23:55:00,23:55:00,62,
2026.08.17 23:56:00,23:56:00,70,
2026.08.17 23:57:00,23:57:00,62,
2026.08.17 23:58:00,23:58:00,71,
2026.08.17 23:59:00,23:59:00,65,
2026.08.18 00:00:00,00:00:00,69,
2026.08.18 00:01:00,00:01:00,59,
2026.08.18 00:02:00,00:02:00,72,
2026.08.18 00:03:00,00:03:00,74,
2026.08.18 00:04:00,00:04:00,88,
2026.08.18 00:05:00,00:05:00,82,
2026.08.18 00:06:00,00:06:00,80,
2026.08.18 00:09:00,00:09:00,90,
2026.08.18 00:10:00,00:10:00,70,
2026.08.18 00:12:00,00:12:00,61,
2026.08.18 00:13:00,00:13:00,58,
2026.08.18 00:14:00,00:14:00,66,
2026.08.18 00:16:00,00:16:00,91,
2026.08.18 00:17:00,00:17:00,94,
2026.08.18 00:18:00,00:18:00,59,
2026.08.18 00:21:00,00:21:00,81,
2026.08.18 00:24:00,00:24:00,81,
2026.08.18 00:26:00,00:26:00,85,
2026.08.18 00:27:00,00:27:00,86,
2026.08.18 00:28:00,00:28:00,67,
2026.08.18 00:30:00,00:30:00,53,
2026.08.18 00:31:00,00:31:00,85,
2026.08.18 00:34:00,00:34:00,83,
2026.08.18 00:35:00,00:35:00,101,
2026.08.18 00:40:00,00:40:00,58,
2026.08.18 00:41:00,00:41:00,60,
2026.08.18 00:42:00,00:42:00,58,
2026.08.18 00:45:00,00:45:00,49,
2026.08.18 00:50:00,00:50:00,59,
2026.08.18 00:51:00,00:51:00,58,
2026.08.18 00:55:00,00:55:00,60,
2026.08.18 01:00:00,01:00:00,59,
2026.08.18 01:01:00,01:01:00,55,
2026.08.18 01:05:00,01:05:00,56,
2026.08.18 01:11:00,01:11:00,58,
2026.08.18 01:12:00,01:12:00,58,
2026.08.18 01:15:00,01:15:00,82,
2026.08.18 01:16:00,01:16:00,67,
2026.08.18 01:18:00,01:18:00,66,
2026.08.18 01:20:00,01:20:00,52,
2026.08.18 01:21:00,01:21:00,53,
2026.08.18 01:30:00,01:30:00,51,
2026.08.18 01:31:00,01:31:00,56,
2026.08.18 01:40:00,01:40:00,44,
2026.08.18 01:41:00,01:41:00,50,
2026.08.18 01:50:00,01:50:00,54,
2026.08.18 01:51:00,01:51:00,53,
2026.08.18 02:00:00,02:00:00,54,
2026.08.18 02:01:00,02:01:00,53,
2026.08.18 02:10:00,02:10:00,48,
2026.08.18 02:11:00,02:11:00,48,
2026.08.18 02:20:00,02:20:00,57,
2026.08.18 02:21:00,02:21:00,53,
2026.08.18 02:30:00,02:30:00,54,
2026.08.18 02:31:00,02:31:00,55,
2026.08.18 02:40:00,02:40:00,56,
2026.08.18 02:41:00,02:41:00,57,
2026.08.18 02:50:00,02:50:00,53,
2026.08.18 02:51:00,02:51:00,54,
2026.08.18 03:00:00,03:00:00,55,
2026.08.18 03:01:00,03:01:00,56,
2026.08.18 03:10:00,03:10:00,48,
2026.08.18 03:11:00,03:11:00,49,
2026.08.18 03:20:00,03:20:00,45,
2026.08.18 03:21:00,03:21:00,45,
2026.08.18 03:30:00,03:30:00,50,
2026.08.18 03:31:00,03:31:00,50,
2026.08.18 03:40:00,03:40:00,49,
2026.08.18 03:50:00,03:50:00,50,
2026.08.18 04:00:00,04:00:00,57,
2026.08.18 04:10:00,04:10:00,49,
2026.08.18 04:20:00,04:20:00,50,
2026.08.18 04:30:00,04:30:00,50,
2026.08.18 04:37:00,04:37:00,84,
2026.08.18 04:38:00,04:38:00,65,
2026.08.18 04:39:00,04:39:00,55,
2026.08.18 04:40:00,04:40:00,79,
2026.08.18 04:41:00,04:41:00,87,
2026.08.18 04:42:00,04:42:00,84,
2026.08.18 04:43:00,04:43:00,73,
2026.08.18 04:44:00,04:44:00,74,
2026.08.18 04:47:00,04:47:00,72,
2026.08.18 04:51:00,04:51:00,50,
2026.08.18 04:57:00,04:57:00,85,
2026.08.18 04:59:00,04:59:00,62,
2026.08.18 05:03:00,05:03:00,81,
2026.08.18 05:07:00,05:07:00,77,
2026.08.18 05:08:00,05:08:00,82,
2026.08.18 05:11:00,05:11:00,83,
2026.08.18 05:14:00,05:14:00,75,
2026.08.18 05:17:00,05:17:00,76,
2026.08.18 05:23:00,05:23:00,52,
2026.08.18 05:26:00,05:26:00,54,
2026.08.18 05:27:00,05:27:00,54,
2026.08.18 05:30:00,05:30:00,48,
2026.08.18 05:31:00,05:31:00,52,
2026.08.18 05:32:00,05:32:00,55,
2026.08.18 05:40:00,05:40:00,56,
2026.08.18 05:41:00,05:41:00,55,
2026.08.18 05:50:00,05:50:00,51,
2026.08.18 05:51:00,05:51:00,50,
2026.08.18 06:00:00,06:00:00,49,
2026.08.18 06:01:00,06:01:00,48,
2026.08.18 06:03:00,06:03:00,63,
2026.08.18 06:07:00,06:07:00,67,
2026.08.18 06:10:00,06:10:00,53,
2026.08.18 06:11:00,06:11:00,52,
2026.08.18 06:12:00,06:12:00,85,
2026.08.18 06:20:00,06:20:00,49,
2026.08.18 06:21:00,06:21:00,50,
2026.08.18 06:22:00,06:22:00,81,
2026.08.18 06:30:00,06:30:00,54,
2026.08.18 06:31:00,06:31:00,78,
2026.08.18 06:40:00,06:40:00,48,
2026.08.18 06:41:00,06:41:00,49,
2026.08.18 06:45:00,06:45:00,85,
2026.08.18 06:50:00,06:50:00,55,
2026.08.18 06:51:00,06:51:00,52,
2026.08.18 06:59:00,06:59:00,85,
2026.08.18 07:00:00,07:00:00,50,
2026.08.18 07:01:00,07:01:00,51,
2026.08.18 07:09:00,07:09:00,49,
2026.08.18 07:10:00,07:10:00,85,
2026.08.18 07:11:00,07:11:00,95,
2026.08.18 07:12:00,07:12:00,110,
2026.08.18 07:13:00,07:13:00,112,
2026.08.18 07:18:00,07:18:00,92,
2026.08.18 07:19:00,07:19:00,115,
2026.08.18 07:20:00,07:20:00,89,
2026.08.18 07:26:00,07:26:00,88,
2026.08.18 07:30:00,07:30:00,85,
2026.08.18 07:31:00,07:31:00,93,
2026.08.18 07:32:00,07:32:00,83,
2026.08.18 07:35:00,07:35:00,66,
2026.08.18 07:43:00,07:43:00,89,
2026.08.18 07:44:00,07:44:00,89,
2026.08.18 07:45:00,07:45:00,79,
2026.08.18 07:46:00,07:46:00,94,
2026.08.18 07:47:00,07:47:00,106,
2026.08.18 07:48:00,07:48:00,73,
2026.08.18 07:49:00,07:49:00,87,
2026.08.18 07:50:00,07:50:00,94,
2026.08.18 07:52:00,07:52:00,82,
2026.08.18 07:53:00,07:53:00,93,
2026.08.18 07:54:00,07:54:00,89,
2026.08.18 07:55:00,07:55:00,87,
2026.08.18 07:56:00,07:56:00,92,
2026.08.18 07:57:00,07:57:00,87,
2026.08.18 07:58:00,07:58:00,91,
2026.08.18 07:59:00,07:59:00,86,
2026.08.18 08:00:00,08:00:00,88,
2026.08.18 08:02:00,08:02:00,91,
2026.08.18 08:03:00,08:03:00,92,
2026.08.18 08:04:00,08:04:00,93,
2026.08.18 08:05:00,08:05:00,100,
2026.08.18 08:06:00,08:06:00,77,
2026.08.18 08:07:00,08:07:00,77,
2026.08.18 08:10:00,08:10:00,93,
2026.08.18 08:11:00,08:11:00,91,
2026.08.18 08:13:00,08:13:00,108,
2026.08.18 08:14:00,08:14:00,104,
2026.08.18 08:15:00,08:15:00,108,
2026.08.18 08:16:00,08:16:00,107,
2026.08.18 08:17:00,08:17:00,96,
2026.08.18 08:21:00,08:21:00,94,
2026.08.18 08:28:00,08:28:00,96,
2026.08.18 08:29:00,08:29:00,111,
2026.08.18 08:30:00,08:30:00,106,
2026.08.18 08:31:00,08:31:00,111,
2026.08.18 08:32:00,08:32:00,114,
2026.08.18 08:33:00,08:33:00,116,
2026.08.18 08:34:00,08:34:00,100,
2026.08.18 08:35:00,08:35:00,108,
2026.08.18 08:36:00,08:36:00,99,
2026.08.18 08:37:00,08:37:00,102,
2026.08.18 08:38:00,08:38:00,101,
2026.08.18 08:39:00,08:39:00,105,
2026.08.18 08:40:00,08:40:00,100,
2026.08.18 08:41:00,08:41:00,100,
2026.08.18 08:42:00,08:42:00,101,
2026.08.18 08:43:00,08:43:00,109,
2026.08.18 08:44:00,08:44:00,94,
2026.08.18 08:48:00,08:48:00,95,
2026.08.18 08:49:00,08:49:00,83,
2026.08.18 08:53:00,08:53:00,94,
2026.08.18 08:54:00,08:54:00,95,
2026.08.18 08:55:00,08:55:00,91,
2026.08.18 08:56:00,08:56:00,95,
2026.08.18 08:57:00,08:57:00,100,
2026.08.18 08:58:00,08:58:00,95,
2026.08.18 08:59:00,08:59:00,95,
2026.08.18 09:00:00,09:00:00,86,
2026.08.18 09:01:00,09:01:00,110,
2026.08.18 09:02:00,09:02:00,95,
2026.08.18 09:05:00,09:05:00,98,
2026.08.18 09:06:00,09:06:00,118,
2026.08.18 09:07:00,09:07:00,133,
2026.08.18 09:08:00,09:08:00,133,
2026.08.18 09:09:00,09:09:00,145,
2026.08.18 09:10:00,09:10:00,139,
2026.08.18 09:11:00,09:11:00,137,
2026.08.18 09:12:00,09:12:00,124,
2026.08.18 09:13:00,09:13:00,124,
2026.08.18 09:14:00,09:14:00,138,
2026.08.18 09:15:00,09:15:00,156,
2026.08.18 09:16:00,09:16:00,165,
2026.08.18 09:17:00,09:17:00,132,
2026.08.18 09:18:00,09:18:00,136,
2026.08.18 09:19:00,09:19:00,109,
2026.08.18 09:20:00,09:20:00,118,
2026.08.18 09:21:00,09:21:00,105,
2026.08.18 09:22:00,09:22:00,95,
2026.08.18 09:24:00,09:24:00,95,
2026.08.18 09:25:00,09:25:00,90,
2026.08.18 09:26:00,09:26:00,94,
2026.08.18 09:29:00,09:29:00,96,
2026.08.18 09:30:00,09:30:00,91,
2026.08.18 09:31:00,09:31:00,92,
2026.08.18 09:32:00,09:32:00,88,
2026.08.18 09:33:00,09:33:00,75,
2026.08.18 09:34:00,09:34:00,76,
2026.08.18 09:35:00,09:35:00,87,
2026.08.18 09:36:00,09:36:00,80,
2026.08.18 09:40:00,09:40:00,79,
2026.08.18 09:41:00,09:41:00,82,
2026.08.18 09:43:00,09:43:00,80,
2026.08.18 09:44:00,09:44:00,88,
2026.08.18 09:45:00,09:45:00,77,
2026.08.18 09:46:00,09:46:00,84,
2026.08.18 09:49:00,09:49:00,85,
2026.08.18 09:50:00,09:50:00,86,
2026.08.18 09:53:00,09:53:00,83,
2026.08.18 09:54:00,09:54:00,75,
2026.08.18 09:55:00,09:55:00,81,
2026.08.18 09:59:00,09:59:00,78,
2026.08.18 10:01:00,10:01:00,66,
2026.08.18 10:03:00,10:03:00,84,
2026.08.18 10:04:00,10:04:00,80,
2026.08.18 10:05:00,10:05:00,85,
2026.08.18 10:13:00,10:13:00,78,
2026.08.18 10:15:00,10:15:00,90,
2026.08.18 10:16:00,10:16:00,82,
2026.08.18 10:17:00,10:17:00,81,
2026.08.18 10:18:00,10:18:00,82,
2026.08.18 10:19:00,10:19:00,83,
2026.08.18 10:21:00,10:21:00,80,
2026.08.18 10:22:00,10:22:00,85,
2026.08.18 10:23:00,10:23:00,82,
2026.08.18 10:24:00,10:24:00,81,
2026.08.18 10:25:00,10:25:00,85,
2026.08.18 10:26:00,10:26:00,86,
2026.08.18 10:28:00,10:28:00,85,
2026.08.18 10:29:00,10:29:00,82,
2026.08.18 10:31:00,10:31:00,82,
2026.08.18 10:33:00,10:33:00,77,
2026.08.18 10:35:00,10:35:00,78,
2026.08.18 10:36:00,10:36:00,79,
2026.08.18 10:37:00,10:37:00,81,
2026.08.18 10:38:00,10:38:00,83,
2026.08.18 10:40:00,10:40:00,81,
2026.08.18 10:41:00,10:41:00,79,
2026.08.18 10:44:00,10:44:00,82,
2026.08.18 10:45:00,10:45:00,77,
2026.08.18 10:46:00,10:46:00,75,
2026.08.18 10:47:00,10:47:00,74,
2026.08.18 10:48:00,10:48:00,74,
2026.08.18 10:51:00,10:51:00,65,
2026.08.18 10:52:00,10:52:00,78,
2026.08.18 10:53:00,10:53:00,81,
2026.08.18 10:54:00,10:54:00,80,
2026.08.18 10:56:00,10:56:00,74,
2026.08.18 10:57:00,10:57:00,88,
2026.08.18 10:58:00,10:58:00,83,
2026.08.18 11:05:00,11:05:00,84,
2026.08.18 11:06:00,11:06:00,92,
2026.08.18 11:07:00,11:07:00,95,
2026.08.18 11:08:00,11:08:00,91,
2026.08.18 11:09:00,11:09:00,86,
2026.08.18 11:11:00,11:11:00,80,
2026.08.18 11:12:00,11:12:00,61,
2026.08.18 11:13:00,11:13:00,64,
2026.08.18 11:15:00,11:15:00,86,
2026.08.18 11:16:00,11:16:00,69,
2026.08.18 11:17:00,11:17:00,78,
2026.08.18 11:18:00,11:18:00,73,
2026.08.18 11:20:00,11:20:00,66,
2026.08.18 11:21:00,11:21:00,71,
2026.08.18 11:22:00,11:22:00,74,
2026.08.18 11:23:00,11:23:00,72,
2026.08.18 11:24:00,11:24:00,74,
2026.08.18 11:26:00,11:26:00,67,
2026.08.18 11:28:00,11:28:00,77,
2026.08.18 11:29:00,11:29:00,71,
2026.08.18 11:30:00,11:30:00,77,
2026.08.18 11:31:00,11:31:00,73,
2026.08.18 11:32:00,11:32:00,64,
2026.08.18 11:33:00,11:33:00,62,
2026.08.18 11:35:00,11:35:00,69,
2026.08.18 11:36:00,11:36:00,78,
2026.08.18 11:37:00,11:37:00,66,
2026.08.18 11:38:00,11:38:00,69,
2026.08.18 11:40:00,11:40:00,69,
2026.08.18 11:41:00,11:41:00,73,
2026.08.18 11:42:00,11:42:00,74,
2026.08.18 11:43:00,11:43:00,70,
2026.08.18 11:44:00,11:44:00,89,
2026.08.18 11:45:00,11:45:00,70,
2026.08.18 11:46:00,11:46:00,87,
2026.08.18 11:47:00,11:47:00,72,
2026.08.18 11:48:00,11:48:00,73,
2026.08.18 11:51:00,11:51:00,84,
2026.08.18 11:52:00,11:52:00,64,
2026.08.18 11:53:00,11:53:00,83,
2026.08.18 11:54:00,11:54:00,67,
2026.08.18 11:55:00,11:55:00,80,
2026.08.18 11:56:00,11:56:00,75,
2026.08.18 11:57:00,11:57:00,70,
2026.08.18 11:58:00,11:58:00,74,
2026.08.18 11:59:00,11:59:00,81,
2026.08.18 12:00:00,12:00:00,65,
2026.08.18 12:02:00,12:02:00,94,
2026.08.18 12:03:00,12:03:00,90,
2026.08.18 12:04:00,12:04:00,85,
2026.08.18 12:05:00,12:05:00,92,
2026.08.18 12:06:00,12:06:00,93,
2026.08.18 12:07:00,12:07:00,94,
2026.08.18 12:11:00,12:11:00,99,
2026.08.18 12:12:00,12:12:00,129,
2026.08.18 12:13:00,12:13:00,132,
2026.08.18 12:14:00,12:14:00,108,
2026.08.18 12:15:00,12:15:00,96,
2026.08.18 12:22:00,12:22:00,82,
2026.08.18 12:23:00,12:23:00,82,
2026.08.18 12:24:00,12:24:00,91,
2026.08.18 12:25:00,12:25:00,85,
2026.08.18 12:29:00,12:29:00,81,
2026.08.18 12:33:00,12:33:00,83,
2026.08.18 12:35:00,12:35:00,79,
2026.08.18 12:44:00,12:44:00,77,
2026.08.18 12:45:00,12:45:00,87,
2026.08.18 12:47:00,12:47:00,88,
2026.08.18 12:48:00,12:48:00,82,
2026.08.18 12:51:00,12:51:00,90,
2026.08.18 12:52:00,12:52:00,116,
2026.08.18 12:53:00,12:53:00,118,
2026.08.18 12:54:00,12:54:00,106,
2026.08.18 12:55:00,12:55:00,109,
2026.08.18 12:56:00,12:56:00,104,
2026.08.18 12:57:00,12:57:00,106,
2026.08.18 12:58:00,12:58:00,109,
2026.08.18 12:59:00,12:59:00,111,
2026.08.18 13:00:00,13:00:00,108,
2026.08.18 13:01:00,13:01:00,103,
2026.08.18 13:02:00,13:02:00,102,
2026.08.18 13:04:00,13:04:00,111,
2026.08.18 13:05:00,13:05:00,104,
2026.08.18 13:06:00,13:06:00,104,
2026.08.18 13:07:00,13:07:00,111,
2026.08.18 13:08:00,13:08:00,93,
2026.08.18 13:09:00,13:09:00,92,
2026.08.18 13:11:00,13:11:00,89,
2026.08.18 13:12:00,13:12:00,96,
2026.08.18 13:13:00,13:13:00,89,
2026.08.18 13:14:00,13:14:00,86,
2026.08.18 13:16:00,13:16:00,89,
2026.08.18 13:17:00,13:17:00,103,
2026.08.18 13:18:00,13:18:00,96,
2026.08.18 13:19:00,13:19:00,95,
2026.08.18 13:20:00,13:20:00,94,
2026.08.18 13:21:00,13:21:00,92,
2026.08.18 13:22:00,13:22:00,103,
2026.08.18 13:23:00,13:23:00,115,
2026.08.18 13:24:00,13:24:00,120,
2026.08.18 13:25:00,13:25:00,122,
2026.08.18 13:26:00,13:26:00,121,
2026.08.18 13:27:00,13:27:00,121,
2026.08.18 13:28:00,13:28:00,126,
2026.08.18 13:29:00,13:29:00,132,
2026.08.18 13:30:00,13:30:00,128,
2026.08.18 13:31:00,13:31:00,117,
2026.08.18 13:32:00,13:32:00,82,
2026.08.18 13:33:00,13:33:00,89,
2026.08.18 13:34:00,13:34:00,90,
2026.08.18 13:35:00,13:35:00,88,
2026.08.18 13:36:00,13:36:00,94,
2026.08.18 13:38:00,13:38:00,89,
2026.08.18 13:40:00,13:40:00,92,
2026.08.18 13:41:00,13:41:00,90,
2026.08.18 13:44:00,13:44:00,84,
2026.08.18 13:47:00,13:47:00,79,
2026.08.18 13:48:00,13:48:00,78,
2026.08.18 13:49:00,13:49:00,83,
2026.08.18 13:50:00,13:50:00,86,
2026.08.18 13:52:00,13:52:00,84,
2026.08.18 13:54:00,13:54:00,91,
2026.08.18 13:55:00,13:55:00,91,
2026.08.18 13:56:00,13:56:00,88,
2026.08.18 13:57:00,13:57:00,86,
2026.08.18 13:58:00,13:58:00,94,
2026.08.18 13:59:00,13:59:00,87,
2026.08.18 14:00:00,14:00:00,93,
2026.08.18 14:01:00,14:01:00,92,
2026.08.18 14:02:00,14:02:00,86,
2026.08.18 14:04:00,14:04:00,85,
2026.08.18 14:06:00,14:06:00,88,
2026.08.18 14:07:00,14:07:00,91,
2026.08.18 14:08:00,14:08:00,96,
2026.08.18 14:10:00,14:10:00,89,
2026.08.18 14:11:00,14:11:00,80,
2026.08.18 14:12:00,14:12:00,80,
2026.08.18 14:13:00,14:13:00,83,
2026.08.18 14:18:00,14:18:00,79,
2026.08.18 14:20:00,14:20:00,85,
2026.08.18 14:21:00,14:21:00,77,
2026.08.18 14:22:00,14:22:00,79,
2026.08.18 14:23:00,14:23:00,74,
2026.08.18 14:25:00,14:25:00,81,
2026.08.18 14:26:00,14:26:00,82,
2026.08.18 14:27:00,14:27:00,86,
2026.08.18 14:29:00,14:29:00,81,
2026.08.18 14:30:00,14:30:00,81,
2026.08.18 14:31:00,14:31:00,90,
2026.08.18 14:33:00,14:33:00,87,
2026.08.18 14:34:00,14:34:00,87,
2026.08.18 14:36:00,14:36:00,70,
2026.08.18 14:37:00,14:37:00,78,
2026.08.18 14:38:00,14:38:00,78,
2026.08.18 14:39:00,14:39:00,74,
2026.08.18 14:40:00,14:40:00,88,
2026.08.18 14:41:00,14:41:00,85,
2026.08.18 14:42:00,14:42:00,87,
2026.08.18 14:45:00,14:45:00,81,
2026.08.18 14:48:00,14:48:00,67,
2026.08.18 14:49:00,14:49:00,84,
2026.08.18 14:50:00,14:50:00,78,
2026.08.18 14:53:00,14:53:00,75,
2026.08.18 14:54:00,14:54:00,93,
2026.08.18 14:55:00,14:55:00,71,
2026.08.18 14:56:00,14:56:00,87,
2026.08.18 14:57:00,14:57:00,80,
2026.08.18 14:58:00,14:58:00,92,
2026.08.18 15:02:00,15:02:00,77,
2026.08.18 15:03:00,15:03:00,74,
2026.08.18 15:06:00,15:06:00,78,
2026.08.18 15:07:00,15:07:00,87,
2026.08.18 15:08:00,15:08:00,83,
2026.08.18 15:09:00,15:09:00,84,
2026.08.18 15:12:00,15:12:00,76,
2026.08.18 15:13:00,15:13:00,70,
2026.08.18 15:14:00,15:14:00,80,
2026.08.18 15:15:00,15:15:00,86,
2026.08.18 15:16:00,15:16:00,77,
2026.08.18 15:19:00,15:19:00,79,
2026.08.18 15:20:00,15:20:00,76,
2026.08.18 15:21:00,15:21:00,80,
2026.08.18 15:22:00,15:22:00,85,
2026.08.18 15:23:00,15:23:00,83,
2026.08.18 15:24:00,15:24:00,78,
2026.08.18 15:25:00,15:25:00,82,
2026.08.18 15:26:00,15:26:00,77,
2026.08.18 15:27:00,15:27:00,69,
2026.08.18 15:28:00,15:28:00,74,
2026.08.18 15:29:00,15:29:00,87,
2026.08.18 15:30:00,15:30:00,93,
2026.08.18 15:31:00,15:31:00,81,
2026.08.18 15:32:00,15:32:00,63,
2026.08.18 15:33:00,15:33:00,92,
2026.08.18 15:34:00,15:34:00,85,
2026.08.18 15:35:00,15:35:00,77,
2026.08.18 15:36:00,15:36:00,78,
2026.08.18 15:37:00,15:37:00,95,
2026.08.18 15:38:00,15:38:00,104,
2026.08.18 15:39:00,15:39:00,83,
2026.08.18 15:40:00,15:40:00,91,
2026.08.18 15:41:00,15:41:00,76,
2026.08.18 15:42:00,15:42:00,79,
2026.08.18 15:44:00,15:44:00,86,
2026.08.18 15:45:00,15:45:00,89,
2026.08.18 15:46:00,15:46:00,79,
2026.08.18 15:47:00,15:47:00,87,
2026.08.18 15:48:00,15:48:00,90,
2026.08.18 15:49:00,15:49:00,73,
2026.08.18 15:50:00,15:50:00,74,
2026.08.18 15:51:00,15:51:00,70,
2026.08.18 15:53:00,15:53:00,61,
2026.08.18 15:54:00,15:54:00,91,
2026.08.18 15:55:00,15:55:00,72,
2026.08.18 15:56:00,15:56:00,69,
2026.08.18 15:57:00,15:57:00,71,
2026.08.18 15:58:00,15:58:00,74,
2026.08.18 15:59:00,15:59:00,73,
2026.08.18 16:00:00,16:00:00,84,
2026.08.18 16:02:00,16:02:00,76,
2026.08.18 16:03:00,16:03:00,68,
2026.08.18 16:04:00,16:04:00,85,
2026.08.18 16:05:00,16:05:00,73,
2026.08.18 16:11:00,16:11:00,74,
2026.08.18 16:12:00,16:12:00,74,
2026.08.18 16:14:00,16:14:00,91,
2026.08.18 16:15:00,16:15:00,95,
2026.08.18 16:16:00,16:16:00,77,
2026.08.18 16:17:00,16:17:00,89,
2026.08.18 16:18:00,16:18:00,88,
2026.08.18 16:20:00,16:20:00,84,
2026.08.18 16:21:00,16:21:00,85,
2026.08.18 16:22:00,16:22:00,76,
2026.08.18 16:23:00,16:23:00,79,
2026.08.18 16:24:00,16:24:00,86,
2026.08.18 16:25:00,16:25:00,87,
2026.08.18 16:26:00,16:26:00,80,
2026.08.18 16:27:00,16:27:00,85,
2026.08.18 16:28:00,16:28:00,85,
2026.08.18 16:33:00,16:33:00,82,
2026.08.18 16:34:00,16:34:00,87,
2026.08.18 16:35:00,16:35:00,82,
2026.08.18 16:36:00,16:36:00,69,
2026.08.18 16:37:00,16:37:00,78,
2026.08.18 16:38:00,16:38:00,81,
2026.08.18 16:39:00,16:39:00,89,
2026.08.18 16:40:00,16:40:00,89,
2026.08.18 16:42:00,16:42:00,88,
2026.08.18 16:44:00,16:44:00,86,
2026.08.18 16:45:00,16:45:00,103,
2026.08.18 16:46:00,16:46:00,71,
2026.08.18 16:47:00,16:47:00,79,
2026.08.18 16:48:00,16:48:00,79,
2026.08.18 16:49:00,16:49:00,87,
2026.08.18 16:51:00,16:51:00,81,
2026.08.18 16:52:00,16:52:00,85,
2026.08.18 16:55:00,16:55:00,87,
2026.08.18 16:56:00,16:56:00,84,
2026.08.18 16:57:00,16:57:00,83,
2026.08.18 16:58:00,16:58:00,84,
2026.08.18 16:59:00,16:59:00,86,
2026.08.18 17:00:00,17:00:00,84,
2026.08.18 17:01:00,17:01:00,74,
2026.08.18 17:02:00,17:02:00,73,
2026.08.18 17:04:00,17:04:00,72,
2026.08.18 17:05:00,17:05:00,102,
2026.08.18 17:07:00,17:07:00,95,
2026.08.18 17:08:00,17:08:00,103,
2026.08.18 17:09:00,17:09:00,102,
2026.08.18 17:10:00,17:10:00,92,
2026.08.18 17:12:00,17:12:00,98,
2026.08.18 17:13:00,17:13:00,89,
2026.08.18 17:14:00,17:14:00,87,
2026.08.18 17:15:00,17:15:00,94,
2026.08.18 17:18:00,17:18:00,71,
2026.08.18 17:20:00,17:20:00,83,
2026.08.18 17:21:00,17:21:00,76,
2026.08.18 17:22:00,17:22:00,81,
2026.08.18 17:23:00,17:23:00,82,
2026.08.18 17:24:00,17:24:00,72,
2026.08.18 17:25:00,17:25:00,80,
2026.08.18 17:26:00,17:26:00,82,
2026.08.18 17:27:00,17:27:00,75,
2026.08.18 17:28:00,17:28:00,78,
2026.08.18 17:29:00,17:29:00,82,
2026.08.18 17:30:00,17:30:00,73,
2026.08.18 17:31:00,17:31:00,85,
2026.08.18 17:32:00,17:32:00,70,
2026.08.18 17:33:00,17:33:00,83,
2026.08.18 17:34:00,17:34:00,89,
2026.08.18 17:36:00,17:36:00,80,
2026.08.18 17:37:00,17:37:00,87,
2026.08.18 17:38:00,17:38:00,84,
2026.08.18 17:44:00,17:44:00,70,
2026.08.18 17:46:00,17:46:00,90,
2026.08.18 17:47:00,17:47:00,77,
2026.08.18 17:48:00,17:48:00,84,
2026.08.18 17:49:00,17:49:00,90,
2026.08.18 17:54:00,17:54:00,83,
2026.08.18 17:56:00,17:56:00,80,
2026.08.18 17:57:00,17:57:00,85,
2026.08.18 17:58:00,17:58:00,74,
2026.08.18 18:02:00,18:02:00,74,
2026.08.18 18:03:00,18:03:00,85,
2026.08.18 18:04:00,18:04:00,72,
2026.08.18 18:07:00,18:07:00,73,
2026.08.18 18:08:00,18:08:00,71,
2026.08.18 18:09:00,18:09:00,90,
2026.08.18 18:10:00,18:10:00,81,
2026.08.18 18:11:00,18:11:00,82,
2026.08.18 18:13:00,18:13:00,72,
2026.08.18 18:14:00,18:14:00,65,
2026.08.18 18:15:00,18:15:00,65,
2026.08.18 18:16:00,18:16:00,78,
2026.08.18 18:18:00,18:18:00,72,
2026.08.18 18:19:00,18:19:00,62,
2026.08.18 18:22:00,18:22:00,89,
2026.08.18 18:23:00,18:23:00,67,
2026.08.18 18:26:00,18:26:00,102,
2026.08.18 18:27:00,18:27:00,60,
2026.08.18 18:29:00,18:29:00,69,
2026.08.18 18:32:00,18:32:00,65,
2026.08.18 18:35:00,18:35:00,65,
2026.08.18 18:36:00,18:36:00,78,
2026.08.18 18:38:00,18:38:00,80,
2026.08.18 18:39:00,18:39:00,91,
2026.08.18 18:40:00,18:40:00,97,
2026.08.18 18:41:00,18:41:00,105,
2026.08.18 18:42:00,18:42:00,55,
2026.08.18 18:44:00,18:44:00,89,
2026.08.18 18:45:00,18:45:00,67,
2026.08.18 18:46:00,18:46:00,82,
2026.08.18 18:48:00,18:48:00,62,
2026.08.18 18:49:00,18:49:00,62,
2026.08.18 18:50:00,18:50:00,65,
2026.08.18 18:52:00,18:52:00,67,
2026.08.18 18:54:00,18:54:00,78,
2026.08.18 18:55:00,18:55:00,66,
2026.08.18 18:56:00,18:56:00,63,
2026.08.18 18:57:00,18:57:00,64,
2026.08.18 18:58:00,18:58:00,66,
2026.08.18 18:59:00,18:59:00,69,
2026.08.18 19:00:00,19:00:00,65,
2026.08.18 19:01:00,19:01:00,66,
2026.08.18 19:02:00,19:02:00,67,
2026.08.18 19:03:00,19:03:00,65,
2026.08.18 19:04:00,19:04:00,62,
2026.08.18 19:05:00,19:05:00,66,
2026.08.18 19:06:00,19:06:00,70,
2026.08.18 19:08:00,19:08:00,66,
2026.08.18 19:09:00,19:09:00,77,
2026.08.18 19:10:00,19:10:00,64,
2026.08.18 19:11:00,19:11:00,67,
2026.08.18 19:12:00,19:12:00,65,
2026.08.18 19:13:00,19:13:00,67,
2026.08.18 19:14:00,19:14:00,66,
2026.08.18 19:15:00,19:15:00,58,
2026.08.18 19:16:00,19:16:00,59,
2026.08.18 19:17:00,19:17:00,77,
2026.08.18 19:18:00,19:18:00,61,
2026.08.18 19:19:00,19:19:00,83,
2026.08.18 19:21:00,19:21:00,87,
2026.08.18 19:24:00,19:24:00,91,
2026.08.18 19:28:00,19:28:00,77,
2026.08.18 19:32:00,19:32:00,79,
2026.08.18 19:33:00,19:33:00,80,
2026.08.18 19:34:00,19:34:00,81,
2026.08.18 19:35:00,19:35:00,78,
2026.08.18 19:36:00,19:36:00,84,
2026.08.18 19:37:00,19:37:00,77,
2026.08.18 19:38:00,19:38:00,73,
2026.08.18 19:39:00,19:39:00,75,
2026.08.18 19:41:00,19:41:00,69,
2026.08.18 19:42:00,19:42:00,81,
2026.08.18 19:43:00,19:43:00,79,
2026.08.18 19:44:00,19:44:00,75,
2026.08.18 19:48:00,19:48:00,67,
2026.08.18 19:49:00,19:49:00,90,
2026.08.18 19:51:00,19:51:00,75,
2026.08.18 19:52:00,19:52:00,80,
2026.08.18 19:56:00,19:56:00,82,
2026.08.18 19:58:00,19:58:00,61,
2026.08.18 20:00:00,20:00:00,95,
2026.08.18 20:02:00,20:02:00,72,
2026.08.18 20:03:00,20:03:00,81,
2026.08.18 20:04:00,20:04:00,80,
2026.08.18 20:05:00,20:05:00,81,
2026.08.18 20:06:00,20:06:00,71,
2026.08.18 20:07:00,20:07:00,86,
2026.08.18 20:08:00,20:08:00,70,
2026.08.18 20:09:00,20:09:00,72,
2026.08.18 20:10:00,20:10:00,83,
2026.08.18 20:11:00,20:11:00,82,
2026.08.18 20:12:00,20:12:00,71,
2026.08.18 20:13:00,20:13:00,74,
2026.08.18 20:14:00,20:14:00,59,
2026.08.18 20:15:00,20:15:00,70,
2026.08.18 20:16:00,20:16:00,79,
2026.08.18 20:18:00,20:18:00,83,
2026.08.18 20:19:00,20:19:00,81,
2026.08.18 20:21:00,20:21:00,88,
2026.08.18 20:22:00,20:22:00,86,
2026.08.18 20:23:00,20:23:00,78,
2026.08.18 20:25:00,20:25:00,76,
2026.08.18 20:26:00,20:26:00,78,
2026.08.18 20:27:00,20:27:00,79,
2026.08.18 20:30:00,20:30:00,78,
2026.08.18 20:31:00,20:31:00,85,
2026.08.18 20:32:00,20:32:00,58,
2026.08.18 20:33:00,20:33:00,94,
2026.08.18 20:35:00,20:35:00,83,
2026.08.18 20:36:00,20:36:00,73,
2026.08.18 20:37:00,20:37:00,75,
2026.08.18 20:38:00,20:38:00,74,
2026.08.18 20:41:00,20:41:00,82,
2026.08.18 20:42:00,20:42:00,72,
2026.08.18 20:43:00,20:43:00,85,
2026.08.18 20:44:00,20:44:00,95,
2026.08.18 20:45:00,20:45:00,96,
2026.08.18 20:46:00,20:46:00,85,
2026.08.18 20:48:00,20:48:00,71,
2026.08.18 20:49:00,20:49:00,60,
2026.08.18 20:50:00,20:50:00,62,
2026.08.18 20:51:00,20:51:00,70,
2026.08.18 20:52:00,20:52:00,64,
2026.08.18 20:53:00,20:53:00,53,
2026.08.18 20:54:00,20:54:00,64,
2026.08.18 20:55:00,20:55:00,64,
2026.08.18 20:56:00,20:56:00,65,
2026.08.18 20:57:00,20:57:00,65,
2026.08.18 21:01:00,21:01:00,80,
2026.08.18 21:02:00,21:02:00,83,
2026.08.18 21:05:00,21:05:00,91,
2026.08.18 21:06:00,21:06:00,84,
2026.08.18 21:07:00,21:07:00,86,
2026.08.18 21:08:00,21:08:00,84,
2026.08.18 21:09:00,21:09:00,85,
2026.08.18 21:10:00,21:10:00,90,
2026.08.18 21:11:00,21:11:00,93,
2026.08.18 21:12:00,21:12:00,84,
2026.08.18 21:13:00,21:13:00,84,
2026.08.18 21:14:00,21:14:00,91,
2026.08.18 21:15:00,21:15:00,84,
2026.08.18 21:16:00,21:16:00,60,
2026.08.18 21:17:00,21:17:00,60,
2026.08.18 21:18:00,21:18:00,62,
2026.08.18 21:19:00,21:19:00,62,
2026.08.18 21:20:00,21:20:00,58,
2026.08.18 21:21:00,21:21:00,58,
2026.08.18 21:22:00,21:22:00,65,
2026.08.18 21:23:00,21:23:00,56,
2026.08.18 21:24:00,21:24:00,54,
2026.08.18 21:25:00,21:25:00,55,
2026.08.18 21:26:00,21:26:00,54,
2026.08.18 21:28:00,21:28:00,61,
2026.08.18 21:29:00,21:29:00,58,
2026.08.18 21:35:00,21:35:00,70,
2026.08.18 21:37:00,21:37:00,62,
2026.08.18 21:38:00,21:38:00,71,
2026.08.18 21:39:00,21:39:00,69,
2026.08.18 21:40:00,21:40:00,77,
2026.08.18 21:42:00,21:42:00,59,
2026.08.18 21:45:00,21:45:00,77,
2026.08.18 21:46:00,21:46:00,70,
2026.08.18 21:47:00,21:47:00,60,
2026.08.18 21:50:00,21:50:00,61,
2026.08.18 21:52:00,21:52:00,54,
2026.08.18 21:55:00,21:55:00,59,
2026.08.18 21:56:00,21:56:00,56,
2026.08.18 21:57:00,21:57:00,58,
2026.08.18 22:01:00,22:01:00,84,
2026.08.18 22:02:00,22:02:00,72,
2026.08.18 22:03:00,22:03:00,81,
2026.08.18 22:06:00,22:06:00,64,
2026.08.18 22:07:00,22:07:00,75,
2026.08.18 22:08:00,22:08:00,53,
2026.08.18 22:09:00,22:09:00,56,
2026.08.18 22:10:00,22:10:00,56,
2026.08.18 22:11:00,22:11:00,80,
2026.08.18 22:13:00,22:13:00,80,
2026.08.18 22:14:00,22:14:00,59,
2026.08.18 22:17:00,22:17:00,65,
2026.08.18 22:22:00,22:22:00,61,
2026.08.18 22:29:00,22:29:00,55,
2026.08.18 22:30:00,22:30:00,83,
2026.08.18 22:31:00,22:31:00,78,
2026.08.18 22:32:00,22:32:00,61,
2026.08.18 22:33:00,22:33:00,64,
2026.08.18 22:35:00,22:35:00,86,
2026.08.18 22:36:00,22:36:00,60,
2026.08.18 22:38:00,22:38:00,89,
2026.08.18 22:39:00,22:39:00,77,
2026.08.18 22:40:00,22:40:00,61,
2026.08.18 22:44:00,22:44:00,60,
2026.08.18 22:45:00,22:45:00,61,
2026.08.18 22:49:00,22:49:00,59,
2026.08.18 22:50:00,22:50:00,58,
2026.08.18 22:51:00,22:51:00,58,
2026.08.18 22:53:00,22:53:00,58,
2026.08.18 22:54:00,22:54:00,55,
2026.08.18 23:00:00,23:00:00,51,
2026.08.18 23:01:00,23:01:00,52,
2026.08.18 23:02:00,23:02:00,49,
2026.08.18 23:10:00,23:10:00,51,
2026.08.18 23:11:00,23:11:00,50,
2026.08.18 23:12:00,23:12:00,52,
2026.08.18 23:15:00,23:15:00,83,
2026.08.18 23:18:00,23:18:00,84,
2026.08.18 23:19:00,23:19:00,61,
2026.08.18 23:20:00,23:20:00,55,
2026.08.18 23:21:00,23:21:00,54,
2026.08.18 23:30:00,23:30:00,54,
2026.08.18 23:31:00,23:31:00,54,
2026.08.18 23:40:00,23:40:00,81,
2026.08.18 23:41:00,23:41:00,81,
2026.08.18 23:50:00,23:50:00,52,
2026.08.18 23:51:00,23:51:00,51,
2026.08.19 00:00:00,00:00:00,54,
2026.08.19 00:10:00,00:10:00,51,
2026.08.19 00:20:00,00:20:00,47,
2026.08.19 00:30:00,00:30:00,51,
2026.08.19 00:40:00,00:40:00,53,
2026.08.19 00:50:00,00:50:00,49,
2026.08.19 01:00:00,01:00:00,55,
2026.08.19 01:10:00,01:10:00,58,
2026.08.19 01:20:00,01:20:00,53,
2026.08.19 01:30:00,01:30:00,52,
2026.08.19 01:40:00,01:40:00,47,
2026.08.19 01:50:00,01:50:00,49,
2026.08.19 02:00:00,02:00:00,49,
2026.08.19 02:10:00,02:10:00,51,
2026.08.19 02:20:00,02:20:00,53,
2026.08.19 02:30:00,02:30:00,52,
2026.08.19 02:46:00,02:46:00,52,
2026.08.19 02:50:00,02:50:00,59,
2026.08.19 03:00:00,03:00:00,56,
2026.08.19 03:10:00,03:10:00,61,
2026.08.19 03:20:00,03:20:00,52,
2026.08.19 03:30:00,03:30:00,50,
2026.08.19 03:31:00,03:31:00,50,
2026.08.19 03:40:00,03:40:00,48,
2026.08.19 03:41:00,03:41:00,51,
2026.08.19 03:50:00,03:50:00,50,
2026.08.19 03:51:00,03:51:00,49,
2026.08.19 04:00:00,04:00:00,50,
2026.08.19 04:01:00,04:01:00,50,
2026.08.19 04:10:00,04:10:00,49,
2026.08.19 04:11:00,04:11:00,49,
2026.08.19 04:20:00,04:20:00,52,
2026.08.19 04:21:00,04:21:00,48,
2026.08.19 04:30:00,04:30:00,53,
2026.08.19 04:31:00,04:31:00,51,
2026.08.19 04:40:00,04:40:00,50,
2026.08.19 04:41:00,04:41:00,52,
2026.08.19 04:50:00,04:50:00,55,
2026.08.19 04:51:00,04:51:00,57,
2026.08.19 05:00:00,05:00:00,65,
2026.08.19 05:01:00,05:01:00,102,
2026.08.19 05:04:00,05:04:00,78,
2026.08.19 05:14:00,05:14:00,87,
2026.08.19 05:15:00,05:15:00,78,
2026.08.19 05:17:00,05:17:00,77,
2026.08.19 05:18:00,05:18:00,78,
2026.08.19 05:21:00,05:21:00,81,
2026.08.19 05:22:00,05:22:00,85,
2026.08.19 05:26:00,05:26:00,54,
2026.08.19 05:27:00,05:27:00,75,
2026.08.19 05:28:00,05:28:00,79,
2026.08.19 05:29:00,05:29:00,79,
2026.08.19 05:30:00,05:30:00,77,
2026.08.19 05:35:00,05:35:00,89,
2026.08.19 05:42:00,05:42:00,84,
2026.08.19 05:44:00,05:44:00,91,
2026.08.19 05:50:00,05:50:00,98,
2026.08.19 05:53:00,05:53:00,55,
2026.08.19 05:54:00,05:54:00,49,
2026.08.19 05:58:00,05:58:00,47,
2026.08.19 05:59:00,05:59:00,48,
2026.08.19 06:00:00,06:00:00,54,
2026.08.19 06:01:00,06:01:00,44,
2026.08.19 06:10:00,06:10:00,48,
2026.08.19 06:11:00,06:11:00,48,
2026.08.19 06:12:00,06:12:00,80,
2026.08.19 06:16:00,06:16:00,79,
2026.08.19 06:20:00,06:20:00,50,
2026.08.19 06:21:00,06:21:00,81,
2026.08.19 06:25:00,06:25:00,64,
2026.08.19 06:30:00,06:30:00,51,
2026.08.19 06:31:00,06:31:00,50,
2026.08.19 06:40:00,06:40:00,52,
2026.08.19 06:41:00,06:41:00,51,
2026.08.19 06:50:00,06:50:00,54,
2026.08.19 06:51:00,06:51:00,53,
2026.08.19 07:00:00,07:00:00,70,
2026.08.19 07:03:00,07:03:00,66,
2026.08.19 07:04:00,07:04:00,60,
2026.08.19 07:05:00,07:05:00,90,
2026.08.19 07:07:00,07:07:00,85,
2026.08.19 07:10:00,07:10:00,49,
2026.08.19 07:11:00,07:11:00,50,
2026.08.19 07:15:00,07:15:00,88,
2026.08.19 07:17:00,07:17:00,81,
2026.08.19 07:18:00,07:18:00,60,
2026.08.19 07:19:00,07:19:00,54,
2026.08.19 07:20:00,07:20:00,49,
2026.08.19 07:26:00,07:26:00,111,
2026.08.19 07:27:00,07:27:00,90,
2026.08.19 07:29:00,07:29:00,54,
2026.08.19 07:33:00,07:33:00,76,
2026.08.19 07:34:00,07:34:00,76,
2026.08.19 07:35:00,07:35:00,77,
2026.08.19 07:36:00,07:36:00,81,
2026.08.19 07:37:00,07:37:00,88,
2026.08.19 07:38:00,07:38:00,92,
2026.08.19 07:39:00,07:39:00,66,
2026.08.19 07:40:00,07:40:00,91,
2026.08.19 07:41:00,07:41:00,96,
2026.08.19 07:45:00,07:45:00,103,
2026.08.19 07:53:00,07:53:00,93,
2026.08.19 07:54:00,07:54:00,95,
2026.08.19 07:55:00,07:55:00,76,
2026.08.19 07:57:00,07:57:00,85,
2026.08.19 07:58:00,07:58:00,85,
2026.08.19 08:00:00,08:00:00,75,
2026.08.19 08:02:00,08:02:00,55,
2026.08.19 08:05:00,08:05:00,55,
2026.08.19 08:08:00,08:08:00,76,
2026.08.19 08:09:00,08:09:00,90,
2026.08.19 08:14:00,08:14:00,82,
2026.08.19 08:16:00,08:16:00,60,
2026.08.19 08:17:00,08:17:00,79,
2026.08.19 08:19:00,08:19:00,84,
2026.08.19 08:22:00,08:22:00,88,
2026.08.19 08:24:00,08:24:00,54,
2026.08.19 08:25:00,08:25:00,78,
2026.08.19 08:27:00,08:27:00,84,
2026.08.19 08:28:00,08:28:00,81,
2026.08.19 08:29:00,08:29:00,88,
2026.08.19 08:32:00,08:32:00,64,
2026.08.19 08:34:00,08:34:00,90,
2026.08.19 08:35:00,08:35:00,62,
2026.08.19 08:36:00,08:36:00,77,
2026.08.19 08:37:00,08:37:00,77,
2026.08.19 08:38:00,08:38:00,68,
2026.08.19 08:41:00,08:41:00,85,
2026.08.19 08:42:00,08:42:00,89,
2026.08.19 08:43:00,08:43:00,86,
2026.08.19 08:44:00,08:44:00,61,
2026.08.19 08:46:00,08:46:00,84,
2026.08.19 08:50:00,08:50:00,79,
2026.08.19 08:51:00,08:51:00,64,
2026.08.19 08:52:00,08:52:00,61,
2026.08.19 08:53:00,08:53:00,81,
2026.08.19 08:54:00,08:54:00,63,
2026.08.19 08:55:00,08:55:00,66,
2026.08.19 08:56:00,08:56:00,72,
2026.08.19 08:57:00,08:57:00,64,
2026.08.19 08:58:00,08:58:00,64,
2026.08.19 08:59:00,08:59:00,67,
2026.08.19 09:00:00,09:00:00,69,
2026.08.19 09:01:00,09:01:00,68,
2026.08.19 09:02:00,09:02:00,79,
2026.08.19 09:03:00,09:03:00,81,
2026.08.19 09:06:00,09:06:00,88,
2026.08.19 09:07:00,09:07:00,90,
2026.08.19 09:09:00,09:09:00,86,
2026.08.19 09:11:00,09:11:00,80,
2026.08.19 09:12:00,09:12:00,69,
2026.08.19 09:13:00,09:13:00,82,
2026.08.19 09:15:00,09:15:00,63,
2026.08.19 09:16:00,09:16:00,81,
2026.08.19 09:17:00,09:17:00,82,
2026.08.19 09:18:00,09:18:00,85,
2026.08.19 09:20:00,09:20:00,76,
2026.08.19 09:21:00,09:21:00,79,
2026.08.19 09:22:00,09:22:00,63,
2026.08.19 09:23:00,09:23:00,75,
2026.08.19 09:24:00,09:24:00,95,
2026.08.19 09:25:00,09:25:00,83,
2026.08.19 09:26:00,09:26:00,80,
2026.08.19 09:28:00,09:28:00,94,
2026.08.19 09:31:00,09:31:00,84,
2026.08.19 09:32:00,09:32:00,75,
2026.08.19 09:33:00,09:33:00,84,
2026.08.19 09:34:00,09:34:00,76,
2026.08.19 09:39:00,09:39:00,63,
2026.08.19 09:41:00,09:41:00,70,
2026.08.19 09:42:00,09:42:00,63,
2026.08.19 09:43:00,09:43:00,80,
2026.08.19 09:44:00,09:44:00,79,
2026.08.19 09:45:00,09:45:00,61,
2026.08.19 09:46:00,09:46:00,89,
2026.08.19 09:47:00,09:47:00,69,
2026.08.19 09:48:00,09:48:00,68,
2026.08.19 09:49:00,09:49:00,61,
2026.08.19 09:51:00,09:51:00,78,
2026.08.19 09:54:00,09:54:00,63,
2026.08.19 09:56:00,09:56:00,66,
2026.08.19 09:57:00,09:57:00,61,
2026.08.19 09:59:00,09:59:00,75,
2026.08.19 10:00:00,10:00:00,58,
2026.08.19 10:01:00,10:01:00,64,
2026.08.19 10:03:00,10:03:00,66,
2026.08.19 10:04:00,10:04:00,67,
2026.08.19 10:07:00,10:07:00,68,
2026.08.19 10:09:00,10:09:00,61,
2026.08.19 10:10:00,10:10:00,56,
2026.08.19 10:11:00,10:11:00,64,
2026.08.19 10:13:00,10:13:00,63,
2026.08.19 10:14:00,10:14:00,73,
2026.08.19 10:15:00,10:15:00,78,
2026.08.19 10:16:00,10:16:00,71,
2026.08.19 10:17:00,10:17:00,75,
2026.08.19 10:18:00,10:18:00,58,
2026.08.19 10:20:00,10:20:00,62,
2026.08.19 10:24:00,10:24:00,84,
2026.08.19 10:25:00,10:25:00,71,
2026.08.19 10:26:00,10:26:00,71,
2026.08.19 10:27:00,10:27:00,61,
2026.08.19 10:30:00,10:30:00,73,
2026.08.19 10:32:00,10:32:00,62,
2026.08.19 10:33:00,10:33:00,63,
2026.08.19 10:34:00,10:34:00,79,
2026.08.19 10:35:00,10:35:00,60,
2026.08.19 10:36:00,10:36:00,60,
2026.08.19 10:37:00,10:37:00,63,
2026.08.19 10:38:00,10:38:00,72,
2026.08.19 10:39:00,10:39:00,70,
2026.08.19 10:40:00,10:40:00,73,
2026.08.19 10:41:00,10:41:00,83,
2026.08.19 10:42:00,10:42:00,76,
2026.08.19 10:43:00,10:43:00,88,
2026.08.19 10:44:00,10:44:00,75,
2026.08.19 10:45:00,10:45:00,80,
2026.08.19 10:46:00,10:46:00,64,
2026.08.19 10:47:00,10:47:00,80,
2026.08.19 10:48:00,10:48:00,61,
2026.08.19 10:49:00,10:49:00,64,
2026.08.19 10:50:00,10:50:00,66,
2026.08.19 10:53:00,10:53:00,60,
2026.08.19 10:54:00,10:54:00,71,
2026.08.19 11:03:00,11:03:00,77,
2026.08.19 11:04:00,11:04:00,57,
2026.08.19 11:05:00,11:05:00,62,
2026.08.19 11:06:00,11:06:00,62,
2026.08.19 11:07:00,11:07:00,62,
2026.08.19 11:08:00,11:08:00,78,
2026.08.19 11:09:00,11:09:00,71,
2026.08.19 11:10:00,11:10:00,96,
2026.08.19 11:11:00,11:11:00,81,
2026.08.19 11:12:00,11:12:00,72,
2026.08.19 11:13:00,11:13:00,76,
2026.08.19 11:16:00,11:16:00,65,
2026.08.19 11:17:00,11:17:00,84,
2026.08.19 11:19:00,11:19:00,80,
2026.08.19 11:20:00,11:20:00,68,
2026.08.19 11:21:00,11:21:00,64,
2026.08.19 11:22:00,11:22:00,76,
2026.08.19 11:23:00,11:23:00,61,
2026.08.19 11:24:00,11:24:00,61,
2026.08.19 11:25:00,11:25:00,61,
2026.08.19 11:26:00,11:26:00,58,
2026.08.19 11:27:00,11:27:00,64,
2026.08.19 11:28:00,11:28:00,61,
2026.08.19 11:30:00,11:30:00,69,
2026.08.19 11:31:00,11:31:00,65,
2026.08.19 11:32:00,11:32:00,63,
2026.08.19 11:33:00,11:33:00,71,
2026.08.19 11:34:00,11:34:00,83,
2026.08.19 11:35:00,11:35:00,70,
2026.08.19 11:37:00,11:37:00,60,
2026.08.19 11:41:00,11:41:00,74,
2026.08.19 11:43:00,11:43:00,62,
2026.08.19 11:47:00,11:47:00,57,
2026.08.19 11:49:00,11:49:00,70,
2026.08.19 11:50:00,11:50:00,85,
2026.08.19 11:51:00,11:51:00,89,
2026.08.19 11:54:00,11:54:00,56,
2026.08.19 11:55:00,11:55:00,108,
2026.08.19 11:56:00,11:56:00,78,
2026.08.19 11:58:00,11:58:00,73,
2026.08.19 12:00:00,12:00:00,84,
2026.08.19 12:01:00,12:01:00,99,
2026.08.19 12:02:00,12:02:00,82,
2026.08.19 12:04:00,12:04:00,80,
2026.08.19 12:05:00,12:05:00,85,
2026.08.19 12:06:00,12:06:00,75,
2026.08.19 12:07:00,12:07:00,81,
2026.08.19 12:09:00,12:09:00,75,
2026.08.19 12:15:00,12:15:00,93,
2026.08.19 12:16:00,12:16:00,81,
2026.08.19 12:17:00,12:17:00,86,
2026.08.19 12:18:00,12:18:00,87,
2026.08.19 12:19:00,12:19:00,88,
2026.08.19 12:20:00,12:20:00,92,
2026.08.19 12:21:00,12:21:00,91,
2026.08.19 12:22:00,12:22:00,82,
2026.08.19 12:23:00,12:23:00,93,
2026.08.19 12:24:00,12:24:00,86,
2026.08.19 12:25:00,12:25:00,88,
2026.08.19 12:27:00,12:27:00,90,
2026.08.19 12:28:00,12:28:00,83,
2026.08.19 12:29:00,12:29:00,81,
2026.08.19 12:30:00,12:30:00,97,
2026.08.19 12:31:00,12:31:00,100,
2026.08.19 12:32:00,12:32:00,84,
2026.08.19 12:34:00,12:34:00,80,
2026.08.19 12:36:00,12:36:00,87,
2026.08.19 12:39:00,12:39:00,90,
2026.08.19 12:40:00,12:40:00,89,
2026.08.19 12:41:00,12:41:00,91,
2026.08.19 12:42:00,12:42:00,89,
2026.08.19 12:43:00,12:43:00,91,
2026.08.19 12:45:00,12:45:00,82,
2026.08.19 12:46:00,12:46:00,80,
2026.08.19 12:47:00,12:47:00,92,
2026.08.19 12:48:00,12:48:00,90,
2026.08.19 12:49:00,12:49:00,83,
2026.08.19 12:50:00,12:50:00,79,
2026.08.19 12:51:00,12:51:00,79,
2026.08.19 12:52:00,12:52:00,83,
2026.08.19 12:53:00,12:53:00,84,
2026.08.19 12:54:00,12:54:00,90,
2026.08.19 12:55:00,12:55:00,122,
2026.08.19 12:56:00,12:56:00,90,
2026.08.19 12:57:00,12:57:00,80,
2026.08.19 13:01:00,13:01:00,80,
2026.08.19 13:02:00,13:02:00,91,
2026.08.19 13:03:00,13:03:00,90,
2026.08.19 13:06:00,13:06:00,86,
2026.08.19 13:07:00,13:07:00,102,
2026.08.19 13:14:00,13:14:00,93,
2026.08.19 13:15:00,13:15:00,89,
2026.08.19 13:16:00,13:16:00,89,
2026.08.19 13:19:00,13:19:00,111,
2026.08.19 13:21:00,13:21:00,81,
2026.08.19 13:22:00,13:22:00,101,
2026.08.19 13:23:00,13:23:00,89,
2026.08.19 13:24:00,13:24:00,94,
2026.08.19 13:26:00,13:26:00,86,
2026.08.19 13:34:00,13:34:00,86,
2026.08.19 13:35:00,13:35:00,84,
2026.08.19 13:36:00,13:36:00,89,
2026.08.19 13:37:00,13:37:00,82,
2026.08.19 13:46:00,13:46:00,78,
2026.08.19 13:50:00,13:50:00,80,
2026.08.19 13:53:00,13:53:00,73,
2026.08.19 13:56:00,13:56:00,82,
2026.08.19 13:59:00,13:59:00,98,
2026.08.19 14:00:00,14:00:00,106,
2026.08.19 14:01:00,14:01:00,112,
2026.08.19 14:02:00,14:02:00,110,
2026.08.19 14:04:00,14:04:00,94,
2026.08.19 14:05:00,14:05:00,106,
2026.08.19 14:06:00,14:06:00,88,
2026.08.19 14:07:00,14:07:00,89,
2026.08.19 14:08:00,14:08:00,132,
2026.08.19 14:09:00,14:09:00,103,
2026.08.19 14:10:00,14:10:00,104,
2026.08.19 14:12:00,14:12:00,84,
2026.08.19 14:14:00,14:14:00,103,
2026.08.19 14:15:00,14:15:00,106,
2026.08.19 14:16:00,14:16:00,122,
2026.08.19 14:17:00,14:17:00,137,
2026.08.19 14:18:00,14:18:00,126,
2026.08.19 14:19:00,14:19:00,129,
2026.08.19 14:20:00,14:20:00,120,
2026.08.19 14:21:00,14:21:00,96,
2026.08.19 14:22:00,14:22:00,90,
2026.08.19 14:23:00,14:23:00,88,
2026.08.19 14:24:00,14:24:00,88,
2026.08.19 14:26:00,14:26:00,78,
2026.08.19 14:27:00,14:27:00,85,
2026.08.19 14:28:00,14:28:00,89,
2026.08.19 14:29:00,14:29:00,88,
2026.08.19 14:31:00,14:31:00,85,
2026.08.19 14:32:00,14:32:00,95,
2026.08.19 14:33:00,14:33:00,84,
2026.08.19 14:34:00,14:34:00,85,
2026.08.19 14:35:00,14:35:00,81,
2026.08.19 14:36:00,14:36:00,80,
2026.08.19 14:38:00,14:38:00,91,
2026.08.19 14:39:00,14:39:00,89,
2026.08.19 14:43:00,14:43:00,82,
2026.08.19 14:44:00,14:44:00,84,
2026.08.19 14:45:00,14:45:00,82,
2026.08.19 14:46:00,14:46:00,83,
2026.08.19 14:47:00,14:47:00,90,
2026.08.19 14:48:00,14:48:00,89,
2026.08.19 14:49:00,14:49:00,92,
2026.08.19 14:50:00,14:50:00,102,
2026.08.19 14:52:00,14:52:00,83,
2026.08.19 14:53:00,14:53:00,90,
2026.08.19 14:55:00,14:55:00,109,
2026.08.19 14:57:00,14:57:00,101,
2026.08.19 15:00:00,15:00:00,99,
2026.08.19 15:02:00,15:02:00,82,
2026.08.19 15:03:00,15:03:00,115,
2026.08.19 15:05:00,15:05:00,94,
2026.08.19 15:06:00,15:06:00,124,
2026.08.19 15:07:00,15:07:00,107,
2026.08.19 15:08:00,15:08:00,90,
2026.08.19 15:09:00,15:09:00,80,
2026.08.19 15:10:00,15:10:00,101,
2026.08.19 15:11:00,15:11:00,95,
2026.08.19 15:13:00,15:13:00,103,
2026.08.19 15:14:00,15:14:00,82,
2026.08.19 15:15:00,15:15:00,102,
2026.08.19 15:17:00,15:17:00,96,
2026.08.19 15:19:00,15:19:00,95,
2026.08.19 15:22:00,15:22:00,94,
2026.08.19 15:23:00,15:23:00,85,
2026.08.19 15:24:00,15:24:00,104,
2026.08.19 15:25:00,15:25:00,94,
2026.08.19 15:26:00,15:26:00,108,
2026.08.19 15:27:00,15:27:00,90,
2026.08.19 15:28:00,15:28:00,91,
2026.08.19 15:29:00,15:29:00,94,
2026.08.19 15:30:00,15:30:00,106,
2026.08.19 15:31:00,15:31:00,95,
2026.08.19 15:32:00,15:32:00,104,
2026.08.19 15:33:00,15:33:00,91,
2026.08.19 15:34:00,15:34:00,104,
2026.08.19 15:35:00,15:35:00,113,
2026.08.19 15:39:00,15:39:00,96,
2026.08.19 15:40:00,15:40:00,90,
2026.08.19 15:41:00,15:41:00,90,
2026.08.19 15:46:00,15:46:00,82,
2026.08.19 15:47:00,15:47:00,89,
2026.08.19 15:51:00,15:51:00,126,
2026.08.19 15:52:00,15:52:00,133,
2026.08.19 15:53:00,15:53:00,121,
2026.08.19 15:54:00,15:54:00,124,
2026.08.19 15:55:00,15:55:00,113,
2026.08.19 15:56:00,15:56:00,111,
2026.08.19 15:57:00,15:57:00,95,
2026.08.19 15:58:00,15:58:00,103,
2026.08.19 15:59:00,15:59:00,88,
2026.08.19 16:00:00,16:00:00,84,
2026.08.19 16:01:00,16:01:00,72,
2026.08.19 16:02:00,16:02:00,78,
2026.08.19 16:03:00,16:03:00,91,
2026.08.19 16:04:00,16:04:00,105,
2026.08.19 16:06:00,16:06:00,88,
2026.08.19 16:08:00,16:08:00,72,
2026.08.19 16:09:00,16:09:00,73,
2026.08.19 16:10:00,16:10:00,75,
2026.08.19 16:13:00,16:13:00,99,
2026.08.19 16:14:00,16:14:00,106,
2026.08.19 16:15:00,16:15:00,100,
2026.08.19 16:16:00,16:16:00,77,
2026.08.19 16:17:00,16:17:00,80,
2026.08.19 16:18:00,16:18:00,77,
2026.08.19 16:20:00,16:20:00,71,
2026.08.19 16:21:00,16:21:00,90,
2026.08.19 16:23:00,16:23:00,91,
2026.08.19 16:24:00,16:24:00,95,
2026.08.19 16:25:00,16:25:00,85,
2026.08.19 16:26:00,16:26:00,90,
2026.08.19 16:27:00,16:27:00,93,
2026.08.19 16:28:00,16:28:00,96,
2026.08.19 16:29:00,16:29:00,93,
2026.08.19 16:31:00,16:31:00,94,
2026.08.19 16:33:00,16:33:00,89,
2026.08.19 16:34:00,16:34:00,86,
2026.08.19 16:35:00,16:35:00,80,
2026.08.19 16:36:00,16:36:00,85,
2026.08.19 16:37:00,16:37:00,73,
2026.08.19 16:38:00,16:38:00,71,
2026.08.19 16:39:00,16:39:00,80,
2026.08.19 16:40:00,16:40:00,83,
2026.08.19 16:41:00,16:41:00,78,
2026.08.19 16:42:00,16:42:00,66,
2026.08.19 16:43:00,16:43:00,83,
2026.08.19 16:44:00,16:44:00,70,
2026.08.19 16:45:00,16:45:00,80,
2026.08.19 16:46:00,16:46:00,82,
2026.08.19 16:47:00,16:47:00,67,
2026.08.19 16:50:00,16:50:00,72,
2026.08.19 16:51:00,16:51:00,74,
2026.08.19 16:52:00,16:52:00,78,
2026.08.19 16:53:00,16:53:00,69,
2026.08.19 16:54:00,16:54:00,76,
2026.08.19 16:55:00,16:55:00,76,
2026.08.19 16:56:00,16:56:00,80,
2026.08.19 16:58:00,16:58:00,85,
2026.08.19 17:02:00,17:02:00,56,
2026.08.19 17:03:00,17:03:00,78,
2026.08.19 17:10:00,17:10:00,63,
2026.08.19 17:11:00,17:11:00,82,
2026.08.19 17:12:00,17:12:00,81,
2026.08.19 17:13:00,17:13:00,74,
2026.08.19 17:14:00,17:14:00,61,
2026.08.19 17:15:00,17:15:00,75,
2026.08.19 17:17:00,17:17:00,84,
2026.08.19 17:18:00,17:18:00,77,
2026.08.19 17:19:00,17:19:00,84,
2026.08.19 17:20:00,17:20:00,63,
2026.08.19 17:21:00,17:21:00,80,
2026.08.19 17:22:00,17:22:00,86,
2026.08.19 17:23:00,17:23:00,78,
2026.08.19 17:24:00,17:24:00,81,
2026.08.19 17:26:00,17:26:00,72,
2026.08.19 17:28:00,17:28:00,90,
2026.08.19 17:30:00,17:30:00,89,
2026.08.19 17:32:00,17:32:00,94,
2026.08.19 17:34:00,17:34:00,75,
2026.08.19 17:35:00,17:35:00,60,
2026.08.19 17:36:00,17:36:00,92,
2026.08.19 17:37:00,17:37:00,96,
2026.08.19 17:39:00,17:39:00,88,
2026.08.19 17:40:00,17:40:00,81,
2026.08.19 17:41:00,17:41:00,82,
2026.08.19 17:42:00,17:42:00,94,
2026.08.19 17:43:00,17:43:00,80,
2026.08.19 17:44:00,17:44:00,86,
2026.08.19 17:45:00,17:45:00,82,
2026.08.19 17:46:00,17:46:00,73,
2026.08.19 17:47:00,17:47:00,68,
2026.08.19 17:49:00,17:49:00,67,
2026.08.19 17:50:00,17:50:00,65,
2026.08.19 17:51:00,17:51:00,80,
2026.08.19 17:52:00,17:52:00,58,
2026.08.19 17:53:00,17:53:00,68,
2026.08.19 17:54:00,17:54:00,65,
2026.08.19 17:55:00,17:55:00,59,
2026.08.19 17:56:00,17:56:00,69,
2026.08.19 17:57:00,17:57:00,56,
2026.08.19 17:58:00,17:58:00,85,
2026.08.19 17:59:00,17:59:00,67,
2026.08.19 18:00:00,18:00:00,60,
2026.08.19 18:01:00,18:01:00,65,
2026.08.19 18:02:00,18:02:00,70,
2026.08.19 18:04:00,18:04:00,61,
2026.08.19 18:05:00,18:05:00,66,
2026.08.19 18:06:00,18:06:00,71,
2026.08.19 18:07:00,18:07:00,73,
2026.08.19 18:08:00,18:08:00,80,
2026.08.19 18:09:00,18:09:00,78,
2026.08.19 18:10:00,18:10:00,63,
2026.08.19 18:11:00,18:11:00,79,
2026.08.19 18:12:00,18:12:00,92,
2026.08.19 18:15:00,18:15:00,68,
2026.08.19 18:16:00,18:16:00,70,
2026.08.19 18:17:00,18:17:00,81,
2026.08.19 18:18:00,18:18:00,70,
2026.08.19 18:19:00,18:19:00,76,
2026.08.19 18:20:00,18:20:00,72,
2026.08.19 18:21:00,18:21:00,72,
2026.08.19 18:22:00,18:22:00,67,
2026.08.19 18:23:00,18:23:00,71,
2026.08.19 18:24:00,18:24:00,87,
2026.08.19 18:25:00,18:25:00,84,
2026.08.19 18:27:00,18:27:00,65,
2026.08.19 18:28:00,18:28:00,74,
2026.08.19 18:29:00,18:29:00,79,
2026.08.19 18:30:00,18:30:00,78,
2026.08.19 18:33:00,18:33:00,63,
2026.08.19 18:43:00,18:43:00,62,
2026.08.19 18:44:00,18:44:00,82,
2026.08.19 18:45:00,18:45:00,90,
2026.08.19 18:47:00,18:47:00,95,
2026.08.19 18:55:00,18:55:00,82,
2026.08.19 19:00:00,19:00:00,72,
2026.08.19 19:01:00,19:01:00,63,
2026.08.19 19:03:00,19:03:00,84,
2026.08.19 19:05:00,19:05:00,64,
2026.08.19 19:06:00,19:06:00,64,
2026.08.19 19:11:00,19:11:00,64,
2026.08.19 19:15:00,19:15:00,84,
2026.08.19 19:17:00,19:17:00,61,
2026.08.19 19:18:00,19:18:00,61,
2026.08.19 19:27:00,19:27:00,62,
2026.08.19 19:28:00,19:28:00,62,
2026.08.19 19:29:00,19:29:00,69,
2026.08.19 19:30:00,19:30:00,67,
2026.08.19 19:31:00,19:31:00,60,
2026.08.19 19:32:00,19:32:00,56,
2026.08.19 19:34:00,19:34:00,82,
2026.08.19 19:36:00,19:36:00,75,
2026.08.19 19:37:00,19:37:00,82,
2026.08.19 19:38:00,19:38:00,76,
2026.08.19 19:39:00,19:39:00,69,
2026.08.19 19:40:00,19:40:00,82,
2026.08.19 19:41:00,19:41:00,82,
2026.08.19 19:44:00,19:44:00,77,
2026.08.19 19:46:00,19:46:00,64,
2026.08.19 19:47:00,19:47:00,73,
2026.08.19 19:48:00,19:48:00,67,
2026.08.19 19:52:00,19:52:00,81,
2026.08.19 19:54:00,19:54:00,68,
2026.08.19 20:00:00,20:00:00,77,
2026.08.19 20:01:00,20:01:00,86,
2026.08.19 20:02:00,20:02:00,95,
2026.08.19 20:05:00,20:05:00,94,
2026.08.19 20:06:00,20:06:00,83,
2026.08.19 20:07:00,20:07:00,85,
2026.08.19 20:08:00,20:08:00,89,
2026.08.19 20:09:00,20:09:00,83,
2026.08.19 20:10:00,20:10:00,95,
2026.08.19 20:12:00,20:12:00,91,
2026.08.19 20:13:00,20:13:00,79,
2026.08.19 20:14:00,20:14:00,78,
2026.08.19 20:16:00,20:16:00,74,
2026.08.19 20:17:00,20:17:00,65,
2026.08.19 20:19:00,20:19:00,86,
2026.08.19 20:20:00,20:20:00,119,
2026.08.19 20:22:00,20:22:00,70,
2026.08.19 20:23:00,20:23:00,77,
2026.08.19 20:24:00,20:24:00,59,
2026.08.19 20:25:00,20:25:00,70,
2026.08.19 20:26:00,20:26:00,66,
2026.08.19 20:27:00,20:27:00,68,
2026.08.19 20:28:00,20:28:00,67,
2026.08.19 20:29:00,20:29:00,64,
2026.08.19 20:30:00,20:30:00,79,
2026.08.19 20:31:00,20:31:00,75,
2026.08.19 20:32:00,20:32:00,54,
2026.08.19 20:33:00,20:33:00,71,
2026.08.19 20:34:00,20:34:00,70,
2026.08.19 20:35:00,20:35:00,64,
2026.08.19 20:36:00,20:36:00,65,
2026.08.19 20:37:00,20:37:00,62,
2026.08.19 20:38:00,20:38:00,69,
2026.08.19 20:39:00,20:39:00,59,
2026.08.19 20:42:00,20:42:00,81,
2026.08.19 20:43:00,20:43:00,75,
2026.08.19 20:44:00,20:44:00,59,
2026.08.19 20:45:00,20:45:00,65,
2026.08.19 20:46:00,20:46:00,69,
2026.08.19 20:47:00,20:47:00,60,
2026.08.19 20:48:00,20:48:00,75,
2026.08.19 20:50:00,20:50:00,67,
2026.08.19 20:51:00,20:51:00,68,
2026.08.19 20:53:00,20:53:00,64,
2026.08.19 20:54:00,20:54:00,78,
2026.08.19 20:58:00,20:58:00,63,
2026.08.19 20:59:00,20:59:00,80,
2026.08.19 21:01:00,21:01:00,63,
2026.08.19 21:02:00,21:02:00,66,
2026.08.19 21:03:00,21:03:00,59,
2026.08.19 21:04:00,21:04:00,65,
2026.08.19 21:05:00,21:05:00,64,
2026.08.19 21:07:00,21:07:00,69,
2026.08.19 21:08:00,21:08:00,65,
2026.08.19 21:10:00,21:10:00,59,
2026.08.19 21:14:00,21:14:00,63,
2026.08.19 21:15:00,21:15:00,87,
2026.08.19 21:18:00,21:18:00,63,
2026.08.19 21:23:00,21:23:00,58,
2026.08.19 21:29:00,21:29:00,58,
2026.08.19 21:30:00,21:30:00,63,
2026.08.19 21:31:00,21:31:00,60,
2026.08.19 21:32:00,21:32:00,53,
2026.08.19 21:40:00,21:40:00,55,
2026.08.19 21:42:00,21:42:00,57,
2026.08.19 21:52:00,21:52:00,62,
2026.08.19 21:55:00,21:55:00,67,
2026.08.19 21:56:00,21:56:00,61,
2026.08.19 21:57:00,21:57:00,82,
2026.08.19 21:58:00,21:58:00,62,
2026.08.19 22:02:00,22:02:00,67,
2026.08.19 22:03:00,22:03:00,73,
2026.08.19 22:08:00,22:08:00,63,
2026.08.19 22:09:00,22:09:00,69,
2026.08.19 22:12:00,22:12:00,59,
2026.08.19 22:13:00,22:13:00,92,
2026.08.19 22:14:00,22:14:00,69,
2026.08.19 22:15:00,22:15:00,70,
2026.08.19 22:17:00,22:17:00,85,
2026.08.19 22:23:00,22:23:00,58,
2026.08.19 22:24:00,22:24:00,57,
2026.08.19 22:25:00,22:25:00,86,
2026.08.19 22:27:00,22:27:00,107,
2026.08.19 22:28:00,22:28:00,108,
2026.08.19 22:29:00,22:29:00,59,
2026.08.19 22:31:00,22:31:00,83,
2026.08.19 22:32:00,22:32:00,61,
2026.08.19 22:33:00,22:33:00,57,
2026.08.19 22:34:00,22:34:00,58,
2026.08.19 22:35:00,22:35:00,80,
2026.08.19 22:36:00,22:36:00,57,
2026.08.19 22:38:00,22:38:00,87,
2026.08.19 22:43:00,22:43:00,84,
2026.08.19 22:45:00,22:45:00,83,
2026.08.19 22:46:00,22:46:00,84,
2026.08.19 22:47:00,22:47:00,62,
2026.08.19 22:57:00,22:57:00,65,
2026.08.19 22:59:00,22:59:00,94,
2026.08.19 23:01:00,23:01:00,69,
2026.08.19 23:03:00,23:03:00,87,
2026.08.19 23:11:00,23:11:00,73,
2026.08.19 23:16:00,23:16:00,91,
2026.08.19 23:17:00,23:17:00,62,
2026.08.19 23:20:00,23:20:00,64,
2026.08.19 23:21:00,23:21:00,62,
2026.08.19 23:29:00,23:29:00,75,
2026.08.19 23:30:00,23:30:00,57,
2026.08.19 23:33:00,23:33:00,101,
2026.08.19 23:34:00,23:34:00,92,
2026.08.19 23:37:00,23:37:00,57,
2026.08.19 23:41:00,23:41:00,54,
2026.08.19 23:42:00,23:42:00,56,
2026.08.19 23:47:00,23:47:00,60,
2026.08.19 23:50:00,23:50:00,54,
2026.08.19 23:57:00,23:57:00,56,
2026.08.20 00:06:00,00:06:00,53,
2026.08.20 00:07:00,00:07:00,58,
2026.08.20 00:16:00,00:16:00,67,
2026.08.20 00:17:00,00:17:00,66,
2026.08.20 00:26:00,00:26:00,57,
2026.08.20 00:27:00,00:27:00,55,
2026.08.20 00:37:00,00:37:00,57,
2026.08.20 00:39:00,00:39:00,57,
2026.08.20 00:40:00,00:40:00,53,
2026.08.20 00:48:00,00:48:00,65,
2026.08.20 00:49:00,00:49:00,60,
2026.08.20 00:59:00,00:59:00,56,
2026.08.20 01:01:00,01:01:00,55,
2026.08.20 01:02:00,01:02:00,57,
2026.08.20 01:09:00,01:09:00,56,
2026.08.20 01:10:00,01:10:00,53,
2026.08.20 01:11:00,01:11:00,56,
2026.08.20 01:16:00,01:16:00,54,
2026.08.20 01:17:00,01:17:00,54,
2026.08.20 01:19:00,01:19:00,54,
2026.08.20 01:20:00,01:20:00,54,
2026.08.20 01:21:00,01:21:00,56,
2026.08.20 01:28:00,01:28:00,55,
2026.08.20 01:30:00,01:30:00,56,
2026.08.20 01:31:00,01:31:00,54,
2026.08.20 01:40:00,01:40:00,56,
2026.08.20 01:41:00,01:41:00,56,
2026.08.20 01:50:00,01:50:00,56,
2026.08.20 01:51:00,01:51:00,55,
2026.08.20 02:00:00,02:00:00,57,
2026.08.20 02:01:00,02:01:00,58,
2026.08.20 02:10:00,02:10:00,58,
2026.08.20 02:11:00,02:11:00,59,
2026.08.20 02:20:00,02:20:00,47,
2026.08.20 02:21:00,02:21:00,56,
2026.08.20 02:30:00,02:30:00,58,
2026.08.20 02:31:00,02:31:00,56,
2026.08.20 02:40:00,02:40:00,55,
2026.08.20 02:41:00,02:41:00,55,
2026.08.20 02:50:00,02:50:00,57,
2026.08.20 02:51:00,02:51:00,58,
2026.08.20 03:00:00,03:00:00,59,
2026.08.20 03:01:00,03:01:00,59,
2026.08.20 03:10:00,03:10:00,57,
2026.08.20 03:11:00,03:11:00,57,
2026.08.20 03:20:00,03:20:00,63,
2026.08.20 03:30:00,03:30:00,53,
2026.08.20 03:40:00,03:40:00,46,
2026.08.20 03:50:00,03:50:00,60,
2026.08.20 04:00:00,04:00:00,52,
2026.08.20 04:10:00,04:10:00,54,
2026.08.20 04:23:00,04:23:00,57,
2026.08.20 04:30:00,04:30:00,60,
2026.08.20 04:40:00,04:40:00,50,
2026.08.20 04:50:00,04:50:00,57,
2026.08.20 05:00:00,05:00:00,59,
2026.08.20 05:10:00,05:10:00,59,
2026.08.20 05:13:00,05:13:00,61,
2026.08.20 05:20:00,05:20:00,69,
2026.08.20 05:23:00,05:23:00,95,
2026.08.20 05:24:00,05:24:00,110,
2026.08.20 05:25:00,05:25:00,112,
2026.08.20 05:26:00,05:26:00,89,
2026.08.20 05:29:00,05:29:00,96,
2026.08.20 05:35:00,05:35:00,118,
2026.08.20 05:37:00,05:37:00,100,
2026.08.20 05:38:00,05:38:00,108,
2026.08.20 05:40:00,05:40:00,111,
2026.08.20 05:41:00,05:41:00,94,
2026.08.20 05:43:00,05:43:00,93,
2026.08.20 05:47:00,05:47:00,94,
2026.08.20 05:48:00,05:48:00,82,
2026.08.20 05:49:00,05:49:00,100,
2026.08.20 05:50:00,05:50:00,83,
2026.08.20 05:52:00,05:52:00,67,
2026.08.20 05:54:00,05:54:00,75,
2026.08.20 05:55:00,05:55:00,81,
2026.08.20 05:56:00,05:56:00,80,
2026.08.20 05:57:00,05:57:00,81,
2026.08.20 05:58:00,05:58:00,84,
2026.08.20 05:59:00,05:59:00,104,
2026.08.20 06:00:00,06:00:00,95,
2026.08.20 06:02:00,06:02:00,95,
2026.08.20 06:03:00,06:03:00,95,
2026.08.20 06:04:00,06:04:00,95,
2026.08.20 06:05:00,06:05:00,80,
2026.08.20 06:06:00,06:06:00,92,
2026.08.20 06:07:00,06:07:00,91,
2026.08.20 06:08:00,06:08:00,81,
2026.08.20 06:09:00,06:09:00,98,
2026.08.20 06:10:00,06:10:00,106,
2026.08.20 06:11:00,06:11:00,94,
2026.08.20 06:12:00,06:12:00,96,
2026.08.20 06:16:00,06:16:00,85,
2026.08.20 06:20:00,06:20:00,120,
2026.08.20 06:21:00,06:21:00,128,
2026.08.20 06:22:00,06:22:00,117,
2026.08.20 06:23:00,06:23:00,122,
2026.08.20 06:24:00,06:24:00,133,
2026.08.20 06:25:00,06:25:00,134,
2026.08.20 06:26:00,06:26:00,122,
2026.08.20 06:27:00,06:27:00,120,
2026.08.20 06:28:00,06:28:00,122,
2026.08.20 06:29:00,06:29:00,108,
2026.08.20 06:30:00,06:30:00,109,
2026.08.20 06:33:00,06:33:00,94,
2026.08.20 06:34:00,06:34:00,94,
2026.08.20 06:36:00,06:36:00,102,
2026.08.20 06:44:00,06:44:00,108,
2026.08.20 06:46:00,06:46:00,94,
2026.08.20 06:49:00,06:49:00,94,
2026.08.20 06:50:00,06:50:00,113,
2026.08.20 06:51:00,06:51:00,106,
2026.08.20 06:52:00,06:52:00,112,
2026.08.20 06:53:00,06:53:00,111,
2026.08.20 06:54:00,06:54:00,107,
2026.08.20 06:55:00,06:55:00,108,
2026.08.20 06:57:00,06:57:00,106,
2026.08.20 06:58:00,06:58:00,112,
2026.08.20 06:59:00,06:59:00,106,
2026.08.20 07:00:00,07:00:00,107,
2026.08.20 07:01:00,07:01:00,102,
2026.08.20 07:05:00,07:05:00,120,
2026.08.20 07:06:00,07:06:00,127,
2026.08.20 07:07:00,07:07:00,125,
2026.08.20 07:08:00,07:08:00,122,
2026.08.20 07:09:00,07:09:00,104,
2026.08.20 07:10:00,07:10:00,117,
2026.08.20 07:12:00,07:12:00,120,
2026.08.20 07:13:00,07:13:00,146,
2026.08.20 07:14:00,07:14:00,148,
2026.08.20 07:15:00,07:15:00,140,
2026.08.20 07:16:00,07:16:00,120,
2026.08.20 07:17:00,07:17:00,121,
2026.08.20 07:18:00,07:18:00,138,
2026.08.20 07:19:00,07:19:00,117,
2026.08.20 07:20:00,07:20:00,116,
2026.08.20 07:21:00,07:21:00,89,
2026.08.20 07:22:00,07:22:00,87,
2026.08.20 07:23:00,07:23:00,93,
2026.08.20 07:24:00,07:24:00,95,
2026.08.20 07:28:00,07:28:00,94,
2026.08.20 07:29:00,07:29:00,92,
2026.08.20 07:30:00,07:30:00,87,
2026.08.20 07:37:00,07:37:00,89,
2026.08.20 07:40:00,07:40:00,94,
2026.08.20 07:41:00,07:41:00,95,
2026.08.20 07:43:00,07:43:00,70,
2026.08.20 07:46:00,07:46:00,89,
2026.08.20 07:47:00,07:47:00,83,
2026.08.20 07:49:00,07:49:00,89,
2026.08.20 07:52:00,07:52:00,84,
2026.08.20 07:53:00,07:53:00,82,
2026.08.20 07:55:00,07:55:00,89,
2026.08.20 07:56:00,07:56:00,87,
2026.08.20 07:57:00,07:57:00,86,
2026.08.20 07:58:00,07:58:00,88,
2026.08.20 08:01:00,08:01:00,85,
2026.08.20 08:02:00,08:02:00,98,
2026.08.20 08:03:00,08:03:00,93,
2026.08.20 08:04:00,08:04:00,89,
2026.08.20 08:05:00,08:05:00,85,
2026.08.20 08:06:00,08:06:00,76,
2026.08.20 08:07:00,08:07:00,88,
2026.08.20 08:08:00,08:08:00,87,
2026.08.20 08:09:00,08:09:00,79,
2026.08.20 08:10:00,08:10:00,89,
2026.08.20 08:11:00,08:11:00,90,
2026.08.20 08:12:00,08:12:00,83,
2026.08.20 08:13:00,08:13:00,86,
2026.08.20 08:14:00,08:14:00,99,
2026.08.20 08:15:00,08:15:00,88,
2026.08.20 08:16:00,08:16:00,83,
2026.08.20 08:17:00,08:17:00,88,
2026.08.20 08:18:00,08:18:00,88,
2026.08.20 08:22:00,08:22:00,91,
2026.08.20 08:28:00,08:28:00,85,
2026.08.20 08:31:00,08:31:00,88,
2026.08.20 08:34:00,08:34:00,89,
2026.08.20 08:36:00,08:36:00,84,
2026.08.20 08:45:00,08:45:00,88,
2026.08.20 08:46:00,08:46:00,85,
2026.08.20 08:48:00,08:48:00,93,
2026.08.20 08:49:00,08:49:00,92,
2026.08.20 08:51:00,08:51:00,94,
2026.08.20 08:52:00,08:52:00,89,
2026.08.20 08:55:00,08:55:00,102,
2026.08.20 08:58:00,08:58:00,109,
2026.08.20 08:59:00,08:59:00,107,
2026.08.20 09:00:00,09:00:00,121,
2026.08.20 09:01:00,09:01:00,92,
2026.08.20 09:02:00,09:02:00,95,
2026.08.20 09:06:00,09:06:00,92,
2026.08.20 09:12:00,09:12:00,88,
2026.08.20 09:16:00,09:16:00,80,
2026.08.20 09:20:00,09:20:00,80,
2026.08.20 09:22:00,09:22:00,75,
2026.08.20 09:23:00,09:23:00,87,
2026.08.20 09:24:00,09:24:00,74,
2026.08.20 09:25:00,09:25:00,72,
2026.08.20 09:26:00,09:26:00,74,
2026.08.20 09:27:00,09:27:00,84,
2026.08.20 09:28:00,09:28:00,74,
2026.08.20 09:29:00,09:29:00,73,
2026.08.20 09:31:00,09:31:00,64,
2026.08.20 09:32:00,09:32:00,79,
2026.08.20 09:33:00,09:33:00,76,
2026.08.20 09:34:00,09:34:00,80,
2026.08.20 09:36:00,09:36:00,76,
2026.08.20 09:37:00,09:37:00,84,
2026.08.20 09:38:00,09:38:00,82,
2026.08.20 09:40:00,09:40:00,89,
2026.08.20 09:42:00,09:42:00,63,
2026.08.20 09:43:00,09:43:00,80,
2026.08.20 09:45:00,09:45:00,68,
2026.08.20 09:46:00,09:46:00,75,
2026.08.20 09:47:00,09:47:00,68,
2026.08.20 09:49:00,09:49:00,82,
2026.08.20 09:50:00,09:50:00,67,
2026.08.20 09:51:00,09:51:00,68,
2026.08.20 09:52:00,09:52:00,83,
2026.08.20 09:53:00,09:53:00,79,
2026.08.20 09:54:00,09:54:00,76,
2026.08.20 09:56:00,09:56:00,76,
2026.08.20 09:57:00,09:57:00,73,
2026.08.20 09:58:00,09:58:00,77,
2026.08.20 09:59:00,09:59:00,83,
2026.08.20 10:00:00,10:00:00,80,
2026.08.20 10:01:00,10:01:00,66,
2026.08.20 10:03:00,10:03:00,71,
2026.08.20 10:04:00,10:04:00,64,
2026.08.20 10:05:00,10:05:00,63,
2026.08.20 10:06:00,10:06:00,94,
2026.08.20 10:07:00,10:07:00,75,
2026.08.20 10:08:00,10:08:00,67,
2026.08.20 10:09:00,10:09:00,76,
2026.08.20 10:10:00,10:10:00,61,
2026.08.20 10:11:00,10:11:00,69,
2026.08.20 10:12:00,10:12:00,77,
2026.08.20 10:13:00,10:13:00,74,
2026.08.20 10:14:00,10:14:00,70,
2026.08.20 10:15:00,10:15:00,73,
2026.08.20 10:16:00,10:16:00,84,
2026.08.20 10:17:00,10:17:00,68,
2026.08.20 10:19:00,10:19:00,78,
2026.08.20 10:21:00,10:21:00,81,
2026.08.20 10:22:00,10:22:00,88,
2026.08.20 10:23:00,10:23:00,74,
2026.08.20 10:24:00,10:24:00,65,
2026.08.20 10:25:00,10:25:00,75,
2026.08.20 10:26:00,10:26:00,85,
2026.08.20 10:27:00,10:27:00,86,
2026.08.20 10:31:00,10:31:00,83,
2026.08.20 10:32:00,10:32:00,91,
2026.08.20 10:33:00,10:33:00,74,
2026.08.20 10:34:00,10:34:00,88,
2026.08.20 10:35:00,10:35:00,79,
2026.08.20 10:37:00,10:37:00,73,
2026.08.20 10:38:00,10:38:00,78,
2026.08.20 10:40:00,10:40:00,86,
2026.08.20 10:41:00,10:41:00,87,
2026.08.20 10:42:00,10:42:00,86,
2026.08.20 10:44:00,10:44:00,88,
2026.08.20 10:45:00,10:45:00,85,
2026.08.20 10:46:00,10:46:00,84,
2026.08.20 10:47:00,10:47:00,97,
2026.08.20 10:50:00,10:50:00,95,
2026.08.20 10:51:00,10:51:00,87,
2026.08.20 10:52:00,10:52:00,90,
2026.08.20 10:53:00,10:53:00,80,
2026.08.20 10:54:00,10:54:00,87,
2026.08.20 10:55:00,10:55:00,94,
2026.08.20 10:56:00,10:56:00,87,
2026.08.20 10:57:00,10:57:00,88,
2026.08.20 10:58:00,10:58:00,85,
2026.08.20 10:59:00,10:59:00,85,
2026.08.20 11:00:00,11:00:00,68,
2026.08.20 11:01:00,11:01:00,83,
2026.08.20 11:02:00,11:02:00,85,
2026.08.20 11:03:00,11:03:00,81,
2026.08.20 11:04:00,11:04:00,70,
2026.08.20 11:05:00,11:05:00,76,
2026.08.20 11:07:00,11:07:00,65,
2026.08.20 11:08:00,11:08:00,74,
2026.08.20 11:09:00,11:09:00,70,
2026.08.20 11:10:00,11:10:00,77,
2026.08.20 11:11:00,11:11:00,83,
2026.08.20 11:13:00,11:13:00,58,
2026.08.20 11:14:00,11:14:00,81,
2026.08.20 11:15:00,11:15:00,71,
2026.08.20 11:16:00,11:16:00,85,
2026.08.20 11:18:00,11:18:00,72,
2026.08.20 11:20:00,11:20:00,69,
2026.08.20 11:22:00,11:22:00,74,
2026.08.20 11:24:00,11:24:00,82,
2026.08.20 11:27:00,11:27:00,82,
2026.08.20 11:32:00,11:32:00,77,
2026.08.20 11:33:00,11:33:00,78,
2026.08.20 11:36:00,11:36:00,69,
2026.08.20 11:40:00,11:40:00,78,
2026.08.20 11:41:00,11:41:00,80,
2026.08.20 11:44:00,11:44:00,75,
2026.08.20 11:46:00,11:46:00,77,
2026.08.20 11:48:00,11:48:00,66,
2026.08.20 11:49:00,11:49:00,85,
2026.08.20 11:50:00,11:50:00,64,
2026.08.20 11:51:00,11:51:00,87,
2026.08.20 11:54:00,11:54:00,67,
2026.08.20 11:56:00,11:56:00,72,
2026.08.20 11:57:00,11:57:00,79,
2026.08.20 11:58:00,11:58:00,87,
2026.08.20 11:59:00,11:59:00,80,
2026.08.20 12:00:00,12:00:00,86,
2026.08.20 12:01:00,12:01:00,81,
2026.08.20 12:04:00,12:04:00,85,
2026.08.20 12:05:00,12:05:00,74,
2026.08.20 12:06:00,12:06:00,79,
2026.08.20 12:07:00,12:07:00,71,
2026.08.20 12:08:00,12:08:00,90,
2026.08.20 12:10:00,12:10:00,81,
2026.08.20 12:11:00,12:11:00,69,
2026.08.20 12:12:00,12:12:00,74,
2026.08.20 12:15:00,12:15:00,83,
2026.08.20 12:16:00,12:16:00,84,
2026.08.20 12:17:00,12:17:00,86,
2026.08.20 13:20:00,13:20:00,109,
2026.08.20 13:21:00,13:21:00,105,
2026.08.20 13:22:00,13:22:00,92,
2026.08.20 13:23:00,13:23:00,101,
2026.08.20 13:24:00,13:24:00,95,
2026.08.20 13:25:00,13:25:00,94,
2026.08.20 13:26:00,13:26:00,107,
2026.08.20 13:27:00,13:27:00,103,
2026.08.20 13:28:00,13:28:00,97,
2026.08.20 13:29:00,13:29:00,90,
2026.08.20 13:31:00,13:31:00,111,
2026.08.20 13:32:00,13:32:00,95,
2026.08.20 13:33:00,13:33:00,90,
2026.08.20 13:35:00,13:35:00,95,
2026.08.20 13:37:00,13:37:00,90,
2026.08.20 13:38:00,13:38:00,90,
2026.08.20 13:48:00,13:48:00,91,
2026.08.20 13:49:00,13:49:00,90,
2026.08.20 13:50:00,13:50:00,87,
2026.08.20 13:54:00,13:54:00,96,
2026.08.20 13:55:00,13:55:00,109,
2026.08.20 13:56:00,13:56:00,98,
2026.08.20 13:57:00,13:57:00,100,
2026.08.20 13:58:00,13:58:00,116,
2026.08.20 13:59:00,13:59:00,95,
2026.08.20 14:00:00,14:00:00,95,
2026.08.20 14:01:00,14:01:00,94,
2026.08.20 14:02:00,14:02:00,82,
2026.08.20 14:03:00,14:03:00,89,
2026.08.20 14:04:00,14:04:00,86,
2026.08.20 14:06:00,14:06:00,95,
2026.08.20 14:09:00,14:09:00,106,
2026.08.20 14:11:00,14:11:00,86,
2026.08.20 14:12:00,14:12:00,95,
2026.08.20 14:14:00,14:14:00,94,
2026.08.20 14:15:00,14:15:00,110,
2026.08.20 14:17:00,14:17:00,106,
2026.08.20 14:18:00,14:18:00,94,
2026.08.20 14:19:00,14:19:00,92,
2026.08.20 14:20:00,14:20:00,103,
2026.08.20 14:21:00,14:21:00,94,
2026.08.20 14:23:00,14:23:00,104,
2026.08.20 14:24:00,14:24:00,103,
2026.08.20 14:25:00,14:25:00,97,
2026.08.20 14:26:00,14:26:00,86,
2026.08.20 14:27:00,14:27:00,95,
2026.08.20 14:28:00,14:28:00,95,
2026.08.20 14:29:00,14:29:00,91,
2026.08.20 14:30:00,14:30:00,95,
2026.08.20 14:31:00,14:31:00,95,
2026.08.20 14:32:00,14:32:00,108,
2026.08.20 14:33:00,14:33:00,104,
2026.08.20 14:34:00,14:34:00,97,
2026.08.20 14:35:00,14:35:00,79,
2026.08.20 14:36:00,14:36:00,77,
2026.08.20 14:40:00,14:40:00,107,
2026.08.20 14:41:00,14:41:00,97,
2026.08.20 14:42:00,14:42:00,115,
2026.08.20 14:43:00,14:43:00,100,
2026.08.20 14:45:00,14:45:00,94,
2026.08.20 14:46:00,14:46:00,86,
2026.08.20 14:47:00,14:47:00,95,
2026.08.20 14:48:00,14:48:00,95,
2026.08.20 14:49:00,14:49:00,115,
2026.08.20 14:50:00,14:50:00,108,
2026.08.20 14:51:00,14:51:00,122,
2026.08.20 14:52:00,14:52:00,133,
2026.08.20 14:53:00,14:53:00,141,
2026.08.20 14:54:00,14:54:00,134,
2026.08.20 14:55:00,14:55:00,130,
2026.08.20 14:56:00,14:56:00,131,
2026.08.20 14:57:00,14:57:00,123,
2026.08.20 14:58:00,14:58:00,122,
2026.08.20 14:59:00,14:59:00,121,
2026.08.20 15:00:00,15:00:00,117,
2026.08.20 15:01:00,15:01:00,118,
2026.08.20 15:02:00,15:02:00,112,
2026.08.20 15:03:00,15:03:00,94,
2026.08.20 15:06:00,15:06:00,106,
2026.08.20 15:07:00,15:07:00,104,
2026.08.20 15:11:00,15:11:00,94,
2026.08.20 15:12:00,15:12:00,111,
2026.08.20 15:13:00,15:13:00,113,
2026.08.20 15:15:00,15:15:00,106,
2026.08.20 15:20:00,15:20:00,88,
2026.08.20 15:22:00,15:22:00,114,
2026.08.20 15:23:00,15:23:00,115,
2026.08.20 15:24:00,15:24:00,111,
2026.08.20 15:25:00,15:25:00,105,
2026.08.20 15:26:00,15:26:00,118,
2026.08.20 15:27:00,15:27:00,117,
2026.08.20 15:28:00,15:28:00,118,
2026.08.20 15:29:00,15:29:00,115,
2026.08.20 15:31:00,15:31:00,106,
2026.08.20 15:32:00,15:32:00,105,
2026.08.20 15:35:00,15:35:00,94,
2026.08.20 15:36:00,15:36:00,93,
2026.08.20 15:37:00,15:37:00,88,
2026.08.20 15:38:00,15:38:00,102,
2026.08.20 15:39:00,15:39:00,123,
2026.08.20 15:40:00,15:40:00,124,
2026.08.20 15:41:00,15:41:00,128,
2026.08.20 15:42:00,15:42:00,118,
2026.08.20 15:43:00,15:43:00,97,
2026.08.20 15:44:00,15:44:00,90,
2026.08.20 15:45:00,15:45:00,85,
2026.08.20 15:46:00,15:46:00,83,
2026.08.20 15:47:00,15:47:00,86,
2026.08.20 15:48:00,15:48:00,82,
2026.08.20 15:50:00,15:50:00,86,
2026.08.20 15:54:00,15:54:00,94,
2026.08.20 15:55:00,15:55:00,85,
2026.08.20 15:58:00,15:58:00,101,
2026.08.20 16:00:00,16:00:00,94,
2026.08.20 16:01:00,16:01:00,98,
2026.08.20 16:02:00,16:02:00,102,
2026.08.20 16:03:00,16:03:00,112,
2026.08.20 16:04:00,16:04:00,114,
2026.08.20 16:05:00,16:05:00,94,
2026.08.20 16:06:00,16:06:00,91,
2026.08.20 16:07:00,16:07:00,89,
2026.08.20 16:09:00,16:09:00,122,
2026.08.20 16:10:00,16:10:00,106,
2026.08.20 16:11:00,16:11:00,90,
2026.08.20 16:12:00,16:12:00,91,
2026.08.20 16:13:00,16:13:00,95,
2026.08.20 16:14:00,16:14:00,99,
2026.08.20 16:16:00,16:16:00,103,
2026.08.20 16:17:00,16:17:00,94,
2026.08.20 16:18:00,16:18:00,98,
2026.08.20 16:20:00,16:20:00,97,
2026.08.20 16:21:00,16:21:00,94,
2026.08.20 16:22:00,16:22:00,79,
2026.08.20 16:23:00,16:23:00,79,
2026.08.20 16:24:00,16:24:00,72,
2026.08.20 16:25:00,16:25:00,68,
2026.08.20 16:26:00,16:26:00,83,
2026.08.20 16:27:00,16:27:00,80,
2026.08.20 16:29:00,16:29:00,68,
2026.08.20 16:38:00,16:38:00,80,
2026.08.20 16:43:00,16:43:00,92,
2026.08.20 16:46:00,16:46:00,67,
2026.08.20 16:47:00,16:47:00,88,
2026.08.20 16:48:00,16:48:00,88,
2026.08.20 16:49:00,16:49:00,92,
2026.08.20 16:50:00,16:50:00,80,
2026.08.20 16:51:00,16:51:00,75,
2026.08.20 16:52:00,16:52:00,79,
2026.08.20 16:55:00,16:55:00,77,
2026.08.20 16:59:00,16:59:00,78,
2026.08.20 17:00:00,17:00:00,64,
2026.08.20 17:01:00,17:01:00,75,
2026.08.20 17:02:00,17:02:00,61,
2026.08.20 17:03:00,17:03:00,97,
2026.08.20 17:04:00,17:04:00,79,
2026.08.20 17:05:00,17:05:00,76,
2026.08.20 17:06:00,17:06:00,72,
2026.08.20 17:07:00,17:07:00,81,
2026.08.20 17:08:00,17:08:00,70,
2026.08.20 17:11:00,17:11:00,72,
2026.08.20 17:12:00,17:12:00,82,
2026.08.20 17:15:00,17:15:00,81,
2026.08.20 17:16:00,17:16:00,75,
2026.08.20 17:17:00,17:17:00,79,
2026.08.20 17:18:00,17:18:00,74,
2026.08.20 17:21:00,17:21:00,69,
2026.08.20 17:22:00,17:22:00,65,
2026.08.20 17:24:00,17:24:00,85,
2026.08.20 17:26:00,17:26:00,73,
2026.08.20 17:31:00,17:31:00,67,
2026.08.20 17:32:00,17:32:00,59,
2026.08.20 17:33:00,17:33:00,70,
2026.08.20 17:37:00,17:37:00,77,
2026.08.20 17:38:00,17:38:00,73,
2026.08.20 17:40:00,17:40:00,80,
2026.08.20 17:42:00,17:42:00,77,
2026.08.20 17:43:00,17:43:00,61,
2026.08.20 17:44:00,17:44:00,83,
2026.08.20 17:45:00,17:45:00,80,
2026.08.20 17:46:00,17:46:00,86,
2026.08.20 17:48:00,17:48:00,83,
2026.08.20 17:49:00,17:49:00,70,
2026.08.20 17:50:00,17:50:00,68,
2026.08.20 17:51:00,17:51:00,70,
2026.08.20 17:52:00,17:52:00,86,
2026.08.20 17:53:00,17:53:00,84,
2026.08.20 17:56:00,17:56:00,85,
2026.08.20 17:57:00,17:57:00,80,
2026.08.20 17:58:00,17:58:00,72,
2026.08.20 18:01:00,18:01:00,66,
2026.08.20 18:02:00,18:02:00,87,
2026.08.20 18:03:00,18:03:00,73,
2026.08.20 18:04:00,18:04:00,54,
2026.08.20 18:06:00,18:06:00,76,
2026.08.20 18:07:00,18:07:00,63,
2026.08.20 18:08:00,18:08:00,82,
2026.08.20 18:09:00,18:09:00,61,
2026.08.20 18:11:00,18:11:00,80,
2026.08.20 18:12:00,18:12:00,74,
2026.08.20 18:13:00,18:13:00,69,
2026.08.20 18:14:00,18:14:00,76,
2026.08.20 18:15:00,18:15:00,66,
2026.08.20 18:17:00,18:17:00,71,
2026.08.20 18:19:00,18:19:00,67,
2026.08.20 18:26:00,18:26:00,74,
2026.08.20 18:30:00,18:30:00,89,
2026.08.20 18:36:00,18:36:00,72,
2026.08.20 18:37:00,18:37:00,76,
2026.08.20 18:43:00,18:43:00,87,
2026.08.20 18:44:00,18:44:00,93,
2026.08.20 18:45:00,18:45:00,93,
2026.08.20 18:46:00,18:46:00,57,
2026.08.20 18:47:00,18:47:00,58,
2026.08.20 18:49:00,18:49:00,60,
2026.08.20 18:54:00,18:54:00,71,
2026.08.20 18:55:00,18:55:00,82,
2026.08.20 18:58:00,18:58:00,96,
2026.08.20 19:00:00,19:00:00,68,
2026.08.20 19:01:00,19:01:00,68,
2026.08.20 19:03:00,19:03:00,65,
2026.08.20 19:04:00,19:04:00,59,
2026.08.20 19:05:00,19:05:00,66,
2026.08.20 19:06:00,19:06:00,94,
2026.08.20 19:07:00,19:07:00,70,
2026.08.20 19:09:00,19:09:00,73,
2026.08.20 19:10:00,19:10:00,85,
2026.08.20 19:11:00,19:11:00,64,
2026.08.20 19:13:00,19:13:00,58,
2026.08.20 19:14:00,19:14:00,91,
2026.08.20 19:15:00,19:15:00,92,
2026.08.20 19:16:00,19:16:00,81,
2026.08.20 19:17:00,19:17:00,88,
2026.08.20 19:19:00,19:19:00,89,
2026.08.20 19:23:00,19:23:00,83,
2026.08.20 19:26:00,19:26:00,90,
2026.08.20 19:29:00,19:29:00,88,
2026.08.20 19:30:00,19:30:00,79,
2026.08.20 19:31:00,19:31:00,65,
2026.08.20 19:36:00,19:36:00,58,
2026.08.20 19:39:00,19:39:00,63,
2026.08.20 19:44:00,19:44:00,86,
2026.08.20 19:45:00,19:45:00,95,
2026.08.20 19:49:00,19:49:00,82,
2026.08.20 19:51:00,19:51:00,78,
2026.08.20 19:52:00,19:52:00,69,
2026.08.20 19:53:00,19:53:00,81,
2026.08.20 19:54:00,19:54:00,79,
2026.08.20 19:57:00,19:57:00,91,
2026.08.20 19:58:00,19:58:00,80,
2026.08.20 19:59:00,19:59:00,78,
2026.08.20 20:00:00,20:00:00,81,
2026.08.20 20:01:00,20:01:00,72,
2026.08.20 20:03:00,20:03:00,80,
2026.08.20 20:04:00,20:04:00,75,
2026.08.20 20:05:00,20:05:00,71,
2026.08.20 20:06:00,20:06:00,70,
2026.08.20 20:07:00,20:07:00,89,
2026.08.20 20:08:00,20:08:00,85,
2026.08.20 20:11:00,20:11:00,88,
2026.08.20 20:14:00,20:14:00,80,
2026.08.20 20:18:00,20:18:00,63,
2026.08.20 20:22:00,20:22:00,74,
2026.08.20 20:28:00,20:28:00,70,
2026.08.20 20:38:00,20:38:00,64,
2026.08.20 20:43:00,20:43:00,67,
2026.08.20 20:46:00,20:46:00,95,
2026.08.20 20:50:00,20:50:00,76,
2026.08.20 20:55:00,20:55:00,64,
2026.08.20 20:56:00,20:56:00,85,
2026.08.20 20:57:00,20:57:00,79,
2026.08.20 20:58:00,20:58:00,86,
2026.08.20 21:00:00,21:00:00,65,
2026.08.20 21:01:00,21:01:00,63,
2026.08.20 21:03:00,21:03:00,101,
2026.08.20 21:05:00,21:05:00,93,
2026.08.20 21:06:00,21:06:00,79,
2026.08.20 21:08:00,21:08:00,81,
2026.08.20 21:09:00,21:09:00,74,
2026.08.20 21:11:00,21:11:00,69,
2026.08.20 21:13:00,21:13:00,82,
2026.08.20 21:14:00,21:14:00,68,
2026.08.20 21:15:00,21:15:00,86,
2026.08.20 21:16:00,21:16:00,85,
2026.08.20 21:18:00,21:18:00,81,
2026.08.20 21:19:00,21:19:00,94,
2026.08.20 21:20:00,21:20:00,83,
2026.08.20 21:21:00,21:21:00,79,
2026.08.20 21:23:00,21:23:00,56,
2026.08.20 21:26:00,21:26:00,62,
2026.08.20 21:27:00,21:27:00,59,
2026.08.20 21:30:00,21:30:00,70,
2026.08.20 21:31:00,21:31:00,88,
2026.08.20 21:32:00,21:32:00,81,
2026.08.20 21:33:00,21:33:00,61,
2026.08.20 21:34:00,21:34:00,62,
2026.08.20 21:35:00,21:35:00,66,
2026.08.20 21:36:00,21:36:00,68,
2026.08.20 21:37:00,21:37:00,72,
2026.08.20 21:38:00,21:38:00,64,
2026.08.20 21:39:00,21:39:00,61,
2026.08.20 21:40:00,21:40:00,63,
2026.08.20 21:41:00,21:41:00,62,
2026.08.20 21:42:00,21:42:00,61,
2026.08.20 21:43:00,21:43:00,71,
2026.08.20 21:44:00,21:44:00,56,
2026.08.20 21:46:00,21:46:00,66,
2026.08.20 21:47:00,21:47:00,56,
2026.08.20 21:48:00,21:48:00,62,
2026.08.20 21:49:00,21:49:00,58,
2026.08.20 21:50:00,21:50:00,73,
2026.08.20 21:51:00,21:51:00,83,
2026.08.20 21:52:00,21:52:00,87,
2026.08.20 21:53:00,21:53:00,77,
2026.08.20 21:54:00,21:54:00,76,
2026.08.20 21:55:00,21:55:00,62,
2026.08.20 21:56:00,21:56:00,55,
2026.08.20 21:58:00,21:58:00,59,
2026.08.20 21:59:00,21:59:00,62,
2026.08.20 22:09:00,22:09:00,57,
2026.08.20 22:12:00,22:12:00,55,
2026.08.20 22:13:00,22:13:00,58,
2026.08.20 22:19:00,22:19:00,59,
2026.08.20 22:20:00,22:20:00,58,
2026.08.20 22:21:00,22:21:00,59,
2026.08.20 22:22:00,22:22:00,58,
2026.08.20 22:29:00,22:29:00,58,
2026.08.20 22:30:00,22:30:00,58,
2026.08.20 22:31:00,22:31:00,59,
2026.08.20 22:39:00,22:39:00,59,
2026.08.20 22:40:00,22:40:00,61,
2026.08.20 22:41:00,22:41:00,58,
2026.08.20 22:49:00,22:49:00,60,
2026.08.20 22:50:00,22:50:00,62,
2026.08.20 22:51:00,22:51:00,59,
2026.08.20 23:00:00,23:00:00,63,
2026.08.20 23:01:00,23:01:00,66,
2026.08.20 23:10:00,23:10:00,56,
2026.08.20 23:11:00,23:11:00,61,
2026.08.20 23:20:00,23:20:00,59,
2026.08.20 23:21:00,23:21:00,55,
2026.08.20 23:30:00,23:30:00,53,
2026.08.20 23:31:00,23:31:00,56,
2026.08.20 23:40:00,23:40:00,55,
2026.08.20 23:41:00,23:41:00,54,
2026.08.20 23:50:00,23:50:00,51,
2026.08.20 23:51:00,23:51:00,54,
2026.08.21 00:00:00,00:00:00,59,
2026.08.21 00:01:00,00:01:00,60,
2026.08.21 00:10:00,00:10:00,58,
2026.08.21 00:11:00,00:11:00,52,
2026.08.21 00:20:00,00:20:00,51,
2026.08.21 00:21:00,00:21:00,50,
2026.08.21 00:30:00,00:30:00,51,
2026.08.21 00:31:00,00:31:00,51,
2026.08.21 00:40:00,00:40:00,58,
2026.08.21 00:41:00,00:41:00,58,
2026.08.21 00:50:00,00:50:00,67,
2026.08.21 00:51:00,00:51:00,58,
2026.08.21 01:00:00,01:00:00,45,
2026.08.21 01:01:00,01:01:00,51,
2026.08.21 01:10:00,01:10:00,53,
2026.08.21 01:11:00,01:11:00,54,
2026.08.21 01:20:00,01:20:00,56,
2026.08.21 01:21:00,01:21:00,55,
2026.08.21 01:30:00,01:30:00,54,
2026.08.21 01:31:00,01:31:00,54,
2026.08.21 01:43:00,01:43:00,54,
2026.08.21 01:44:00,01:44:00,54,
2026.08.21 01:50:00,01:50:00,54,
2026.08.21 01:51:00,01:51:00,54,
2026.08.21 02:00:00,02:00:00,54,
2026.08.21 02:10:00,02:10:00,56,
2026.08.21 02:20:00,02:20:00,54,
2026.08.21 02:30:00,02:30:00,56,
2026.08.21 02:40:00,02:40:00,54,
2026.08.21 02:50:00,02:50:00,54,
2026.08.21 03:00:00,03:00:00,56,
2026.08.21 03:10:00,03:10:00,51,
2026.08.21 03:20:00,03:20:00,55,
2026.08.21 03:30:00,03:30:00,54,
2026.08.21 03:40:00,03:40:00,56,
2026.08.21 03:50:00,03:50:00,53,
2026.08.21 04:00:00,04:00:00,57,
2026.08.21 04:10:00,04:10:00,54,
2026.08.21 04:20:00,04:20:00,44,
2026.08.21 04:30:00,04:30:00,58,
2026.08.21 04:40:00,04:40:00,50,
2026.08.21 04:50:00,04:50:00,47,
2026.08.21 05:00:00,05:00:00,52,
2026.08.21 05:10:00,05:10:00,53,
2026.08.21 05:20:00,05:20:00,58,
2026.08.21 05:21:00,05:21:00,54,
2026.08.21 05:30:00,05:30:00,58,
2026.08.21 05:31:00,05:31:00,56,
2026.08.21 05:40:00,05:40:00,57,
2026.08.21 05:41:00,05:41:00,54,
2026.08.21 05:56:00,05:56:00,58,
2026.08.21 05:57:00,05:57:00,58,
2026.08.21 06:00:00,06:00:00,60,
2026.08.21 06:01:00,06:01:00,58,
2026.08.21 06:10:00,06:10:00,53,
2026.08.21 06:11:00,06:11:00,48,
2026.08.21 06:20:00,06:20:00,54,
2026.08.21 06:21:00,06:21:00,45,
2026.08.21 06:30:00,06:30:00,46,
2026.08.21 06:31:00,06:31:00,55,
2026.08.21 06:40:00,06:40:00,51,
2026.08.21 06:41:00,06:41:00,54,
2026.08.21 06:50:00,06:50:00,56,
2026.08.21 06:51:00,06:51:00,52,
2026.08.21 07:00:00,07:00:00,57,
2026.08.21 07:01:00,07:01:00,54,
2026.08.21 07:07:00,07:07:00,81,
2026.08.21 07:10:00,07:10:00,64,
2026.08.21 07:11:00,07:11:00,79,
2026.08.21 07:16:00,07:16:00,54,
2026.08.21 07:17:00,07:17:00,52,
2026.08.21 07:21:00,07:21:00,73,
2026.08.21 07:22:00,07:22:00,74,
2026.08.21 07:27:00,07:27:00,52,
2026.08.21 07:30:00,07:30:00,54,
2026.08.21 07:37:00,07:37:00,61,
2026.08.21 07:40:00,07:40:00,52,
2026.08.21 07:43:00,07:43:00,54,
2026.08.21 07:44:00,07:44:00,51,
2026.08.21 07:47:00,07:47:00,70,
2026.08.21 07:48:00,07:48:00,52,
2026.08.21 07:53:00,07:53:00,56,
2026.08.21 07:54:00,07:54:00,50,
2026.08.21 08:01:00,08:01:00,54,
2026.08.21 08:04:00,08:04:00,59,
2026.08.21 08:12:00,08:12:00,53,
2026.08.21 08:13:00,08:13:00,50,
2026.08.21 08:16:00,08:16:00,59,
2026.08.21 08:20:00,08:20:00,56,
2026.08.21 08:21:00,08:21:00,81,
2026.08.21 08:22:00,08:22:00,66,
2026.08.21 08:24:00,08:24:00,70,
2026.08.21 08:25:00,08:25:00,93,
2026.08.21 08:27:00,08:27:00,63,
2026.08.21 08:29:00,08:29:00,61,
2026.08.21 08:30:00,08:30:00,69,
2026.08.21 08:31:00,08:31:00,61,
2026.08.21 08:32:00,08:32:00,58,
2026.08.21 08:33:00,08:33:00,63,
2026.08.21 08:34:00,08:34:00,63,
2026.08.21 08:35:00,08:35:00,101,
2026.08.21 08:38:00,08:38:00,87,
2026.08.21 08:41:00,08:41:00,91,
2026.08.21 08:45:00,08:45:00,84,
2026.08.21 08:46:00,08:46:00,68,
2026.08.21 08:47:00,08:47:00,89,
2026.08.21 08:48:00,08:48:00,82,
2026.08.21 08:49:00,08:49:00,64,
2026.08.21 08:50:00,08:50:00,70,
2026.08.21 08:51:00,08:51:00,77,
2026.08.21 08:52:00,08:52:00,62,
2026.08.21 08:53:00,08:53:00,78,
2026.08.21 08:54:00,08:54:00,64,
2026.08.21 08:55:00,08:55:00,72,
2026.08.21 08:56:00,08:56:00,83,
2026.08.21 08:57:00,08:57:00,69,
2026.08.21 08:58:00,08:58:00,64,
2026.08.21 08:59:00,08:59:00,81,
2026.08.21 09:00:00,09:00:00,63,
2026.08.21 09:01:00,09:01:00,76,
2026.08.21 09:03:00,09:03:00,89,
2026.08.21 09:04:00,09:04:00,77,
2026.08.21 09:05:00,09:05:00,58,
2026.08.21 09:06:00,09:06:00,55,
2026.08.21 09:07:00,09:07:00,56,
2026.08.21 09:09:00,09:09:00,87,
2026.08.21 09:10:00,09:10:00,79,
2026.08.21 09:12:00,09:12:00,70,
2026.08.21 09:13:00,09:13:00,60,
2026.08.21 09:14:00,09:14:00,89,
2026.08.21 09:15:00,09:15:00,92,
2026.08.21 09:16:00,09:16:00,83,
2026.08.21 09:17:00,09:17:00,77,
2026.08.21 09:18:00,09:18:00,68,
2026.08.21 09:19:00,09:19:00,62,
2026.08.21 09:26:00,09:26:00,64,
2026.08.21 09:27:00,09:27:00,81,
2026.08.21 09:30:00,09:30:00,77,
2026.08.21 09:34:00,09:34:00,82,
2026.08.21 09:39:00,09:39:00,55,
2026.08.21 09:40:00,09:40:00,65,
2026.08.21 09:41:00,09:41:00,68,
2026.08.21 09:43:00,09:43:00,56,
2026.08.21 09:48:00,09:48:00,58,
2026.08.21 09:50:00,09:50:00,73,
2026.08.21 09:52:00,09:52:00,63,
2026.08.21 09:55:00,09:55:00,84,
2026.08.21 09:56:00,09:56:00,85,
2026.08.21 09:57:00,09:57:00,72,
2026.08.21 09:58:00,09:58:00,85,
2026.08.21 09:59:00,09:59:00,69,
2026.08.21 10:00:00,10:00:00,65,
2026.08.21 10:01:00,10:01:00,87,
2026.08.21 10:02:00,10:02:00,77,
2026.08.21 10:05:00,10:05:00,83,
2026.08.21 10:06:00,10:06:00,60,
2026.08.21 10:07:00,10:07:00,56,
2026.08.21 10:09:00,10:09:00,66,
2026.08.21 10:10:00,10:10:00,66,
2026.08.21 10:11:00,10:11:00,64,
2026.08.21 10:12:00,10:12:00,68,
2026.08.21 10:13:00,10:13:00,75,
2026.08.21 10:14:00,10:14:00,75,
2026.08.21 10:15:00,10:15:00,66,
2026.08.21 10:19:00,10:19:00,62,
2026.08.21 10:20:00,10:20:00,63,
2026.08.21 10:21:00,10:21:00,66,
2026.08.21 10:22:00,10:22:00,84,
2026.08.21 10:25:00,10:25:00,58,
2026.08.21 10:26:00,10:26:00,81,
2026.08.21 10:27:00,10:27:00,86,
2026.08.21 10:28:00,10:28:00,73,
2026.08.21 10:30:00,10:30:00,65,
2026.08.21 10:32:00,10:32:00,61,
2026.08.21 10:33:00,10:33:00,65,
2026.08.21 10:34:00,10:34:00,63,
2026.08.21 10:36:00,10:36:00,67,
2026.08.21 10:37:00,10:37:00,78,
2026.08.21 10:38:00,10:38:00,69,
2026.08.21 10:39:00,10:39:00,70,
2026.08.21 10:40:00,10:40:00,68,
2026.08.21 10:41:00,10:41:00,69,
2026.08.21 10:42:00,10:42:00,84,
2026.08.21 10:43:00,10:43:00,93,
2026.08.21 10:44:00,10:44:00,83,
2026.08.21 10:45:00,10:45:00,59,
2026.08.21 10:47:00,10:47:00,63,
2026.08.21 10:49:00,10:49:00,67,
2026.08.21 10:50:00,10:50:00,68,
2026.08.21 10:51:00,10:51:00,71,
2026.08.21 10:53:00,10:53:00,65,
2026.08.21 10:57:00,10:57:00,53,
2026.08.21 10:59:00,10:59:00,61,
2026.08.21 11:01:00,11:01:00,59,
2026.08.21 11:04:00,11:04:00,61,
2026.08.21 11:06:00,11:06:00,65,
2026.08.21 11:09:00,11:09:00,73,
2026.08.21 11:11:00,11:11:00,90,
2026.08.21 11:13:00,11:13:00,87,
2026.08.21 11:14:00,11:14:00,81,
2026.08.21 11:16:00,11:16:00,82,
2026.08.21 11:18:00,11:18:00,75,
2026.08.21 11:19:00,11:19:00,77,
2026.08.21 11:20:00,11:20:00,70,
2026.08.21 11:21:00,11:21:00,92,
2026.08.21 11:22:00,11:22:00,93,
2026.08.21 11:27:00,11:27:00,100,
2026.08.21 11:30:00,11:30:00,95,
2026.08.21 11:31:00,11:31:00,97,
2026.08.21 11:33:00,11:33:00,104,
2026.08.21 11:34:00,11:34:00,104,
2026.08.21 11:36:00,11:36:00,108,
2026.08.21 11:37:00,11:37:00,96,
2026.08.21 11:40:00,11:40:00,75,
2026.08.21 11:41:00,11:41:00,76,
2026.08.21 11:42:00,11:42:00,89,
2026.08.21 11:43:00,11:43:00,91,
2026.08.21 11:44:00,11:44:00,93,
2026.08.21 11:45:00,11:45:00,90,
2026.08.21 11:46:00,11:46:00,88,
2026.08.21 11:47:00,11:47:00,87,
2026.08.21 11:50:00,11:50:00,87,
2026.08.21 11:51:00,11:51:00,89,
2026.08.21 11:52:00,11:52:00,92,
2026.08.21 11:53:00,11:53:00,90,
2026.08.21 11:54:00,11:54:00,85,
2026.08.21 11:55:00,11:55:00,85,
2026.08.21 11:56:00,11:56:00,82,
2026.08.21 11:57:00,11:57:00,87,
2026.08.21 11:58:00,11:58:00,95,
2026.08.21 11:59:00,11:59:00,82,
2026.08.21 12:00:00,12:00:00,83,
2026.08.21 12:01:00,12:01:00,85,
2026.08.21 12:02:00,12:02:00,82,
2026.08.21 12:03:00,12:03:00,117,
2026.08.21 12:06:00,12:06:00,77,
2026.08.21 12:08:00,12:08:00,97,
2026.08.21 12:09:00,12:09:00,114,
2026.08.21 12:10:00,12:10:00,107,
2026.08.21 12:11:00,12:11:00,112,
2026.08.21 12:12:00,12:12:00,111,
2026.08.21 12:13:00,12:13:00,116,
2026.08.21 12:14:00,12:14:00,119,
2026.08.21 12:15:00,12:15:00,113,
2026.08.21 12:16:00,12:16:00,115,
2026.08.21 12:17:00,12:17:00,114,
2026.08.21 12:18:00,12:18:00,119,
2026.08.21 12:19:00,12:19:00,122,
2026.08.21 12:20:00,12:20:00,123,
2026.08.21 12:21:00,12:21:00,115,
2026.08.21 12:22:00,12:22:00,116,
2026.08.21 12:23:00,12:23:00,110,
2026.08.21 12:24:00,12:24:00,116,
2026.08.21 12:25:00,12:25:00,121,
2026.08.21 12:26:00,12:26:00,120,
2026.08.21 12:27:00,12:27:00,120,
2026.08.21 12:28:00,12:28:00,118,
2026.08.21 12:29:00,12:29:00,120,
2026.08.21 12:30:00,12:30:00,128,
2026.08.21 12:31:00,12:31:00,111,
2026.08.21 12:32:00,12:32:00,114,
2026.08.21 12:33:00,12:33:00,114,
2026.08.21 12:34:00,12:34:00,101,
2026.08.21 12:35:00,12:35:00,99,
2026.08.21 12:36:00,12:36:00,99,
2026.08.21 12:37:00,12:37:00,100,
2026.08.21 12:38:00,12:38:00,96,
2026.08.21 12:39:00,12:39:00,104,
2026.08.21 12:40:00,12:40:00,108,
2026.08.21 12:41:00,12:41:00,95,
2026.08.21 12:42:00,12:42:00,92,
2026.08.21 12:43:00,12:43:00,103,
2026.08.21 12:44:00,12:44:00,101,
2026.08.21 12:45:00,12:45:00,98,
2026.08.21 12:47:00,12:47:00,94,
2026.08.21 12:48:00,12:48:00,114,
2026.08.21 12:49:00,12:49:00,106,
2026.08.21 12:50:00,12:50:00,94,
2026.08.21 12:51:00,12:51:00,91,
2026.08.21 12:52:00,12:52:00,93,
2026.08.21 12:53:00,12:53:00,92,
2026.08.21 12:54:00,12:54:00,99,
2026.08.21 12:55:00,12:55:00,97,
2026.08.21 12:56:00,12:56:00,96,
2026.08.21 12:57:00,12:57:00,90,
2026.08.21 12:58:00,12:58:00,94,
2026.08.21 12:59:00,12:59:00,95,
2026.08.21 13:00:00,13:00:00,86,
2026.08.21 13:01:00,13:01:00,107,
2026.08.21 13:02:00,13:02:00,93,
2026.08.21 13:03:00,13:03:00,89,
2026.08.21 13:04:00,13:04:00,88,
2026.08.21 13:05:00,13:05:00,95,
2026.08.21 13:06:00,13:06:00,97,
2026.08.21 13:07:00,13:07:00,93,
2026.08.21 13:08:00,13:08:00,93,
2026.08.21 13:09:00,13:09:00,94,
2026.08.21 13:10:00,13:10:00,90,
2026.08.21 13:11:00,13:11:00,86,
2026.08.21 13:12:00,13:12:00,87,
2026.08.21 13:13:00,13:13:00,76,
2026.08.21 13:14:00,13:14:00,91,
2026.08.21 13:15:00,13:15:00,82,
2026.08.21 13:16:00,13:16:00,79,
2026.08.21 13:17:00,13:17:00,69,
2026.08.21 13:18:00,13:18:00,89,
2026.08.21 13:20:00,13:20:00,83,
2026.08.21 13:28:00,13:28:00,81,
2026.08.21 13:29:00,13:29:00,81,
2026.08.21 13:30:00,13:30:00,85,
2026.08.21 13:31:00,13:31:00,83,
2026.08.21 13:33:00,13:33:00,87,
2026.08.21 13:34:00,13:34:00,81,
2026.08.21 13:36:00,13:36:00,88,
2026.08.21 13:37:00,13:37:00,78,
2026.08.21 13:39:00,13:39:00,64,
2026.08.21 13:40:00,13:40:00,86,
2026.08.21 13:41:00,13:41:00,72,
2026.08.21 13:42:00,13:42:00,85,
2026.08.21 13:43:00,13:43:00,68,
2026.08.21 13:44:00,13:44:00,74,
2026.08.21 13:45:00,13:45:00,82,
2026.08.21 13:47:00,13:47:00,72,
2026.08.21 13:48:00,13:48:00,91,
2026.08.21 13:56:00,13:56:00,89,
2026.08.21 14:05:00,14:05:00,109,
2026.08.21 14:09:00,14:09:00,82,
2026.08.21 14:10:00,14:10:00,77,
2026.08.21 14:12:00,14:12:00,69,
2026.08.21 14:13:00,14:13:00,67,
2026.08.21 14:16:00,14:16:00,84,
2026.08.21 14:17:00,14:17:00,89,
2026.08.21 14:18:00,14:18:00,93,
2026.08.21 14:19:00,14:19:00,93,
2026.08.21 14:20:00,14:20:00,72,
2026.08.21 14:21:00,14:21:00,75,
2026.08.21 14:22:00,14:22:00,73,
2026.08.21 14:23:00,14:23:00,69,
2026.08.21 14:24:00,14:24:00,60,
2026.08.21 14:25:00,14:25:00,65,
2026.08.21 14:26:00,14:26:00,60,
2026.08.21 14:27:00,14:27:00,62,
2026.08.21 14:30:00,14:30:00,69,
2026.08.21 14:31:00,14:31:00,60,
2026.08.21 14:32:00,14:32:00,71,
2026.08.21 14:33:00,14:33:00,80,
2026.08.21 14:39:00,14:39:00,60,
2026.08.21 14:41:00,14:41:00,57,
2026.08.21 14:42:00,14:42:00,61,
2026.08.21 14:43:00,14:43:00,65,
2026.08.21 14:44:00,14:44:00,59,
2026.08.21 14:45:00,14:45:00,64,
2026.08.21 14:46:00,14:46:00,65,
2026.08.21 14:47:00,14:47:00,60,
2026.08.21 14:48:00,14:48:00,59,
2026.08.21 14:50:00,14:50:00,61,
2026.08.21 14:51:00,14:51:00,56,
2026.08.21 14:52:00,14:52:00,60,
2026.08.21 14:53:00,14:53:00,58,
2026.08.21 14:54:00,14:54:00,58,
2026.08.21 14:55:00,14:55:00,56,
2026.08.21 14:56:00,14:56:00,59,
2026.08.21 14:58:00,14:58:00,64,
2026.08.21 15:02:00,15:02:00,91,
2026.08.21 15:03:00,15:03:00,73,
2026.08.21 15:04:00,15:04:00,66,
2026.08.21 15:05:00,15:05:00,56,
2026.08.21 15:06:00,15:06:00,53,
2026.08.21 15:08:00,15:08:00,59,
2026.08.21 15:09:00,15:09:00,59,
2026.08.21 15:10:00,15:10:00,59,
2026.08.21 15:12:00,15:12:00,70,
2026.08.21 15:14:00,15:14:00,62,
2026.08.21 15:15:00,15:15:00,68,
2026.08.21 15:17:00,15:17:00,54,
2026.08.21 15:18:00,15:18:00,64,
2026.08.21 15:19:00,15:19:00,57,
2026.08.21 15:20:00,15:20:00,66,
2026.08.21 15:26:00,15:26:00,53,
2026.08.21 15:28:00,15:28:00,54,
2026.08.21 15:30:00,15:30:00,56,
2026.08.21 15:37:00,15:37:00,53,
2026.08.21 15:40:00,15:40:00,50,
2026.08.21 15:50:00,15:50:00,58,
2026.08.21 15:54:00,15:54:00,58,
2026.08.21 16:00:00,16:00:00,56,
2026.08.21 16:06:00,16:06:00,63,
2026.08.21 16:10:00,16:10:00,55,
2026.08.21 16:16:00,16:16:00,83,
2026.08.21 16:20:00,16:20:00,49,
2026.08.21 16:30:00,16:30:00,60,
2026.08.21 16:34:00,16:34:00,84,
2026.08.21 16:35:00,16:35:00,79,
2026.08.21 16:39:00,16:39:00,79,
2026.08.21 16:40:00,16:40:00,55,
2026.08.21 16:50:00,16:50:00,52,
2026.08.21 16:54:00,16:54:00,55,
2026.08.21 16:55:00,16:55:00,58,
2026.08.21 17:00:00,17:00:00,58,
2026.08.21 17:03:00,17:03:00,74,
2026.08.21 17:04:00,17:04:00,69,
2026.08.21 17:10:00,17:10:00,54,
2026.08.21 17:15:00,17:15:00,77,
2026.08.21 17:16:00,17:16:00,82,
2026.08.21 17:20:00,17:20:00,51,
2026.08.21 17:30:00,17:30:00,52,
2026.08.21 17:40:00,17:40:00,56,
2026.08.21 17:48:00,17:48:00,70,
2026.08.21 17:50:00,17:50:00,53,
2026.08.21 17:57:00,17:57:00,80,
2026.08.21 18:00:00,18:00:00,57,
2026.08.21 18:01:00,18:01:00,57,
2026.08.21 18:05:00,18:05:00,64,
2026.08.21 18:06:00,18:06:00,72,
2026.08.21 18:07:00,18:07:00,53,
2026.08.21 18:10:00,18:10:00,51,
2026.08.21 18:11:00,18:11:00,62,
2026.08.21 18:14:00,18:14:00,86,
2026.08.21 18:17:00,18:17:00,90,
2026.08.21 18:18:00,18:18:00,88,
2026.08.21 18:20:00,18:20:00,86,
2026.08.21 18:21:00,18:21:00,94,
2026.08.21 18:22:00,18:22:00,94,
2026.08.21 18:23:00,18:23:00,87,
2026.08.21 18:26:00,18:26:00,74,
2026.08.21 18:28:00,18:28:00,62,
2026.08.21 18:29:00,18:29:00,64,
2026.08.21 18:30:00,18:30:00,77,
2026.08.21 18:32:00,18:32:00,71,
2026.08.21 18:33:00,18:33:00,84,
2026.08.21 18:34:00,18:34:00,73,
2026.08.21 18:35:00,18:35:00,62,
2026.08.21 18:36:00,18:36:00,68,
2026.08.21 18:37:00,18:37:00,87,
2026.08.21 18:38:00,18:38:00,87,
2026.08.21 18:41:00,18:41:00,79,
2026.08.21 18:42:00,18:42:00,87,
2026.08.21 18:43:00,18:43:00,81,
2026.08.21 18:44:00,18:44:00,88,
2026.08.21 18:47:00,18:47:00,71,
2026.08.21 18:53:00,18:53:00,76,
2026.08.21 18:54:00,18:54:00,71,
2026.08.21 18:55:00,18:55:00,61,
2026.08.21 18:56:00,18:56:00,63,
2026.08.21 18:59:00,18:59:00,70,
2026.08.21 19:01:00,19:01:00,76,
2026.08.21 19:03:00,19:03:00,61,
2026.08.21 19:04:00,19:04:00,68,
2026.08.21 19:05:00,19:05:00,82,
2026.08.21 19:06:00,19:06:00,78,
2026.08.21 19:08:00,19:08:00,81,
2026.08.21 19:10:00,19:10:00,124,
2026.08.21 19:11:00,19:11:00,109,
2026.08.21 19:12:00,19:12:00,105,
2026.08.21 19:13:00,19:13:00,95,
2026.08.21 19:14:00,19:14:00,82,
2026.08.21 19:15:00,19:15:00,95,
2026.08.21 19:16:00,19:16:00,83,
2026.08.21 19:18:00,19:18:00,91,
2026.08.21 19:19:00,19:19:00,96,
2026.08.21 19:20:00,19:20:00,110,
2026.08.21 19:21:00,19:21:00,98,
2026.08.21 19:22:00,19:22:00,84,
2026.08.21 19:24:00,19:24:00,90,
2026.08.21 19:26:00,19:26:00,80,
2026.08.21 19:27:00,19:27:00,83,
2026.08.21 19:28:00,19:28:00,69,
2026.08.21 19:29:00,19:29:00,67,
2026.08.21 19:30:00,19:30:00,75,
2026.08.21 19:32:00,19:32:00,64,
2026.08.21 19:35:00,19:35:00,64,
2026.08.21 19:36:00,19:36:00,65,
2026.08.21 19:37:00,19:37:00,69,
2026.08.21 19:39:00,19:39:00,65,
2026.08.21 19:40:00,19:40:00,62,
2026.08.21 19:42:00,19:42:00,59,
2026.08.21 19:47:00,19:47:00,59,
2026.08.21 19:50:00,19:50:00,83,
2026.08.21 19:51:00,19:51:00,58,
2026.08.21 19:52:00,19:52:00,59,
2026.08.21 19:53:00,19:53:00,61,
2026.08.21 19:54:00,19:54:00,80,
2026.08.21 19:56:00,19:56:00,54,
2026.08.21 19:57:00,19:57:00,62,
2026.08.21 19:58:00,19:58:00,80,
2026.08.21 19:59:00,19:59:00,71,
2026.08.21 20:00:00,20:00:00,71,
2026.08.21 20:02:00,20:02:00,55,
2026.08.21 20:04:00,20:04:00,52,
2026.08.21 20:05:00,20:05:00,54,
2026.08.21 20:06:00,20:06:00,65,
2026.08.21 20:09:00,20:09:00,60,
2026.08.21 20:14:00,20:14:00,59,
2026.08.21 20:15:00,20:15:00,58,
2026.08.21 20:16:00,20:16:00,66,
2026.08.21 20:17:00,20:17:00,86,
2026.08.21 20:23:00,20:23:00,62,
2026.08.21 20:24:00,20:24:00,77,
2026.08.21 20:25:00,20:25:00,54,
2026.08.21 20:26:00,20:26:00,64,
2026.08.21 20:27:00,20:27:00,82,
2026.08.21 20:28:00,20:28:00,79,
2026.08.21 20:29:00,20:29:00,94,
2026.08.21 20:30:00,20:30:00,84,
2026.08.21 20:32:00,20:32:00,103,
2026.08.21 20:33:00,20:33:00,92,
2026.08.21 20:34:00,20:34:00,77,
2026.08.21 20:35:00,20:35:00,82,
2026.08.21 20:37:00,20:37:00,84,
2026.08.21 20:38:00,20:38:00,86,
2026.08.21 20:40:00,20:40:00,101,
2026.08.21 20:41:00,20:41:00,80,
2026.08.21 20:42:00,20:42:00,86,
2026.08.21 20:46:00,20:46:00,85,
2026.08.21 20:48:00,20:48:00,60,
2026.08.21 20:49:00,20:49:00,64,
2026.08.21 20:50:00,20:50:00,73,
2026.08.21 20:52:00,20:52:00,65,
2026.08.21 20:54:00,20:54:00,62,
2026.08.21 20:55:00,20:55:00,82,
2026.08.21 20:56:00,20:56:00,66,
2026.08.21 20:57:00,20:57:00,81,
2026.08.21 20:58:00,20:58:00,78,
2026.08.21 20:59:00,20:59:00,80,
2026.08.21 21:02:00,21:02:00,63,
2026.08.21 21:03:00,21:03:00,64,
2026.08.21 21:06:00,21:06:00,69,
2026.08.21 21:08:00,21:08:00,62,
2026.08.21 21:09:00,21:09:00,68,
2026.08.21 21:11:00,21:11:00,61,
2026.08.21 21:12:00,21:12:00,69,
2026.08.21 21:13:00,21:13:00,66,
2026.08.21 21:15:00,21:15:00,69,
2026.08.21 21:16:00,21:16:00,69,
2026.08.21 21:20:00,21:20:00,77,
2026.08.21 21:21:00,21:21:00,75,
2026.08.21 21:22:00,21:22:00,65,
2026.08.21 21:23:00,21:23:00,71,
2026.08.21 21:24:00,21:24:00,57,
2026.08.21 21:25:00,21:25:00,61,
2026.08.21 21:26:00,21:26:00,82,
2026.08.21 21:27:00,21:27:00,57,
2026.08.21 21:30:00,21:30:00,66,
2026.08.21 21:31:00,21:31:00,64,
2026.08.21 21:32:00,21:32:00,77,
2026.08.21 21:36:00,21:36:00,70,
2026.08.21 21:37:00,21:37:00,68,
2026.08.21 21:40:00,21:40:00,65,
2026.08.21 21:41:00,21:41:00,62,
2026.08.21 21:42:00,21:42:00,69,
2026.08.21 21:43:00,21:43:00,64,
2026.08.21 21:44:00,21:44:00,60,
2026.08.21 21:46:00,21:46:00,86,
2026.08.21 21:47:00,21:47:00,64,
2026.08.21 21:50:00,21:50:00,64,
2026.08.21 21:51:00,21:51:00,66,
2026.08.21 21:54:00,21:54:00,64,
2026.08.21 21:56:00,21:56:00,63,
2026.08.21 21:58:00,21:58:00,63,
2026.08.21 22:00:00,22:00:00,59,
2026.08.21 22:01:00,22:01:00,62,
2026.08.21 22:04:00,22:04:00,63,
2026.08.21 22:06:00,22:06:00,67,
2026.08.21 22:07:00,22:07:00,66,
2026.08.21 22:09:00,22:09:00,65,
2026.08.21 22:10:00,22:10:00,62,
2026.08.21 22:11:00,22:11:00,66,
2026.08.21 22:12:00,22:12:00,61,
2026.08.21 22:13:00,22:13:00,60,
2026.08.21 22:14:00,22:14:00,63,
2026.08.21 22:16:00,22:16:00,63,
2026.08.21 22:17:00,22:17:00,86,
2026.08.21 22:18:00,22:18:00,64,
2026.08.21 22:19:00,22:19:00,65,
2026.08.21 22:20:00,22:20:00,63,
2026.08.21 22:21:00,22:21:00,64,
2026.08.21 22:22:00,22:22:00,88,
2026.08.21 22:25:00,22:25:00,80,
2026.08.21 22:26:00,22:26:00,73,
2026.08.21 22:29:00,22:29:00,66,
2026.08.21 22:30:00,22:30:00,67,
2026.08.21 22:31:00,22:31:00,67,
2026.08.21 22:32:00,22:32:00,62,
2026.08.21 22:35:00,22:35:00,67,
2026.08.21 22:36:00,22:36:00,72,
2026.08.21 22:38:00,22:38:00,90,
2026.08.21 22:39:00,22:39:00,79,
2026.08.21 22:42:00,22:42:00,88,
2026.08.21 22:43:00,22:43:00,72,
2026.08.21 22:44:00,22:44:00,68,
2026.08.21 22:45:00,22:45:00,66,
2026.08.21 22:46:00,22:46:00,71,
2026.08.21 22:47:00,22:47:00,69,
2026.08.21 22:48:00,22:48:00,66,
2026.08.21 22:49:00,22:49:00,69,
2026.08.21 22:50:00,22:50:00,72,
2026.08.21 22:51:00,22:51:00,70,
2026.08.21 22:52:00,22:52:00,72,
2026.08.21 22:53:00,22:53:00,66,
2026.08.21 22:54:00,22:54:00,64,
2026.08.21 22:55:00,22:55:00,63,
2026.08.21 22:56:00,22:56:00,77,
2026.08.21 22:57:00,22:57:00,75,
2026.08.21 22:58:00,22:58:00,71,
2026.08.21 22:59:00,22:59:00,70,
2026.08.21 23:00:00,23:00:00,80,
2026.08.21 23:01:00,23:01:00,60,
2026.08.21 23:02:00,23:02:00,69,
2026.08.21 23:03:00,23:03:00,65,
2026.08.21 23:04:00,23:04:00,61,
2026.08.21 23:05:00,23:05:00,68,
2026.08.21 23:06:00,23:06:00,71,
2026.08.21 23:07:00,23:07:00,63,
2026.08.21 23:08:00,23:08:00,68,
2026.08.21 23:09:00,23:09:00,70,
2026.08.21 23:10:00,23:10:00,63,
2026.08.21 23:11:00,23:11:00,69,
2026.08.21 23:12:00,23:12:00,66,
2026.08.21 23:13:00,23:13:00,70,
2026.08.21 23:14:00,23:14:00,73,
2026.08.21 23:15:00,23:15:00,66,
2026.08.21 23:16:00,23:16:00,75,
2026.08.21 23:17:00,23:17:00,66,
2026.08.21 23:18:00,23:18:00,66,
2026.08.21 23:19:00,23:19:00,73,
2026.08.21 23:20:00,23:20:00,69,
2026.08.21 23:21:00,23:21:00,71,
2026.08.21 23:22:00,23:22:00,70,
2026.08.21 23:23:00,23:23:00,64,
2026.08.21 23:24:00,23:24:00,73,
2026.08.21 23:25:00,23:25:00,71,
2026.08.21 23:26:00,23:26:00,65,
2026.08.21 23:27:00,23:27:00,70,
2026.08.21 23:28:00,23:28:00,69,
2026.08.21 23:29:00,23:29:00,65,
2026.08.21 23:30:00,23:30:00,62,
2026.08.21 23:31:00,23:31:00,65,
2026.08.21 23:32:00,23:32:00,67,
2026.08.21 23:33:00,23:33:00,60,
2026.08.21 23:34:00,23:34:00,62,
2026.08.21 23:35:00,23:35:00,62,
2026.08.21 23:36:00,23:36:00,60,
2026.08.21 23:37:00,23:37:00,65,
2026.08.21 23:38:00,23:38:00,64,
2026.08.21 23:39:00,23:39:00,72,
2026.08.21 23:40:00,23:40:00,60,
2026.08.21 23:41:00,23:41:00,57,
2026.08.21 23:42:00,23:42:00,69,
2026.08.21 23:43:00,23:43:00,58,
2026.08.21 23:45:00,23:45:00,56,
2026.08.21 23:47:00,23:47:00,60,
2026.08.21 23:48:00,23:48:00,57,
2026.08.21 23:49:00,23:49:00,57,
2026.08.21 23:50:00,23:50:00,59,
2026.08.21 23:51:00,23:51:00,82,
2026.08.21 23:52:00,23:52:00,57,
2026.08.21 23:53:00,23:53:00,53,
2026.08.21 23:54:00,23:54:00,64,
2026.08.21 23:59:00,23:59:00,59,
2026.08.22 00:00:00,00:00:00,57,
2026.08.22 00:01:00,00:01:00,60,
2026.08.22 00:03:00,00:03:00,62,
2026.08.22 00:04:00,00:04:00,65,
2026.08.22 00:08:00,00:08:00,55,
2026.08.22 00:09:00,00:09:00,52,
2026.08.22 00:10:00,00:10:00,67,
2026.08.22 00:11:00,00:11:00,67,
2026.08.22 00:12:00,00:12:00,61,
2026.08.22 00:13:00,00:13:00,79,
2026.08.22 00:14:00,00:14:00,93,
2026.08.22 00:15:00,00:15:00,80,
2026.08.22 00:16:00,00:16:00,70,
2026.08.22 00:17:00,00:17:00,86,
2026.08.22 00:18:00,00:18:00,67,
2026.08.22 00:20:00,00:20:00,79,
2026.08.22 00:22:00,00:22:00,69,
2026.08.22 00:23:00,00:23:00,81,
2026.08.22 00:24:00,00:24:00,73,
2026.08.22 00:25:00,00:25:00,55,
2026.08.22 00:26:00,00:26:00,53,
2026.08.22 00:27:00,00:27:00,69,
2026.08.22 00:28:00,00:28:00,57,
2026.08.22 00:29:00,00:29:00,61,
2026.08.22 00:39:00,00:39:00,65,
2026.08.22 00:40:00,00:40:00,95,
2026.08.22 00:41:00,00:41:00,82,
2026.08.22 00:42:00,00:42:00,64,
2026.08.22 00:43:00,00:43:00,95,
2026.08.22 00:45:00,00:45:00,76,
2026.08.22 00:46:00,00:46:00,76,
2026.08.22 00:47:00,00:47:00,58,
2026.08.22 00:48:00,00:48:00,99,
2026.08.22 00:49:00,00:49:00,102,
2026.08.22 00:50:00,00:50:00,51,
2026.08.22 00:56:00,00:56:00,48,
2026.08.22 00:57:00,00:57:00,55,
2026.08.22 00:58:00,00:58:00,59,
2026.08.22 01:01:00,01:01:00,93,
2026.08.22 01:02:00,01:02:00,53,
2026.08.22 01:04:00,01:04:00,67,
2026.08.22 01:07:00,01:07:00,77,
2026.08.22 01:08:00,01:08:00,109,
2026.08.22 01:11:00,01:11:00,53,
2026.08.22 01:12:00,01:12:00,61,
2026.08.22 01:14:00,01:14:00,86,
2026.08.22 01:17:00,01:17:00,51,
2026.08.22 01:26:00,01:26:00,48,
2026.08.22 01:27:00,01:27:00,48,
2026.08.22 01:37:00,01:37:00,53,
2026.08.22 01:39:00,01:39:00,53,
2026.08.22 01:40:00,01:40:00,51,
2026.08.22 01:47:00,01:47:00,53,
2026.08.22 01:49:00,01:49:00,47,
2026.08.22 01:50:00,01:50:00,48,
2026.08.22 01:57:00,01:57:00,52,
2026.08.22 02:00:00,02:00:00,50,
2026.08.22 02:06:00,02:06:00,55,
2026.08.22 02:10:00,02:10:00,53,
2026.08.22 02:20:00,02:20:00,54,
2026.08.22 02:30:00,02:30:00,53,
2026.08.22 02:40:00,02:40:00,48,
2026.08.22 02:50:00,02:50:00,58,
2026.08.22 03:16:00,03:16:00,52,
2026.08.22 03:20:00,03:20:00,52,
2026.08.22 03:30:00,03:30:00,53,
2026.08.22 03:40:00,03:40:00,50,
2026.08.22 03:50:00,03:50:00,51,
2026.08.22 04:00:00,04:00:00,48,
2026.08.22 04:10:00,04:10:00,50,
2026.08.22 04:11:00,04:11:00,53,
2026.08.22 04:20:00,04:20:00,50,
2026.08.22 04:21:00,04:21:00,47,
2026.08.22 04:30:00,04:30:00,45,
2026.08.22 04:31:00,04:31:00,47,
2026.08.22 04:40:00,04:40:00,50,
2026.08.22 04:41:00,04:41:00,47,
2026.08.22 04:50:00,04:50:00,52,
2026.08.22 04:51:00,04:51:00,49,
2026.08.22 05:00:00,05:00:00,50,
2026.08.22 05:01:00,05:01:00,50,
2026.08.22 05:10:00,05:10:00,46,
2026.08.22 05:11:00,05:11:00,50,
2026.08.22 05:20:00,05:20:00,53,
2026.08.22 05:21:00,05:21:00,52,
2026.08.22 05:30:00,05:30:00,53,
2026.08.22 05:31:00,05:31:00,49,
2026.08.22 05:41:00,05:41:00,53,
2026.08.22 05:50:00,05:50:00,47,
2026.08.22 05:51:00,05:51:00,60,
2026.08.22 05:55:00,05:55:00,55,
2026.08.22 05:56:00,05:56:00,52,
2026.08.22 06:00:00,06:00:00,49,
2026.08.22 06:01:00,06:01:00,50,
2026.08.22 06:04:00,06:04:00,54,
2026.08.22 06:05:00,06:05:00,50,
2026.08.22 06:06:00,06:06:00,50,
2026.08.22 06:10:00,06:10:00,50,
2026.08.22 06:11:00,06:11:00,52,
2026.08.22 06:20:00,06:20:00,47,
2026.08.22 06:21:00,06:21:00,48,
2026.08.22 06:30:00,06:30:00,48,
2026.08.22 06:31:00,06:31:00,51,
2026.08.22 06:40:00,06:40:00,52,
2026.08.22 06:41:00,06:41:00,54,
2026.08.22 06:50:00,06:50:00,53,
2026.08.22 06:51:00,06:51:00,54,
2026.08.22 07:00:00,07:00:00,52,
2026.08.22 07:01:00,07:01:00,53,
2026.08.22 07:10:00,07:10:00,55,
2026.08.22 07:11:00,07:11:00,52,
2026.08.22 07:20:00,07:20:00,55,
2026.08.22 07:21:00,07:21:00,55,
2026.08.22 07:35:00,07:35:00,55,
2026.08.22 07:36:00,07:36:00,56,
2026.08.22 07:40:00,07:40:00,47,
2026.08.22 07:41:00,07:41:00,57,
2026.08.22 07:50:00,07:50:00,54,
2026.08.22 07:51:00,07:51:00,47,
2026.08.22 08:00:00,08:00:00,42,
2026.08.22 08:01:00,08:01:00,55,
2026.08.22 08:04:00,08:04:00,51,
2026.08.22 08:11:00,08:11:00,53,
2026.08.22 08:12:00,08:12:00,57,
2026.08.22 08:15:00,08:15:00,50,
2026.08.22 08:20:00,08:20:00,48,
2026.08.22 08:30:00,08:30:00,49,
2026.08.22 08:40:00,08:40:00,53,
2026.08.22 08:50:00,08:50:00,55,
2026.08.22 09:00:00,09:00:00,56,
2026.08.22 09:09:00,09:09:00,68,
2026.08.22 09:10:00,09:10:00,57,
2026.08.22 09:11:00,09:11:00,59,
2026.08.22 09:18:00,09:18:00,55,
2026.08.22 09:19:00,09:19:00,57,
2026.08.22 09:20:00,09:20:00,56,
2026.08.22 09:21:00,09:21:00,60,
2026.08.22 09:28:00,09:28:00,55,
2026.08.22 09:29:00,09:29:00,54,
2026.08.22 09:30:00,09:30:00,58,
2026.08.22 09:31:00,09:31:00,59,
2026.08.22 09:39:00,09:39:00,67,
2026.08.22 09:40:00,09:40:00,83,
2026.08.22 09:49:00,09:49:00,88,
2026.08.22 09:51:00,09:51:00,74,
2026.08.22 09:52:00,09:52:00,78,
2026.08.22 09:54:00,09:54:00,65,
2026.08.22 09:56:00,09:56:00,57,
2026.08.22 09:57:00,09:57:00,59,
2026.08.22 09:59:00,09:59:00,93,
2026.08.22 10:06:00,10:06:00,83,
2026.08.22 10:09:00,10:09:00,73,
2026.08.22 10:12:00,10:12:00,76,
2026.08.22 10:15:00,10:15:00,70,
2026.08.22 10:19:00,10:19:00,88,
2026.08.22 10:20:00,10:20:00,87,
2026.08.22 10:23:00,10:23:00,83,
2026.08.22 10:24:00,10:24:00,83,
2026.08.22 10:33:00,10:33:00,64,
2026.08.22 10:41:00,10:41:00,92,
2026.08.22 10:51:00,10:51:00,60,
2026.08.22 10:56:00,10:56:00,80,
2026.08.22 11:06:00,11:06:00,65,
2026.08.22 11:08:00,11:08:00,69,
2026.08.22 11:15:00,11:15:00,64,
2026.08.22 11:16:00,11:16:00,65,
2026.08.22 11:26:00,11:26:00,68,
2026.08.22 11:33:00,11:33:00,74,
2026.08.22 11:34:00,11:34:00,67,
2026.08.22 11:36:00,11:36:00,62,
2026.08.22 11:40:00,11:40:00,73,
2026.08.22 11:42:00,11:42:00,62,
2026.08.22 11:43:00,11:43:00,73,
2026.08.22 11:51:00,11:51:00,68,
2026.08.22 11:52:00,11:52:00,74,
2026.08.22 12:00:00,12:00:00,62,
2026.08.22 12:01:00,12:01:00,77,
2026.08.22 12:06:00,12:06:00,68,
2026.08.22 12:09:00,12:09:00,66,
2026.08.22 12:10:00,12:10:00,70,
2026.08.22 12:20:00,12:20:00,48,
2026.08.22 12:28:00,12:28:00,70,
2026.08.22 12:29:00,12:29:00,62,
2026.08.22 12:31:00,12:31:00,64,
2026.08.22 12:32:00,12:32:00,68,
2026.08.22 12:36:00,12:36:00,58,
2026.08.22 12:37:00,12:37:00,83,
2026.08.22 12:38:00,12:38:00,88,
2026.08.22 12:42:00,12:42:00,70,
2026.08.22 12:52:00,12:52:00,64,
2026.08.22 12:54:00,12:54:00,75,
2026.08.22 12:55:00,12:55:00,73,
2026.08.22 12:56:00,12:56:00,63,
2026.08.22 12:57:00,12:57:00,76,
2026.08.22 13:02:00,13:02:00,60,
2026.08.22 13:03:00,13:03:00,69,
2026.08.22 13:10:00,13:10:00,76,
2026.08.22 13:13:00,13:13:00,67,
2026.08.22 13:23:00,13:23:00,58,
2026.08.22 13:33:00,13:33:00,65,
2026.08.22 13:36:00,13:36:00,67,
2026.08.22 13:39:00,13:39:00,66,
2026.08.22 13:40:00,13:40:00,59,
2026.08.22 13:41:00,13:41:00,61,
2026.08.22 13:44:00,13:44:00,71,
2026.08.22 13:45:00,13:45:00,70,
2026.08.22 13:47:00,13:47:00,69,
2026.08.22 13:48:00,13:48:00,74,
2026.08.22 13:49:00,13:49:00,84,
2026.08.22 13:59:00,13:59:00,69,
2026.08.22 14:00:00,14:00:00,72,
2026.08.22 14:01:00,14:01:00,59,
2026.08.22 14:03:00,14:03:00,76,
2026.08.22 14:05:00,14:05:00,65,
2026.08.22 14:06:00,14:06:00,64,
2026.08.22 14:07:00,14:07:00,88,
2026.08.22 14:08:00,14:08:00,82,
2026.08.22 14:09:00,14:09:00,73,
2026.08.22 14:11:00,14:11:00,88,
2026.08.22 14:12:00,14:12:00,80,
2026.08.22 14:13:00,14:13:00,83,
2026.08.22 14:14:00,14:14:00,86,
2026.08.22 14:15:00,14:15:00,80,
2026.08.22 14:16:00,14:16:00,69,
2026.08.22 14:17:00,14:17:00,70,
2026.08.22 14:18:00,14:18:00,69,
2026.08.22 14:19:00,14:19:00,65,
2026.08.22 14:20:00,14:20:00,73,
2026.08.22 14:21:00,14:21:00,73,
2026.08.22 14:23:00,14:23:00,65,
2026.08.22 14:25:00,14:25:00,70,
2026.08.22 14:26:00,14:26:00,75,
2026.08.22 14:29:00,14:29:00,79,
2026.08.22 14:30:00,14:30:00,68,
2026.08.22 14:31:00,14:31:00,73,
2026.08.22 14:32:00,14:32:00,71,
2026.08.22 14:35:00,14:35:00,77,
2026.08.22 14:37:00,14:37:00,79,
2026.08.22 14:38:00,14:38:00,69,
2026.08.22 14:40:00,14:40:00,64,
2026.08.22 14:41:00,14:41:00,69,
2026.08.22 14:45:00,14:45:00,65,
2026.08.22 14:46:00,14:46:00,71,
2026.08.22 14:48:00,14:48:00,88,
2026.08.22 14:49:00,14:49:00,66,
2026.08.22 14:50:00,14:50:00,84,
2026.08.22 14:51:00,14:51:00,88,
2026.08.22 14:52:00,14:52:00,76,
2026.08.22 14:53:00,14:53:00,74,
2026.08.22 14:54:00,14:54:00,59,
2026.08.22 14:55:00,14:55:00,67,
2026.08.22 14:56:00,14:56:00,63,
2026.08.22 14:57:00,14:57:00,74,
2026.08.22 14:58:00,14:58:00,63,
2026.08.22 14:59:00,14:59:00,63,
2026.08.22 15:00:00,15:00:00,73,
2026.08.22 15:01:00,15:01:00,65,
2026.08.22 15:02:00,15:02:00,64,
2026.08.22 15:03:00,15:03:00,61,
2026.08.22 15:05:00,15:05:00,94,
2026.08.22 15:06:00,15:06:00,85,
2026.08.22 15:07:00,15:07:00,60,
2026.08.22 15:09:00,15:09:00,65,
2026.08.22 15:10:00,15:10:00,65,
2026.08.22 15:14:00,15:14:00,71,
2026.08.22 15:16:00,15:16:00,69,
2026.08.22 15:17:00,15:17:00,85,
2026.08.22 15:18:00,15:18:00,69,
2026.08.22 15:20:00,15:20:00,77,
2026.08.22 15:22:00,15:22:00,54,
2026.08.22 15:24:00,15:24:00,79,
2026.08.22 15:25:00,15:25:00,72,
2026.08.22 15:26:00,15:26:00,62,
2026.08.22 15:27:00,15:27:00,81,
2026.08.22 15:28:00,15:28:00,58,
2026.08.22 15:29:00,15:29:00,61,
2026.08.22 15:30:00,15:30:00,61,
2026.08.22 15:32:00,15:32:00,66,
2026.08.22 15:33:00,15:33:00,71,
2026.08.22 15:34:00,15:34:00,59,
2026.08.22 15:36:00,15:36:00,77,
2026.08.22 15:37:00,15:37:00,53,
2026.08.22 15:38:00,15:38:00,59,
2026.08.22 15:41:00,15:41:00,66,
2026.08.22 15:42:00,15:42:00,58,
2026.08.22 15:44:00,15:44:00,66,
2026.08.22 15:45:00,15:45:00,85,
2026.08.22 15:46:00,15:46:00,65,
2026.08.22 15:47:00,15:47:00,57,
2026.08.22 15:48:00,15:48:00,88,
2026.08.22 15:49:00,15:49:00,57,
2026.08.22 15:53:00,15:53:00,56,
2026.08.22 15:58:00,15:58:00,57,
2026.08.22 15:59:00,15:59:00,59,
2026.08.22 16:00:00,16:00:00,61,
2026.08.22 16:02:00,16:02:00,51,
2026.08.22 16:03:00,16:03:00,52,
2026.08.22 16:04:00,16:04:00,53,
2026.08.22 16:06:00,16:06:00,53,
2026.08.22 16:07:00,16:07:00,56,
2026.08.22 16:17:00,16:17:00,56,
2026.08.22 16:18:00,16:18:00,72,
2026.08.22 16:19:00,16:19:00,53,
2026.08.22 16:20:00,16:20:00,69,
2026.08.22 16:22:00,16:22:00,59,
2026.08.22 16:23:00,16:23:00,67,
2026.08.22 16:24:00,16:24:00,68,
2026.08.22 16:25:00,16:25:00,53,
2026.08.22 16:26:00,16:26:00,63,
2026.08.22 16:27:00,16:27:00,59,
2026.08.22 16:28:00,16:28:00,52,
2026.08.22 16:29:00,16:29:00,53,
2026.08.22 16:30:00,16:30:00,86,
2026.08.22 16:31:00,16:31:00,52,
2026.08.22 16:36:00,16:36:00,58,
2026.08.22 16:37:00,16:37:00,58,
2026.08.22 16:40:00,16:40:00,48,
2026.08.22 16:41:00,16:41:00,50,
2026.08.22 16:45:00,16:45:00,51,
2026.08.22 16:46:00,16:46:00,54,
2026.08.22 16:50:00,16:50:00,58,
2026.08.22 16:51:00,16:51:00,55,
2026.08.22 17:00:00,17:00:00,54,
2026.08.22 17:01:00,17:01:00,54,
2026.08.22 17:02:00,17:02:00,52,
2026.08.22 17:10:00,17:10:00,53,
2026.08.22 17:11:00,17:11:00,49,
2026.08.22 17:14:00,17:14:00,95,
2026.08.22 17:15:00,17:15:00,83,
2026.08.22 17:20:00,17:20:00,53,
2026.08.22 17:21:00,17:21:00,53,
2026.08.22 17:30:00,17:30:00,52,
2026.08.22 17:31:00,17:31:00,49,
2026.08.22 17:39:00,17:39:00,89,
2026.08.22 17:40:00,17:40:00,66,
2026.08.22 17:41:00,17:41:00,69,
2026.08.22 17:44:00,17:44:00,60,
2026.08.22 17:46:00,17:46:00,62,
2026.08.22 17:47:00,17:47:00,57,
2026.08.22 17:48:00,17:48:00,110,
2026.08.22 17:49:00,17:49:00,94,
2026.08.22 17:50:00,17:50:00,74,
2026.08.22 17:52:00,17:52:00,80,
2026.08.22 17:56:00,17:56:00,85,
2026.08.22 17:57:00,17:57:00,98,
2026.08.22 17:58:00,17:58:00,96,
2026.08.22 17:59:00,17:59:00,90,
2026.08.22 18:00:00,18:00:00,91,
2026.08.22 18:01:00,18:01:00,86,
2026.08.22 18:31:00,18:31:00,81,
2026.08.22 18:33:00,18:33:00,68,
2026.08.22 18:37:00,18:37:00,83,
2026.08.22 18:38:00,18:38:00,85,
2026.08.22 18:39:00,18:39:00,62,
2026.08.22 18:41:00,18:41:00,85,
2026.08.22 18:44:00,18:44:00,95,
2026.08.22 18:45:00,18:45:00,84,
2026.08.22 18:46:00,18:46:00,69,
2026.08.22 18:49:00,18:49:00,87,
2026.08.22 18:50:00,18:50:00,66,
2026.08.22 18:51:00,18:51:00,60,
2026.08.22 18:54:00,18:54:00,69,
2026.08.22 18:55:00,18:55:00,79,
2026.08.22 18:56:00,18:56:00,70,
2026.08.22 18:57:00,18:57:00,87,
2026.08.22 18:58:00,18:58:00,82,
2026.08.22 18:59:00,18:59:00,85,
2026.08.22 19:00:00,19:00:00,87,
2026.08.22 19:01:00,19:01:00,77,
2026.08.22 19:02:00,19:02:00,79,
2026.08.22 19:05:00,19:05:00,71,
2026.08.22 19:06:00,19:06:00,80,
2026.08.22 19:08:00,19:08:00,88,
2026.08.22 19:09:00,19:09:00,62,
2026.08.22 19:11:00,19:11:00,74,
2026.08.22 19:12:00,19:12:00,55,
2026.08.22 19:13:00,19:13:00,69,
2026.08.22 19:15:00,19:15:00,81,
2026.08.22 19:16:00,19:16:00,62,
2026.08.22 19:18:00,19:18:00,61,
2026.08.22 19:20:00,19:20:00,62,
2026.08.22 19:23:00,19:23:00,58,
2026.08.22 19:26:00,19:26:00,85,
2026.08.22 19:27:00,19:27:00,85,
2026.08.22 19:28:00,19:28:00,75,
2026.08.22 19:29:00,19:29:00,56,
2026.08.22 19:30:00,19:30:00,55,
2026.08.22 19:31:00,19:31:00,60,
2026.08.22 19:33:00,19:33:00,65,
2026.08.22 19:38:00,19:38:00,55,
2026.08.22 19:39:00,19:39:00,63,
2026.08.22 19:40:00,19:40:00,82,
2026.08.22 19:41:00,19:41:00,80,
2026.08.22 19:43:00,19:43:00,67,
2026.08.22 19:45:00,19:45:00,64,
2026.08.22 19:46:00,19:46:00,74,
2026.08.22 19:47:00,19:47:00,79,
2026.08.22 19:48:00,19:48:00,63,
2026.08.22 19:49:00,19:49:00,82,
2026.08.22 19:50:00,19:50:00,78,
2026.08.22 19:51:00,19:51:00,72,
2026.08.22 19:53:00,19:53:00,99,
2026.08.22 19:54:00,19:54:00,79,
2026.08.22 19:55:00,19:55:00,71,
2026.08.22 19:56:00,19:56:00,95,
2026.08.22 19:57:00,19:57:00,64,
2026.08.22 19:58:00,19:58:00,60,
2026.08.22 20:02:00,20:02:00,70,
2026.08.22 20:03:00,20:03:00,77,
2026.08.22 20:04:00,20:04:00,59,
2026.08.22 20:05:00,20:05:00,56,
2026.08.22 20:06:00,20:06:00,62,
2026.08.22 20:07:00,20:07:00,69,
2026.08.22 20:09:00,20:09:00,60,
2026.08.22 20:10:00,20:10:00,74,
2026.08.22 20:11:00,20:11:00,63,
2026.08.22 20:12:00,20:12:00,73,
2026.08.22 20:14:00,20:14:00,87,
2026.08.22 20:15:00,20:15:00,80,
2026.08.22 20:16:00,20:16:00,73,
2026.08.22 20:17:00,20:17:00,65,
2026.08.22 20:18:00,20:18:00,64,
2026.08.22 20:26:00,20:26:00,62,
2026.08.22 20:34:00,20:34:00,62,
2026.08.22 20:37:00,20:37:00,78,
2026.08.22 20:38:00,20:38:00,66,
2026.08.22 20:39:00,20:39:00,65,
2026.08.22 20:40:00,20:40:00,70,
2026.08.22 20:41:00,20:41:00,70,
2026.08.22 20:42:00,20:42:00,63,
2026.08.22 20:43:00,20:43:00,59,
2026.08.22 20:45:00,20:45:00,66,
2026.08.22 20:46:00,20:46:00,78,
2026.08.22 20:47:00,20:47:00,60,
2026.08.22 20:48:00,20:48:00,61,
2026.08.22 20:52:00,20:52:00,77,
2026.08.22 20:53:00,20:53:00,58,
2026.08.22 20:54:00,20:54:00,63,
2026.08.22 20:55:00,20:55:00,77,
2026.08.22 20:56:00,20:56:00,76,
2026.08.22 20:57:00,20:57:00,77,
2026.08.22 20:58:00,20:58:00,64,
2026.08.22 21:00:00,21:00:00,66,
2026.08.22 21:04:00,21:04:00,57,
2026.08.22 21:06:00,21:06:00,71,
2026.08.22 21:12:00,21:12:00,72,
2026.08.22 21:13:00,21:13:00,72,
2026.08.22 21:16:00,21:16:00,62,
2026.08.22 21:19:00,21:19:00,62,
2026.08.22 21:20:00,21:20:00,59,
2026.08.22 21:21:00,21:21:00,61,
2026.08.22 21:22:00,21:22:00,69,
2026.08.22 21:24:00,21:24:00,76,
2026.08.22 21:25:00,21:25:00,63,
2026.08.22 21:26:00,21:26:00,63,
2026.08.22 21:29:00,21:29:00,62,
2026.08.22 21:30:00,21:30:00,61,
2026.08.22 21:31:00,21:31:00,61,
2026.08.22 21:33:00,21:33:00,74,
2026.08.22 21:34:00,21:34:00,83,
2026.08.22 21:35:00,21:35:00,56,
2026.08.22 21:37:00,21:37:00,61,
2026.08.22 21:38:00,21:38:00,60,
2026.08.22 21:39:00,21:39:00,71,
2026.08.22 21:41:00,21:41:00,79,
2026.08.22 21:42:00,21:42:00,64,
2026.08.22 21:44:00,21:44:00,64,
2026.08.22 21:50:00,21:50:00,69,
2026.08.22 21:51:00,21:51:00,57,
2026.08.22 21:52:00,21:52:00,62,
2026.08.22 21:56:00,21:56:00,60,
2026.08.22 21:57:00,21:57:00,86,
2026.08.22 21:58:00,21:58:00,57,
2026.08.22 21:59:00,21:59:00,61,
2026.08.22 22:00:00,22:00:00,62,
2026.08.22 22:02:00,22:02:00,87,
2026.08.22 22:03:00,22:03:00,76,
2026.08.22 22:05:00,22:05:00,80,
2026.08.22 22:06:00,22:06:00,84,
2026.08.22 22:08:00,22:08:00,83,
2026.08.22 22:09:00,22:09:00,87,
2026.08.22 22:10:00,22:10:00,81,
2026.08.22 22:11:00,22:11:00,76,
2026.08.22 22:13:00,22:13:00,73,
2026.08.22 22:14:00,22:14:00,70,
2026.08.22 22:15:00,22:15:00,83,
2026.08.22 22:16:00,22:16:00,58,
2026.08.22 22:17:00,22:17:00,54,
2026.08.22 22:18:00,22:18:00,65,
2026.08.22 22:19:00,22:19:00,55,
2026.08.22 22:21:00,22:21:00,53,
2026.08.22 22:24:00,22:24:00,55,
2026.08.22 22:26:00,22:26:00,55,
2026.08.22 22:28:00,22:28:00,59,
2026.08.22 22:30:00,22:30:00,59,
2026.08.22 22:31:00,22:31:00,59,
2026.08.22 22:35:00,22:35:00,60,
2026.08.22 22:37:00,22:37:00,60,
2026.08.22 22:38:00,22:38:00,81,
2026.08.22 22:39:00,22:39:00,68,
2026.08.22 22:40:00,22:40:00,56,
2026.08.22 22:46:00,22:46:00,54,
2026.08.22 22:48:00,22:48:00,60,
2026.08.22 22:54:00,22:54:00,85,
2026.08.22 22:56:00,22:56:00,66,
2026.08.22 22:57:00,22:57:00,56,
2026.08.22 23:03:00,23:03:00,73,
2026.08.22 23:04:00,23:04:00,55,
2026.08.22 23:05:00,23:05:00,54,
2026.08.22 23:07:00,23:07:00,63,
2026.08.22 23:09:00,23:09:00,50,
2026.08.22 23:10:00,23:10:00,63,
2026.08.22 23:11:00,23:11:00,58,
2026.08.22 23:12:00,23:12:00,79,
2026.08.22 23:14:00,23:14:00,56,
2026.08.22 23:19:00,23:19:00,70,
2026.08.22 23:20:00,23:20:00,59,
2026.08.22 23:27:00,23:27:00,55,
2026.08.22 23:30:00,23:30:00,59,
2026.08.22 23:32:00,23:32:00,63,
2026.08.22 23:33:00,23:33:00,80,
2026.08.22 23:38:00,23:38:00,64,
2026.08.22 23:40:00,23:40:00,53,
2026.08.22 23:41:00,23:41:00,62,
2026.08.22 23:43:00,23:43:00,57,
2026.08.22 23:45:00,23:45:00,63,
2026.08.22 23:46:00,23:46:00,52,
2026.08.22 23:48:00,23:48:00,59,
2026.08.22 23:50:00,23:50:00,54,
2026.08.22 23:51:00,23:51:00,59,
2026.08.22 23:53:00,23:53:00,54,
2026.08.22 23:54:00,23:54:00,55,
2026.08.22 23:55:00,23:55:00,56,
2026.08.22 23:56:00,23:56:00,52,
2026.08.22 23:59:00,23:59:00,53,
2026.08.23 00:00:00,00:00:00,57,
2026.08.23 00:07:00,00:07:00,51,
2026.08.23 00:08:00,00:08:00,52,
2026.08.23 00:09:00,00:09:00,58,
2026.08.23 00:10:00,00:10:00,90,
2026.08.23 00:11:00,00:11:00,67,
2026.08.23 00:12:00,00:12:00,46,
2026.08.23 00:13:00,00:13:00,58,
2026.08.23 00:15:00,00:15:00,104,
2026.08.23 00:16:00,00:16:00,63,
2026.08.23 00:17:00,00:17:00,56,
2026.08.23 00:18:00,00:18:00,55,
2026.08.23 00:20:00,00:20:00,60,
2026.08.23 00:23:00,00:23:00,89,
2026.08.23 00:27:00,00:27:00,109,
2026.08.23 00:28:00,00:28:00,100,
2026.08.23 00:29:00,00:29:00,59,
2026.08.23 00:32:00,00:32:00,62,
2026.08.23 00:35:00,00:35:00,56,
2026.08.23 00:36:00,00:36:00,88,
2026.08.23 00:37:00,00:37:00,91,
2026.08.23 00:38:00,00:38:00,62,
2026.08.23 00:42:00,00:42:00,57,
2026.08.23 00:43:00,00:43:00,60,
2026.08.23 00:44:00,00:44:00,59,
2026.08.23 00:48:00,00:48:00,52,
2026.08.23 00:50:00,00:50:00,58,
2026.08.23 00:51:00,00:51:00,58,
2026.08.23 00:52:00,00:52:00,56,
2026.08.23 00:53:00,00:53:00,56,
2026.08.23 00:58:00,00:58:00,52,
2026.08.23 01:00:00,01:00:00,54,
2026.08.23 01:01:00,01:01:00,58,
2026.08.23 01:08:00,01:08:00,58,
2026.08.23 01:10:00,01:10:00,54,
2026.08.23 01:11:00,01:11:00,54,
2026.08.23 01:20:00,01:20:00,55,
2026.08.23 01:21:00,01:21:00,55,
2026.08.23 01:30:00,01:30:00,56,
2026.08.23 01:31:00,01:31:00,57,
2026.08.23 01:40:00,01:40:00,53,
2026.08.23 01:41:00,01:41:00,50,
2026.08.23 01:50:00,01:50:00,50,
2026.08.23 01:51:00,01:51:00,50,
2026.08.23 02:00:00,02:00:00,46,
2026.08.23 02:01:00,02:01:00,47,
2026.08.23 02:10:00,02:10:00,53,
2026.08.23 02:11:00,02:11:00,51,
2026.08.23 02:20:00,02:20:00,55,
2026.08.23 02:21:00,02:21:00,53,
2026.08.23 02:30:00,02:30:00,52,
2026.08.23 02:31:00,02:31:00,55,
2026.08.23 02:40:00,02:40:00,57,
2026.08.23 02:41:00,02:41:00,53,
2026.08.23 02:50:00,02:50:00,53,
2026.08.23 02:51:00,02:51:00,52,
2026.08.23 03:00:00,03:00:00,51,
2026.08.23 03:01:00,03:01:00,51,
2026.08.23 03:10:00,03:10:00,49,
2026.08.23 03:11:00,03:11:00,49,
2026.08.23 03:20:00,03:20:00,45,
2026.08.23 03:21:00,03:21:00,45,
2026.08.23 03:30:00,03:30:00,44,
2026.08.23 03:40:00,03:40:00,65,
2026.08.23 03:50:00,03:50:00,52,
2026.08.23 04:00:00,04:00:00,53,
2026.08.23 04:10:00,04:10:00,52,
2026.08.23 04:20:00,04:20:00,50,
2026.08.23 04:30:00,04:30:00,50,
2026.08.23 04:40:00,04:40:00,54,
2026.08.23 04:55:00,04:55:00,56,
2026.08.23 05:00:00,05:00:00,54,
2026.08.23 05:01:00,05:01:00,59,
2026.08.23 05:11:00,05:11:00,69,
2026.08.23 05:17:00,05:17:00,91,
2026.08.23 05:24:00,05:24:00,48,
2026.08.23 05:31:00,05:31:00,71,
2026.08.23 05:32:00,05:32:00,59,
2026.08.23 05:33:00,05:33:00,57,
2026.08.23 05:42:00,05:42:00,62,
2026.08.23 05:43:00,05:43:00,55,
2026.08.23 05:53:00,05:53:00,54,
2026.08.23 05:55:00,05:55:00,47,
2026.08.23 05:56:00,05:56:00,51,
2026.08.23 06:00:00,06:00:00,47,
2026.08.23 06:02:00,06:02:00,53,
2026.08.23 06:03:00,06:03:00,50,
2026.08.23 06:13:00,06:13:00,56,
2026.08.23 06:15:00,06:15:00,51,
2026.08.23 06:16:00,06:16:00,52,
2026.08.23 06:23:00,06:23:00,49,
2026.08.23 06:30:00,06:30:00,56,
2026.08.23 06:40:00,06:40:00,51,
2026.08.23 06:50:00,06:50:00,54,
2026.08.23 07:00:00,07:00:00,42,
2026.08.23 07:10:00,07:10:00,55,
2026.08.23 07:20:00,07:20:00,49,
2026.08.23 07:30:00,07:30:00,50,
2026.08.23 07:40:00,07:40:00,47,
2026.08.23 07:50:00,07:50:00,51,
2026.08.23 08:00:00,08:00:00,51,
2026.08.23 08:10:00,08:10:00,54,
2026.08.23 08:11:00,08:11:00,52,
2026.08.23 08:14:00,08:14:00,47,
2026.08.23 08:24:00,08:24:00,52,
2026.08.23 08:29:00,08:29:00,58,
2026.08.23 08:30:00,08:30:00,52,
2026.08.23 08:31:00,08:31:00,52,
2026.08.23 08:32:00,08:32:00,78,
2026.08.23 08:36:00,08:36:00,78,
2026.08.23 08:37:00,08:37:00,75,
2026.08.23 08:40:00,08:40:00,76,
2026.08.23 08:41:00,08:41:00,72,
2026.08.23 08:42:00,08:42:00,84,
2026.08.23 08:44:00,08:44:00,86,
2026.08.23 08:45:00,08:45:00,80,
2026.08.23 08:46:00,08:46:00,82,
2026.08.23 08:48:00,08:48:00,80,
2026.08.23 08:49:00,08:49:00,56,
2026.08.23 08:50:00,08:50:00,73,
2026.08.23 08:51:00,08:51:00,61,
2026.08.23 08:52:00,08:52:00,53,
2026.08.23 08:53:00,08:53:00,82,
2026.08.23 08:56:00,08:56:00,64,
2026.08.23 08:58:00,08:58:00,61,
2026.08.23 08:59:00,08:59:00,58,
2026.08.23 09:01:00,09:01:00,73,
2026.08.23 09:10:00,09:10:00,48,
2026.08.23 09:11:00,09:11:00,41,
2026.08.23 09:12:00,09:12:00,46,
2026.08.23 09:15:00,09:15:00,54,
2026.08.23 09:16:00,09:16:00,54,
2026.08.23 09:20:00,09:20:00,50,
2026.08.23 09:21:00,09:21:00,48,
2026.08.23 09:25:00,09:25:00,82,
2026.08.23 09:30:00,09:30:00,54,
2026.08.23 09:31:00,09:31:00,50,
2026.08.23 09:38:00,09:38:00,86,
2026.08.23 09:40:00,09:40:00,60,
2026.08.23 09:41:00,09:41:00,57,
2026.08.23 09:47:00,09:47:00,86,
2026.08.23 09:50:00,09:50:00,53,
2026.08.23 09:51:00,09:51:00,94,
2026.08.23 10:00:00,10:00:00,54,
2026.08.23 10:06:00,10:06:00,69,
2026.08.23 10:07:00,10:07:00,81,
2026.08.23 10:10:00,10:10:00,67,
2026.08.23 10:11:00,10:11:00,64,
2026.08.23 10:17:00,10:17:00,83,
2026.08.23 10:18:00,10:18:00,67,
2026.08.23 10:20:00,10:20:00,74,
2026.08.23 10:21:00,10:21:00,87,
2026.08.23 10:22:00,10:22:00,67,
2026.08.23 10:24:00,10:24:00,98,
2026.08.23 10:25:00,10:25:00,113,
2026.08.23 10:26:00,10:26:00,88,
2026.08.23 10:27:00,10:27:00,100,
2026.08.23 10:28:00,10:28:00,103,
2026.08.23 10:29:00,10:29:00,95,
2026.08.23 10:30:00,10:30:00,106,
2026.08.23 10:31:00,10:31:00,98,
2026.08.23 10:33:00,10:33:00,71,
2026.08.23 10:34:00,10:34:00,95,
2026.08.23 10:36:00,10:36:00,64,
2026.08.23 10:37:00,10:37:00,63,
2026.08.23 10:39:00,10:39:00,75,
2026.08.23 10:40:00,10:40:00,72,
2026.08.23 10:44:00,10:44:00,67,
2026.08.23 10:45:00,10:45:00,68,
2026.08.23 10:46:00,10:46:00,70,
2026.08.23 10:47:00,10:47:00,65,
2026.08.23 10:48:00,10:48:00,76,
2026.08.23 10:50:00,10:50:00,76,
2026.08.23 10:51:00,10:51:00,80,
2026.08.23 10:52:00,10:52:00,76,
2026.08.23 10:53:00,10:53:00,58,
2026.08.23 10:54:00,10:54:00,64,
2026.08.23 10:55:00,10:55:00,77,
2026.08.23 10:56:00,10:56:00,76,
2026.08.23 11:00:00,11:00:00,82,
2026.08.23 11:01:00,11:01:00,73,
2026.08.23 11:02:00,11:02:00,82,
2026.08.23 11:05:00,11:05:00,80,
2026.08.23 11:06:00,11:06:00,60,
2026.08.23 11:07:00,11:07:00,78,
2026.08.23 11:10:00,11:10:00,68,
2026.08.23 11:11:00,11:11:00,79,
2026.08.23 11:12:00,11:12:00,85,
2026.08.23 11:13:00,11:13:00,56,
2026.08.23 11:15:00,11:15:00,59,
2026.08.23 11:17:00,11:17:00,69,
2026.08.23 11:18:00,11:18:00,66,
2026.08.23 11:19:00,11:19:00,61,
2026.08.23 11:20:00,11:20:00,60,
2026.08.23 11:21:00,11:21:00,65,
2026.08.23 11:22:00,11:22:00,68,
2026.08.23 11:27:00,11:27:00,69,
2026.08.23 11:28:00,11:28:00,79,
2026.08.23 11:29:00,11:29:00,67,
2026.08.23 11:30:00,11:30:00,73,
2026.08.23 11:31:00,11:31:00,74,
2026.08.23 11:34:00,11:34:00,91,
2026.08.23 11:35:00,11:35:00,72,
2026.08.23 11:36:00,11:36:00,62,
2026.08.23 11:37:00,11:37:00,67,
2026.08.23 11:40:00,11:40:00,68,
2026.08.23 11:42:00,11:42:00,66,
2026.08.23 11:43:00,11:43:00,82,
2026.08.23 11:45:00,11:45:00,59,
2026.08.23 11:46:00,11:46:00,84,
2026.08.23 11:47:00,11:47:00,64,
2026.08.23 11:48:00,11:48:00,70,
2026.08.23 11:51:00,11:51:00,60,
2026.08.23 11:52:00,11:52:00,61,
2026.08.23 11:54:00,11:54:00,77,
2026.08.23 11:56:00,11:56:00,60,
2026.08.23 11:57:00,11:57:00,83,
2026.08.23 11:58:00,11:58:00,59,
2026.08.23 12:00:00,12:00:00,83,
2026.08.23 12:01:00,12:01:00,65,
2026.08.23 12:03:00,12:03:00,74,
2026.08.23 12:04:00,12:04:00,72,
2026.08.23 12:05:00,12:05:00,74,
2026.08.23 12:06:00,12:06:00,65,
2026.08.23 12:08:00,12:08:00,59,
2026.08.23 12:09:00,12:09:00,57,
2026.08.23 12:10:00,12:10:00,74,
2026.08.23 12:11:00,12:11:00,65,
2026.08.23 12:16:00,12:16:00,82,
2026.08.23 12:17:00,12:17:00,60,
2026.08.23 12:18:00,12:18:00,65,
2026.08.23 12:20:00,12:20:00,59,
2026.08.23 12:24:00,12:24:00,75,
2026.08.23 12:25:00,12:25:00,57,
2026.08.23 12:26:00,12:26:00,56,
2026.08.23 12:29:00,12:29:00,85,
2026.08.23 12:30:00,12:30:00,80,
2026.08.23 12:32:00,12:32:00,78,
2026.08.23 12:34:00,12:34:00,73,
2026.08.23 12:35:00,12:35:00,84,
2026.08.23 12:36:00,12:36:00,71,
2026.08.23 12:40:00,12:40:00,73,
2026.08.23 12:42:00,12:42:00,64,
2026.08.23 12:43:00,12:43:00,73,
2026.08.23 12:49:00,12:49:00,81,
2026.08.23 12:50:00,12:50:00,66,
2026.08.23 12:51:00,12:51:00,73,
2026.08.23 12:52:00,12:52:00,61,
2026.08.23 12:53:00,12:53:00,55,
2026.08.23 12:55:00,12:55:00,73,
2026.08.23 12:56:00,12:56:00,60,
2026.08.23 12:57:00,12:57:00,61,
2026.08.23 13:00:00,13:00:00,55,
2026.08.23 13:01:00,13:01:00,63,
2026.08.23 13:02:00,13:02:00,86,
2026.08.23 13:03:00,13:03:00,53,
2026.08.23 13:04:00,13:04:00,75,
2026.08.23 13:06:00,13:06:00,64,
2026.08.23 13:07:00,13:07:00,66,
2026.08.23 13:08:00,13:08:00,68,
2026.08.23 13:09:00,13:09:00,62,
2026.08.23 13:10:00,13:10:00,56,
2026.08.23 13:11:00,13:11:00,67,
2026.08.23 13:13:00,13:13:00,73,
2026.08.23 13:14:00,13:14:00,69,
2026.08.23 13:15:00,13:15:00,75,
2026.08.23 13:16:00,13:16:00,83,
2026.08.23 13:18:00,13:18:00,79,
2026.08.23 13:19:00,13:19:00,77,
2026.08.23 13:20:00,13:20:00,72,
2026.08.23 13:21:00,13:21:00,80,
2026.08.23 13:22:00,13:22:00,73,
2026.08.23 13:24:00,13:24:00,71,
2026.08.23 13:26:00,13:26:00,77,
2026.08.23 13:27:00,13:27:00,71,
2026.08.23 13:28:00,13:28:00,72,
2026.08.23 13:30:00,13:30:00,79,
2026.08.23 13:31:00,13:31:00,67,
2026.08.23 13:32:00,13:32:00,68,
2026.08.23 13:33:00,13:33:00,79,
2026.08.23 13:34:00,13:34:00,78,
2026.08.23 13:35:00,13:35:00,83,
2026.08.23 13:36:00,13:36:00,72,
2026.08.23 13:38:00,13:38:00,83,
2026.08.23 13:40:00,13:40:00,74,
2026.08.23 13:41:00,13:41:00,74,
2026.08.23 13:42:00,13:42:00,80,
2026.08.23 13:44:00,13:44:00,57,
2026.08.23 13:46:00,13:46:00,83,
2026.08.23 13:47:00,13:47:00,88,
2026.08.23 13:48:00,13:48:00,83,
2026.08.23 13:49:00,13:49:00,72,
2026.08.23 13:50:00,13:50:00,72,
2026.08.23 13:51:00,13:51:00,81,
2026.08.23 13:52:00,13:52:00,83,
2026.08.23 13:53:00,13:53:00,79,
2026.08.23 13:55:00,13:55:00,77,
2026.08.23 13:56:00,13:56:00,84,
2026.08.23 13:57:00,13:57:00,70,
2026.08.23 13:58:00,13:58:00,79,
2026.08.23 13:59:00,13:59:00,67,
2026.08.23 14:00:00,14:00:00,68,
2026.08.23 14:01:00,14:01:00,72,
2026.08.23 14:02:00,14:02:00,83,
2026.08.23 14:03:00,14:03:00,77,
2026.08.23 14:04:00,14:04:00,77,
2026.08.23 14:05:00,14:05:00,78,
2026.08.23 14:06:00,14:06:00,79,
2026.08.23 14:07:00,14:07:00,80,
2026.08.23 14:08:00,14:08:00,80,
2026.08.23 14:09:00,14:09:00,74,
2026.08.23 14:10:00,14:10:00,78,
2026.08.23 14:12:00,14:12:00,83,
2026.08.23 14:13:00,14:13:00,90,
2026.08.23 14:14:00,14:14:00,82,
2026.08.23 14:17:00,14:17:00,103,
2026.08.23 14:18:00,14:18:00,71,
2026.08.23 14:19:00,14:19:00,101,
2026.08.23 14:21:00,14:21:00,85,
2026.08.23 14:22:00,14:22:00,64,
2026.08.23 14:23:00,14:23:00,74,
2026.08.23 14:26:00,14:26:00,77,
2026.08.23 14:27:00,14:27:00,72,
2026.08.23 14:28:00,14:28:00,72,
2026.08.23 14:29:00,14:29:00,84,
2026.08.23 14:30:00,14:30:00,85,
2026.08.23 14:32:00,14:32:00,80,
2026.08.23 14:34:00,14:34:00,70,
2026.08.23 14:37:00,14:37:00,66,
2026.08.23 14:40:00,14:40:00,68,
2026.08.23 14:42:00,14:42:00,72,
2026.08.23 14:45:00,14:45:00,89,
2026.08.23 14:46:00,14:46:00,54,
2026.08.23 14:47:00,14:47:00,67,
2026.08.23 14:49:00,14:49:00,64,
2026.08.23 14:50:00,14:50:00,75,
2026.08.23 14:51:00,14:51:00,70,
2026.08.23 14:53:00,14:53:00,73,
2026.08.23 14:54:00,14:54:00,62,
2026.08.23 14:55:00,14:55:00,81,
2026.08.23 14:56:00,14:56:00,82,
2026.08.23 14:57:00,14:57:00,80,
2026.08.23 14:59:00,14:59:00,77,
2026.08.23 15:00:00,15:00:00,66,
2026.08.23 15:01:00,15:01:00,64,
2026.08.23 15:02:00,15:02:00,69,
2026.08.23 15:03:00,15:03:00,81,
2026.08.23 15:04:00,15:04:00,80,
2026.08.23 15:05:00,15:05:00,80,
2026.08.23 15:06:00,15:06:00,80,
2026.08.23 15:08:00,15:08:00,69,
2026.08.23 15:09:00,15:09:00,71,
2026.08.23 15:10:00,15:10:00,71,
2026.08.23 15:11:00,15:11:00,80,
2026.08.23 15:12:00,15:12:00,79,
2026.08.23 15:14:00,15:14:00,82,
2026.08.23 15:15:00,15:15:00,80,
2026.08.23 15:16:00,15:16:00,80,
2026.08.23 15:17:00,15:17:00,69,
2026.08.23 15:20:00,15:20:00,84,
2026.08.23 15:24:00,15:24:00,79,
2026.08.23 15:25:00,15:25:00,77,
2026.08.23 15:26:00,15:26:00,78,
2026.08.23 15:27:00,15:27:00,82,
2026.08.23 15:30:00,15:30:00,86,
2026.08.23 15:31:00,15:31:00,76,
2026.08.23 15:32:00,15:32:00,63,
2026.08.23 15:33:00,15:33:00,65,
2026.08.23 15:35:00,15:35:00,80,
2026.08.23 15:36:00,15:36:00,78,
2026.08.23 15:40:00,15:40:00,53,
2026.08.23 15:43:00,15:43:00,91,
2026.08.23 15:44:00,15:44:00,81,
2026.08.23 15:45:00,15:45:00,87,
2026.08.23 15:46:00,15:46:00,74,
2026.08.23 15:47:00,15:47:00,78,
2026.08.23 15:48:00,15:48:00,76,
2026.08.23 15:49:00,15:49:00,66,
2026.08.23 15:50:00,15:50:00,76,
2026.08.23 15:51:00,15:51:00,82,
2026.08.23 15:53:00,15:53:00,77,
2026.08.23 15:56:00,15:56:00,73,
2026.08.23 15:57:00,15:57:00,77,
2026.08.23 15:58:00,15:58:00,74,
2026.08.23 16:00:00,16:00:00,74,
2026.08.23 16:01:00,16:01:00,57,
2026.08.23 16:02:00,16:02:00,78,
2026.08.23 16:03:00,16:03:00,78,
2026.08.23 16:04:00,16:04:00,75,
2026.08.23 16:06:00,16:06:00,60,
2026.08.23 16:07:00,16:07:00,58,
2026.08.23 16:12:00,16:12:00,79,
2026.08.23 16:13:00,16:13:00,67,
2026.08.23 16:14:00,16:14:00,84,
2026.08.23 16:15:00,16:15:00,75,
2026.08.23 16:16:00,16:16:00,66,
2026.08.23 16:17:00,16:17:00,71,
2026.08.23 16:18:00,16:18:00,79,
2026.08.23 16:19:00,16:19:00,81,
2026.08.23 16:20:00,16:20:00,79,
2026.08.23 16:21:00,16:21:00,78,
2026.08.23 16:26:00,16:26:00,79,
2026.08.23 16:27:00,16:27:00,73,
2026.08.23 16:30:00,16:30:00,85,
2026.08.23 16:34:00,16:34:00,83,
2026.08.23 16:35:00,16:35:00,56,
2026.08.23 16:36:00,16:36:00,60,
2026.08.23 16:37:00,16:37:00,72,
2026.08.23 16:38:00,16:38:00,76,
2026.08.23 16:40:00,16:40:00,84,
2026.08.23 16:45:00,16:45:00,72,
2026.08.23 16:46:00,16:46:00,93,
2026.08.23 16:47:00,16:47:00,78,
2026.08.23 16:49:00,16:49:00,65,
2026.08.23 16:52:00,16:52:00,76,
2026.08.23 16:53:00,16:53:00,75,
2026.08.23 16:55:00,16:55:00,76,
2026.08.23 16:58:00,16:58:00,78,
2026.08.23 17:00:00,17:00:00,72,
2026.08.23 17:03:00,17:03:00,64,
2026.08.23 17:04:00,17:04:00,75,
2026.08.23 17:05:00,17:05:00,63,
2026.08.23 17:06:00,17:06:00,74,
2026.08.23 17:07:00,17:07:00,76,
2026.08.23 17:08:00,17:08:00,63,
2026.08.23 17:09:00,17:09:00,64,
2026.08.23 17:10:00,17:10:00,80,
2026.08.23 17:12:00,17:12:00,65,
2026.08.23 17:14:00,17:14:00,84,
2026.08.23 17:16:00,17:16:00,78,
2026.08.23 17:17:00,17:17:00,68,
2026.08.23 17:18:00,17:18:00,60,
2026.08.23 17:20:00,17:20:00,82,
2026.08.23 17:21:00,17:21:00,104,
2026.08.23 17:22:00,17:22:00,64,
2026.08.23 17:23:00,17:23:00,82,
2026.08.23 17:26:00,17:26:00,55,
2026.08.23 17:28:00,17:28:00,66,
2026.08.23 17:29:00,17:29:00,61,
2026.08.23 17:30:00,17:30:00,72,
2026.08.23 17:31:00,17:31:00,78,
2026.08.23 17:33:00,17:33:00,64,
2026.08.23 17:34:00,17:34:00,56,
2026.08.23 17:36:00,17:36:00,66,
2026.08.23 17:40:00,17:40:00,70,
2026.08.23 17:42:00,17:42:00,77,
2026.08.23 17:44:00,17:44:00,71,
2026.08.23 17:45:00,17:45:00,68,
2026.08.23 17:47:00,17:47:00,68,
2026.08.23 17:48:00,17:48:00,67,
2026.08.23 17:49:00,17:49:00,60,
2026.08.23 17:50:00,17:50:00,80,
2026.08.23 17:52:00,17:52:00,75,
2026.08.23 17:54:00,17:54:00,75,
2026.08.23 17:55:00,17:55:00,71,
2026.08.23 17:56:00,17:56:00,73,
2026.08.23 17:57:00,17:57:00,72,
2026.08.23 17:58:00,17:58:00,85,
2026.08.23 17:59:00,17:59:00,64,
2026.08.23 18:00:00,18:00:00,73,
2026.08.23 18:02:00,18:02:00,78,
2026.08.23 18:03:00,18:03:00,81,
2026.08.23 18:04:00,18:04:00,52,
2026.08.23 18:05:00,18:05:00,67,
2026.08.23 18:06:00,18:06:00,72,
2026.08.23 18:09:00,18:09:00,68,
2026.08.23 18:13:00,18:13:00,75,
2026.08.23 18:15:00,18:15:00,76,
2026.08.23 18:18:00,18:18:00,78,
2026.08.23 18:20:00,18:20:00,66,
2026.08.23 18:22:00,18:22:00,72,
2026.08.23 18:24:00,18:24:00,66,
2026.08.23 18:27:00,18:27:00,67,
2026.08.23 18:28:00,18:28:00,71,
2026.08.23 18:29:00,18:29:00,76,
2026.08.23 18:31:00,18:31:00,74,
2026.08.23 18:32:00,18:32:00,70,
2026.08.23 18:33:00,18:33:00,67,
2026.08.23 18:34:00,18:34:00,60,
2026.08.23 18:37:00,18:37:00,80,
2026.08.23 18:38:00,18:38:00,57,
2026.08.23 18:40:00,18:40:00,78,
2026.08.23 18:41:00,18:41:00,84,
2026.08.23 18:43:00,18:43:00,77,
2026.08.23 18:45:00,18:45:00,83,
2026.08.23 18:47:00,18:47:00,79,
2026.08.23 18:49:00,18:49:00,71,
2026.08.23 18:51:00,18:51:00,91,
2026.08.23 18:52:00,18:52:00,83,
2026.08.23 18:53:00,18:53:00,85,
2026.08.23 18:55:00,18:55:00,48,
2026.08.23 19:04:00,19:04:00,59,
2026.08.23 19:05:00,19:05:00,84,
2026.08.23 19:14:00,19:14:00,61,
2026.08.23 19:21:00,19:21:00,74,
2026.08.23 19:22:00,19:22:00,69,
2026.08.23 19:23:00,19:23:00,62,
2026.08.23 19:24:00,19:24:00,96,
2026.08.23 19:25:00,19:25:00,72,
2026.08.23 19:27:00,19:27:00,95,
2026.08.23 19:28:00,19:28:00,94,
2026.08.23 19:30:00,19:30:00,83,
2026.08.23 19:31:00,19:31:00,88,
2026.08.23 19:32:00,19:32:00,89,
2026.08.23 19:34:00,19:34:00,72,
2026.08.23 19:37:00,19:37:00,83,
2026.08.23 19:38:00,19:38:00,115,
2026.08.23 19:39:00,19:39:00,94,
2026.08.23 19:40:00,19:40:00,81,
2026.08.23 19:41:00,19:41:00,91,
2026.08.23 19:43:00,19:43:00,80,
2026.08.23 19:45:00,19:45:00,71,
2026.08.23 19:46:00,19:46:00,79,
2026.08.23 19:47:00,19:47:00,93,
2026.08.23 19:48:00,19:48:00,68,
2026.08.23 19:50:00,19:50:00,78,
2026.08.23 19:51:00,19:51:00,77,
2026.08.23 19:52:00,19:52:00,79,
2026.08.23 19:54:00,19:54:00,80,
2026.08.23 19:55:00,19:55:00,77,
2026.08.23 19:56:00,19:56:00,78,
2026.08.23 19:57:00,19:57:00,79,
2026.08.23 19:58:00,19:58:00,78,
2026.08.23 19:59:00,19:59:00,80,
2026.08.23 20:00:00,20:00:00,73,
2026.08.23 20:01:00,20:01:00,78,
2026.08.23 20:03:00,20:03:00,82,
2026.08.23 20:04:00,20:04:00,77,
2026.08.23 20:06:00,20:06:00,76,
2026.08.23 20:07:00,20:07:00,76,
2026.08.23 20:08:00,20:08:00,74,
2026.08.23 20:09:00,20:09:00,73,
2026.08.23 20:10:00,20:10:00,80,
2026.08.23 20:12:00,20:12:00,71,
2026.08.23 20:13:00,20:13:00,74,
2026.08.23 20:14:00,20:14:00,79,
2026.08.23 20:15:00,20:15:00,85,
2026.08.23 20:17:00,20:17:00,73,
2026.08.23 20:18:00,20:18:00,73,
2026.08.23 20:19:00,20:19:00,75,
2026.08.23 20:20:00,20:20:00,76,
2026.08.23 20:21:00,20:21:00,80,
2026.08.23 20:22:00,20:22:00,85,
2026.08.23 20:23:00,20:23:00,79,
2026.08.23 20:25:00,20:25:00,87,
2026.08.23 20:27:00,20:27:00,80,
2026.08.23 20:28:00,20:28:00,91,
2026.08.23 20:29:00,20:29:00,84,
2026.08.23 20:30:00,20:30:00,80,
2026.08.23 20:31:00,20:31:00,81,
2026.08.23 20:32:00,20:32:00,69,
2026.08.23 20:33:00,20:33:00,79,
2026.08.23 20:34:00,20:34:00,75,
2026.08.23 20:35:00,20:35:00,68,
2026.08.23 20:36:00,20:36:00,81,
2026.08.23 20:37:00,20:37:00,77,
2026.08.23 20:38:00,20:38:00,72,
2026.08.23 20:39:00,20:39:00,67,
2026.08.23 20:40:00,20:40:00,79,
2026.08.23 20:41:00,20:41:00,99,
2026.08.23 20:42:00,20:42:00,79,
2026.08.23 20:43:00,20:43:00,82,
2026.08.23 20:44:00,20:44:00,69,
2026.08.23 20:45:00,20:45:00,80,
2026.08.23 20:46:00,20:46:00,88,
2026.08.23 20:47:00,20:47:00,81,
2026.08.23 20:48:00,20:48:00,76,
2026.08.23 20:50:00,20:50:00,72,
2026.08.23 20:51:00,20:51:00,90,
2026.08.23 20:52:00,20:52:00,83,
2026.08.23 20:53:00,20:53:00,83,
2026.08.23 20:54:00,20:54:00,94,
2026.08.23 20:55:00,20:55:00,80,
2026.08.23 20:56:00,20:56:00,71,
2026.08.23 20:57:00,20:57:00,80,
2026.08.23 20:58:00,20:58:00,93,
2026.08.23 20:59:00,20:59:00,102,
2026.08.23 21:00:00,21:00:00,93,
2026.08.23 21:01:00,21:01:00,92,
2026.08.23 21:02:00,21:02:00,82,
2026.08.23 21:03:00,21:03:00,67,
2026.08.23 21:04:00,21:04:00,70,
2026.08.23 21:05:00,21:05:00,84,
2026.08.23 21:06:00,21:06:00,74,
2026.08.23 21:07:00,21:07:00,82,
2026.08.23 21:08:00,21:08:00,74,
2026.08.23 21:09:00,21:09:00,73,
2026.08.23 21:10:00,21:10:00,69,
2026.08.23 21:11:00,21:11:00,78,
2026.08.23 21:12:00,21:12:00,72,
2026.08.23 21:13:00,21:13:00,76,
2026.08.23 21:14:00,21:14:00,85,
2026.08.23 21:15:00,21:15:00,73,
2026.08.23 21:16:00,21:16:00,69,
2026.08.23 21:18:00,21:18:00,66,
2026.08.23 21:20:00,21:20:00,68,
2026.08.23 21:21:00,21:21:00,82,
2026.08.23 21:23:00,21:23:00,91,
2026.08.23 21:24:00,21:24:00,76,
2026.08.23 21:25:00,21:25:00,74,
2026.08.23 21:26:00,21:26:00,68,
2026.08.23 21:27:00,21:27:00,92,
2026.08.23 21:28:00,21:28:00,87,
2026.08.23 21:29:00,21:29:00,84,
2026.08.23 21:30:00,21:30:00,83,
2026.08.23 21:32:00,21:32:00,64,
2026.08.23 21:33:00,21:33:00,90,
2026.08.23 21:34:00,21:34:00,87,
2026.08.23 21:36:00,21:36:00,91,
2026.08.23 21:37:00,21:37:00,91,
2026.08.23 21:38:00,21:38:00,82,
2026.08.23 21:39:00,21:39:00,73,
2026.08.23 21:40:00,21:40:00,78,
2026.08.23 21:41:00,21:41:00,85,
2026.08.23 21:42:00,21:42:00,73,
2026.08.23 21:43:00,21:43:00,78,
2026.08.23 21:44:00,21:44:00,85,
2026.08.23 21:45:00,21:45:00,73,
2026.08.23 21:46:00,21:46:00,93,
2026.08.23 21:48:00,21:48:00,86,
2026.08.23 21:50:00,21:50:00,79,
2026.08.23 21:51:00,21:51:00,77,
2026.08.23 21:52:00,21:52:00,80,
2026.08.23 21:53:00,21:53:00,82,
2026.08.23 21:54:00,21:54:00,79,
2026.08.23 21:55:00,21:55:00,85,
2026.08.23 21:56:00,21:56:00,79,
2026.08.23 21:57:00,21:57:00,82,
2026.08.23 21:58:00,21:58:00,83,
2026.08.23 21:59:00,21:59:00,82,
2026.08.23 22:00:00,22:00:00,83,
2026.08.23 22:01:00,22:01:00,82,
2026.08.23 22:03:00,22:03:00,99,
2026.08.23 22:04:00,22:04:00,98,
2026.08.23 22:05:00,22:05:00,95,
2026.08.23 22:06:00,22:06:00,79,
2026.08.23 22:07:00,22:07:00,72,
2026.08.23 22:08:00,22:08:00,58,
2026.08.23 22:09:00,22:09:00,79,
2026.08.23 22:11:00,22:11:00,91,
2026.08.23 22:12:00,22:12:00,91,
2026.08.23 22:15:00,22:15:00,75,
2026.08.23 22:16:00,22:16:00,80,
2026.08.23 22:17:00,22:17:00,70,
2026.08.23 22:18:00,22:18:00,83,
2026.08.23 22:19:00,22:19:00,80,
2026.08.23 22:20:00,22:20:00,87,
2026.08.23 22:21:00,22:21:00,88,
2026.08.23 22:22:00,22:22:00,77,
2026.08.23 22:23:00,22:23:00,87,
2026.08.23 22:25:00,22:25:00,92,
2026.08.23 22:26:00,22:26:00,86,
2026.08.23 22:27:00,22:27:00,89,
2026.08.23 22:28:00,22:28:00,87,
2026.08.23 22:29:00,22:29:00,81,
2026.08.23 22:30:00,22:30:00,84,
2026.08.23 22:31:00,22:31:00,85,
2026.08.23 22:34:00,22:34:00,70,
2026.08.23 22:35:00,22:35:00,69,
2026.08.23 22:36:00,22:36:00,65,
2026.08.23 22:37:00,22:37:00,76,
2026.08.23 22:38:00,22:38:00,73,
2026.08.23 22:42:00,22:42:00,74,
2026.08.23 22:43:00,22:43:00,76,
2026.08.23 22:44:00,22:44:00,64,
2026.08.23 22:45:00,22:45:00,69,
2026.08.23 22:46:00,22:46:00,70,
2026.08.23 22:48:00,22:48:00,81,
2026.08.23 22:49:00,22:49:00,80,
2026.08.23 22:51:00,22:51:00,79,
2026.08.23 22:52:00,22:52:00,73,
2026.08.23 22:53:00,22:53:00,81,
2026.08.23 22:54:00,22:54:00,72,
2026.08.23 22:55:00,22:55:00,65,
2026.08.23 22:56:00,22:56:00,79,
2026.08.23 22:58:00,22:58:00,80,
2026.08.23 22:59:00,22:59:00,82,
2026.08.23 23:00:00,23:00:00,68,
2026.08.23 23:02:00,23:02:00,75,
2026.08.23 23:03:00,23:03:00,83,
2026.08.23 23:04:00,23:04:00,76,
2026.08.23 23:05:00,23:05:00,85,
2026.08.23 23:06:00,23:06:00,91,
2026.08.23 23:07:00,23:07:00,73,
2026.08.23 23:08:00,23:08:00,75,
2026.08.23 23:10:00,23:10:00,82,
2026.08.23 23:11:00,23:11:00,78,
2026.08.23 23:13:00,23:13:00,88,
2026.08.23 23:14:00,23:14:00,77,
2026.08.23 23:15:00,23:15:00,89,
2026.08.23 23:16:00,23:16:00,72,
2026.08.23 23:17:00,23:17:00,70,
2026.08.23 23:18:00,23:18:00,75,
2026.08.23 23:19:00,23:19:00,74,
2026.08.23 23:20:00,23:20:00,74,
2026.08.23 23:21:00,23:21:00,77,
2026.08.23 23:22:00,23:22:00,67,
2026.08.23 23:23:00,23:23:00,81,
2026.08.23 23:24:00,23:24:00,84,
2026.08.23 23:26:00,23:26:00,87,
2026.08.23 23:30:00,23:30:00,79,
2026.08.23 23:32:00,23:32:00,78,
2026.08.23 23:33:00,23:33:00,87,
2026.08.23 23:34:00,23:34:00,86,
2026.08.23 23:35:00,23:35:00,86,
2026.08.23 23:36:00,23:36:00,80,
2026.08.23 23:37:00,23:37:00,94,
2026.08.23 23:38:00,23:38:00,94,
2026.08.23 23:39:00,23:39:00,103,
2026.08.23 23:41:00,23:41:00,92,
2026.08.23 23:42:00,23:42:00,100,
2026.08.23 23:43:00,23:43:00,90,
2026.08.23 23:44:00,23:44:00,86,
2026.08.23 23:45:00,23:45:00,96,
2026.08.23 23:46:00,23:46:00,74,
2026.08.23 23:47:00,23:47:00,75,
2026.08.23 23:48:00,23:48:00,76,
2026.08.23 23:49:00,23:49:00,63,
2026.08.23 23:50:00,23:50:00,63,
2026.08.23 23:51:00,23:51:00,60,
2026.08.23 23:55:00,23:55:00,66,
2026.08.23 23:56:00,23:56:00,64,
2026.08.24 00:04:00,00:04:00,67,
2026.08.24 00:05:00,00:05:00,52,
2026.08.24 00:15:00,00:15:00,61,
2026.08.24 00:16:00,00:16:00,60,
2026.08.24 00:17:00,00:17:00,69,
2026.08.24 00:27:00,00:27:00,65,
2026.08.24 00:29:00,00:29:00,68,
2026.08.24 00:30:00,00:30:00,56,
2026.08.24 00:40:00,00:40:00,60,
2026.08.24 00:50:00,00:50:00,60,
2026.08.24 00:52:00,00:52:00,65,
2026.08.24 00:53:00,00:53:00,63,
2026.08.24 01:03:00,01:03:00,56,
2026.08.24 01:06:00,01:06:00,63,
2026.08.24 01:09:00,01:09:00,75,
2026.08.24 01:10:00,01:10:00,89,
2026.08.24 01:13:00,01:13:00,59,
2026.08.24 01:14:00,01:14:00,63,
2026.08.24 01:15:00,01:15:00,70,
2026.08.24 01:25:00,01:25:00,54,
2026.08.24 01:30:00,01:30:00,49,
2026.08.24 01:31:00,01:31:00,51,
2026.08.24 01:35:00,01:35:00,52,
2026.08.24 01:45:00,01:45:00,55,
2026.08.24 01:49:00,01:49:00,54,
2026.08.24 01:50:00,01:50:00,55,
2026.08.24 02:00:00,02:00:00,51,
2026.08.24 02:15:00,02:15:00,55,
2026.08.24 02:16:00,02:16:00,53,
2026.08.24 02:20:00,02:20:00,52,
2026.08.24 02:21:00,02:21:00,56,
2026.08.24 02:30:00,02:30:00,57,
2026.08.24 02:31:00,02:31:00,54,
2026.08.24 02:40:00,02:40:00,48,
2026.08.24 02:41:00,02:41:00,50,
2026.08.24 02:50:00,02:50:00,53,
2026.08.24 02:51:00,02:51:00,52,
2026.08.24 03:00:00,03:00:00,52,
2026.08.24 03:01:00,03:01:00,50,
2026.08.24 03:10:00,03:10:00,54,
2026.08.24 03:11:00,03:11:00,53,
2026.08.24 03:20:00,03:20:00,55,
2026.08.24 03:21:00,03:21:00,55,
2026.08.24 03:30:00,03:30:00,53,
2026.08.24 03:31:00,03:31:00,55,
2026.08.24 03:40:00,03:40:00,47,
2026.08.24 03:41:00,03:41:00,51,
2026.08.24 03:50:00,03:50:00,53,
2026.08.24 03:51:00,03:51:00,51,
2026.08.24 04:00:00,04:00:00,52,
2026.08.24 04:01:00,04:01:00,51,
2026.08.24 04:10:00,04:10:00,48,
2026.08.24 04:11:00,04:11:00,55,
2026.08.24 04:20:00,04:20:00,45,
2026.08.24 04:21:00,04:21:00,49,
2026.08.24 04:30:00,04:30:00,58,
2026.08.24 04:31:00,04:31:00,52,
2026.08.24 04:40:00,04:40:00,45,
2026.08.24 04:41:00,04:41:00,49,
2026.08.24 04:50:00,04:50:00,54,
2026.08.24 04:51:00,04:51:00,51,
2026.08.24 05:00:00,05:00:00,50,
2026.08.24 05:01:00,05:01:00,52,
2026.08.24 05:10:00,05:10:00,55,
2026.08.24 05:11:00,05:11:00,53,
2026.08.24 05:20:00,05:20:00,53,
2026.08.24 05:21:00,05:21:00,55,
2026.08.24 05:30:00,05:30:00,55,
2026.08.24 05:31:00,05:31:00,54,
2026.08.24 05:40:00,05:40:00,52,
2026.08.24 05:41:00,05:41:00,52,
2026.08.24 05:50:00,05:50:00,57,
2026.08.24 05:51:00,05:51:00,54,
2026.08.24 06:00:00,06:00:00,61,
2026.08.24 06:01:00,06:01:00,57,
2026.08.24 06:10:00,06:10:00,50,
2026.08.24 06:11:00,06:11:00,51,
2026.08.24 06:20:00,06:20:00,46,
2026.08.24 06:21:00,06:21:00,46,
2026.08.24 06:29:00,06:29:00,52,
2026.08.24 06:31:00,06:31:00,47,
2026.08.24 06:37:00,06:37:00,50,
2026.08.24 06:38:00,06:38:00,50,
2026.08.24 06:39:00,06:39:00,53,
2026.08.24 06:40:00,06:40:00,52,
2026.08.24 06:49:00,06:49:00,51,
2026.08.24 06:50:00,06:50:00,49,
2026.08.24 06:53:00,06:53:00,50,
2026.08.24 07:02:00,07:02:00,58,
2026.08.24 07:12:00,07:12:00,71,
2026.08.24 07:13:00,07:13:00,89,
2026.08.24 07:15:00,07:15:00,79,
2026.08.24 07:21:00,07:21:00,86,
2026.08.24 07:22:00,07:22:00,95,
2026.08.24 07:24:00,07:24:00,87,
2026.08.24 07:25:00,07:25:00,96,
2026.08.24 07:28:00,07:28:00,84,
2026.08.24 07:30:00,07:30:00,82,
2026.08.24 07:39:00,07:39:00,101,
2026.08.24 07:40:00,07:40:00,105,
2026.08.24 07:41:00,07:41:00,83,
2026.08.24 07:43:00,07:43:00,80,
2026.08.24 07:44:00,07:44:00,85,
2026.08.24 07:45:00,07:45:00,90,
2026.08.24 07:46:00,07:46:00,92,
2026.08.24 07:48:00,07:48:00,83,
2026.08.24 07:49:00,07:49:00,98,
2026.08.24 07:50:00,07:50:00,86,
2026.08.24 07:52:00,07:52:00,86,
2026.08.24 07:53:00,07:53:00,100,
2026.08.24 07:54:00,07:54:00,96,
2026.08.24 07:55:00,07:55:00,89,
2026.08.24 07:56:00,07:56:00,90,
2026.08.24 07:57:00,07:57:00,94,
2026.08.24 07:58:00,07:58:00,87,
2026.08.24 08:00:00,08:00:00,94,
2026.08.24 08:02:00,08:02:00,85,
2026.08.24 08:05:00,08:05:00,85,
2026.08.24 08:06:00,08:06:00,89,
2026.08.24 08:07:00,08:07:00,80,
2026.08.24 08:08:00,08:08:00,97,
2026.08.24 08:10:00,08:10:00,94,
2026.08.24 08:11:00,08:11:00,95,
2026.08.24 08:15:00,08:15:00,86,
2026.08.24 08:17:00,08:17:00,89,
2026.08.24 08:20:00,08:20:00,106,
2026.08.24 08:22:00,08:22:00,122,
2026.08.24 08:23:00,08:23:00,116,
2026.08.24 08:24:00,08:24:00,95,
2026.08.24 08:25:00,08:25:00,96,
2026.08.24 08:27:00,08:27:00,95,
2026.08.24 08:28:00,08:28:00,110,
2026.08.24 08:29:00,08:29:00,107,
2026.08.24 08:30:00,08:30:00,113,
2026.08.24 08:31:00,08:31:00,99,
2026.08.24 08:32:00,08:32:00,100,
2026.08.24 08:33:00,08:33:00,98,
2026.08.24 08:35:00,08:35:00,97,
2026.08.24 08:36:00,08:36:00,102,
2026.08.24 08:39:00,08:39:00,102,
2026.08.24 08:41:00,08:41:00,100,
2026.08.24 08:42:00,08:42:00,93,
2026.08.24 08:44:00,08:44:00,94,
2026.08.24 08:46:00,08:46:00,93,
2026.08.24 08:49:00,08:49:00,92,
2026.08.24 08:50:00,08:50:00,95,
2026.08.24 08:54:00,08:54:00,90,
2026.08.24 08:56:00,08:56:00,106,
2026.08.24 08:59:00,08:59:00,113,
2026.08.24 09:00:00,09:00:00,114,
2026.08.24 09:01:00,09:01:00,114,
2026.08.24 09:02:00,09:02:00,115,
2026.08.24 09:03:00,09:03:00,108,
2026.08.24 09:05:00,09:05:00,86,
2026.08.24 09:06:00,09:06:00,98,
2026.08.24 09:07:00,09:07:00,146,
2026.08.24 09:08:00,09:08:00,157,
2026.08.24 09:09:00,09:09:00,158,
2026.08.24 09:10:00,09:10:00,122,
2026.08.24 09:11:00,09:11:00,127,
2026.08.24 09:12:00,09:12:00,108,
2026.08.24 09:13:00,09:13:00,104,
2026.08.24 09:14:00,09:14:00,104,
2026.08.24 09:15:00,09:15:00,95,
2026.08.24 09:17:00,09:17:00,90,
2026.08.24 09:18:00,09:18:00,88,
2026.08.24 09:19:00,09:19:00,93,
2026.08.24 09:20:00,09:20:00,102,
2026.08.24 09:21:00,09:21:00,95,
2026.08.24 09:24:00,09:24:00,94,
2026.08.24 09:25:00,09:25:00,85,
2026.08.24 09:26:00,09:26:00,84,
2026.08.24 09:27:00,09:27:00,95,
2026.08.24 09:28:00,09:28:00,92,
2026.08.24 09:30:00,09:30:00,85,
2026.08.24 09:31:00,09:31:00,88,
2026.08.24 09:32:00,09:32:00,89,
2026.08.24 09:33:00,09:33:00,87,
2026.08.24 09:35:00,09:35:00,85,
2026.08.24 09:36:00,09:36:00,86,
2026.08.24 09:37:00,09:37:00,82,
2026.08.24 09:38:00,09:38:00,80,
2026.08.24 09:39:00,09:39:00,71,
2026.08.24 09:44:00,09:44:00,88,
2026.08.24 09:45:00,09:45:00,85,
2026.08.24 09:46:00,09:46:00,83,
2026.08.24 09:47:00,09:47:00,89,
2026.08.24 09:48:00,09:48:00,87,
2026.08.24 09:50:00,09:50:00,82,
2026.08.24 09:51:00,09:51:00,83,
2026.08.24 09:52:00,09:52:00,85,
2026.08.24 09:53:00,09:53:00,89,
2026.08.24 09:55:00,09:55:00,94,
2026.08.24 09:56:00,09:56:00,80,
2026.08.24 09:57:00,09:57:00,84,
2026.08.24 09:59:00,09:59:00,84,
2026.08.24 10:00:00,10:00:00,89,
2026.08.24 10:01:00,10:01:00,86,
2026.08.24 10:02:00,10:02:00,62,
2026.08.24 10:03:00,10:03:00,89,
2026.08.24 10:04:00,10:04:00,79,
2026.08.24 10:05:00,10:05:00,82,
2026.08.24 10:06:00,10:06:00,84,
2026.08.24 10:07:00,10:07:00,82,
2026.08.24 10:08:00,10:08:00,95,
2026.08.24 10:09:00,10:09:00,79,
2026.08.24 10:10:00,10:10:00,66,
2026.08.24 10:11:00,10:11:00,70,
2026.08.24 10:13:00,10:13:00,88,
2026.08.24 10:14:00,10:14:00,87,
2026.08.24 10:15:00,10:15:00,86,
2026.08.24 10:16:00,10:16:00,81,
2026.08.24 10:17:00,10:17:00,74,
2026.08.24 10:18:00,10:18:00,77,
2026.08.24 10:19:00,10:19:00,81,
2026.08.24 10:21:00,10:21:00,82,
2026.08.24 10:23:00,10:23:00,74,
2026.08.24 10:24:00,10:24:00,79,
2026.08.24 10:25:00,10:25:00,81,
2026.08.24 10:26:00,10:26:00,89,
2026.08.24 10:27:00,10:27:00,76,
2026.08.24 10:29:00,10:29:00,80,
2026.08.24 10:30:00,10:30:00,76,
2026.08.24 10:31:00,10:31:00,75,
2026.08.24 10:35:00,10:35:00,72,
2026.08.24 10:36:00,10:36:00,80,
2026.08.24 10:37:00,10:37:00,78,
2026.08.24 10:38:00,10:38:00,106,
2026.08.24 10:39:00,10:39:00,75,
2026.08.24 10:40:00,10:40:00,83,
2026.08.24 10:41:00,10:41:00,77,
2026.08.24 10:42:00,10:42:00,76,
2026.08.24 10:43:00,10:43:00,74,
2026.08.24 10:44:00,10:44:00,70,
2026.08.24 10:45:00,10:45:00,86,
2026.08.24 10:48:00,10:48:00,72,
2026.08.24 10:49:00,10:49:00,73,
2026.08.24 10:50:00,10:50:00,69,
2026.08.24 10:51:00,10:51:00,93,
2026.08.24 10:52:00,10:52:00,76,
2026.08.24 10:53:00,10:53:00,87,
2026.08.24 10:54:00,10:54:00,72,
2026.08.24 10:55:00,10:55:00,85,
2026.08.24 10:56:00,10:56:00,68,
2026.08.24 10:57:00,10:57:00,76,
2026.08.24 10:58:00,10:58:00,74,
2026.08.24 10:59:00,10:59:00,67,
2026.08.24 11:00:00,11:00:00,90,
2026.08.24 11:01:00,11:01:00,82,
2026.08.24 11:02:00,11:02:00,77,
2026.08.24 11:03:00,11:03:00,69,
2026.08.24 11:04:00,11:04:00,65,
2026.08.24 11:05:00,11:05:00,78,
2026.08.24 11:06:00,11:06:00,77,
2026.08.24 11:07:00,11:07:00,79,
2026.08.24 11:08:00,11:08:00,68,
2026.08.24 11:10:00,11:10:00,76,
2026.08.24 11:11:00,11:11:00,68,
2026.08.24 11:12:00,11:12:00,71,
2026.08.24 11:13:00,11:13:00,88,
2026.08.24 11:14:00,11:14:00,79,
2026.08.24 11:15:00,11:15:00,74,
2026.08.24 11:16:00,11:16:00,73,
2026.08.24 11:19:00,11:19:00,65,
2026.08.24 11:20:00,11:20:00,75,
2026.08.24 11:21:00,11:21:00,80,
2026.08.24 11:22:00,11:22:00,80,
2026.08.24 11:23:00,11:23:00,64,
2026.08.24 11:24:00,11:24:00,78,
2026.08.24 11:25:00,11:25:00,80,
2026.08.24 11:27:00,11:27:00,81,
2026.08.24 11:28:00,11:28:00,81,
2026.08.24 11:29:00,11:29:00,70,
2026.08.24 11:30:00,11:30:00,91,
2026.08.24 11:31:00,11:31:00,89,
2026.08.24 11:32:00,11:32:00,99,
2026.08.24 11:33:00,11:33:00,92,
2026.08.24 11:37:00,11:37:00,92,
2026.08.24 11:40:00,11:40:00,93,
2026.08.24 11:43:00,11:43:00,118,
2026.08.24 11:44:00,11:44:00,127,
2026.08.24 11:45:00,11:45:00,89,
2026.08.24 11:46:00,11:46:00,99,
2026.08.24 11:48:00,11:48:00,110,
2026.08.24 11:50:00,11:50:00,95,
2026.08.24 11:52:00,11:52:00,99,
2026.08.24 11:54:00,11:54:00,86,
2026.08.24 11:55:00,11:55:00,85,
2026.08.24 11:56:00,11:56:00,82,
2026.08.24 12:02:00,12:02:00,88,
2026.08.24 12:04:00,12:04:00,77,
2026.08.24 12:05:00,12:05:00,91,
2026.08.24 12:08:00,12:08:00,87,
2026.08.24 12:09:00,12:09:00,88,
2026.08.24 12:17:00,12:17:00,94,
2026.08.24 12:18:00,12:18:00,80,
2026.08.24 12:19:00,12:19:00,84,
2026.08.24 12:20:00,12:20:00,84,
2026.08.24 12:21:00,12:21:00,98,
2026.08.24 12:22:00,12:22:00,95,
2026.08.24 12:23:00,12:23:00,84,
2026.08.24 12:24:00,12:24:00,117,
2026.08.24 12:25:00,12:25:00,107,
2026.08.24 12:26:00,12:26:00,100,
2026.08.24 12:27:00,12:27:00,87,
2026.08.24 12:28:00,12:28:00,88,
2026.08.24 12:29:00,12:29:00,85,
2026.08.24 12:36:00,12:36:00,127,
2026.08.24 12:37:00,12:37:00,118,
2026.08.24 12:39:00,12:39:00,87,
2026.08.24 12:40:00,12:40:00,80,
2026.08.24 12:42:00,12:42:00,69,
2026.08.24 12:43:00,12:43:00,69,
2026.08.24 12:46:00,12:46:00,72,
2026.08.24 12:47:00,12:47:00,66,
2026.08.24 12:48:00,12:48:00,63,
2026.08.24 12:51:00,12:51:00,84,
2026.08.24 12:52:00,12:52:00,98,
2026.08.24 12:53:00,12:53:00,88,
2026.08.24 12:54:00,12:54:00,90,
2026.08.24 12:56:00,12:56:00,78,
2026.08.24 12:59:00,12:59:00,81,
2026.08.24 13:00:00,13:00:00,80,
2026.08.24 13:01:00,13:01:00,82,
2026.08.24 13:02:00,13:02:00,79,
2026.08.24 13:04:00,13:04:00,80,
2026.08.24 13:05:00,13:05:00,75,
2026.08.24 13:06:00,13:06:00,89,
2026.08.24 13:07:00,13:07:00,79,
2026.08.24 13:08:00,13:08:00,71,
2026.08.24 13:18:00,13:18:00,60,
2026.08.24 13:22:00,13:22:00,69,
2026.08.24 13:23:00,13:23:00,61,
2026.08.24 13:24:00,13:24:00,86,
2026.08.24 13:25:00,13:25:00,71,
2026.08.24 13:26:00,13:26:00,89,
2026.08.24 13:27:00,13:27:00,76,
2026.08.24 13:30:00,13:30:00,77,
2026.08.24 13:32:00,13:32:00,75,
2026.08.24 13:36:00,13:36:00,65,
2026.08.24 13:37:00,13:37:00,66,
2026.08.24 13:39:00,13:39:00,76,
2026.08.24 13:40:00,13:40:00,76,
2026.08.24 13:41:00,13:41:00,76,
2026.08.24 13:42:00,13:42:00,95,
2026.08.24 13:43:00,13:43:00,83,
2026.08.24 13:45:00,13:45:00,82,
2026.08.24 13:48:00,13:48:00,104,
2026.08.24 13:49:00,13:49:00,81,
2026.08.24 13:50:00,13:50:00,89,
2026.08.24 13:53:00,13:53:00,81,
2026.08.24 13:54:00,13:54:00,86,
2026.08.24 13:55:00,13:55:00,86,
2026.08.24 13:56:00,13:56:00,87,
2026.08.24 13:57:00,13:57:00,93,
2026.08.24 13:58:00,13:58:00,99,
2026.08.24 14:01:00,14:01:00,98,
2026.08.24 14:03:00,14:03:00,86,
2026.08.24 14:04:00,14:04:00,83,
2026.08.24 14:05:00,14:05:00,95,
2026.08.24 14:06:00,14:06:00,93,
2026.08.24 14:08:00,14:08:00,113,
2026.08.24 14:10:00,14:10:00,103,
2026.08.24 14:11:00,14:11:00,92,
2026.08.24 14:12:00,14:12:00,114,
2026.08.24 14:13:00,14:13:00,127,
2026.08.24 14:14:00,14:14:00,128,
2026.08.24 14:15:00,14:15:00,129,
2026.08.24 14:16:00,14:16:00,135,
2026.08.24 14:17:00,14:17:00,101,
2026.08.24 14:19:00,14:19:00,91,
2026.08.24 14:20:00,14:20:00,87,
2026.08.24 14:26:00,14:26:00,78,
2026.08.24 14:29:00,14:29:00,81,
2026.08.24 14:30:00,14:30:00,82,
2026.08.24 14:31:00,14:31:00,83,
2026.08.24 14:32:00,14:32:00,84,
2026.08.24 14:33:00,14:33:00,85,
2026.08.24 14:37:00,14:37:00,85,
2026.08.24 14:39:00,14:39:00,78,
2026.08.24 14:40:00,14:40:00,101,
2026.08.24 14:45:00,14:45:00,66,
2026.08.24 14:46:00,14:46:00,67,
2026.08.24 14:50:00,14:50:00,63,
2026.08.24 14:52:00,14:52:00,67,
2026.08.24 14:53:00,14:53:00,67,
2026.08.24 14:54:00,14:54:00,64,
2026.08.24 14:55:00,14:55:00,61,
2026.08.24 15:00:00,15:00:00,67,
2026.08.24 15:02:00,15:02:00,58,
2026.08.24 15:06:00,15:06:00,69,
2026.08.24 15:07:00,15:07:00,68,
2026.08.24 15:09:00,15:09:00,96,
2026.08.24 15:10:00,15:10:00,95,
2026.08.24 15:11:00,15:11:00,104,
2026.08.24 15:12:00,15:12:00,105,
2026.08.24 15:13:00,15:13:00,114,
2026.08.24 15:14:00,15:14:00,112,
2026.08.24 15:15:00,15:15:00,113,
2026.08.24 15:16:00,15:16:00,110,
2026.08.24 15:17:00,15:17:00,103,
2026.08.24 15:18:00,15:18:00,103,
2026.08.24 15:19:00,15:19:00,83,
2026.08.24 15:20:00,15:20:00,76,
2026.08.24 15:21:00,15:21:00,78,
2026.08.24 15:22:00,15:22:00,82,
2026.08.24 15:23:00,15:23:00,85,
2026.08.24 15:24:00,15:24:00,63,
2026.08.24 15:26:00,15:26:00,71,
2026.08.24 15:27:00,15:27:00,74,
2026.08.24 15:28:00,15:28:00,76,
2026.08.24 15:29:00,15:29:00,66,
2026.08.24 15:30:00,15:30:00,82,
2026.08.24 15:34:00,15:34:00,82,
2026.08.24 15:35:00,15:35:00,83,
2026.08.24 15:36:00,15:36:00,83,
2026.08.24 15:37:00,15:37:00,78,
2026.08.24 15:39:00,15:39:00,78,
2026.08.24 15:40:00,15:40:00,71,
2026.08.24 15:41:00,15:41:00,71,
2026.08.24 15:42:00,15:42:00,82,
2026.08.24 15:44:00,15:44:00,77,
2026.08.24 15:45:00,15:45:00,70,
2026.08.24 15:46:00,15:46:00,73,
2026.08.24 15:48:00,15:48:00,73,
2026.08.24 15:50:00,15:50:00,96,
2026.08.24 15:51:00,15:51:00,92,
2026.08.24 15:52:00,15:52:00,84,
2026.08.24 15:53:00,15:53:00,87,
2026.08.24 15:54:00,15:54:00,83,
2026.08.24 15:55:00,15:55:00,86,
2026.08.24 15:56:00,15:56:00,86,
2026.08.24 15:57:00,15:57:00,70,
2026.08.24 15:58:00,15:58:00,83,
2026.08.24 15:59:00,15:59:00,85,
2026.08.24 16:00:00,16:00:00,83,
2026.08.24 16:01:00,16:01:00,83,
2026.08.24 16:03:00,16:03:00,93,
2026.08.24 16:04:00,16:04:00,73,
2026.08.24 16:05:00,16:05:00,85,
2026.08.24 16:06:00,16:06:00,80,
2026.08.24 16:07:00,16:07:00,80,
2026.08.24 16:08:00,16:08:00,80,
2026.08.24 16:11:00,16:11:00,67,
2026.08.24 16:19:00,16:19:00,63,
2026.08.24 16:20:00,16:20:00,70,
2026.08.24 16:22:00,16:22:00,79,
2026.08.24 16:23:00,16:23:00,91,
2026.08.24 16:24:00,16:24:00,56,
2026.08.24 16:25:00,16:25:00,73,
2026.08.24 16:26:00,16:26:00,77,
2026.08.24 16:27:00,16:27:00,65,
2026.08.24 16:28:00,16:28:00,69,
2026.08.24 16:29:00,16:29:00,64,
2026.08.24 16:30:00,16:30:00,67,
2026.08.24 16:33:00,16:33:00,86,
2026.08.24 16:34:00,16:34:00,53,
2026.08.24 16:39:00,16:39:00,81,
2026.08.24 16:40:00,16:40:00,85,
2026.08.24 16:41:00,16:41:00,80,
2026.08.24 16:42:00,16:42:00,97,
2026.08.24 16:43:00,16:43:00,86,
2026.08.24 16:44:00,16:44:00,86,
2026.08.24 16:45:00,16:45:00,78,
2026.08.24 16:46:00,16:46:00,80,
2026.08.24 16:47:00,16:47:00,84,
2026.08.24 16:48:00,16:48:00,85,
2026.08.24 16:50:00,16:50:00,69,
2026.08.24 16:51:00,16:51:00,78,
2026.08.24 16:53:00,16:53:00,146,
2026.08.24 16:54:00,16:54:00,85,
2026.08.24 16:55:00,16:55:00,81,
2026.08.24 16:56:00,16:56:00,71,
2026.08.24 16:57:00,16:57:00,81,
2026.08.24 16:58:00,16:58:00,79,
2026.08.24 16:59:00,16:59:00,81,
2026.08.24 17:00:00,17:00:00,69,
2026.08.24 17:04:00,17:04:00,79,
2026.08.24 17:05:00,17:05:00,80,
2026.08.24 17:06:00,17:06:00,87,
2026.08.24 17:07:00,17:07:00,79,
2026.08.24 17:10:00,17:10:00,84,
2026.08.24 17:11:00,17:11:00,82,
2026.08.24 17:14:00,17:14:00,88,
2026.08.24 17:15:00,17:15:00,89,
2026.08.24 17:20:00,17:20:00,70,
2026.08.24 17:21:00,17:21:00,64,
2026.08.24 17:23:00,17:23:00,76,
2026.08.24 17:24:00,17:24:00,74,
2026.08.24 17:26:00,17:26:00,74,
2026.08.24 17:28:00,17:28:00,63,
2026.08.24 17:29:00,17:29:00,80,
2026.08.24 17:30:00,17:30:00,75,
2026.08.24 17:31:00,17:31:00,71,
2026.08.24 17:32:00,17:32:00,84,
2026.08.24 17:33:00,17:33:00,84,
2026.08.24 17:34:00,17:34:00,90,
2026.08.24 17:35:00,17:35:00,73,
2026.08.24 17:36:00,17:36:00,61,
2026.08.24 17:37:00,17:37:00,59,
2026.08.24 17:39:00,17:39:00,61,
2026.08.24 17:40:00,17:40:00,79,
2026.08.24 17:42:00,17:42:00,69,
2026.08.24 17:43:00,17:43:00,76,
2026.08.24 17:44:00,17:44:00,84,
2026.08.24 17:45:00,17:45:00,68,
2026.08.24 17:46:00,17:46:00,73,
2026.08.24 17:47:00,17:47:00,71,
2026.08.24 17:49:00,17:49:00,71,
2026.08.24 17:50:00,17:50:00,71,
2026.08.24 17:51:00,17:51:00,66,
2026.08.24 17:52:00,17:52:00,88,
2026.08.24 17:54:00,17:54:00,77,
2026.08.24 17:55:00,17:55:00,69,
2026.08.24 17:56:00,17:56:00,72,
2026.08.24 17:57:00,17:57:00,73,
2026.08.24 17:58:00,17:58:00,80,
2026.08.24 18:00:00,18:00:00,81,
2026.08.24 18:01:00,18:01:00,79,
2026.08.24 18:04:00,18:04:00,79,
2026.08.24 18:05:00,18:05:00,77,
2026.08.24 18:07:00,18:07:00,73,
2026.08.24 18:08:00,18:08:00,76,
2026.08.24 18:09:00,18:09:00,75,
2026.08.24 18:10:00,18:10:00,75,
2026.08.24 18:11:00,18:11:00,76,
2026.08.24 18:12:00,18:12:00,71,
2026.08.24 18:18:00,18:18:00,83,
2026.08.24 18:19:00,18:19:00,76,
2026.08.24 18:20:00,18:20:00,62,
2026.08.24 18:21:00,18:21:00,95,
2026.08.24 18:23:00,18:23:00,77,
2026.08.24 18:24:00,18:24:00,78,
2026.08.24 18:25:00,18:25:00,70,
2026.08.24 18:26:00,18:26:00,71,
2026.08.24 18:27:00,18:27:00,72,
2026.08.24 18:28:00,18:28:00,72,
2026.08.24 18:29:00,18:29:00,69,
2026.08.24 18:30:00,18:30:00,82,
2026.08.24 18:32:00,18:32:00,64,
2026.08.24 18:36:00,18:36:00,66,
2026.08.24 18:39:00,18:39:00,86,
2026.08.24 18:42:00,18:42:00,68,
2026.08.24 18:46:00,18:46:00,68,
2026.08.24 18:47:00,18:47:00,70,
2026.08.24 18:49:00,18:49:00,86,
2026.08.24 18:50:00,18:50:00,60,
2026.08.24 18:51:00,18:51:00,71,
2026.08.24 18:52:00,18:52:00,68,
2026.08.24 18:53:00,18:53:00,70,
2026.08.24 18:55:00,18:55:00,69,
2026.08.24 18:56:00,18:56:00,65,
2026.08.24 18:59:00,18:59:00,82,
2026.08.24 19:01:00,19:01:00,72,
2026.08.24 19:02:00,19:02:00,68,
2026.08.24 19:03:00,19:03:00,78,
2026.08.24 19:04:00,19:04:00,72,
2026.08.24 19:05:00,19:05:00,71,
2026.08.24 19:06:00,19:06:00,79,
2026.08.24 19:07:00,19:07:00,74,
2026.08.24 19:08:00,19:08:00,77,
2026.08.24 19:10:00,19:10:00,78,
2026.08.24 19:12:00,19:12:00,65,
2026.08.24 19:13:00,19:13:00,70,
2026.08.24 19:14:00,19:14:00,76,
2026.08.24 19:15:00,19:15:00,73,
2026.08.24 19:16:00,19:16:00,73,
2026.08.24 19:20:00,19:20:00,69,
2026.08.24 19:21:00,19:21:00,75,
2026.08.24 19:22:00,19:22:00,69,
2026.08.24 19:23:00,19:23:00,66,
2026.08.24 19:25:00,19:25:00,79,
2026.08.24 19:26:00,19:26:00,68,
2026.08.24 19:27:00,19:27:00,73,
2026.08.24 19:31:00,19:31:00,82,
2026.08.24 19:32:00,19:32:00,67,
2026.08.24 19:33:00,19:33:00,62,
2026.08.24 19:34:00,19:34:00,73,
2026.08.24 19:35:00,19:35:00,76,
2026.08.24 19:36:00,19:36:00,73,
2026.08.24 19:37:00,19:37:00,64,
2026.08.24 19:38:00,19:38:00,90,
2026.08.24 19:40:00,19:40:00,81,
2026.08.24 19:41:00,19:41:00,71,
2026.08.24 19:43:00,19:43:00,62,
2026.08.24 19:44:00,19:44:00,65,
2026.08.24 19:45:00,19:45:00,76,
2026.08.24 19:46:00,19:46:00,76,
2026.08.24 19:49:00,19:49:00,76,
2026.08.24 19:50:00,19:50:00,76,
2026.08.24 19:51:00,19:51:00,77,
2026.08.24 19:52:00,19:52:00,72,
2026.08.24 19:53:00,19:53:00,87,
2026.08.24 19:54:00,19:54:00,89,
2026.08.24 19:55:00,19:55:00,82,
2026.08.24 19:56:00,19:56:00,68,
2026.08.24 19:57:00,19:57:00,73,
2026.08.24 19:58:00,19:58:00,77,
2026.08.24 20:00:00,20:00:00,74,
2026.08.24 20:01:00,20:01:00,78,
2026.08.24 20:03:00,20:03:00,72,
2026.08.24 20:04:00,20:04:00,72,
2026.08.24 20:05:00,20:05:00,72,
2026.08.24 20:07:00,20:07:00,82,
2026.08.24 20:08:00,20:08:00,72,
2026.08.24 20:09:00,20:09:00,66,
2026.08.24 20:11:00,20:11:00,71,
2026.08.24 20:12:00,20:12:00,63,
2026.08.24 20:13:00,20:13:00,80,
2026.08.24 20:14:00,20:14:00,85,
2026.08.24 20:15:00,20:15:00,81,
2026.08.24 20:16:00,20:16:00,68,
2026.08.24 20:17:00,20:17:00,69,
2026.08.24 20:18:00,20:18:00,70,
2026.08.24 20:19:00,20:19:00,73,
2026.08.24 20:20:00,20:20:00,72,
2026.08.24 20:22:00,20:22:00,69,
2026.08.24 20:23:00,20:23:00,56,
2026.08.24 20:24:00,20:24:00,74,
2026.08.24 20:26:00,20:26:00,83,
2026.08.24 20:27:00,20:27:00,92,
2026.08.24 20:28:00,20:28:00,80,
2026.08.24 20:31:00,20:31:00,87,
2026.08.24 20:32:00,20:32:00,88,
2026.08.24 20:33:00,20:33:00,77,
2026.08.24 20:34:00,20:34:00,67,
2026.08.24 20:36:00,20:36:00,70,
2026.08.24 20:37:00,20:37:00,75,
2026.08.24 20:38:00,20:38:00,69,
2026.08.24 20:39:00,20:39:00,70,
2026.08.24 20:41:00,20:41:00,77,
2026.08.24 20:44:00,20:44:00,70,
2026.08.24 20:45:00,20:45:00,60,
2026.08.24 20:47:00,20:47:00,63,
2026.08.24 20:49:00,20:49:00,56,
2026.08.24 20:50:00,20:50:00,59,
2026.08.24 20:51:00,20:51:00,62,
2026.08.24 20:52:00,20:52:00,80,
2026.08.24 20:53:00,20:53:00,80,
2026.08.24 20:54:00,20:54:00,77,
2026.08.24 20:55:00,20:55:00,64,
2026.08.24 20:56:00,20:56:00,65,
2026.08.24 20:59:00,20:59:00,72,
2026.08.24 21:00:00,21:00:00,64,
2026.08.24 21:01:00,21:01:00,76,
2026.08.24 21:02:00,21:02:00,75,
2026.08.24 21:03:00,21:03:00,65,
2026.08.24 21:06:00,21:06:00,64,
2026.08.24 21:09:00,21:09:00,59,
2026.08.24 21:10:00,21:10:00,62,
2026.08.24 21:12:00,21:12:00,61,
2026.08.24 21:13:00,21:13:00,60,
2026.08.24 21:15:00,21:15:00,62,
2026.08.24 21:18:00,21:18:00,80,
2026.08.24 21:19:00,21:19:00,70,
2026.08.24 21:21:00,21:21:00,60,
2026.08.24 21:22:00,21:22:00,65,
2026.08.24 21:23:00,21:23:00,73,
2026.08.24 21:24:00,21:24:00,69,
2026.08.24 21:25:00,21:25:00,83,
2026.08.24 21:26:00,21:26:00,66,
2026.08.24 21:27:00,21:27:00,66,
2026.08.24 21:30:00,21:30:00,75,
2026.08.24 21:31:00,21:31:00,85,
2026.08.24 21:32:00,21:32:00,79,
2026.08.24 21:38:00,21:38:00,76,
2026.08.24 21:39:00,21:39:00,80,
2026.08.24 21:42:00,21:42:00,72,
2026.08.24 21:43:00,21:43:00,74,
2026.08.24 21:45:00,21:45:00,68,
2026.08.24 21:46:00,21:46:00,68,
2026.08.24 21:47:00,21:47:00,69,
2026.08.24 21:51:00,21:51:00,65,
2026.08.24 21:52:00,21:52:00,94,
2026.08.24 21:53:00,21:53:00,65,
2026.08.24 21:54:00,21:54:00,65,
2026.08.24 21:55:00,21:55:00,73,
2026.08.24 21:56:00,21:56:00,85,
2026.08.24 21:57:00,21:57:00,67,
2026.08.24 21:58:00,21:58:00,91,
2026.08.24 21:59:00,21:59:00,60,
2026.08.24 22:00:00,22:00:00,77,
2026.08.24 22:01:00,22:01:00,69,
2026.08.24 22:02:00,22:02:00,65,
2026.08.24 22:03:00,22:03:00,59,
2026.08.24 22:04:00,22:04:00,61,
2026.08.24 22:06:00,22:06:00,82,
2026.08.24 22:10:00,22:10:00,52,
2026.08.24 22:11:00,22:11:00,81,
2026.08.24 22:12:00,22:12:00,82,
2026.08.24 22:14:00,22:14:00,78,
2026.08.24 22:16:00,22:16:00,70,
2026.08.24 22:17:00,22:17:00,63,
2026.08.24 22:18:00,22:18:00,62,
2026.08.24 22:19:00,22:19:00,60,
2026.08.24 22:20:00,22:20:00,57,
2026.08.24 22:21:00,22:21:00,82,
2026.08.24 22:24:00,22:24:00,97,
2026.08.24 22:25:00,22:25:00,54,
2026.08.24 22:26:00,22:26:00,58,
2026.08.24 22:30:00,22:30:00,77,
2026.08.24 22:31:00,22:31:00,67,
2026.08.24 22:33:00,22:33:00,75,
2026.08.24 22:34:00,22:34:00,72,
2026.08.24 22:35:00,22:35:00,114,
2026.08.24 22:36:00,22:36:00,69,
2026.08.24 22:37:00,22:37:00,63,
2026.08.24 22:39:00,22:39:00,74,
2026.08.24 22:42:00,22:42:00,61,
2026.08.24 22:43:00,22:43:00,73,
2026.08.24 22:46:00,22:46:00,74,
2026.08.24 22:48:00,22:48:00,64,
2026.08.24 22:49:00,22:49:00,54,
2026.08.24 22:50:00,22:50:00,64,
2026.08.24 22:52:00,22:52:00,82,
2026.08.24 22:53:00,22:53:00,86,
2026.08.24 22:54:00,22:54:00,78,
2026.08.24 22:56:00,22:56:00,55,
2026.08.24 22:57:00,22:57:00,56,
2026.08.24 22:58:00,22:58:00,62,
2026.08.24 23:00:00,23:00:00,62,
2026.08.24 23:03:00,23:03:00,82,
2026.08.24 23:04:00,23:04:00,89,
2026.08.24 23:06:00,23:06:00,56,
2026.08.24 23:08:00,23:08:00,88,
2026.08.24 23:09:00,23:09:00,80,
2026.08.24 23:10:00,23:10:00,81,
2026.08.24 23:11:00,23:11:00,84,
2026.08.24 23:12:00,23:12:00,90,
2026.08.24 23:13:00,23:13:00,83,
2026.08.24 23:15:00,23:15:00,83,
2026.08.24 23:16:00,23:16:00,75,
2026.08.24 23:20:00,23:20:00,82,
2026.08.24 23:21:00,23:21:00,79,
2026.08.24 23:22:00,23:22:00,89,
2026.08.24 23:23:00,23:23:00,94,
2026.08.24 23:24:00,23:24:00,76,
2026.08.24 23:25:00,23:25:00,74,
2026.08.24 23:26:00,23:26:00,83,
2026.08.24 23:27:00,23:27:00,90,
2026.08.24 23:29:00,23:29:00,93,
2026.08.24 23:30:00,23:30:00,82,
2026.08.24 23:31:00,23:31:00,83,
2026.08.24 23:32:00,23:32:00,54,
2026.08.24 23:33:00,23:33:00,55,
2026.08.24 23:34:00,23:34:00,48,
2026.08.24 23:35:00,23:35:00,55,
2026.08.24 23:36:00,23:36:00,55,
2026.08.24 23:37:00,23:37:00,57,
2026.08.24 23:38:00,23:38:00,77,
2026.08.24 23:39:00,23:39:00,85,
2026.08.24 23:40:00,23:40:00,82,
2026.08.24 23:41:00,23:41:00,108,
2026.08.24 23:42:00,23:42:00,73,
2026.08.24 23:43:00,23:43:00,106,
2026.08.24 23:44:00,23:44:00,85,
2026.08.24 23:45:00,23:45:00,73,
2026.08.24 23:46:00,23:46:00,57,
2026.08.24 23:47:00,23:47:00,92,
2026.08.24 23:49:00,23:49:00,71,
2026.08.24 23:53:00,23:53:00,63,
2026.08.24 23:54:00,23:54:00,76,
2026.08.24 23:58:00,23:58:00,79,
2026.08.25 00:00:00,00:00:00,66,
2026.08.25 00:01:00,00:01:00,52,
2026.08.25 00:02:00,00:02:00,77,
2026.08.25 00:03:00,00:03:00,84,
2026.08.25 00:04:00,00:04:00,51,
2026.08.25 00:14:00,00:14:00,73,
2026.08.25 00:15:00,00:15:00,49,
2026.08.25 00:25:00,00:25:00,54,
2026.08.25 00:32:00,00:32:00,52,
2026.08.25 00:33:00,00:33:00,52,
2026.08.25 00:34:00,00:34:00,51,
2026.08.25 00:35:00,00:35:00,51,
2026.08.25 00:40:00,00:40:00,52,
2026.08.25 00:41:00,00:41:00,49,
2026.08.25 00:42:00,00:42:00,47,
2026.08.25 00:45:00,00:45:00,51,
2026.08.25 00:50:00,00:50:00,50,
2026.08.25 00:55:00,00:55:00,52,
2026.08.25 01:00:00,01:00:00,52,
2026.08.25 01:05:00,01:05:00,44,
2026.08.25 01:08:00,01:08:00,48,
2026.08.25 01:10:00,01:10:00,47,
2026.08.25 01:20:00,01:20:00,49,
2026.08.25 01:30:00,01:30:00,52,
2026.08.25 01:40:00,01:40:00,57,
2026.08.25 01:50:00,01:50:00,50,
2026.08.25 02:00:00,02:00:00,51,
2026.08.25 02:10:00,02:10:00,49,
2026.08.25 02:20:00,02:20:00,49,
2026.08.25 02:30:00,02:30:00,74,
2026.08.25 02:40:00,02:40:00,48,
2026.08.25 02:50:00,02:50:00,54,
2026.08.25 03:00:00,03:00:00,43,
2026.08.25 03:01:00,03:01:00,50,
2026.08.25 03:10:00,03:10:00,52,
2026.08.25 03:11:00,03:11:00,49,
2026.08.25 03:20:00,03:20:00,49,
2026.08.25 03:21:00,03:21:00,55,
2026.08.25 03:30:00,03:30:00,49,
2026.08.25 03:31:00,03:31:00,52,
2026.08.25 03:40:00,03:40:00,53,
2026.08.25 03:41:00,03:41:00,51,
2026.08.25 03:51:00,03:51:00,54,
2026.08.25 03:52:00,03:52:00,52,
2026.08.25 04:00:00,04:00:00,54,
2026.08.25 04:01:00,04:01:00,51,
2026.08.25 04:10:00,04:10:00,51,
2026.08.25 04:11:00,04:11:00,50,
2026.08.25 04:20:00,04:20:00,50,
2026.08.25 04:21:00,04:21:00,49,
2026.08.25 04:30:00,04:30:00,46,
2026.08.25 04:31:00,04:31:00,53,
2026.08.25 04:40:00,04:40:00,46,
2026.08.25 04:41:00,04:41:00,53,
2026.08.25 04:50:00,04:50:00,48,
2026.08.25 04:51:00,04:51:00,50,
2026.08.25 05:00:00,05:00:00,51,
2026.08.25 05:01:00,05:01:00,53,
2026.08.25 05:10:00,05:10:00,48,
2026.08.25 05:11:00,05:11:00,51,
2026.08.25 05:20:00,05:20:00,53,
2026.08.25 05:21:00,05:21:00,52,
2026.08.25 05:30:00,05:30:00,64,
2026.08.25 05:31:00,05:31:00,73,
2026.08.25 05:40:00,05:40:00,53,
2026.08.25 05:41:00,05:41:00,50,
2026.08.25 05:46:00,05:46:00,84,
2026.08.25 05:47:00,05:47:00,113,
2026.08.25 05:50:00,05:50:00,54,
2026.08.25 06:00:00,06:00:00,53,
2026.08.25 06:01:00,06:01:00,51,
2026.08.25 06:03:00,06:03:00,53,
2026.08.25 06:04:00,06:04:00,54,
2026.08.25 06:10:00,06:10:00,57,
2026.08.25 06:20:00,06:20:00,55,
2026.08.25 06:21:00,06:21:00,56,
2026.08.25 06:28:00,06:28:00,53,
2026.08.25 06:29:00,06:29:00,54,
2026.08.25 06:30:00,06:30:00,51,
2026.08.25 06:31:00,06:31:00,54,
2026.08.25 06:40:00,06:40:00,52,
2026.08.25 06:41:00,06:41:00,49,
2026.08.25 06:50:00,06:50:00,50,
2026.08.25 06:51:00,06:51:00,51,
2026.08.25 07:01:00,07:01:00,51,
2026.08.25 07:10:00,07:10:00,56,
2026.08.25 07:11:00,07:11:00,83,
2026.08.25 07:12:00,07:12:00,87,
2026.08.25 07:13:00,07:13:00,81,
2026.08.25 07:14:00,07:14:00,94,
2026.08.25 07:15:00,07:15:00,80,
2026.08.25 07:16:00,07:16:00,76,
2026.08.25 07:20:00,07:20:00,87,
2026.08.25 07:23:00,07:23:00,53,
2026.08.25 07:28:00,07:28:00,108,
2026.08.25 07:30:00,07:30:00,111,
2026.08.25 07:40:00,07:40:00,86,
2026.08.25 07:41:00,07:41:00,93,
2026.08.25 07:43:00,07:43:00,96,
2026.08.25 07:45:00,07:45:00,83,
2026.08.25 07:46:00,07:46:00,91,
2026.08.25 07:48:00,07:48:00,84,
2026.08.25 07:49:00,07:49:00,93,
2026.08.25 07:50:00,07:50:00,103,
2026.08.25 07:51:00,07:51:00,93,
2026.08.25 07:52:00,07:52:00,90,
2026.08.25 07:53:00,07:53:00,89,
2026.08.25 07:54:00,07:54:00,97,
2026.08.25 07:55:00,07:55:00,88,
2026.08.25 07:56:00,07:56:00,89,
2026.08.25 07:58:00,07:58:00,94,
2026.08.25 08:00:00,08:00:00,82,
2026.08.25 08:01:00,08:01:00,102,
2026.08.25 08:02:00,08:02:00,86,
2026.08.25 08:03:00,08:03:00,82,
2026.08.25 08:04:00,08:04:00,100,
2026.08.25 08:05:00,08:05:00,97,
2026.08.25 08:06:00,08:06:00,99,
2026.08.25 08:07:00,08:07:00,90,
2026.08.25 08:10:00,08:10:00,110,
2026.08.25 08:11:00,08:11:00,109,
2026.08.25 08:13:00,08:13:00,95,
2026.08.25 08:18:00,08:18:00,94,
2026.08.25 08:19:00,08:19:00,95,
2026.08.25 08:20:00,08:20:00,91,
2026.08.25 08:24:00,08:24:00,95,
2026.08.25 08:26:00,08:26:00,81,
2026.08.25 08:29:00,08:29:00,119,
2026.08.25 08:30:00,08:30:00,105,
2026.08.25 08:31:00,08:31:00,94,
2026.08.25 08:32:00,08:32:00,91,
2026.08.25 08:33:00,08:33:00,94,
2026.08.25 08:34:00,08:34:00,81,
2026.08.25 08:35:00,08:35:00,82,
2026.08.25 08:40:00,08:40:00,94,
2026.08.25 08:41:00,08:41:00,97,
2026.08.25 08:42:00,08:42:00,96,
2026.08.25 08:43:00,08:43:00,96,
2026.08.25 08:44:00,08:44:00,95,
2026.08.25 08:45:00,08:45:00,94,
2026.08.25 08:46:00,08:46:00,94,
2026.08.25 08:47:00,08:47:00,99,
2026.08.25 08:48:00,08:48:00,90,
2026.08.25 08:49:00,08:49:00,90,
2026.08.25 08:51:00,08:51:00,99,
2026.08.25 08:52:00,08:52:00,94,
2026.08.25 08:53:00,08:53:00,91,
2026.08.25 08:54:00,08:54:00,89,
2026.08.25 08:55:00,08:55:00,95,
2026.08.25 08:56:00,08:56:00,93,
2026.08.25 09:03:00,09:03:00,87,
2026.08.25 09:04:00,09:04:00,88,
2026.08.25 09:05:00,09:05:00,97,
2026.08.25 09:07:00,09:07:00,95,
2026.08.25 09:08:00,09:08:00,98,
2026.08.25 09:09:00,09:09:00,108,
2026.08.25 09:10:00,09:10:00,116,
2026.08.25 09:11:00,09:11:00,120,
2026.08.25 09:13:00,09:13:00,123,
2026.08.25 09:14:00,09:14:00,100,
2026.08.25 09:15:00,09:15:00,99,
2026.08.25 09:16:00,09:16:00,115,
2026.08.25 09:17:00,09:17:00,116,
2026.08.25 09:18:00,09:18:00,145,
2026.08.25 09:19:00,09:19:00,123,
2026.08.25 09:20:00,09:20:00,134,
2026.08.25 09:21:00,09:21:00,128,
2026.08.25 09:22:00,09:22:00,100,
2026.08.25 09:23:00,09:23:00,97,
2026.08.25 09:24:00,09:24:00,94,
2026.08.25 09:25:00,09:25:00,89,
2026.08.25 09:26:00,09:26:00,87,
2026.08.25 09:27:00,09:27:00,85,
2026.08.25 09:28:00,09:28:00,94,
2026.08.25 09:29:00,09:29:00,90,
2026.08.25 09:30:00,09:30:00,88,
2026.08.25 09:31:00,09:31:00,81,
2026.08.25 09:32:00,09:32:00,94,
2026.08.25 09:33:00,09:33:00,92,
2026.08.25 09:34:00,09:34:00,83,
2026.08.25 09:35:00,09:35:00,82,
2026.08.25 09:36:00,09:36:00,82,
2026.08.25 09:38:00,09:38:00,79,
2026.08.25 09:39:00,09:39:00,94,
2026.08.25 09:40:00,09:40:00,85,
2026.08.25 09:42:00,09:42:00,85,
2026.08.25 09:44:00,09:44:00,86,
2026.08.25 09:46:00,09:46:00,80,
2026.08.25 09:47:00,09:47:00,82,
2026.08.25 09:48:00,09:48:00,83,
2026.08.25 09:49:00,09:49:00,83,
2026.08.25 09:50:00,09:50:00,83,
2026.08.25 09:51:00,09:51:00,78,
2026.08.25 09:53:00,09:53:00,88,
2026.08.25 09:54:00,09:54:00,80,
2026.08.25 09:55:00,09:55:00,81,
2026.08.25 09:56:00,09:56:00,84,
2026.08.25 09:57:00,09:57:00,83,
2026.08.25 10:04:00,10:04:00,82,
2026.08.25 10:05:00,10:05:00,85,
2026.08.25 10:06:00,10:06:00,72,
2026.08.25 10:07:00,10:07:00,85,
2026.08.25 10:08:00,10:08:00,86,
2026.08.25 10:09:00,10:09:00,90,
2026.08.25 10:10:00,10:10:00,89,
2026.08.25 10:11:00,10:11:00,83,
2026.08.25 10:16:00,10:16:00,76,
2026.08.25 10:19:00,10:19:00,78,
2026.08.25 10:23:00,10:23:00,81,
2026.08.25 10:24:00,10:24:00,83,
2026.08.25 10:25:00,10:25:00,92,
2026.08.25 10:27:00,10:27:00,71,
2026.08.25 10:28:00,10:28:00,79,
2026.08.25 10:30:00,10:30:00,101,
2026.08.25 10:31:00,10:31:00,87,
2026.08.25 10:33:00,10:33:00,84,
2026.08.25 10:34:00,10:34:00,85,
2026.08.25 10:36:00,10:36:00,78,
2026.08.25 10:37:00,10:37:00,78,
2026.08.25 10:38:00,10:38:00,76,
2026.08.25 10:39:00,10:39:00,86,
2026.08.25 10:40:00,10:40:00,84,
2026.08.25 10:42:00,10:42:00,83,
2026.08.25 10:43:00,10:43:00,81,
2026.08.25 10:44:00,10:44:00,86,
2026.08.25 10:45:00,10:45:00,101,
2026.08.25 10:46:00,10:46:00,79,
2026.08.25 10:47:00,10:47:00,80,
2026.08.25 10:48:00,10:48:00,87,
2026.08.25 10:51:00,10:51:00,85,
2026.08.25 10:52:00,10:52:00,78,
2026.08.25 10:57:00,10:57:00,81,
2026.08.25 10:58:00,10:58:00,80,
2026.08.25 11:00:00,11:00:00,84,
2026.08.25 11:03:00,11:03:00,84,
2026.08.25 11:06:00,11:06:00,85,
2026.08.25 11:07:00,11:07:00,98,
2026.08.25 11:08:00,11:08:00,96,
2026.08.25 11:09:00,11:09:00,88,
2026.08.25 11:10:00,11:10:00,90,
2026.08.25 11:11:00,11:11:00,82,
2026.08.25 11:12:00,11:12:00,80,
2026.08.25 11:13:00,11:13:00,71,
2026.08.25 11:16:00,11:16:00,84,
2026.08.25 11:17:00,11:17:00,84,
2026.08.25 11:18:00,11:18:00,81,
2026.08.25 11:19:00,11:19:00,83,
2026.08.25 11:20:00,11:20:00,82,
2026.08.25 11:22:00,11:22:00,61,
2026.08.25 11:23:00,11:23:00,61,
2026.08.25 11:24:00,11:24:00,84,
2026.08.25 11:25:00,11:25:00,64,
2026.08.25 11:26:00,11:26:00,86,
2026.08.25 11:27:00,11:27:00,82,
2026.08.25 11:28:00,11:28:00,84,
2026.08.25 11:29:00,11:29:00,75,
2026.08.25 11:30:00,11:30:00,79,
2026.08.25 11:31:00,11:31:00,80,
2026.08.25 11:32:00,11:32:00,89,
2026.08.25 11:34:00,11:34:00,81,
2026.08.25 11:36:00,11:36:00,95,
2026.08.25 11:38:00,11:38:00,86,
2026.08.25 11:39:00,11:39:00,77,
2026.08.25 11:45:00,11:45:00,90,
2026.08.25 11:46:00,11:46:00,86,
2026.08.25 11:47:00,11:47:00,87,
2026.08.25 11:49:00,11:49:00,84,
2026.08.25 11:50:00,11:50:00,105,
2026.08.25 11:52:00,11:52:00,95,
2026.08.25 11:55:00,11:55:00,90,
2026.08.25 11:56:00,11:56:00,99,
2026.08.25 11:57:00,11:57:00,99,
2026.08.25 11:58:00,11:58:00,80,
2026.08.25 11:59:00,11:59:00,89,
2026.08.25 12:00:00,12:00:00,111,
2026.08.25 12:01:00,12:01:00,104,
2026.08.25 12:02:00,12:02:00,109,
2026.08.25 12:03:00,12:03:00,117,
2026.08.25 12:04:00,12:04:00,121,
2026.08.25 12:05:00,12:05:00,127,
2026.08.25 12:06:00,12:06:00,117,
2026.08.25 12:07:00,12:07:00,105,
2026.08.25 12:08:00,12:08:00,107,
2026.08.25 12:14:00,12:14:00,88,
2026.08.25 12:16:00,12:16:00,88,
2026.08.25 12:21:00,12:21:00,97,
2026.08.25 12:24:00,12:24:00,107,
2026.08.25 12:25:00,12:25:00,100,
2026.08.25 12:26:00,12:26:00,95,
2026.08.25 12:33:00,12:33:00,97,
2026.08.25 12:34:00,12:34:00,91,
2026.08.25 12:37:00,12:37:00,100,
2026.08.25 12:38:00,12:38:00,94,
2026.08.25 12:39:00,12:39:00,94,
2026.08.25 12:40:00,12:40:00,94,
2026.08.25 12:42:00,12:42:00,104,
2026.08.25 12:43:00,12:43:00,101,
2026.08.25 12:44:00,12:44:00,95,
2026.08.25 12:46:00,12:46:00,94,
2026.08.25 12:48:00,12:48:00,109,
2026.08.25 12:49:00,12:49:00,110,
2026.08.25 12:50:00,12:50:00,101,
2026.08.25 12:51:00,12:51:00,100,
2026.08.25 12:52:00,12:52:00,95,
2026.08.25 12:55:00,12:55:00,95,
2026.08.25 12:56:00,12:56:00,92,
2026.08.25 12:57:00,12:57:00,88,
2026.08.25 13:03:00,13:03:00,94,
2026.08.25 13:06:00,13:06:00,112,
2026.08.25 13:08:00,13:08:00,105,
2026.08.25 13:09:00,13:09:00,81,
2026.08.25 13:10:00,13:10:00,90,
2026.08.25 13:11:00,13:11:00,86,
2026.08.25 13:13:00,13:13:00,105,
2026.08.25 13:14:00,13:14:00,95,
2026.08.25 13:15:00,13:15:00,87,
2026.08.25 13:16:00,13:16:00,87,
2026.08.25 13:17:00,13:17:00,83,
2026.08.25 13:21:00,13:21:00,79,
2026.08.25 13:22:00,13:22:00,90,
2026.08.25 13:23:00,13:23:00,82,
2026.08.25 13:24:00,13:24:00,92,
2026.08.25 13:25:00,13:25:00,83,
2026.08.25 13:26:00,13:26:00,87,
2026.08.25 13:29:00,13:29:00,84,
2026.08.25 13:30:00,13:30:00,84,
2026.08.25 13:31:00,13:31:00,77,
2026.08.25 13:32:00,13:32:00,89,
2026.08.25 13:33:00,13:33:00,86,
2026.08.25 13:34:00,13:34:00,69,
2026.08.25 13:36:00,13:36:00,82,
2026.08.25 13:39:00,13:39:00,84,
2026.08.25 13:40:00,13:40:00,84,
2026.08.25 13:41:00,13:41:00,83,
2026.08.25 13:43:00,13:43:00,81,
2026.08.25 13:45:00,13:45:00,67,
2026.08.25 13:46:00,13:46:00,94,
2026.08.25 13:47:00,13:47:00,84,
2026.08.25 13:49:00,13:49:00,87,
2026.08.25 13:52:00,13:52:00,93,
2026.08.25 13:53:00,13:53:00,93,
2026.08.25 13:55:00,13:55:00,70,
2026.08.25 13:56:00,13:56:00,74,
2026.08.25 13:57:00,13:57:00,74,
2026.08.25 14:01:00,14:01:00,76,
2026.08.25 14:03:00,14:03:00,79,
2026.08.25 14:05:00,14:05:00,76,
2026.08.25 14:15:00,14:15:00,69,
2026.08.25 14:16:00,14:16:00,71,
2026.08.25 14:19:00,14:19:00,66,
2026.08.25 14:22:00,14:22:00,66,
2026.08.25 14:24:00,14:24:00,72,
2026.08.25 14:25:00,14:25:00,73,
2026.08.25 14:26:00,14:26:00,72,
2026.08.25 14:27:00,14:27:00,76,
2026.08.25 14:28:00,14:28:00,66,
2026.08.25 14:29:00,14:29:00,75,
2026.08.25 14:30:00,14:30:00,88,
2026.08.25 14:31:00,14:31:00,78,
2026.08.25 14:32:00,14:32:00,74,
2026.08.25 14:33:00,14:33:00,88,
2026.08.25 14:36:00,14:36:00,73,
2026.08.25 14:38:00,14:38:00,71,
2026.08.25 14:39:00,14:39:00,81,
2026.08.25 14:40:00,14:40:00,76,
2026.08.25 14:44:00,14:44:00,59,
2026.08.25 14:49:00,14:49:00,58,
2026.08.25 14:50:00,14:50:00,59,
2026.08.25 14:53:00,14:53:00,57,
2026.08.25 14:58:00,14:58:00,61,
2026.08.25 14:59:00,14:59:00,57,
2026.08.25 15:02:00,15:02:00,75,
2026.08.25 15:10:00,15:10:00,58,
2026.08.25 15:11:00,15:11:00,58,
2026.08.25 15:15:00,15:15:00,84,
2026.08.25 15:20:00,15:20:00,60,
2026.08.25 15:21:00,15:21:00,58,
2026.08.25 15:26:00,15:26:00,85,
2026.08.25 15:30:00,15:30:00,63,
2026.08.25 15:31:00,15:31:00,63,
2026.08.25 15:35:00,15:35:00,90,
2026.08.25 15:40:00,15:40:00,62,
2026.08.25 15:41:00,15:41:00,58,
2026.08.25 15:50:00,15:50:00,68,
2026.08.25 15:51:00,15:51:00,62,
2026.08.25 15:57:00,15:57:00,66,
2026.08.25 15:59:00,15:59:00,85,
2026.08.25 16:00:00,16:00:00,70,
2026.08.25 16:01:00,16:01:00,77,
2026.08.25 16:07:00,16:07:00,59,
2026.08.25 16:09:00,16:09:00,97,
2026.08.25 16:10:00,16:10:00,97,
2026.08.25 16:11:00,16:11:00,86,
2026.08.25 16:12:00,16:12:00,92,
2026.08.25 16:13:00,16:13:00,105,
2026.08.25 16:14:00,16:14:00,109,
2026.08.25 16:15:00,16:15:00,88,
2026.08.25 16:16:00,16:16:00,104,
2026.08.25 16:17:00,16:17:00,97,
2026.08.25 16:18:00,16:18:00,112,
2026.08.25 16:20:00,16:20:00,94,
2026.08.25 16:26:00,16:26:00,94,
2026.08.25 16:27:00,16:27:00,81,
2026.08.25 16:28:00,16:28:00,94,
2026.08.25 16:31:00,16:31:00,74,
2026.08.25 16:36:00,16:36:00,90,
2026.08.25 16:37:00,16:37:00,93,
2026.08.25 16:38:00,16:38:00,96,
2026.08.25 16:41:00,16:41:00,71,
2026.08.25 16:50:00,16:50:00,57,
2026.08.25 16:51:00,16:51:00,80,
2026.08.25 16:52:00,16:52:00,77,
2026.08.25 17:02:00,17:02:00,64,
2026.08.25 17:07:00,17:07:00,81,
2026.08.25 17:08:00,17:08:00,81,
2026.08.25 17:09:00,17:09:00,63,
2026.08.25 17:11:00,17:11:00,79,
2026.08.25 17:12:00,17:12:00,79,
2026.08.25 17:15:00,17:15:00,57,
2026.08.25 17:16:00,17:16:00,68,
2026.08.25 17:17:00,17:17:00,67,
2026.08.25 17:18:00,17:18:00,83,
2026.08.25 17:21:00,17:21:00,62,
2026.08.25 17:26:00,17:26:00,68,
2026.08.25 17:30:00,17:30:00,83,
2026.08.25 17:31:00,17:31:00,83,
2026.08.25 17:32:00,17:32:00,82,
2026.08.25 17:33:00,17:33:00,76,
2026.08.25 17:34:00,17:34:00,73,
2026.08.25 17:35:00,17:35:00,64,
2026.08.25 17:38:00,17:38:00,80,
2026.08.25 17:39:00,17:39:00,66,
2026.08.25 17:47:00,17:47:00,74,
2026.08.25 17:48:00,17:48:00,71,
2026.08.25 17:50:00,17:50:00,68,
2026.08.25 17:51:00,17:51:00,62,
2026.08.25 17:52:00,17:52:00,72,
2026.08.25 17:53:00,17:53:00,72,
2026.08.25 17:54:00,17:54:00,66,
2026.08.25 17:55:00,17:55:00,66,
2026.08.25 18:01:00,18:01:00,76,
2026.08.25 18:03:00,18:03:00,86,
2026.08.25 18:04:00,18:04:00,70,
2026.08.25 18:05:00,18:05:00,61,
2026.08.25 18:06:00,18:06:00,73,
2026.08.25 18:07:00,18:07:00,73,
2026.08.25 18:08:00,18:08:00,62,
2026.08.25 18:12:00,18:12:00,76,
2026.08.25 18:13:00,18:13:00,61,
2026.08.25 18:17:00,18:17:00,90,
2026.08.25 18:18:00,18:18:00,84,
2026.08.25 18:19:00,18:19:00,56,
2026.08.25 18:21:00,18:21:00,71,
2026.08.25 18:22:00,18:22:00,64,
2026.08.25 18:24:00,18:24:00,60,
2026.08.25 18:25:00,18:25:00,75,
2026.08.25 18:26:00,18:26:00,64,
2026.08.25 18:27:00,18:27:00,62,
2026.08.25 18:29:00,18:29:00,63,
2026.08.25 18:30:00,18:30:00,64,
2026.08.25 18:31:00,18:31:00,62,
2026.08.25 18:33:00,18:33:00,64,
2026.08.25 18:34:00,18:34:00,72,
2026.08.25 18:35:00,18:35:00,59,
2026.08.25 18:36:00,18:36:00,63,
2026.08.25 18:37:00,18:37:00,73,
2026.08.25 18:38:00,18:38:00,62,
2026.08.25 18:39:00,18:39:00,61,
2026.08.25 18:40:00,18:40:00,70,
2026.08.25 18:41:00,18:41:00,64,
2026.08.25 18:42:00,18:42:00,60,
2026.08.25 18:43:00,18:43:00,85,
2026.08.25 18:44:00,18:44:00,64,
2026.08.25 18:45:00,18:45:00,64,
2026.08.25 18:46:00,18:46:00,67,
2026.08.25 18:47:00,18:47:00,85,
2026.08.25 18:49:00,18:49:00,84,
2026.08.25 18:51:00,18:51:00,62,
2026.08.25 18:52:00,18:52:00,93,
2026.08.25 18:53:00,18:53:00,59,
2026.08.25 18:54:00,18:54:00,63,
2026.08.25 18:56:00,18:56:00,68,
2026.08.25 18:57:00,18:57:00,74,
2026.08.25 18:59:00,18:59:00,61,
2026.08.25 19:00:00,19:00:00,82,
2026.08.25 19:07:00,19:07:00,63,
2026.08.25 19:11:00,19:11:00,85,
2026.08.25 19:12:00,19:12:00,72,
2026.08.25 19:13:00,19:13:00,83,
2026.08.25 19:14:00,19:14:00,82,
2026.08.25 19:15:00,19:15:00,84,
2026.08.25 19:16:00,19:16:00,80,
2026.08.25 19:17:00,19:17:00,85,
2026.08.25 19:20:00,19:20:00,72,
2026.08.25 19:21:00,19:21:00,76,
2026.08.25 19:22:00,19:22:00,61,
2026.08.25 19:24:00,19:24:00,74,
2026.08.25 19:25:00,19:25:00,68,
2026.08.25 19:32:00,19:32:00,62,
2026.08.25 19:33:00,19:33:00,63,
2026.08.25 19:34:00,19:34:00,81,
2026.08.25 19:36:00,19:36:00,66,
2026.08.25 19:46:00,19:46:00,65,
2026.08.25 19:47:00,19:47:00,76,
2026.08.25 19:48:00,19:48:00,78,
2026.08.25 19:49:00,19:49:00,59,
2026.08.25 19:56:00,19:56:00,58,
2026.08.25 19:58:00,19:58:00,79,
2026.08.25 20:00:00,20:00:00,89,
2026.08.25 20:01:00,20:01:00,83,
2026.08.25 20:02:00,20:02:00,79,
2026.08.25 20:03:00,20:03:00,52,
2026.08.25 20:06:00,20:06:00,61,
2026.08.25 20:09:00,20:09:00,56,
2026.08.25 20:10:00,20:10:00,58,
2026.08.25 20:13:00,20:13:00,88,
2026.08.25 20:15:00,20:15:00,76,
2026.08.25 20:16:00,20:16:00,69,
2026.08.25 20:17:00,20:17:00,89,
2026.08.25 20:18:00,20:18:00,85,
2026.08.25 20:19:00,20:19:00,79,
2026.08.25 20:20:00,20:20:00,81,
2026.08.25 20:21:00,20:21:00,73,
2026.08.25 20:22:00,20:22:00,72,
2026.08.25 20:23:00,20:23:00,68,
2026.08.25 20:24:00,20:24:00,80,
2026.08.25 20:25:00,20:25:00,63,
2026.08.25 20:26:00,20:26:00,78,
2026.08.25 20:27:00,20:27:00,81,
2026.08.25 20:28:00,20:28:00,83,
2026.08.25 20:30:00,20:30:00,79,
2026.08.25 20:31:00,20:31:00,79,
2026.08.25 20:32:00,20:32:00,68,
2026.08.25 20:35:00,20:35:00,74,
2026.08.25 20:36:00,20:36:00,72,
2026.08.25 20:37:00,20:37:00,79,
2026.08.25 20:38:00,20:38:00,82,
2026.08.25 20:39:00,20:39:00,66,
2026.08.25 20:40:00,20:40:00,89,
2026.08.25 20:42:00,20:42:00,78,
2026.08.25 20:43:00,20:43:00,64,
2026.08.25 20:44:00,20:44:00,72,
2026.08.25 20:45:00,20:45:00,83,
2026.08.25 20:46:00,20:46:00,84,
2026.08.25 20:47:00,20:47:00,78,
2026.08.25 20:48:00,20:48:00,82,
2026.08.25 20:50:00,20:50:00,81,
2026.08.25 20:51:00,20:51:00,65,
2026.08.25 20:52:00,20:52:00,73,
2026.08.25 20:55:00,20:55:00,82,
2026.08.25 20:56:00,20:56:00,75,
2026.08.25 20:57:00,20:57:00,92,
2026.08.25 20:58:00,20:58:00,77,
2026.08.25 20:59:00,20:59:00,68,
2026.08.25 21:00:00,21:00:00,70,
2026.08.25 21:03:00,21:03:00,85,
2026.08.25 21:04:00,21:04:00,81,
2026.08.25 21:05:00,21:05:00,57,
2026.08.25 21:06:00,21:06:00,60,
2026.08.25 21:07:00,21:07:00,88,
2026.08.25 21:08:00,21:08:00,68,
2026.08.25 21:09:00,21:09:00,67,
2026.08.25 21:10:00,21:10:00,61,
2026.08.25 21:11:00,21:11:00,63,
2026.08.25 21:12:00,21:12:00,57,
2026.08.25 21:13:00,21:13:00,57,
2026.08.25 21:16:00,21:16:00,62,
2026.08.25 21:17:00,21:17:00,61,
2026.08.25 21:28:00,21:28:00,67,
2026.08.25 21:31:00,21:31:00,57,
2026.08.25 21:32:00,21:32:00,76,
2026.08.25 21:33:00,21:33:00,65,
2026.08.25 21:35:00,21:35:00,89,
2026.08.25 21:36:00,21:36:00,59,
2026.08.25 21:37:00,21:37:00,55,
2026.08.25 21:40:00,21:40:00,55,
2026.08.25 21:41:00,21:41:00,55,
2026.08.25 21:42:00,21:42:00,54,
2026.08.25 21:43:00,21:43:00,56,
2026.08.25 21:45:00,21:45:00,60,
2026.08.25 21:46:00,21:46:00,54,
2026.08.25 21:52:00,21:52:00,53,
2026.08.25 21:55:00,21:55:00,77,
2026.08.25 21:57:00,21:57:00,76,
2026.08.25 21:58:00,21:58:00,55,
2026.08.25 22:00:00,22:00:00,57,
2026.08.25 22:02:00,22:02:00,56,
2026.08.25 22:03:00,22:03:00,54,
2026.08.25 22:04:00,22:04:00,54,
2026.08.25 22:06:00,22:06:00,79,
2026.08.25 22:07:00,22:07:00,58,
2026.08.25 22:08:00,22:08:00,65,
2026.08.25 22:12:00,22:12:00,72,
2026.08.25 22:13:00,22:13:00,67,
2026.08.25 22:15:00,22:15:00,55,
2026.08.25 22:16:00,22:16:00,55,
2026.08.25 22:17:00,22:17:00,68,
2026.08.25 22:18:00,22:18:00,84,
2026.08.25 22:19:00,22:19:00,73,
2026.08.25 22:21:00,22:21:00,81,
2026.08.25 22:22:00,22:22:00,62,
2026.08.25 22:23:00,22:23:00,58,
2026.08.25 22:24:00,22:24:00,59,
2026.08.25 22:26:00,22:26:00,63,
2026.08.25 22:27:00,22:27:00,69,
2026.08.25 22:29:00,22:29:00,52,
2026.08.25 22:30:00,22:30:00,83,
2026.08.25 22:31:00,22:31:00,93,
2026.08.25 22:32:00,22:32:00,79,
2026.08.25 22:33:00,22:33:00,84,
2026.08.25 22:34:00,22:34:00,59,
2026.08.25 22:36:00,22:36:00,59,
2026.08.25 22:40:00,22:40:00,106,
2026.08.25 22:41:00,22:41:00,62,
2026.08.25 22:42:00,22:42:00,79,
2026.08.25 22:44:00,22:44:00,58,
2026.08.25 22:45:00,22:45:00,61,
2026.08.25 22:46:00,22:46:00,59,
2026.08.25 22:47:00,22:47:00,68,
2026.08.25 22:48:00,22:48:00,86,
2026.08.25 22:49:00,22:49:00,62,
2026.08.25 22:50:00,22:50:00,55,
2026.08.25 22:51:00,22:51:00,58,
2026.08.25 22:52:00,22:52:00,56,
2026.08.25 22:53:00,22:53:00,76,
2026.08.25 22:54:00,22:54:00,67,
2026.08.25 22:55:00,22:55:00,60,
2026.08.25 22:56:00,22:56:00,72,
2026.08.25 22:58:00,22:58:00,62,
2026.08.25 23:00:00,23:00:00,69,
2026.08.25 23:01:00,23:01:00,54,
2026.08.25 23:03:00,23:03:00,60,
2026.08.25 23:04:00,23:04:00,72,
2026.08.25 23:06:00,23:06:00,57,
2026.08.25 23:07:00,23:07:00,80,
2026.08.25 23:12:00,23:12:00,62,
2026.08.25 23:13:00,23:13:00,61,
2026.08.25 23:14:00,23:14:00,68,
2026.08.25 23:15:00,23:15:00,68,
2026.08.25 23:16:00,23:16:00,88,
2026.08.25 23:17:00,23:17:00,62,
2026.08.25 23:18:00,23:18:00,59,
2026.08.25 23:19:00,23:19:00,58,
2026.08.25 23:21:00,23:21:00,79,
2026.08.25 23:22:00,23:22:00,65,
2026.08.25 23:23:00,23:23:00,59,
2026.08.25 23:24:00,23:24:00,53,
2026.08.25 23:25:00,23:25:00,58,
2026.08.25 23:27:00,23:27:00,63,
2026.08.25 23:28:00,23:28:00,62,
2026.08.25 23:29:00,23:29:00,58,
2026.08.25 23:30:00,23:30:00,55,
2026.08.25 23:31:00,23:31:00,57,
2026.08.25 23:33:00,23:33:00,55,
2026.08.25 23:34:00,23:34:00,61,
2026.08.25 23:36:00,23:36:00,54,
2026.08.25 23:38:00,23:38:00,74,
2026.08.25 23:43:00,23:43:00,84,
2026.08.25 23:44:00,23:44:00,65,
2026.08.25 23:45:00,23:45:00,53,
2026.08.25 23:49:00,23:49:00,54,
2026.08.25 23:50:00,23:50:00,56,
2026.08.25 23:51:00,23:51:00,61,
2026.08.25 23:52:00,23:52:00,54,
2026.08.25 23:54:00,23:54:00,82,
2026.08.25 23:55:00,23:55:00,60,
2026.08.25 23:57:00,23:57:00,50,
2026.08.26 00:01:00,00:01:00,53,
2026.08.26 00:03:00,00:03:00,78,
2026.08.26 00:04:00,00:04:00,63,
2026.08.26 00:05:00,00:05:00,95,
2026.08.26 00:06:00,00:06:00,58,
2026.08.26 00:07:00,00:07:00,58,
2026.08.26 00:08:00,00:08:00,84,
2026.08.26 00:09:00,00:09:00,69,
2026.08.26 00:11:00,00:11:00,49,
2026.08.26 00:12:00,00:12:00,45,
2026.08.26 00:15:00,00:15:00,53,
2026.08.26 00:18:00,00:18:00,82,
2026.08.26 00:22:00,00:22:00,67,
2026.08.26 00:32:00,00:32:00,53,
2026.08.26 00:42:00,00:42:00,56,
2026.08.26 00:46:00,00:46:00,54,
2026.08.26 00:50:00,00:50:00,56,
2026.08.26 00:52:00,00:52:00,53,
2026.08.26 01:00:00,01:00:00,57,
2026.08.26 01:03:00,01:03:00,53,
2026.08.26 01:13:00,01:13:00,49,
2026.08.26 01:18:00,01:18:00,50,
2026.08.26 01:20:00,01:20:00,51,
2026.08.26 01:23:00,01:23:00,49,
2026.08.26 01:27:00,01:27:00,51,
2026.08.26 01:30:00,01:30:00,52,
2026.08.26 01:33:00,01:33:00,49,
2026.08.26 01:40:00,01:40:00,49,
2026.08.26 01:43:00,01:43:00,52,
2026.08.26 01:47:00,01:47:00,52,
2026.08.26 01:50:00,01:50:00,58,
2026.08.26 02:00:00,02:00:00,55,
2026.08.26 02:10:00,02:10:00,54,
2026.08.26 02:20:00,02:20:00,45,
2026.08.26 02:30:00,02:30:00,55,
2026.08.26 02:40:00,02:40:00,54,
2026.08.26 02:50:00,02:50:00,50,
2026.08.26 03:00:00,03:00:00,96,
2026.08.26 03:10:00,03:10:00,52,
2026.08.26 03:20:00,03:20:00,48,
2026.08.26 03:30:00,03:30:00,54,
2026.08.26 03:40:00,03:40:00,52,
2026.08.26 03:50:00,03:50:00,50,
2026.08.26 03:51:00,03:51:00,62,
2026.08.26 04:00:00,04:00:00,46,
2026.08.26 04:01:00,04:01:00,42,
2026.08.26 04:10:00,04:10:00,52,
2026.08.26 04:20:00,04:20:00,51,
2026.08.26 04:21:00,04:21:00,57,
2026.08.26 04:30:00,04:30:00,51,
2026.08.26 04:31:00,04:31:00,55,
2026.08.26 04:40:00,04:40:00,53,
2026.08.26 04:41:00,04:41:00,51,
2026.08.26 04:50:00,04:50:00,54,
2026.08.26 04:51:00,04:51:00,54,
2026.08.26 05:00:00,05:00:00,51,
2026.08.26 05:01:00,05:01:00,52,
2026.08.26 05:10:00,05:10:00,54,
2026.08.26 05:11:00,05:11:00,52,
2026.08.26 05:26:00,05:26:00,54,
2026.08.26 05:27:00,05:27:00,54,
2026.08.26 05:30:00,05:30:00,49,
2026.08.26 05:31:00,05:31:00,51,
2026.08.26 05:40:00,05:40:00,69,
2026.08.26 05:41:00,05:41:00,55,
2026.08.26 05:50:00,05:50:00,48,
2026.08.26 05:51:00,05:51:00,51,
2026.08.26 06:00:00,06:00:00,52,
2026.08.26 06:01:00,06:01:00,50,
2026.08.26 06:10:00,06:10:00,53,
2026.08.26 06:11:00,06:11:00,52,
2026.08.26 06:20:00,06:20:00,46,
2026.08.26 06:21:00,06:21:00,46,
2026.08.26 06:30:00,06:30:00,50,
2026.08.26 06:31:00,06:31:00,50,
2026.08.26 06:33:00,06:33:00,56,
2026.08.26 06:40:00,06:40:00,57,
2026.08.26 06:41:00,06:41:00,53,
2026.08.26 06:42:00,06:42:00,54,
2026.08.26 06:43:00,06:43:00,52,
2026.08.26 06:53:00,06:53:00,52,
2026.08.26 06:54:00,06:54:00,51,
2026.08.26 07:00:00,07:00:00,56,
2026.08.26 07:03:00,07:03:00,56,
2026.08.26 07:04:00,07:04:00,56,
2026.08.26 07:10:00,07:10:00,55,
2026.08.26 07:13:00,07:13:00,56,
2026.08.26 07:16:00,07:16:00,62,
2026.08.26 07:17:00,07:17:00,88,
2026.08.26 07:20:00,07:20:00,57,
2026.08.26 07:22:00,07:22:00,50,
2026.08.26 07:23:00,07:23:00,55,
2026.08.26 07:27:00,07:27:00,49,
2026.08.26 07:40:00,07:40:00,51,
2026.08.26 07:42:00,07:42:00,54,
2026.08.26 07:43:00,07:43:00,56,
2026.08.26 07:47:00,07:47:00,60,
2026.08.26 07:50:00,07:50:00,53,
2026.08.26 07:51:00,07:51:00,50,
2026.08.26 07:52:00,07:52:00,55,
2026.08.26 07:57:00,07:57:00,59,
2026.08.26 08:00:00,08:00:00,55,
2026.08.26 08:01:00,08:01:00,54,
2026.08.26 08:07:00,08:07:00,54,
2026.08.26 08:09:00,08:09:00,53,
2026.08.26 08:10:00,08:10:00,57,
2026.08.26 08:11:00,08:11:00,57,
2026.08.26 08:20:00,08:20:00,59,
2026.08.26 08:30:00,08:30:00,65,
2026.08.26 08:32:00,08:32:00,52,
2026.08.26 08:42:00,08:42:00,59,
2026.08.26 08:45:00,08:45:00,94,
2026.08.26 08:54:00,08:54:00,76,
2026.08.26 09:01:00,09:01:00,83,
2026.08.26 09:02:00,09:02:00,86,
2026.08.26 09:03:00,09:03:00,84,
2026.08.26 09:04:00,09:04:00,80,
2026.08.26 09:05:00,09:05:00,111,
2026.08.26 09:06:00,09:06:00,107,
2026.08.26 09:07:00,09:07:00,85,
2026.08.26 09:08:00,09:08:00,84,
2026.08.26 09:10:00,09:10:00,86,
2026.08.26 09:12:00,09:12:00,80,
2026.08.26 09:14:00,09:14:00,86,
2026.08.26 09:16:00,09:16:00,99,
2026.08.26 09:17:00,09:17:00,104,
2026.08.26 09:18:00,09:18:00,95,
2026.08.26 09:19:00,09:19:00,109,
2026.08.26 09:20:00,09:20:00,93,
2026.08.26 09:22:00,09:22:00,79,
2026.08.26 09:31:00,09:31:00,81,
2026.08.26 09:32:00,09:32:00,68,
2026.08.26 09:33:00,09:33:00,68,
2026.08.26 09:35:00,09:35:00,91,
2026.08.26 09:36:00,09:36:00,77,
2026.08.26 09:37:00,09:37:00,100,
2026.08.26 09:39:00,09:39:00,81,
2026.08.26 09:40:00,09:40:00,86,
2026.08.26 09:41:00,09:41:00,78,
2026.08.26 09:42:00,09:42:00,79,
2026.08.26 09:43:00,09:43:00,87,
2026.08.26 09:44:00,09:44:00,85,
2026.08.26 09:45:00,09:45:00,78,
2026.08.26 09:47:00,09:47:00,74,
2026.08.26 09:48:00,09:48:00,80,
2026.08.26 09:49:00,09:49:00,76,
2026.08.26 09:50:00,09:50:00,86,
2026.08.26 09:51:00,09:51:00,82,
2026.08.26 09:52:00,09:52:00,83,
2026.08.26 09:54:00,09:54:00,82,
2026.08.26 09:55:00,09:55:00,84,
2026.08.26 09:56:00,09:56:00,85,
2026.08.26 09:57:00,09:57:00,93,
2026.08.26 09:58:00,09:58:00,76,
2026.08.26 09:59:00,09:59:00,74,
2026.08.26 10:00:00,10:00:00,77,
2026.08.26 10:01:00,10:01:00,72,
2026.08.26 10:02:00,10:02:00,69,
2026.08.26 10:05:00,10:05:00,77,
2026.08.26 10:07:00,10:07:00,83,
2026.08.26 10:08:00,10:08:00,86,
2026.08.26 10:14:00,10:14:00,80,
2026.08.26 10:15:00,10:15:00,64,
2026.08.26 10:16:00,10:16:00,71,
2026.08.26 10:18:00,10:18:00,81,
2026.08.26 10:19:00,10:19:00,81,
2026.08.26 10:22:00,10:22:00,75,
2026.08.26 10:23:00,10:23:00,65,
2026.08.26 10:24:00,10:24:00,75,
2026.08.26 10:25:00,10:25:00,67,
2026.08.26 10:26:00,10:26:00,73,
2026.08.26 10:27:00,10:27:00,74,
2026.08.26 10:29:00,10:29:00,64,
2026.08.26 10:30:00,10:30:00,70,
2026.08.26 10:31:00,10:31:00,80,
2026.08.26 10:33:00,10:33:00,80,
2026.08.26 10:34:00,10:34:00,84,
2026.08.26 10:35:00,10:35:00,68,
2026.08.26 10:36:00,10:36:00,80,
2026.08.26 10:37:00,10:37:00,81,
2026.08.26 10:38:00,10:38:00,78,
2026.08.26 10:39:00,10:39:00,68,
2026.08.26 10:42:00,10:42:00,77,
2026.08.26 10:43:00,10:43:00,60,
2026.08.26 10:44:00,10:44:00,76,
2026.08.26 10:45:00,10:45:00,78,
2026.08.26 10:46:00,10:46:00,70,
2026.08.26 10:48:00,10:48:00,63,
2026.08.26 10:49:00,10:49:00,66,
2026.08.26 10:50:00,10:50:00,81,
2026.08.26 10:51:00,10:51:00,72,
2026.08.26 10:52:00,10:52:00,77,
2026.08.26 10:53:00,10:53:00,72,
2026.08.26 10:54:00,10:54:00,68,
2026.08.26 10:55:00,10:55:00,82,
2026.08.26 10:56:00,10:56:00,91,
2026.08.26 10:57:00,10:57:00,53,
2026.08.26 10:58:00,10:58:00,71,
2026.08.26 10:59:00,10:59:00,65,
2026.08.26 11:00:00,11:00:00,76,
2026.08.26 11:01:00,11:01:00,72,
2026.08.26 11:02:00,11:02:00,82,
2026.08.26 11:03:00,11:03:00,81,
2026.08.26 11:04:00,11:04:00,69,
2026.08.26 11:05:00,11:05:00,74,
2026.08.26 11:06:00,11:06:00,75,
2026.08.26 11:07:00,11:07:00,74,
2026.08.26 11:10:00,11:10:00,71,
2026.08.26 11:11:00,11:11:00,62,
2026.08.26 11:12:00,11:12:00,86,
2026.08.26 11:13:00,11:13:00,83,
2026.08.26 11:14:00,11:14:00,79,
2026.08.26 11:15:00,11:15:00,65,
2026.08.26 11:16:00,11:16:00,65,
2026.08.26 11:17:00,11:17:00,70,
2026.08.26 11:18:00,11:18:00,65,
2026.08.26 11:20:00,11:20:00,97,
2026.08.26 11:21:00,11:21:00,77,
2026.08.26 11:22:00,11:22:00,77,
2026.08.26 11:23:00,11:23:00,61,
2026.08.26 11:24:00,11:24:00,83,
2026.08.26 11:25:00,11:25:00,71,
2026.08.26 11:26:00,11:26:00,62,
2026.08.26 11:28:00,11:28:00,81,
2026.08.26 11:29:00,11:29:00,71,
2026.08.26 11:30:00,11:30:00,70,
2026.08.26 11:32:00,11:32:00,80,
2026.08.26 11:34:00,11:34:00,62,
2026.08.26 11:36:00,11:36:00,64,
2026.08.26 11:37:00,11:37:00,67,
2026.08.26 11:38:00,11:38:00,73,
2026.08.26 11:39:00,11:39:00,90,
2026.08.26 11:40:00,11:40:00,66,
2026.08.26 11:44:00,11:44:00,68,
2026.08.26 11:45:00,11:45:00,64,
2026.08.26 11:46:00,11:46:00,62,
2026.08.26 11:47:00,11:47:00,82,
2026.08.26 11:48:00,11:48:00,86,
2026.08.26 11:49:00,11:49:00,76,
2026.08.26 11:51:00,11:51:00,89,
2026.08.26 11:52:00,11:52:00,93,
2026.08.26 11:54:00,11:54:00,97,
2026.08.26 11:58:00,11:58:00,93,
2026.08.26 11:59:00,11:59:00,101,
2026.08.26 12:00:00,12:00:00,94,
2026.08.26 12:01:00,12:01:00,93,
2026.08.26 12:02:00,12:02:00,99,
2026.08.26 12:05:00,12:05:00,109,
2026.08.26 12:06:00,12:06:00,96,
2026.08.26 12:08:00,12:08:00,86,
2026.08.26 12:09:00,12:09:00,83,
2026.08.26 12:10:00,12:10:00,96,
2026.08.26 12:11:00,12:11:00,97,
2026.08.26 12:12:00,12:12:00,85,
2026.08.26 12:13:00,12:13:00,100,
2026.08.26 12:14:00,12:14:00,91,
2026.08.26 12:16:00,12:16:00,94,
2026.08.26 12:17:00,12:17:00,82,
2026.08.26 12:18:00,12:18:00,100,
2026.08.26 12:20:00,12:20:00,95,
2026.08.26 12:25:00,12:25:00,86,
2026.08.26 12:29:00,12:29:00,80,
2026.08.26 12:30:00,12:30:00,88,
2026.08.26 12:31:00,12:31:00,81,
2026.08.26 12:32:00,12:32:00,88,
2026.08.26 12:33:00,12:33:00,86,
2026.08.26 12:36:00,12:36:00,90,
2026.08.26 12:37:00,12:37:00,86,
2026.08.26 12:38:00,12:38:00,87,
2026.08.26 12:39:00,12:39:00,91,
2026.08.26 12:40:00,12:40:00,93,
2026.08.26 12:41:00,12:41:00,86,
2026.08.26 12:42:00,12:42:00,102,
2026.08.26 12:43:00,12:43:00,99,
2026.08.26 12:47:00,12:47:00,93,
2026.08.26 12:48:00,12:48:00,89,
2026.08.26 12:49:00,12:49:00,91,
2026.08.26 12:51:00,12:51:00,70,
2026.08.26 12:53:00,12:53:00,82,
2026.08.26 12:54:00,12:54:00,84,
2026.08.26 12:55:00,12:55:00,90,
2026.08.26 12:56:00,12:56:00,84,
2026.08.26 12:57:00,12:57:00,88,
2026.08.26 12:58:00,12:58:00,89,
2026.08.26 12:59:00,12:59:00,112,
2026.08.26 13:01:00,13:01:00,116,
2026.08.26 13:02:00,13:02:00,120,
2026.08.26 13:03:00,13:03:00,93,
2026.08.26 13:04:00,13:04:00,78,
2026.08.26 13:06:00,13:06:00,91,
2026.08.26 13:07:00,13:07:00,96,
2026.08.26 13:10:00,13:10:00,91,
2026.08.26 13:11:00,13:11:00,83,
2026.08.26 13:16:00,13:16:00,106,
2026.08.26 13:18:00,13:18:00,95,
2026.08.26 13:19:00,13:19:00,95,
2026.08.26 13:20:00,13:20:00,93,
2026.08.26 13:22:00,13:22:00,102,
2026.08.26 13:23:00,13:23:00,89,
2026.08.26 13:24:00,13:24:00,90,
2026.08.26 13:27:00,13:27:00,94,
2026.08.26 13:32:00,13:32:00,108,
2026.08.26 13:33:00,13:33:00,106,
2026.08.26 13:34:00,13:34:00,106,
2026.08.26 13:36:00,13:36:00,103,
2026.08.26 13:37:00,13:37:00,107,
2026.08.26 13:38:00,13:38:00,105,
2026.08.26 13:43:00,13:43:00,95,
2026.08.26 13:47:00,13:47:00,100,
2026.08.26 13:48:00,13:48:00,86,
2026.08.26 13:58:00,13:58:00,80,
2026.08.26 14:00:00,14:00:00,115,
2026.08.26 14:01:00,14:01:00,148,
2026.08.26 14:02:00,14:02:00,158,
2026.08.26 14:03:00,14:03:00,159,
2026.08.26 14:04:00,14:04:00,128,
2026.08.26 14:05:00,14:05:00,126,
2026.08.26 14:06:00,14:06:00,120,
2026.08.26 14:07:00,14:07:00,118,
2026.08.26 14:08:00,14:08:00,94,
2026.08.26 14:09:00,14:09:00,95,
2026.08.26 14:10:00,14:10:00,99,
2026.08.26 14:11:00,14:11:00,99,
2026.08.26 14:12:00,14:12:00,90,
2026.08.26 14:14:00,14:14:00,88,
2026.08.26 14:15:00,14:15:00,101,
2026.08.26 14:16:00,14:16:00,94,
2026.08.26 14:17:00,14:17:00,115,
2026.08.26 14:18:00,14:18:00,96,
2026.08.26 14:19:00,14:19:00,93,
2026.08.26 14:20:00,14:20:00,86,
2026.08.26 14:21:00,14:21:00,76,
2026.08.26 14:22:00,14:22:00,100,
2026.08.26 14:23:00,14:23:00,100,
2026.08.26 14:24:00,14:24:00,92,
2026.08.26 14:25:00,14:25:00,90,
2026.08.26 14:27:00,14:27:00,94,
2026.08.26 14:28:00,14:28:00,104,
2026.08.26 14:29:00,14:29:00,72,
2026.08.26 14:30:00,14:30:00,89,
2026.08.26 14:31:00,14:31:00,83,
2026.08.26 14:32:00,14:32:00,89,
2026.08.26 14:33:00,14:33:00,89,
2026.08.26 14:35:00,14:35:00,86,
2026.08.26 14:36:00,14:36:00,90,
2026.08.26 14:37:00,14:37:00,91,
2026.08.26 14:38:00,14:38:00,80,
2026.08.26 14:39:00,14:39:00,89,
2026.08.26 14:40:00,14:40:00,92,
2026.08.26 14:41:00,14:41:00,100,
2026.08.26 14:42:00,14:42:00,94,
2026.08.26 14:45:00,14:45:00,95,
2026.08.26 14:46:00,14:46:00,85,
2026.08.26 14:47:00,14:47:00,93,
2026.08.26 14:48:00,14:48:00,90,
2026.08.26 14:49:00,14:49:00,89,
2026.08.26 14:50:00,14:50:00,86,
2026.08.26 14:52:00,14:52:00,88,
2026.08.26 14:56:00,14:56:00,92,
2026.08.26 14:57:00,14:57:00,85,
2026.08.26 14:58:00,14:58:00,80,
2026.08.26 14:59:00,14:59:00,90,
2026.08.26 15:00:00,15:00:00,102,
2026.08.26 15:01:00,15:01:00,103,
2026.08.26 15:02:00,15:02:00,100,
2026.08.26 15:03:00,15:03:00,84,
2026.08.26 15:04:00,15:04:00,81,
2026.08.26 15:05:00,15:05:00,96,
2026.08.26 15:06:00,15:06:00,81,
2026.08.26 15:08:00,15:08:00,87,
2026.08.26 15:09:00,15:09:00,86,
2026.08.26 15:10:00,15:10:00,93,
2026.08.26 15:11:00,15:11:00,80,
2026.08.26 15:12:00,15:12:00,88,
2026.08.26 15:13:00,15:13:00,86,
2026.08.26 15:14:00,15:14:00,95,
2026.08.26 15:15:00,15:15:00,76,
2026.08.26 15:16:00,15:16:00,82,
2026.08.26 15:17:00,15:17:00,86,
2026.08.26 15:18:00,15:18:00,86,
2026.08.26 15:21:00,15:21:00,76,
2026.08.26 15:23:00,15:23:00,83,
2026.08.26 15:24:00,15:24:00,84,
2026.08.26 15:25:00,15:25:00,80,
2026.08.26 15:26:00,15:26:00,94,
2026.08.26 15:28:00,15:28:00,82,
2026.08.26 15:29:00,15:29:00,96,
2026.08.26 15:30:00,15:30:00,85,
2026.08.26 15:32:00,15:32:00,89,
2026.08.26 15:34:00,15:34:00,92,
2026.08.26 15:35:00,15:35:00,80,
2026.08.26 15:36:00,15:36:00,76,
2026.08.26 15:37:00,15:37:00,89,
2026.08.26 15:38:00,15:38:00,87,
2026.08.26 15:40:00,15:40:00,91,
2026.08.26 15:41:00,15:41:00,85,
2026.08.26 15:42:00,15:42:00,90,
2026.08.26 15:44:00,15:44:00,90,
2026.08.26 15:45:00,15:45:00,90,
2026.08.26 15:46:00,15:46:00,87,
2026.08.26 15:47:00,15:47:00,87,
2026.08.26 15:48:00,15:48:00,90,
2026.08.26 15:50:00,15:50:00,88,
2026.08.26 15:51:00,15:51:00,85,
2026.08.26 15:52:00,15:52:00,83,
2026.08.26 15:53:00,15:53:00,89,
2026.08.26 15:54:00,15:54:00,95,
2026.08.26 15:56:00,15:56:00,84,
2026.08.26 16:02:00,16:02:00,89,
2026.08.26 16:03:00,16:03:00,93,
2026.08.26 16:06:00,16:06:00,95,
2026.08.26 16:07:00,16:07:00,102,
2026.08.26 16:08:00,16:08:00,90,
2026.08.26 16:09:00,16:09:00,89,
2026.08.26 16:10:00,16:10:00,91,
2026.08.26 16:11:00,16:11:00,93,
2026.08.26 16:12:00,16:12:00,79,
2026.08.26 16:13:00,16:13:00,79,
2026.08.26 16:14:00,16:14:00,126,
2026.08.26 16:15:00,16:15:00,120,
2026.08.26 16:16:00,16:16:00,95,
2026.08.26 16:17:00,16:17:00,113,
2026.08.26 16:19:00,16:19:00,106,
2026.08.26 16:20:00,16:20:00,95,
2026.08.26 16:21:00,16:21:00,116,
2026.08.26 16:22:00,16:22:00,104,
2026.08.26 16:24:00,16:24:00,107,
2026.08.26 16:28:00,16:28:00,115,
2026.08.26 16:29:00,16:29:00,141,
2026.08.26 16:30:00,16:30:00,154,
2026.08.26 16:31:00,16:31:00,152,
2026.08.26 16:32:00,16:32:00,150,
2026.08.26 16:33:00,16:33:00,129,
2026.08.26 16:34:00,16:34:00,95,
2026.08.26 16:35:00,16:35:00,95,
2026.08.26 16:36:00,16:36:00,91,
2026.08.26 16:37:00,16:37:00,110,
2026.08.26 16:39:00,16:39:00,104,
2026.08.26 16:40:00,16:40:00,94,
2026.08.26 16:41:00,16:41:00,110,
2026.08.26 16:43:00,16:43:00,95,
2026.08.26 16:44:00,16:44:00,109,
2026.08.26 16:49:00,16:49:00,95,
2026.08.26 16:50:00,16:50:00,115,
2026.08.26 16:51:00,16:51:00,109,
2026.08.26 16:52:00,16:52:00,106,
2026.08.26 16:53:00,16:53:00,104,
2026.08.26 16:56:00,16:56:00,106,
2026.08.26 17:00:00,17:00:00,116,
2026.08.26 17:01:00,17:01:00,112,
2026.08.26 17:09:00,17:09:00,105,
2026.08.26 17:10:00,17:10:00,89,
2026.08.26 17:11:00,17:11:00,164,
2026.08.26 17:12:00,17:12:00,121,
2026.08.26 17:14:00,17:14:00,105,
2026.08.26 17:16:00,17:16:00,99,
2026.08.26 17:18:00,17:18:00,95,
2026.08.26 17:19:00,17:19:00,100,
2026.08.26 17:24:00,17:24:00,92,
2026.08.26 17:25:00,17:25:00,132,
2026.08.26 17:26:00,17:26:00,125,
2026.08.26 17:27:00,17:27:00,115,
2026.08.26 17:28:00,17:28:00,107,
2026.08.26 17:30:00,17:30:00,103,
2026.08.26 17:31:00,17:31:00,93,
2026.08.26 17:32:00,17:32:00,88,
2026.08.26 17:33:00,17:33:00,88,
2026.08.26 17:34:00,17:34:00,89,
2026.08.26 17:35:00,17:35:00,93,
2026.08.26 17:36:00,17:36:00,102,
2026.08.26 17:37:00,17:37:00,89,
2026.08.26 17:38:00,17:38:00,83,
2026.08.26 17:39:00,17:39:00,93,
2026.08.26 17:40:00,17:40:00,91,
2026.08.26 17:42:00,17:42:00,86,
2026.08.26 17:46:00,17:46:00,85,
2026.08.26 17:47:00,17:47:00,91,
2026.08.26 17:51:00,17:51:00,95,
2026.08.26 17:52:00,17:52:00,84,
2026.08.26 17:53:00,17:53:00,92,
2026.08.26 17:55:00,17:55:00,92,
2026.08.26 17:56:00,17:56:00,95,
2026.08.26 17:59:00,17:59:00,83,
2026.08.26 18:05:00,18:05:00,79,
2026.08.26 18:06:00,18:06:00,76,
2026.08.26 18:08:00,18:08:00,78,
2026.08.26 18:09:00,18:09:00,78,
2026.08.26 18:10:00,18:10:00,78,
2026.08.26 18:11:00,18:11:00,81,
2026.08.26 18:12:00,18:12:00,81,
2026.08.26 18:16:00,18:16:00,81,
2026.08.26 18:17:00,18:17:00,86,
2026.08.26 18:20:00,18:20:00,75,
2026.08.26 18:22:00,18:22:00,80,
2026.08.26 18:23:00,18:23:00,75,
2026.08.26 18:24:00,18:24:00,83,
2026.08.26 18:25:00,18:25:00,78,
2026.08.26 18:26:00,18:26:00,73,
2026.08.26 18:27:00,18:27:00,80,
2026.08.26 18:28:00,18:28:00,77,
2026.08.26 18:29:00,18:29:00,95,
2026.08.26 18:31:00,18:31:00,95,
2026.08.26 18:33:00,18:33:00,108,
2026.08.26 18:35:00,18:35:00,109,
2026.08.26 18:36:00,18:36:00,94,
2026.08.26 18:37:00,18:37:00,94,
2026.08.26 18:38:00,18:38:00,95,
2026.08.26 18:39:00,18:39:00,95,
2026.08.26 18:40:00,18:40:00,87,
2026.08.26 18:41:00,18:41:00,89,
2026.08.26 18:42:00,18:42:00,87,
2026.08.26 18:43:00,18:43:00,87,
2026.08.26 18:44:00,18:44:00,94,
2026.08.26 18:45:00,18:45:00,95,
2026.08.26 18:46:00,18:46:00,82,
2026.08.26 18:48:00,18:48:00,85,
2026.08.26 18:49:00,18:49:00,87,
2026.08.26 18:50:00,18:50:00,84,
2026.08.26 18:52:00,18:52:00,83,
2026.08.26 18:53:00,18:53:00,84,
2026.08.26 18:54:00,18:54:00,86,
2026.08.26 18:55:00,18:55:00,80,
2026.08.26 18:56:00,18:56:00,81,
2026.08.26 18:57:00,18:57:00,82,
2026.08.26 18:58:00,18:58:00,83,
2026.08.26 19:00:00,19:00:00,78,
2026.08.26 19:01:00,19:01:00,85,
2026.08.26 19:02:00,19:02:00,83,
2026.08.26 19:04:00,19:04:00,82,
2026.08.26 19:05:00,19:05:00,80,
2026.08.26 19:06:00,19:06:00,86,
2026.08.26 19:07:00,19:07:00,85,
2026.08.26 19:08:00,19:08:00,90,
2026.08.26 19:09:00,19:09:00,92,
2026.08.26 19:10:00,19:10:00,85,
2026.08.26 19:12:00,19:12:00,84,
2026.08.26 19:13:00,19:13:00,80,
2026.08.26 19:18:00,19:18:00,89,
2026.08.26 19:19:00,19:19:00,86,
2026.08.26 19:21:00,19:21:00,73,
2026.08.26 19:22:00,19:22:00,93,
2026.08.26 19:25:00,19:25:00,95,
2026.08.26 19:26:00,19:26:00,90,
2026.08.26 19:29:00,19:29:00,92,
2026.08.26 19:31:00,19:31:00,102,
2026.08.26 19:32:00,19:32:00,104,
2026.08.26 19:33:00,19:33:00,96,
2026.08.26 19:34:00,19:34:00,93,
2026.08.26 19:36:00,19:36:00,85,
2026.08.26 19:37:00,19:37:00,77,
2026.08.26 19:38:00,19:38:00,88,
2026.08.26 19:39:00,19:39:00,85,
2026.08.26 19:40:00,19:40:00,95,
2026.08.26 19:42:00,19:42:00,96,
2026.08.26 19:43:00,19:43:00,82,
2026.08.26 19:44:00,19:44:00,91,
2026.08.26 19:45:00,19:45:00,89,
2026.08.26 19:46:00,19:46:00,87,
2026.08.26 19:47:00,19:47:00,82,
2026.08.26 19:48:00,19:48:00,86,
2026.08.26 19:49:00,19:49:00,81,
2026.08.26 19:50:00,19:50:00,85,
2026.08.26 19:52:00,19:52:00,86,
2026.08.26 19:55:00,19:55:00,85,
2026.08.26 19:56:00,19:56:00,77,
2026.08.26 19:57:00,19:57:00,90,
2026.08.26 19:59:00,19:59:00,92,
2026.08.26 20:00:00,20:00:00,86,
2026.08.26 20:01:00,20:01:00,86,
2026.08.26 20:02:00,20:02:00,77,
2026.08.26 20:06:00,20:06:00,88,
2026.08.26 20:07:00,20:07:00,88,
2026.08.26 20:10:00,20:10:00,82,
2026.08.26 20:12:00,20:12:00,85,
2026.08.26 20:14:00,20:14:00,93,
2026.08.26 20:15:00,20:15:00,62,
2026.08.26 20:16:00,20:16:00,93,
2026.08.26 20:17:00,20:17:00,84,
2026.08.26 20:18:00,20:18:00,82,
2026.08.26 20:19:00,20:19:00,86,
2026.08.26 20:20:00,20:20:00,78,
2026.08.26 20:22:00,20:22:00,87,
2026.08.26 20:24:00,20:24:00,86,
2026.08.26 20:26:00,20:26:00,87,
2026.08.26 20:29:00,20:29:00,83,
2026.08.26 20:30:00,20:30:00,82,
2026.08.26 20:33:00,20:33:00,86,
2026.08.26 20:34:00,20:34:00,86,
2026.08.26 20:36:00,20:36:00,79,
2026.08.26 20:37:00,20:37:00,81,
2026.08.26 20:38:00,20:38:00,74,
2026.08.26 20:39:00,20:39:00,80,
2026.08.26 20:40:00,20:40:00,80,
2026.08.26 20:41:00,20:41:00,83,
2026.08.26 20:42:00,20:42:00,82,
2026.08.26 20:44:00,20:44:00,95,
2026.08.26 20:45:00,20:45:00,80,
2026.08.26 20:46:00,20:46:00,92,
2026.08.26 20:47:00,20:47:00,80,
2026.08.26 20:48:00,20:48:00,93,
2026.08.26 20:49:00,20:49:00,88,
2026.08.26 20:50:00,20:50:00,82,
2026.08.26 20:51:00,20:51:00,80,
2026.08.26 20:54:00,20:54:00,83,
2026.08.26 20:55:00,20:55:00,86,
2026.08.26 20:56:00,20:56:00,83,
2026.08.26 20:58:00,20:58:00,111,
2026.08.26 21:00:00,21:00:00,88,
2026.08.26 21:02:00,21:02:00,83,
2026.08.26 21:03:00,21:03:00,88,
2026.08.26 21:04:00,21:04:00,87,
2026.08.26 21:05:00,21:05:00,64,
2026.08.26 21:06:00,21:06:00,85,
2026.08.26 21:08:00,21:08:00,77,
2026.08.26 21:09:00,21:09:00,82,
2026.08.26 21:11:00,21:11:00,82,
2026.08.26 21:12:00,21:12:00,88,
2026.08.26 21:13:00,21:13:00,82,
2026.08.26 21:14:00,21:14:00,85,
2026.08.26 21:15:00,21:15:00,79,
2026.08.26 21:16:00,21:16:00,73,
2026.08.26 21:17:00,21:17:00,77,
2026.08.26 21:18:00,21:18:00,78,
2026.08.26 21:19:00,21:19:00,81,
2026.08.26 21:21:00,21:21:00,81,
2026.08.26 21:22:00,21:22:00,81,
2026.08.26 21:23:00,21:23:00,93,
2026.08.26 21:24:00,21:24:00,94,
2026.08.26 21:25:00,21:25:00,85,
2026.08.26 21:26:00,21:26:00,78,
2026.08.26 21:27:00,21:27:00,85,
2026.08.26 21:28:00,21:28:00,72,
2026.08.26 21:29:00,21:29:00,78,
2026.08.26 21:30:00,21:30:00,82,
2026.08.26 21:31:00,21:31:00,79,
2026.08.26 21:34:00,21:34:00,79,
2026.08.26 21:35:00,21:35:00,86,
2026.08.26 21:37:00,21:37:00,90,
2026.08.26 21:38:00,21:38:00,89,
2026.08.26 21:39:00,21:39:00,85,
2026.08.26 21:42:00,21:42:00,80,
2026.08.26 21:46:00,21:46:00,81,
2026.08.26 21:49:00,21:49:00,85,
2026.08.26 21:50:00,21:50:00,83,
2026.08.26 21:51:00,21:51:00,79,
2026.08.26 21:52:00,21:52:00,78,
2026.08.26 21:53:00,21:53:00,82,
2026.08.26 21:55:00,21:55:00,80,
2026.08.26 21:56:00,21:56:00,82,
2026.08.26 21:58:00,21:58:00,77,
2026.08.26 21:59:00,21:59:00,81,
2026.08.26 22:00:00,22:00:00,83,
2026.08.26 22:05:00,22:05:00,86,
2026.08.26 22:06:00,22:06:00,86,
2026.08.26 22:11:00,22:11:00,77,
2026.08.26 22:12:00,22:12:00,87,
2026.08.26 22:13:00,22:13:00,80,
2026.08.26 22:14:00,22:14:00,83,
2026.08.26 22:16:00,22:16:00,84,
2026.08.26 22:18:00,22:18:00,73,
2026.08.26 22:19:00,22:19:00,89,
2026.08.26 22:20:00,22:20:00,79,
2026.08.26 22:21:00,22:21:00,76,
2026.08.26 22:22:00,22:22:00,74,
2026.08.26 22:23:00,22:23:00,78,
2026.08.26 22:24:00,22:24:00,93,
2026.08.26 22:25:00,22:25:00,84,
2026.08.26 22:26:00,22:26:00,75,
2026.08.26 22:27:00,22:27:00,100,
2026.08.26 22:28:00,22:28:00,96,
2026.08.26 22:30:00,22:30:00,91,
2026.08.26 22:31:00,22:31:00,67,
2026.08.26 22:32:00,22:32:00,72,
2026.08.26 22:33:00,22:33:00,82,
2026.08.26 22:34:00,22:34:00,77,
2026.08.26 22:35:00,22:35:00,72,
2026.08.26 22:36:00,22:36:00,66,
2026.08.26 22:37:00,22:37:00,68,
2026.08.26 22:38:00,22:38:00,81,
2026.08.26 22:39:00,22:39:00,85,
2026.08.26 22:40:00,22:40:00,98,
2026.08.26 22:41:00,22:41:00,86,
2026.08.26 22:42:00,22:42:00,97,
2026.08.26 22:43:00,22:43:00,79,
2026.08.26 22:44:00,22:44:00,102,
2026.08.26 22:45:00,22:45:00,93,
2026.08.26 22:46:00,22:46:00,85,
2026.08.26 22:47:00,22:47:00,87,
2026.08.26 22:48:00,22:48:00,87,
2026.08.26 22:49:00,22:49:00,87,
2026.08.26 22:50:00,22:50:00,86,
2026.08.26 22:51:00,22:51:00,81,
2026.08.26 22:52:00,22:52:00,73,
2026.08.26 22:53:00,22:53:00,87,
2026.08.26 22:55:00,22:55:00,71,
2026.08.26 22:56:00,22:56:00,88,
2026.08.26 22:57:00,22:57:00,66,
2026.08.26 22:58:00,22:58:00,66,
2026.08.26 23:00:00,23:00:00,74,
2026.08.26 23:01:00,23:01:00,74,
2026.08.26 23:03:00,23:03:00,71,
2026.08.26 23:06:00,23:06:00,67,
2026.08.26 23:07:00,23:07:00,71,
2026.08.26 23:08:00,23:08:00,78,
2026.08.26 23:09:00,23:09:00,78,
2026.08.26 23:15:00,23:15:00,72,
2026.08.26 23:22:00,23:22:00,61,
2026.08.26 23:24:00,23:24:00,84,
2026.08.26 23:28:00,23:28:00,59,
2026.08.26 23:30:00,23:30:00,84,
2026.08.26 23:31:00,23:31:00,74,
2026.08.26 23:32:00,23:32:00,72,
2026.08.26 23:33:00,23:33:00,72,
2026.08.26 23:38:00,23:38:00,81,
2026.08.26 23:39:00,23:39:00,81,
2026.08.26 23:42:00,23:42:00,76,
2026.08.26 23:48:00,23:48:00,66,
2026.08.26 23:49:00,23:49:00,63,
2026.08.26 23:55:00,23:55:00,71,
2026.08.26 23:56:00,23:56:00,70,
2026.08.26 23:57:00,23:57:00,70,
2026.08.27 00:00:00,00:00:00,71,
2026.08.27 00:01:00,00:01:00,69,
2026.08.27 00:03:00,00:03:00,58,
2026.08.27 00:04:00,00:04:00,82,
2026.08.27 00:05:00,00:05:00,64,
2026.08.27 00:06:00,00:06:00,57,
2026.08.27 00:07:00,00:07:00,72,
2026.08.27 00:08:00,00:08:00,62,
2026.08.27 00:09:00,00:09:00,63,
2026.08.27 00:10:00,00:10:00,65,
2026.08.27 00:11:00,00:11:00,67,
2026.08.27 00:13:00,00:13:00,80,
2026.08.27 00:16:00,00:16:00,56,
2026.08.27 00:19:00,00:19:00,66,
2026.08.27 00:21:00,00:21:00,63,
2026.08.27 00:28:00,00:28:00,53,
2026.08.27 00:30:00,00:30:00,65,
2026.08.27 00:31:00,00:31:00,57,
2026.08.27 00:33:00,00:33:00,54,
2026.08.27 00:34:00,00:34:00,58,
2026.08.27 00:40:00,00:40:00,74,
2026.08.27 00:42:00,00:42:00,89,
2026.08.27 00:46:00,00:46:00,52,
2026.08.27 00:49:00,00:49:00,55,
2026.08.27 00:50:00,00:50:00,56,
2026.08.27 00:52:00,00:52:00,51,
2026.08.27 00:54:00,00:54:00,48,
2026.08.27 00:55:00,00:55:00,53,
2026.08.27 00:58:00,00:58:00,54,
2026.08.27 00:59:00,00:59:00,55,
2026.08.27 01:00:00,01:00:00,55,
2026.08.27 01:01:00,01:01:00,54,
2026.08.27 01:02:00,01:02:00,55,
2026.08.27 01:10:00,01:10:00,54,
2026.08.27 01:11:00,01:11:00,54,
2026.08.27 01:12:00,01:12:00,54,
2026.08.27 01:20:00,01:20:00,51,
2026.08.27 01:21:00,01:21:00,51,
2026.08.27 01:22:00,01:22:00,54,
2026.08.27 01:25:00,01:25:00,57,
2026.08.27 01:30:00,01:30:00,55,
2026.08.27 01:31:00,01:31:00,55,
2026.08.27 01:40:00,01:40:00,53,
2026.08.27 01:50:00,01:50:00,56,
2026.08.27 02:00:00,02:00:00,52,
2026.08.27 02:10:00,02:10:00,57,
2026.08.27 02:20:00,02:20:00,56,
2026.08.27 02:30:00,02:30:00,55,
2026.08.27 02:46:00,02:46:00,55,
2026.08.27 02:50:00,02:50:00,50,
2026.08.27 03:00:00,03:00:00,67,
2026.08.27 03:10:00,03:10:00,81,
2026.08.27 03:20:00,03:20:00,52,
2026.08.27 03:30:00,03:30:00,54,
2026.08.27 03:40:00,03:40:00,58,
2026.08.27 03:50:00,03:50:00,54,
2026.08.27 04:00:00,04:00:00,52,
2026.08.27 04:10:00,04:10:00,53,
2026.08.27 04:20:00,04:20:00,57,
2026.08.27 04:30:00,04:30:00,56,
2026.08.27 04:40:00,04:40:00,58,
2026.08.27 04:50:00,04:50:00,63,
2026.08.27 05:00:00,05:00:00,46,
2026.08.27 05:01:00,05:01:00,52,
2026.08.27 05:10:00,05:10:00,49,
2026.08.27 05:11:00,05:11:00,48,
2026.08.27 05:20:00,05:20:00,50,
2026.08.27 05:21:00,05:21:00,51,
2026.08.27 05:30:00,05:30:00,53,
2026.08.27 05:31:00,05:31:00,51,
2026.08.27 05:40:00,05:40:00,50,
2026.08.27 05:41:00,05:41:00,53,
2026.08.27 05:50:00,05:50:00,53,
2026.08.27 05:51:00,05:51:00,56,
2026.08.27 06:00:00,06:00:00,54,
2026.08.27 06:01:00,06:01:00,55,
2026.08.27 06:10:00,06:10:00,57,
2026.08.27 06:11:00,06:11:00,54,
2026.08.27 06:20:00,06:20:00,60,
2026.08.27 06:21:00,06:21:00,73,
2026.08.27 06:24:00,06:24:00,50,
2026.08.27 06:30:00,06:30:00,61,
2026.08.27 06:31:00,06:31:00,58,
2026.08.27 06:34:00,06:34:00,57,
2026.08.27 06:44:00,06:44:00,50,
2026.08.27 06:46:00,06:46:00,48,
2026.08.27 06:50:00,06:50:00,54,
2026.08.27 07:03:00,07:03:00,47,
2026.08.27 07:10:00,07:10:00,57,
2026.08.27 07:14:00,07:14:00,64,
2026.08.27 07:15:00,07:15:00,70,
2026.08.27 07:16:00,07:16:00,59,
2026.08.27 07:26:00,07:26:00,54,
2026.08.27 07:30:00,07:30:00,51,
2026.08.27 07:31:00,07:31:00,57,
2026.08.27 07:36:00,07:36:00,55,
2026.08.27 07:37:00,07:37:00,53,
2026.08.27 07:38:00,07:38:00,51,
2026.08.27 07:39:00,07:39:00,83,
2026.08.27 07:40:00,07:40:00,49,
2026.08.27 07:49:00,07:49:00,50,
2026.08.27 08:00:00,08:00:00,106,
2026.08.27 08:01:00,08:01:00,110,
2026.08.27 08:02:00,08:02:00,110,
2026.08.27 08:05:00,08:05:00,72,
2026.08.27 08:06:00,08:06:00,95,
2026.08.27 08:09:00,08:09:00,95,
2026.08.27 08:11:00,08:11:00,106,
2026.08.27 08:12:00,08:12:00,106,
2026.08.27 08:13:00,08:13:00,112,
2026.08.27 08:15:00,08:15:00,94,
2026.08.27 08:16:00,08:16:00,90,
2026.08.27 08:18:00,08:18:00,105,
2026.08.27 08:19:00,08:19:00,91,
2026.08.27 08:20:00,08:20:00,83,
2026.08.27 08:22:00,08:22:00,90,
2026.08.27 08:23:00,08:23:00,94,
2026.08.27 08:25:00,08:25:00,99,
2026.08.27 08:27:00,08:27:00,74,
2026.08.27 08:28:00,08:28:00,74,
2026.08.27 08:30:00,08:30:00,80,
2026.08.27 08:32:00,08:32:00,76,
2026.08.27 08:33:00,08:33:00,70,
2026.08.27 08:34:00,08:34:00,86,
2026.08.27 08:36:00,08:36:00,95,
2026.08.27 08:37:00,08:37:00,82,
2026.08.27 08:40:00,08:40:00,84,
2026.08.27 08:41:00,08:41:00,87,
2026.08.27 08:42:00,08:42:00,90,
2026.08.27 08:44:00,08:44:00,84,
2026.08.27 08:45:00,08:45:00,92,
2026.08.27 08:46:00,08:46:00,83,
2026.08.27 08:47:00,08:47:00,95,
2026.08.27 08:48:00,08:48:00,84,
2026.08.27 08:49:00,08:49:00,108,
2026.08.27 08:50:00,08:50:00,96,
2026.08.27 08:51:00,08:51:00,83,
2026.08.27 08:52:00,08:52:00,85,
2026.08.27 08:53:00,08:53:00,85,
2026.08.27 08:55:00,08:55:00,76,
2026.08.27 08:56:00,08:56:00,70,
2026.08.27 08:57:00,08:57:00,82,
2026.08.27 08:58:00,08:58:00,88,
2026.08.27 09:01:00,09:01:00,83,
2026.08.27 09:06:00,09:06:00,85,
2026.08.27 09:07:00,09:07:00,82,
2026.08.27 09:09:00,09:09:00,95,
2026.08.27 09:11:00,09:11:00,98,
2026.08.27 09:12:00,09:12:00,94,
2026.08.27 09:13:00,09:13:00,99,
2026.08.27 09:14:00,09:14:00,88,
2026.08.27 09:16:00,09:16:00,92,
2026.08.27 09:17:00,09:17:00,80,
2026.08.27 09:18:00,09:18:00,74,
2026.08.27 09:19:00,09:19:00,82,
2026.08.27 09:20:00,09:20:00,87,
2026.08.27 09:21:00,09:21:00,87,
2026.08.27 09:22:00,09:22:00,82,
2026.08.27 09:23:00,09:23:00,86,
2026.08.27 09:24:00,09:24:00,75,
2026.08.27 09:26:00,09:26:00,81,
2026.08.27 09:28:00,09:28:00,90,
2026.08.27 09:29:00,09:29:00,93,
2026.08.27 09:30:00,09:30:00,90,
2026.08.27 09:31:00,09:31:00,92,
2026.08.27 09:32:00,09:32:00,93,
2026.08.27 09:34:00,09:34:00,109,
2026.08.27 09:35:00,09:35:00,90,
2026.08.27 09:36:00,09:36:00,90,
2026.08.27 09:37:00,09:37:00,82,
2026.08.27 09:39:00,09:39:00,94,
2026.08.27 09:40:00,09:40:00,81,
2026.08.27 09:41:00,09:41:00,93,
2026.08.27 09:42:00,09:42:00,92,
2026.08.27 09:48:00,09:48:00,84,
2026.08.27 09:50:00,09:50:00,87,
2026.08.27 09:51:00,09:51:00,110,
2026.08.27 09:52:00,09:52:00,108,
2026.08.27 09:54:00,09:54:00,107,
2026.08.27 10:00:00,10:00:00,92,
2026.08.27 10:01:00,10:01:00,105,
2026.08.27 10:02:00,10:02:00,101,
2026.08.27 10:05:00,10:05:00,92,
2026.08.27 10:06:00,10:06:00,98,
2026.08.27 10:07:00,10:07:00,106,
2026.08.27 10:08:00,10:08:00,97,
2026.08.27 10:09:00,10:09:00,102,
2026.08.27 10:10:00,10:10:00,112,
2026.08.27 10:11:00,10:11:00,115,
2026.08.27 10:12:00,10:12:00,105,
2026.08.27 10:13:00,10:13:00,112,
2026.08.27 10:14:00,10:14:00,101,
2026.08.27 10:15:00,10:15:00,113,
2026.08.27 10:16:00,10:16:00,111,
2026.08.27 10:17:00,10:17:00,104,
2026.08.27 10:18:00,10:18:00,98,
2026.08.27 10:19:00,10:19:00,106,
2026.08.27 10:20:00,10:20:00,99,
2026.08.27 10:21:00,10:21:00,95,
2026.08.27 10:22:00,10:22:00,103,
2026.08.27 10:23:00,10:23:00,95,
2026.08.27 10:24:00,10:24:00,94,
2026.08.27 10:31:00,10:31:00,98,
2026.08.27 10:32:00,10:32:00,113,
2026.08.27 10:33:00,10:33:00,118,
2026.08.27 10:34:00,10:34:00,121,
2026.08.27 10:35:00,10:35:00,110,
2026.08.27 10:36:00,10:36:00,127,
2026.08.27 10:37:00,10:37:00,130,
2026.08.27 10:38:00,10:38:00,129,
2026.08.27 10:39:00,10:39:00,146,
2026.08.27 10:40:00,10:40:00,119,
2026.08.27 10:41:00,10:41:00,115,
2026.08.27 10:43:00,10:43:00,94,
2026.08.27 10:45:00,10:45:00,99,
2026.08.27 10:46:00,10:46:00,95,
2026.08.27 10:47:00,10:47:00,95,
2026.08.27 10:48:00,10:48:00,92,
2026.08.27 10:49:00,10:49:00,85,
2026.08.27 10:50:00,10:50:00,93,
2026.08.27 10:51:00,10:51:00,94,
2026.08.27 10:52:00,10:52:00,79,
2026.08.27 10:53:00,10:53:00,88,
2026.08.27 10:54:00,10:54:00,100,
2026.08.27 12:44:00,12:44:00,121,
2026.08.27 12:45:00,12:45:00,125,
2026.08.27 12:46:00,12:46:00,130,
2026.08.27 12:47:00,12:47:00,104,
2026.08.27 12:48:00,12:48:00,104,
2026.08.27 12:49:00,12:49:00,102,
2026.08.27 12:50:00,12:50:00,123,
2026.08.27 12:51:00,12:51:00,115,
2026.08.27 12:52:00,12:52:00,98,
2026.08.27 12:53:00,12:53:00,92,
2026.08.27 12:54:00,12:54:00,89,
2026.08.27 12:55:00,12:55:00,95,
2026.08.27 12:56:00,12:56:00,84,
2026.08.27 12:57:00,12:57:00,85,
2026.08.27 12:58:00,12:58:00,94,
2026.08.27 13:01:00,13:01:00,95,
2026.08.27 13:02:00,13:02:00,78,
2026.08.27 13:04:00,13:04:00,94,
2026.08.27 13:05:00,13:05:00,86,
2026.08.27 13:06:00,13:06:00,89,
2026.08.27 13:07:00,13:07:00,92,
2026.08.27 13:08:00,13:08:00,87,
2026.08.27 13:09:00,13:09:00,86,
2026.08.27 13:10:00,13:10:00,94,
2026.08.27 13:11:00,13:11:00,87,
2026.08.27 13:12:00,13:12:00,76,
2026.08.27 13:13:00,13:13:00,89,
2026.08.27 13:14:00,13:14:00,79,
2026.08.27 13:16:00,13:16:00,89,
2026.08.27 13:17:00,13:17:00,89,
2026.08.27 13:18:00,13:18:00,81,
2026.08.27 13:19:00,13:19:00,88,
2026.08.27 13:20:00,13:20:00,82,
2026.08.27 13:21:00,13:21:00,90,
2026.08.27 13:22:00,13:22:00,93,
2026.08.27 13:23:00,13:23:00,89,
2026.08.27 13:24:00,13:24:00,84,
2026.08.27 13:25:00,13:25:00,84,
2026.08.27 13:26:00,13:26:00,83,
2026.08.27 13:27:00,13:27:00,85,
2026.08.27 13:28:00,13:28:00,87,
2026.08.27 13:29:00,13:29:00,81,
2026.08.27 13:32:00,13:32:00,107,
2026.08.27 13:33:00,13:33:00,107,
2026.08.27 13:34:00,13:34:00,99,
2026.08.27 13:36:00,13:36:00,94,
2026.08.27 13:37:00,13:37:00,129,
2026.08.27 13:38:00,13:38:00,131,
2026.08.27 13:39:00,13:39:00,139,
2026.08.27 13:40:00,13:40:00,142,
2026.08.27 13:41:00,13:41:00,103,
2026.08.27 13:42:00,13:42:00,112,
2026.08.27 13:43:00,13:43:00,112,
2026.08.27 13:44:00,13:44:00,99,
2026.08.27 13:45:00,13:45:00,97,
2026.08.27 13:46:00,13:46:00,95,
2026.08.27 13:47:00,13:47:00,102,
2026.08.27 13:48:00,13:48:00,85,
2026.08.27 13:50:00,13:50:00,95,
2026.08.27 13:51:00,13:51:00,94,
2026.08.27 13:52:00,13:52:00,90,
2026.08.27 13:53:00,13:53:00,88,
2026.08.27 13:54:00,13:54:00,102,
2026.08.27 13:55:00,13:55:00,108,
2026.08.27 13:56:00,13:56:00,86,
2026.08.27 13:58:00,13:58:00,94,
2026.08.27 13:59:00,13:59:00,98,
2026.08.27 14:00:00,14:00:00,90,
2026.08.27 14:01:00,14:01:00,83,
2026.08.27 14:03:00,14:03:00,90,
2026.08.27 14:04:00,14:04:00,87,
2026.08.27 14:05:00,14:05:00,94,
2026.08.27 14:07:00,14:07:00,87,
2026.08.27 14:08:00,14:08:00,94,
2026.08.27 14:09:00,14:09:00,92,
2026.08.27 14:10:00,14:10:00,83,
2026.08.27 14:11:00,14:11:00,91,
2026.08.27 14:12:00,14:12:00,85,
2026.08.27 14:13:00,14:13:00,92,
2026.08.27 14:14:00,14:14:00,106,
2026.08.27 14:15:00,14:15:00,94,
2026.08.27 14:16:00,14:16:00,94,
2026.08.27 14:17:00,14:17:00,93,
2026.08.27 14:18:00,14:18:00,94,
2026.08.27 14:19:00,14:19:00,82,
2026.08.27 14:20:00,14:20:00,90,
2026.08.27 14:21:00,14:21:00,79,
2026.08.27 14:23:00,14:23:00,85,
2026.08.27 14:24:00,14:24:00,84,
2026.08.27 14:25:00,14:25:00,84,
2026.08.27 14:26:00,14:26:00,86,
2026.08.27 14:27:00,14:27:00,83,
2026.08.27 14:28:00,14:28:00,100,
2026.08.27 14:29:00,14:29:00,97,
2026.08.27 14:30:00,14:30:00,85,
2026.08.27 14:31:00,14:31:00,104,
2026.08.27 14:32:00,14:32:00,94,
2026.08.27 14:34:00,14:34:00,104,
2026.08.27 14:35:00,14:35:00,94,
2026.08.27 14:36:00,14:36:00,106,
2026.08.27 14:37:00,14:37:00,91,
2026.08.27 14:39:00,14:39:00,128,
2026.08.27 14:40:00,14:40:00,129,
2026.08.27 14:41:00,14:41:00,129,
2026.08.27 14:42:00,14:42:00,131,
2026.08.27 14:43:00,14:43:00,150,
2026.08.27 14:44:00,14:44:00,152,
2026.08.27 14:45:00,14:45:00,121,
2026.08.27 14:46:00,14:46:00,115,
2026.08.27 14:47:00,14:47:00,117,
2026.08.27 14:48:00,14:48:00,118,
2026.08.27 14:49:00,14:49:00,116,
2026.08.27 14:50:00,14:50:00,122,
2026.08.27 14:51:00,14:51:00,106,
2026.08.27 14:56:00,14:56:00,95,
2026.08.27 14:58:00,14:58:00,111,
2026.08.27 15:00:00,15:00:00,120,
2026.08.27 15:01:00,15:01:00,104,
2026.08.27 15:02:00,15:02:00,111,
2026.08.27 15:03:00,15:03:00,106,
2026.08.27 15:07:00,15:07:00,108,
2026.08.27 15:08:00,15:08:00,107,
2026.08.27 15:09:00,15:09:00,103,
2026.08.27 15:11:00,15:11:00,102,
2026.08.27 15:12:00,15:12:00,102,
2026.08.27 15:13:00,15:13:00,105,
2026.08.27 15:14:00,15:14:00,99,
2026.08.27 15:15:00,15:15:00,115,
2026.08.27 15:16:00,15:16:00,103,
2026.08.27 15:17:00,15:17:00,77,
2026.08.27 15:18:00,15:18:00,136,
2026.08.27 15:19:00,15:19:00,110,
2026.08.27 15:20:00,15:20:00,105,
2026.08.27 15:21:00,15:21:00,97,
2026.08.27 15:23:00,15:23:00,90,
2026.08.27 15:25:00,15:25:00,80,
2026.08.27 15:26:00,15:26:00,82,
2026.08.27 15:28:00,15:28:00,102,
2026.08.27 15:29:00,15:29:00,108,
2026.08.27 15:30:00,15:30:00,115,
2026.08.27 15:31:00,15:31:00,108,
2026.08.27 15:33:00,15:33:00,95,
2026.08.27 15:34:00,15:34:00,106,
2026.08.27 15:35:00,15:35:00,79,
2026.08.27 15:36:00,15:36:00,78,
2026.08.27 15:37:00,15:37:00,84,
2026.08.27 15:38:00,15:38:00,83,
2026.08.27 15:40:00,15:40:00,89,
2026.08.27 15:41:00,15:41:00,78,
2026.08.27 15:42:00,15:42:00,84,
2026.08.27 15:45:00,15:45:00,82,
2026.08.27 15:46:00,15:46:00,82,
2026.08.27 15:49:00,15:49:00,87,
2026.08.27 15:51:00,15:51:00,87,
2026.08.27 15:52:00,15:52:00,70,
2026.08.27 15:53:00,15:53:00,64,
2026.08.27 15:54:00,15:54:00,77,
2026.08.27 15:55:00,15:55:00,78,
2026.08.27 15:59:00,15:59:00,65,
2026.08.27 16:01:00,16:01:00,71,
2026.08.27 16:02:00,16:02:00,82,
2026.08.27 16:03:00,16:03:00,83,
2026.08.27 16:04:00,16:04:00,73,
2026.08.27 16:07:00,16:07:00,61,
2026.08.27 16:09:00,16:09:00,81,
2026.08.27 16:10:00,16:10:00,86,
2026.08.27 16:11:00,16:11:00,81,
2026.08.27 16:12:00,16:12:00,81,
2026.08.27 16:13:00,16:13:00,88,
2026.08.27 16:14:00,16:14:00,81,
2026.08.27 16:15:00,16:15:00,82,
2026.08.27 16:20:00,16:20:00,69,
2026.08.27 16:22:00,16:22:00,77,
2026.08.27 16:23:00,16:23:00,81,
2026.08.27 16:24:00,16:24:00,72,
2026.08.27 16:26:00,16:26:00,73,
2026.08.27 16:31:00,16:31:00,65,
2026.08.27 16:32:00,16:32:00,84,
2026.08.27 16:33:00,16:33:00,73,
2026.08.27 16:34:00,16:34:00,73,
2026.08.27 16:36:00,16:36:00,64,
2026.08.27 16:37:00,16:37:00,78,
2026.08.27 16:38:00,16:38:00,72,
2026.08.27 16:39:00,16:39:00,63,
2026.08.27 16:46:00,16:46:00,83,
2026.08.27 16:47:00,16:47:00,87,
2026.08.27 16:48:00,16:48:00,75,
2026.08.27 16:50:00,16:50:00,76,
2026.08.27 16:53:00,16:53:00,82,
2026.08.27 16:54:00,16:54:00,82,
2026.08.27 16:55:00,16:55:00,73,
2026.08.27 16:56:00,16:56:00,83,
2026.08.27 16:58:00,16:58:00,76,
2026.08.27 17:00:00,17:00:00,72,
2026.08.27 17:01:00,17:01:00,87,
2026.08.27 17:02:00,17:02:00,75,
2026.08.27 17:03:00,17:03:00,66,
2026.08.27 17:04:00,17:04:00,66,
2026.08.27 17:05:00,17:05:00,78,
2026.08.27 17:06:00,17:06:00,74,
2026.08.27 17:07:00,17:07:00,88,
2026.08.27 17:08:00,17:08:00,67,
2026.08.27 17:09:00,17:09:00,73,
2026.08.27 17:12:00,17:12:00,75,
2026.08.27 17:13:00,17:13:00,86,
2026.08.27 17:14:00,17:14:00,70,
2026.08.27 17:15:00,17:15:00,70,
2026.08.27 17:16:00,17:16:00,59,
2026.08.27 17:17:00,17:17:00,65,
2026.08.27 17:24:00,17:24:00,78,
2026.08.27 17:29:00,17:29:00,66,
2026.08.27 17:30:00,17:30:00,64,
2026.08.27 17:31:00,17:31:00,73,
2026.08.27 17:32:00,17:32:00,70,
2026.08.27 17:33:00,17:33:00,64,
2026.08.27 17:34:00,17:34:00,60,
2026.08.27 17:35:00,17:35:00,65,
2026.08.27 17:37:00,17:37:00,60,
2026.08.27 17:38:00,17:38:00,70,
2026.08.27 17:39:00,17:39:00,67,
2026.08.27 17:40:00,17:40:00,70,
2026.08.27 17:41:00,17:41:00,95,
2026.08.27 17:42:00,17:42:00,71,
2026.08.27 17:43:00,17:43:00,67,
2026.08.27 17:44:00,17:44:00,69,
2026.08.27 17:46:00,17:46:00,63,
2026.08.27 17:47:00,17:47:00,69,
2026.08.27 17:48:00,17:48:00,80,
2026.08.27 17:49:00,17:49:00,83,
2026.08.27 17:50:00,17:50:00,72,
2026.08.27 17:51:00,17:51:00,67,
2026.08.27 17:52:00,17:52:00,79,
2026.08.27 20:26:00,20:26:00,85,
2026.08.27 20:27:00,20:27:00,88,
2026.08.27 20:28:00,20:28:00,83,
2026.08.27 20:29:00,20:29:00,87,
2026.08.27 20:30:00,20:30:00,87,
2026.08.27 20:31:00,20:31:00,86,
2026.08.27 20:32:00,20:32:00,106,
2026.08.27 20:33:00,20:33:00,75,
2026.08.27 20:34:00,20:34:00,83,
2026.08.27 20:35:00,20:35:00,101,
2026.08.27 20:37:00,20:37:00,83,
2026.08.27 20:38:00,20:38:00,94,
2026.08.27 20:39:00,20:39:00,108,
2026.08.27 20:40:00,20:40:00,82,
2026.08.27 20:41:00,20:41:00,99,
2026.08.27 20:43:00,20:43:00,88,
2026.08.27 20:44:00,20:44:00,80,
2026.08.27 20:46:00,20:46:00,98,
2026.08.27 20:49:00,20:49:00,75,
2026.08.27 20:50:00,20:50:00,73,
2026.08.27 20:51:00,20:51:00,76,
2026.08.27 20:52:00,20:52:00,77,
2026.08.27 20:54:00,20:54:00,67,
2026.08.27 20:55:00,20:55:00,77,
2026.08.27 20:56:00,20:56:00,66,
2026.08.27 20:57:00,20:57:00,106,
2026.08.27 20:58:00,20:58:00,67,
2026.08.27 21:01:00,21:01:00,80,
2026.08.27 21:02:00,21:02:00,84,
2026.08.27 21:03:00,21:03:00,62,
2026.08.27 21:04:00,21:04:00,81,
2026.08.27 21:05:00,21:05:00,71,
2026.08.27 21:06:00,21:06:00,74,
2026.08.27 21:07:00,21:07:00,82,
2026.08.27 21:08:00,21:08:00,73,
2026.08.27 21:10:00,21:10:00,83,
2026.08.27 21:11:00,21:11:00,88,
2026.08.27 21:14:00,21:14:00,79,
2026.08.27 21:15:00,21:15:00,67,
2026.08.27 21:16:00,21:16:00,81,
2026.08.27 21:17:00,21:17:00,81,
2026.08.27 21:18:00,21:18:00,56,
2026.08.27 21:19:00,21:19:00,84,
2026.08.27 21:20:00,21:20:00,85,
2026.08.27 21:21:00,21:21:00,65,
2026.08.27 21:22:00,21:22:00,84,
2026.08.27 21:23:00,21:23:00,88,
2026.08.27 21:24:00,21:24:00,94,
2026.08.27 21:25:00,21:25:00,73,
2026.08.27 21:26:00,21:26:00,81,
2026.08.27 21:28:00,21:28:00,84,
2026.08.27 21:29:00,21:29:00,88,
2026.08.27 21:31:00,21:31:00,84,
2026.08.27 21:33:00,21:33:00,56,
2026.08.27 21:34:00,21:34:00,77,
2026.08.27 21:36:00,21:36:00,82,
2026.08.27 21:37:00,21:37:00,70,
2026.08.27 21:39:00,21:39:00,75,
2026.08.27 21:40:00,21:40:00,62,
2026.08.27 21:41:00,21:41:00,70,
2026.08.27 21:42:00,21:42:00,82,
2026.08.27 21:43:00,21:43:00,69,
2026.08.27 21:44:00,21:44:00,89,
2026.08.27 21:45:00,21:45:00,87,
2026.08.27 21:46:00,21:46:00,67,
2026.08.27 21:47:00,21:47:00,83,
2026.08.27 21:48:00,21:48:00,94,
2026.08.27 21:49:00,21:49:00,80,
2026.08.27 21:50:00,21:50:00,79,
2026.08.27 21:54:00,21:54:00,107,
2026.08.27 21:56:00,21:56:00,66,
2026.08.27 21:57:00,21:57:00,79,
2026.08.27 21:58:00,21:58:00,71,
2026.08.27 21:59:00,21:59:00,66,
2026.08.27 22:00:00,22:00:00,77,
2026.08.27 22:01:00,22:01:00,68,
2026.08.27 22:02:00,22:02:00,68,
2026.08.27 22:04:00,22:04:00,64,
2026.08.27 22:05:00,22:05:00,80,
2026.08.27 22:06:00,22:06:00,80,
2026.08.27 22:08:00,22:08:00,83,
2026.08.27 22:09:00,22:09:00,95,
2026.08.27 22:11:00,22:11:00,67,
2026.08.27 22:12:00,22:12:00,75,
2026.08.27 22:13:00,22:13:00,68,
2026.08.27 22:16:00,22:16:00,77,
2026.08.27 22:17:00,22:17:00,80,
2026.08.27 22:18:00,22:18:00,64,
2026.08.27 22:19:00,22:19:00,81,
2026.08.27 22:20:00,22:20:00,82,
2026.08.27 22:21:00,22:21:00,69,
2026.08.27 22:22:00,22:22:00,70,
2026.08.27 22:23:00,22:23:00,80,
2026.08.27 22:24:00,22:24:00,60,
2026.08.27 22:25:00,22:25:00,78,
2026.08.27 22:26:00,22:26:00,75,
2026.08.27 22:27:00,22:27:00,84,
2026.08.27 22:28:00,22:28:00,81,
2026.08.27 22:32:00,22:32:00,82,
2026.08.27 22:33:00,22:33:00,85,
2026.08.27 22:36:00,22:36:00,73,
2026.08.27 22:37:00,22:37:00,85,
2026.08.27 22:39:00,22:39:00,67,
2026.08.27 22:40:00,22:40:00,65,
2026.08.27 22:43:00,22:43:00,65,
2026.08.27 22:45:00,22:45:00,67,
2026.08.27 22:46:00,22:46:00,64,
2026.08.27 22:48:00,22:48:00,67,
2026.08.27 22:50:00,22:50:00,81,
2026.08.27 22:51:00,22:51:00,75,
2026.08.27 22:53:00,22:53:00,63,
2026.08.27 22:54:00,22:54:00,86,
2026.08.27 22:55:00,22:55:00,69,
2026.08.27 22:56:00,22:56:00,68,
2026.08.27 22:57:00,22:57:00,95,
2026.08.27 22:58:00,22:58:00,64,
2026.08.27 23:00:00,23:00:00,73,
2026.08.27 23:01:00,23:01:00,64,
2026.08.27 23:03:00,23:03:00,67,
2026.08.27 23:04:00,23:04:00,73,
2026.08.27 23:05:00,23:05:00,59,
2026.08.27 23:06:00,23:06:00,82,
2026.08.27 23:07:00,23:07:00,72,
2026.08.27 23:08:00,23:08:00,68,
2026.08.27 23:11:00,23:11:00,82,
2026.08.27 23:14:00,23:14:00,61,
2026.08.27 23:16:00,23:16:00,51,
2026.08.27 23:17:00,23:17:00,64,
2026.08.27 23:18:00,23:18:00,61,
2026.08.27 23:20:00,23:20:00,58,
2026.08.27 23:22:00,23:22:00,58,
2026.08.27 23:23:00,23:23:00,69,
2026.08.27 23:24:00,23:24:00,60,
2026.08.27 23:26:00,23:26:00,57,
2026.08.27 23:27:00,23:27:00,58,
2026.08.27 23:28:00,23:28:00,71,
2026.08.27 23:30:00,23:30:00,74,
2026.08.27 23:31:00,23:31:00,76,
2026.08.27 23:32:00,23:32:00,89,
2026.08.27 23:33:00,23:33:00,61,
2026.08.27 23:34:00,23:34:00,58,
2026.08.27 23:39:00,23:39:00,54,
2026.08.27 23:40:00,23:40:00,57,
2026.08.27 23:42:00,23:42:00,58,
2026.08.27 23:44:00,23:44:00,59,
2026.08.27 23:45:00,23:45:00,51,
2026.08.27 23:46:00,23:46:00,66,
2026.08.27 23:47:00,23:47:00,56,
2026.08.27 23:48:00,23:48:00,56,
2026.08.27 23:50:00,23:50:00,54,
2026.08.27 23:51:00,23:51:00,59,
2026.08.27 23:52:00,23:52:00,80,
2026.08.27 23:53:00,23:53:00,65,
2026.08.27 23:54:00,23:54:00,86,
2026.08.27 23:55:00,23:55:00,87,
2026.08.27 23:56:00,23:56:00,83,
2026.08.27 23:58:00,23:58:00,69,
2026.08.28 00:00:00,00:00:00,66,
2026.08.28 00:01:00,00:01:00,86,
2026.08.28 00:02:00,00:02:00,101,
2026.08.28 00:03:00,00:03:00,61,
2026.08.28 00:05:00,00:05:00,56,
2026.08.28 00:06:00,00:06:00,61,
2026.08.28 00:07:00,00:07:00,55,
2026.08.28 00:08:00,00:08:00,53,
2026.08.28 00:09:00,00:09:00,57,
2026.08.28 00:12:00,00:12:00,58,
2026.08.28 00:14:00,00:14:00,59,
2026.08.28 00:15:00,00:15:00,60,
2026.08.28 00:16:00,00:16:00,62,
2026.08.28 00:17:00,00:17:00,66,
2026.08.28 00:19:00,00:19:00,56,
2026.08.28 00:22:00,00:22:00,105,
2026.08.28 00:23:00,00:23:00,82,
2026.08.28 00:24:00,00:24:00,55,
2026.08.28 00:26:00,00:26:00,55,
2026.08.28 00:27:00,00:27:00,62,
2026.08.28 00:28:00,00:28:00,58,
2026.08.28 00:29:00,00:29:00,58,
2026.08.28 00:33:00,00:33:00,54,
2026.08.28 00:34:00,00:34:00,59,
2026.08.28 00:38:00,00:38:00,56,
2026.08.28 00:39:00,00:39:00,58,
2026.08.28 00:40:00,00:40:00,52,
2026.08.28 00:41:00,00:41:00,58,
2026.08.28 00:42:00,00:42:00,55,
2026.08.28 00:43:00,00:43:00,59,
2026.08.28 00:44:00,00:44:00,89,
2026.08.28 00:45:00,00:45:00,65,
2026.08.28 00:46:00,00:46:00,53,
2026.08.28 00:47:00,00:47:00,70,
2026.08.28 00:48:00,00:48:00,114,
2026.08.28 00:49:00,00:49:00,94,
2026.08.28 00:50:00,00:50:00,84,
2026.08.28 00:51:00,00:51:00,52,
2026.08.28 00:52:00,00:52:00,57,
2026.08.28 00:53:00,00:53:00,55,
2026.08.28 00:55:00,00:55:00,56,
2026.08.28 00:57:00,00:57:00,62,
2026.08.28 01:01:00,01:01:00,55,
2026.08.28 01:02:00,01:02:00,57,
2026.08.28 01:04:00,01:04:00,62,
2026.08.28 01:05:00,01:05:00,90,
2026.08.28 01:09:00,01:09:00,95,
2026.08.28 01:10:00,01:10:00,65,
2026.08.28 01:12:00,01:12:00,80,
2026.08.28 01:17:00,01:17:00,49,
2026.08.28 01:18:00,01:18:00,54,
2026.08.28 01:21:00,01:21:00,56,
2026.08.28 01:22:00,01:22:00,50,
2026.08.28 01:23:00,01:23:00,49,
2026.08.28 01:26:00,01:26:00,53,
2026.08.28 01:27:00,01:27:00,54,
2026.08.28 01:30:00,01:30:00,54,
2026.08.28 01:31:00,01:31:00,54,
2026.08.28 01:40:00,01:40:00,52,
2026.08.28 01:41:00,01:41:00,56,
2026.08.28 01:50:00,01:50:00,55,
2026.08.28 01:51:00,01:51:00,53,
2026.08.28 02:00:00,02:00:00,54,
2026.08.28 02:10:00,02:10:00,55,
2026.08.28 02:20:00,02:20:00,55,
2026.08.28 02:30:00,02:30:00,55,
2026.08.28 02:40:00,02:40:00,61,
2026.08.28 02:50:00,02:50:00,55,
2026.08.28 03:00:00,03:00:00,54,
2026.08.28 03:10:00,03:10:00,54,
2026.08.28 03:20:00,03:20:00,51,
2026.08.28 03:30:00,03:30:00,57,
2026.08.28 03:40:00,03:40:00,57,
2026.08.28 03:50:00,03:50:00,53,
2026.08.28 04:00:00,04:00:00,54,
2026.08.28 04:10:00,04:10:00,46,
2026.08.28 04:23:00,04:23:00,51,
2026.08.28 04:30:00,04:30:00,54,
2026.08.28 04:40:00,04:40:00,50,
2026.08.28 04:50:00,04:50:00,48,
2026.08.28 05:00:00,05:00:00,54,
2026.08.28 05:10:00,05:10:00,55,
2026.08.28 05:11:00,05:11:00,54,
2026.08.28 05:20:00,05:20:00,53,
2026.08.28 05:21:00,05:21:00,55,
2026.08.28 05:30:00,05:30:00,54,
2026.08.28 05:31:00,05:31:00,56,
2026.08.28 05:40:00,05:40:00,67,
2026.08.28 05:41:00,05:41:00,61,
2026.08.28 05:50:00,05:50:00,45,
2026.08.28 05:51:00,05:51:00,55,
2026.08.28 06:00:00,06:00:00,59,
2026.08.28 06:01:00,06:01:00,58,
2026.08.28 06:10:00,06:10:00,58,
2026.08.28 06:11:00,06:11:00,58,
2026.08.28 06:12:00,06:12:00,81,
2026.08.28 06:14:00,06:14:00,55,
2026.08.28 06:15:00,06:15:00,80,
2026.08.28 06:20:00,06:20:00,52,
2026.08.28 06:21:00,06:21:00,55,
2026.08.28 06:30:00,06:30:00,46,
2026.08.28 06:31:00,06:31:00,44,
2026.08.28 06:40:00,06:40:00,52,
2026.08.28 06:41:00,06:41:00,59,
2026.08.28 06:45:00,06:45:00,64,
2026.08.28 06:48:00,06:48:00,87,
2026.08.28 06:49:00,06:49:00,55,
2026.08.28 06:50:00,06:50:00,53,
2026.08.28 06:51:00,06:51:00,88,
2026.08.28 06:55:00,06:55:00,83,
2026.08.28 07:00:00,07:00:00,60,
2026.08.28 07:01:00,07:01:00,56,
2026.08.28 07:04:00,07:04:00,53,
2026.08.28 07:05:00,07:05:00,54,
2026.08.28 07:13:00,07:13:00,91,
2026.08.28 07:18:00,07:18:00,59,
2026.08.28 07:20:00,07:20:00,55,
2026.08.28 07:21:00,07:21:00,56,
2026.08.28 07:26:00,07:26:00,76,
2026.08.28 07:30:00,07:30:00,46,
2026.08.28 07:32:00,07:32:00,69,
2026.08.28 07:35:00,07:35:00,77,
2026.08.28 07:40:00,07:40:00,56,
2026.08.28 07:50:00,07:50:00,58,
2026.08.28 08:00:00,08:00:00,52,
2026.08.28 08:10:00,08:10:00,58,
2026.08.28 08:18:00,08:18:00,86,
2026.08.28 08:19:00,08:19:00,56,
2026.08.28 08:20:00,08:20:00,58,
2026.08.28 08:21:00,08:21:00,59,
2026.08.28 08:28:00,08:28:00,60,
2026.08.28 08:29:00,08:29:00,61,
2026.08.28 08:36:00,08:36:00,58,
2026.08.28 08:37:00,08:37:00,61,
2026.08.28 08:39:00,08:39:00,58,
2026.08.28 08:40:00,08:40:00,61,
2026.08.28 08:41:00,08:41:00,62,
2026.08.28 08:43:00,08:43:00,60,
2026.08.28 08:44:00,08:44:00,61,
2026.08.28 08:50:00,08:50:00,56,
2026.08.28 08:51:00,08:51:00,51,
2026.08.28 08:54:00,08:54:00,74,
2026.08.28 08:58:00,08:58:00,107,
2026.08.28 09:00:00,09:00:00,64,
2026.08.28 09:01:00,09:01:00,62,
2026.08.28 09:04:00,09:04:00,68,
2026.08.28 09:07:00,09:07:00,77,
2026.08.28 09:09:00,09:09:00,72,
2026.08.28 09:13:00,09:13:00,90,
2026.08.28 09:14:00,09:14:00,92,
2026.08.28 09:17:00,09:17:00,91,
2026.08.28 09:20:00,09:20:00,59,
2026.08.28 09:23:00,09:23:00,85,
2026.08.28 09:27:00,09:27:00,86,
2026.08.28 09:32:00,09:32:00,79,
2026.08.28 09:33:00,09:33:00,81,
2026.08.28 09:34:00,09:34:00,76,
2026.08.28 09:36:00,09:36:00,85,
2026.08.28 09:37:00,09:37:00,101,
2026.08.28 09:38:00,09:38:00,89,
2026.08.28 09:39:00,09:39:00,93,
2026.08.28 09:40:00,09:40:00,81,
2026.08.28 09:42:00,09:42:00,71,
2026.08.28 09:43:00,09:43:00,95,
2026.08.28 09:46:00,09:46:00,85,
2026.08.28 09:47:00,09:47:00,83,
2026.08.28 09:48:00,09:48:00,88,
2026.08.28 09:49:00,09:49:00,83,
2026.08.28 09:50:00,09:50:00,76,
2026.08.28 09:51:00,09:51:00,95,
2026.08.28 09:52:00,09:52:00,87,
2026.08.28 09:53:00,09:53:00,86,
2026.08.28 09:54:00,09:54:00,91,
2026.08.28 09:55:00,09:55:00,84,
2026.08.28 09:56:00,09:56:00,79,
2026.08.28 09:58:00,09:58:00,83,
2026.08.28 09:59:00,09:59:00,71,
2026.08.28 10:00:00,10:00:00,85,
2026.08.28 10:01:00,10:01:00,81,
2026.08.28 10:03:00,10:03:00,66,
2026.08.28 10:04:00,10:04:00,68,
2026.08.28 10:05:00,10:05:00,91,
2026.08.28 10:06:00,10:06:00,60,
2026.08.28 10:07:00,10:07:00,87,
2026.08.28 10:08:00,10:08:00,70,
2026.08.28 10:09:00,10:09:00,85,
2026.08.28 10:10:00,10:10:00,69,
2026.08.28 10:11:00,10:11:00,62,
2026.08.28 10:13:00,10:13:00,75,
2026.08.28 10:14:00,10:14:00,69,
2026.08.28 10:15:00,10:15:00,75,
2026.08.28 10:16:00,10:16:00,85,
2026.08.28 10:17:00,10:17:00,80,
2026.08.28 10:18:00,10:18:00,107,
2026.08.28 10:19:00,10:19:00,84,
2026.08.28 10:20:00,10:20:00,78,
2026.08.28 10:21:00,10:21:00,67,
2026.08.28 10:23:00,10:23:00,76,
2026.08.28 10:24:00,10:24:00,76,
2026.08.28 10:26:00,10:26:00,77,
2026.08.28 10:28:00,10:28:00,71,
2026.08.28 10:29:00,10:29:00,84,
2026.08.28 10:30:00,10:30:00,81,
2026.08.28 10:31:00,10:31:00,64,
2026.08.28 10:33:00,10:33:00,82,
2026.08.28 10:34:00,10:34:00,80,
2026.08.28 10:36:00,10:36:00,63,
2026.08.28 10:37:00,10:37:00,79,
2026.08.28 10:38:00,10:38:00,69,
2026.08.28 10:39:00,10:39:00,85,
2026.08.28 10:40:00,10:40:00,69,
2026.08.28 10:41:00,10:41:00,67,
2026.08.28 10:42:00,10:42:00,65,
2026.08.28 10:43:00,10:43:00,60,
2026.08.28 10:45:00,10:45:00,68,
2026.08.28 10:46:00,10:46:00,60,
2026.08.28 10:51:00,10:51:00,64,
2026.08.28 10:52:00,10:52:00,60,
2026.08.28 10:54:00,10:54:00,76,
2026.08.28 10:55:00,10:55:00,64,
2026.08.28 10:56:00,10:56:00,82,
2026.08.28 10:57:00,10:57:00,68,
2026.08.28 10:58:00,10:58:00,68,
2026.08.28 10:59:00,10:59:00,79,
2026.08.28 11:00:00,11:00:00,69,
2026.08.28 11:01:00,11:01:00,68,
2026.08.28 11:02:00,11:02:00,72,
2026.08.28 11:03:00,11:03:00,75,
2026.08.28 11:04:00,11:04:00,73,
2026.08.28 11:05:00,11:05:00,60,
2026.08.28 11:06:00,11:06:00,73,
2026.08.28 11:07:00,11:07:00,86,
2026.08.28 11:08:00,11:08:00,71,
2026.08.28 11:09:00,11:09:00,86,
2026.08.28 11:11:00,11:11:00,66,
2026.08.28 11:13:00,11:13:00,66,
2026.08.28 11:14:00,11:14:00,74,
2026.08.28 11:15:00,11:15:00,85,
2026.08.28 11:16:00,11:16:00,79,
2026.08.28 11:17:00,11:17:00,83,
2026.08.28 11:18:00,11:18:00,79,
2026.08.28 11:19:00,11:19:00,85,
2026.08.28 11:20:00,11:20:00,87,
2026.08.28 11:22:00,11:22:00,87,
2026.08.28 11:23:00,11:23:00,88,
2026.08.28 11:24:00,11:24:00,89,
2026.08.28 11:26:00,11:26:00,79,
2026.08.28 11:27:00,11:27:00,91,
2026.08.28 11:28:00,11:28:00,91,
2026.08.28 11:30:00,11:30:00,95,
2026.08.28 11:34:00,11:34:00,87,
2026.08.28 11:35:00,11:35:00,86,
2026.08.28 11:36:00,11:36:00,76,
2026.08.28 11:37:00,11:37:00,63,
2026.08.28 11:39:00,11:39:00,79,
2026.08.28 11:40:00,11:40:00,61,
2026.08.28 11:41:00,11:41:00,58,
2026.08.28 11:43:00,11:43:00,65,
2026.08.28 11:44:00,11:44:00,88,
2026.08.28 11:46:00,11:46:00,82,
2026.08.28 11:48:00,11:48:00,61,
2026.08.28 11:49:00,11:49:00,66,
2026.08.28 11:50:00,11:50:00,61,
2026.08.28 11:51:00,11:51:00,60,
2026.08.28 11:52:00,11:52:00,61,
2026.08.28 11:53:00,11:53:00,62,
2026.08.28 11:54:00,11:54:00,82,
2026.08.28 11:56:00,11:56:00,67,
2026.08.28 11:57:00,11:57:00,65,
2026.08.28 11:59:00,11:59:00,62,
2026.08.28 12:00:00,12:00:00,68,
2026.08.28 12:01:00,12:01:00,68,
2026.08.28 12:02:00,12:02:00,89,
2026.08.28 12:04:00,12:04:00,64,
2026.08.28 12:05:00,12:05:00,66,
2026.08.28 12:06:00,12:06:00,69,
2026.08.28 12:08:00,12:08:00,67,
2026.08.28 12:09:00,12:09:00,60,
2026.08.28 12:10:00,12:10:00,66,
2026.08.28 12:11:00,12:11:00,77,
2026.08.28 12:12:00,12:12:00,63,
2026.08.28 12:13:00,12:13:00,59,
2026.08.28 12:14:00,12:14:00,82,
2026.08.28 12:15:00,12:15:00,59,
2026.08.28 12:16:00,12:16:00,60,
2026.08.28 12:17:00,12:17:00,66,
2026.08.28 12:18:00,12:18:00,64,
2026.08.28 12:19:00,12:19:00,60,
2026.08.28 12:20:00,12:20:00,97,
2026.08.28 12:21:00,12:21:00,89,
2026.08.28 12:23:00,12:23:00,66,
2026.08.28 12:25:00,12:25:00,74,
2026.08.28 12:26:00,12:26:00,72,
2026.08.28 12:28:00,12:28:00,75,
2026.08.28 12:32:00,12:32:00,69,
2026.08.28 12:35:00,12:35:00,85,
2026.08.28 12:36:00,12:36:00,83,
2026.08.28 12:37:00,12:37:00,87,
2026.08.28 12:38:00,12:38:00,67,
2026.08.28 12:39:00,12:39:00,69,
2026.08.28 12:40:00,12:40:00,62,
2026.08.28 12:41:00,12:41:00,62,
2026.08.28 12:42:00,12:42:00,59,
2026.08.28 12:43:00,12:43:00,61,
2026.08.28 12:45:00,12:45:00,69,
2026.08.28 12:46:00,12:46:00,70,
2026.08.28 12:47:00,12:47:00,68,
2026.08.28 12:48:00,12:48:00,60,
2026.08.28 12:52:00,12:52:00,62,
2026.08.28 12:55:00,12:55:00,74,
2026.08.28 12:56:00,12:56:00,57,
2026.08.28 12:57:00,12:57:00,69,
2026.08.28 12:58:00,12:58:00,56,
2026.08.28 13:01:00,13:01:00,55,
2026.08.28 13:02:00,13:02:00,65,
2026.08.28 13:05:00,13:05:00,81,
2026.08.28 13:06:00,13:06:00,53,
2026.08.28 13:08:00,13:08:00,65,
2026.08.28 13:09:00,13:09:00,60,
2026.08.28 13:19:00,13:19:00,58,
2026.08.28 13:22:00,13:22:00,55,
2026.08.28 13:23:00,13:23:00,57,
2026.08.28 13:24:00,13:24:00,63,
2026.08.28 13:27:00,13:27:00,58,
2026.08.28 13:32:00,13:32:00,54,
2026.08.28 13:34:00,13:34:00,53,
2026.08.28 13:35:00,13:35:00,79,
2026.08.28 13:37:00,13:37:00,65,
2026.08.28 13:43:00,13:43:00,68,
2026.08.28 13:52:00,13:52:00,63,
2026.08.28 13:55:00,13:55:00,65,
2026.08.28 13:56:00,13:56:00,60,
2026.08.28 14:01:00,14:01:00,75,
2026.08.28 14:04:00,14:04:00,70,
2026.08.28 14:06:00,14:06:00,68,
2026.08.28 14:07:00,14:07:00,59,
2026.08.28 14:08:00,14:08:00,61,
2026.08.28 14:09:00,14:09:00,90,
2026.08.28 14:11:00,14:11:00,67,
2026.08.28 14:14:00,14:14:00,88,
2026.08.28 14:15:00,14:15:00,63,
2026.08.28 14:16:00,14:16:00,72,
2026.08.28 14:20:00,14:20:00,59,
2026.08.28 14:24:00,14:24:00,58,
2026.08.28 14:25:00,14:25:00,62,
2026.08.28 14:32:00,14:32:00,68,
2026.08.28 14:37:00,14:37:00,54,
2026.08.28 14:38:00,14:38:00,50,
2026.08.28 14:39:00,14:39:00,60,
2026.08.28 14:41:00,14:41:00,58,
2026.08.28 14:42:00,14:42:00,58,
2026.08.28 14:43:00,14:43:00,69,
2026.08.28 14:44:00,14:44:00,62,
2026.08.28 14:45:00,14:45:00,56,
2026.08.28 14:46:00,14:46:00,58,
2026.08.28 14:47:00,14:47:00,58,
2026.08.28 14:48:00,14:48:00,54,
2026.08.28 14:49:00,14:49:00,62,
2026.08.28 14:51:00,14:51:00,62,
2026.08.28 14:52:00,14:52:00,62,
2026.08.28 14:56:00,14:56:00,59,
2026.08.28 15:01:00,15:01:00,58,
2026.08.28 15:02:00,15:02:00,58,
2026.08.28 15:03:00,15:03:00,80,
2026.08.28 15:04:00,15:04:00,92,
2026.08.28 15:06:00,15:06:00,53,
2026.08.28 15:19:00,15:19:00,58,
2026.08.28 15:20:00,15:20:00,63,
2026.08.28 15:21:00,15:21:00,67,
2026.08.28 15:22:00,15:22:00,61,
2026.08.28 15:23:00,15:23:00,64,
2026.08.28 15:24:00,15:24:00,58,
2026.08.28 15:25:00,15:25:00,57,
2026.08.28 15:27:00,15:27:00,73,
2026.08.28 15:28:00,15:28:00,64,
2026.08.28 15:29:00,15:29:00,67,
2026.08.28 15:30:00,15:30:00,64,
2026.08.28 15:31:00,15:31:00,59,
2026.08.28 15:32:00,15:32:00,88,
2026.08.28 15:33:00,15:33:00,90,
2026.08.28 15:35:00,15:35:00,94,
2026.08.28 15:36:00,15:36:00,96,
2026.08.28 15:42:00,15:42:00,121,
2026.08.28 15:43:00,15:43:00,121,
2026.08.28 15:44:00,15:44:00,121,
2026.08.28 15:45:00,15:45:00,122,
2026.08.28 15:46:00,15:46:00,125,
2026.08.28 15:47:00,15:47:00,121,
2026.08.28 15:48:00,15:48:00,128,
2026.08.28 15:49:00,15:49:00,132,
2026.08.28 15:50:00,15:50:00,117,
2026.08.28 15:51:00,15:51:00,116,
2026.08.28 15:52:00,15:52:00,121,
2026.08.28 15:53:00,15:53:00,125,
2026.08.28 15:54:00,15:54:00,123,
2026.08.28 15:55:00,15:55:00,79,
2026.08.28 15:56:00,15:56:00,109,
2026.08.28 15:57:00,15:57:00,83,
2026.08.28 15:58:00,15:58:00,87,
2026.08.28 16:00:00,16:00:00,100,
2026.08.28 16:01:00,16:01:00,94,
2026.08.28 16:02:00,16:02:00,93,
2026.08.28 16:03:00,16:03:00,96,
2026.08.28 16:04:00,16:04:00,99,
2026.08.28 16:05:00,16:05:00,93,
2026.08.28 16:06:00,16:06:00,97,
2026.08.28 16:07:00,16:07:00,98,
2026.08.28 16:08:00,16:08:00,95,
2026.08.28 16:09:00,16:09:00,95,
2026.08.28 16:10:00,16:10:00,88,
2026.08.28 16:11:00,16:11:00,91,
2026.08.28 16:12:00,16:12:00,103,
2026.08.28 16:13:00,16:13:00,103,
2026.08.28 16:14:00,16:14:00,106,
2026.08.28 16:15:00,16:15:00,108,
2026.08.28 16:16:00,16:16:00,104,
2026.08.28 16:17:00,16:17:00,107,
2026.08.28 16:18:00,16:18:00,107,
2026.08.28 16:19:00,16:19:00,105,
2026.08.28 16:20:00,16:20:00,99,
2026.08.28 16:21:00,16:21:00,100,
2026.08.28 16:22:00,16:22:00,96,
2026.08.28 16:23:00,16:23:00,97,
2026.08.28 16:24:00,16:24:00,107,
2026.08.28 16:25:00,16:25:00,99,
2026.08.28 16:26:00,16:26:00,101,
2026.08.28 16:28:00,16:28:00,101,
2026.08.28 16:29:00,16:29:00,110,
2026.08.28 16:30:00,16:30:00,102,
2026.08.28 16:31:00,16:31:00,105,
2026.08.28 16:32:00,16:32:00,103,
2026.08.28 16:33:00,16:33:00,95,
2026.08.28 16:34:00,16:34:00,91,
2026.08.28 16:35:00,16:35:00,100,
2026.08.28 16:37:00,16:37:00,99,
2026.08.28 16:38:00,16:38:00,102,
2026.08.28 16:39:00,16:39:00,90,
2026.08.28 16:40:00,16:40:00,86,
2026.08.28 16:43:00,16:43:00,76,
2026.08.28 16:45:00,16:45:00,85,
2026.08.28 16:46:00,16:46:00,82,
2026.08.28 16:47:00,16:47:00,81,
2026.08.28 16:48:00,16:48:00,68,
2026.08.28 16:49:00,16:49:00,71,
2026.08.28 16:50:00,16:50:00,85,
2026.08.28 16:54:00,16:54:00,82,
2026.08.28 16:55:00,16:55:00,84,
2026.08.28 16:56:00,16:56:00,86,
2026.08.28 16:58:00,16:58:00,76,
2026.08.28 16:59:00,16:59:00,77,
2026.08.28 17:00:00,17:00:00,76,
2026.08.28 17:01:00,17:01:00,78,
2026.08.28 17:02:00,17:02:00,72,
2026.08.28 17:03:00,17:03:00,74,
2026.08.28 17:04:00,17:04:00,78,
2026.08.28 17:05:00,17:05:00,82,
2026.08.28 17:09:00,17:09:00,79,
2026.08.28 17:10:00,17:10:00,79,
2026.08.28 17:11:00,17:11:00,83,
2026.08.28 17:14:00,17:14:00,69,
2026.08.28 17:15:00,17:15:00,88,
2026.08.28 17:16:00,17:16:00,79,
2026.08.28 17:17:00,17:17:00,83,
2026.08.28 17:19:00,17:19:00,68,
2026.08.28 17:21:00,17:21:00,69,
2026.08.28 17:23:00,17:23:00,86,
2026.08.28 17:24:00,17:24:00,86,
2026.08.28 17:26:00,17:26:00,88,
2026.08.28 17:27:00,17:27:00,89,
2026.08.28 17:28:00,17:28:00,72,
2026.08.28 17:29:00,17:29:00,77,
2026.08.28 17:30:00,17:30:00,92,
2026.08.28 17:31:00,17:31:00,86,
2026.08.28 17:32:00,17:32:00,90,
2026.08.28 17:33:00,17:33:00,83,
2026.08.28 17:35:00,17:35:00,82,
2026.08.28 17:36:00,17:36:00,82,
2026.08.28 17:38:00,17:38:00,92,
2026.08.28 17:39:00,17:39:00,87,
2026.08.28 17:40:00,17:40:00,90,
2026.08.28 17:42:00,17:42:00,93,
2026.08.28 17:43:00,17:43:00,86,
2026.08.28 17:44:00,17:44:00,86,
2026.08.28 17:45:00,17:45:00,94,
2026.08.28 17:46:00,17:46:00,95,
2026.08.28 17:47:00,17:47:00,98,
2026.08.28 17:48:00,17:48:00,102,
2026.08.28 17:49:00,17:49:00,96,
2026.08.28 17:50:00,17:50:00,92,
2026.08.28 17:51:00,17:51:00,65,
2026.08.28 17:52:00,17:52:00,72,
2026.08.28 17:53:00,17:53:00,77,
2026.08.28 17:54:00,17:54:00,72,
2026.08.28 17:55:00,17:55:00,90,
2026.08.28 17:56:00,17:56:00,70,
2026.08.28 17:57:00,17:57:00,57,
2026.08.28 17:58:00,17:58:00,71,
2026.08.28 17:59:00,17:59:00,64,
2026.08.28 18:00:00,18:00:00,66,
2026.08.28 18:01:00,18:01:00,81,
2026.08.28 18:02:00,18:02:00,90,
2026.08.28 18:05:00,18:05:00,70,
2026.08.28 18:06:00,18:06:00,56,
2026.08.28 18:07:00,18:07:00,68,
2026.08.28 18:11:00,18:11:00,81,
2026.08.28 18:12:00,18:12:00,77,
2026.08.28 18:13:00,18:13:00,60,
2026.08.28 18:15:00,18:15:00,71,
2026.08.28 18:16:00,18:16:00,86,
2026.08.28 18:19:00,18:19:00,68,
2026.08.28 18:20:00,18:20:00,68,
2026.08.28 18:22:00,18:22:00,82,
2026.08.28 18:23:00,18:23:00,100,
2026.08.28 18:25:00,18:25:00,105,
2026.08.28 18:26:00,18:26:00,74,
2026.08.28 18:28:00,18:28:00,63,
2026.08.28 18:29:00,18:29:00,76,
2026.08.28 18:30:00,18:30:00,86,
2026.08.28 18:31:00,18:31:00,100,
2026.08.28 18:32:00,18:32:00,85,
2026.08.28 18:33:00,18:33:00,84,
2026.08.28 18:34:00,18:34:00,87,
2026.08.28 18:35:00,18:35:00,77,
2026.08.28 18:37:00,18:37:00,71,
2026.08.28 18:38:00,18:38:00,83,
2026.08.28 18:39:00,18:39:00,84,
2026.08.28 18:40:00,18:40:00,83,
2026.08.28 18:41:00,18:41:00,81,
2026.08.28 18:45:00,18:45:00,80,
2026.08.28 18:46:00,18:46:00,83,
2026.08.28 18:47:00,18:47:00,76,
2026.08.28 18:50:00,18:50:00,67,
2026.08.28 18:51:00,18:51:00,73,
2026.08.28 18:53:00,18:53:00,64,
2026.08.28 18:56:00,18:56:00,74,
2026.08.28 18:57:00,18:57:00,65,
2026.08.28 18:58:00,18:58:00,68,
2026.08.28 18:59:00,18:59:00,66,
2026.08.28 19:00:00,19:00:00,56,
2026.08.28 19:06:00,19:06:00,92,
2026.08.28 19:09:00,19:09:00,60,
2026.08.28 19:10:00,19:10:00,68,
2026.08.28 19:11:00,19:11:00,78,
2026.08.28 19:21:00,19:21:00,70,
2026.08.28 19:25:00,19:25:00,67,
2026.08.28 19:26:00,19:26:00,58,
2026.08.28 19:31:00,19:31:00,87,
2026.08.28 19:32:00,19:32:00,68,
2026.08.28 19:33:00,19:33:00,67,
2026.08.28 19:35:00,19:35:00,89,
2026.08.28 19:37:00,19:37:00,69,
2026.08.28 19:43:00,19:43:00,82,
2026.08.28 19:44:00,19:44:00,60,
2026.08.28 19:52:00,19:52:00,52,
2026.08.28 19:53:00,19:53:00,78,
2026.08.28 19:54:00,19:54:00,94,
2026.08.28 19:55:00,19:55:00,78,
2026.08.28 19:56:00,19:56:00,83,
2026.08.28 19:57:00,19:57:00,65,
2026.08.28 19:58:00,19:58:00,58,
2026.08.28 19:59:00,19:59:00,70,
2026.08.28 20:00:00,20:00:00,85,
2026.08.28 20:01:00,20:01:00,65,
2026.08.28 20:02:00,20:02:00,59,
2026.08.28 20:03:00,20:03:00,89,
2026.08.28 20:05:00,20:05:00,76,
2026.08.28 20:06:00,20:06:00,58,
2026.08.28 20:07:00,20:07:00,64,
2026.08.28 20:08:00,20:08:00,66,
2026.08.28 20:09:00,20:09:00,59,
2026.08.28 20:10:00,20:10:00,57,
2026.08.28 20:11:00,20:11:00,58,
2026.08.28 20:12:00,20:12:00,57,
2026.08.28 20:13:00,20:13:00,58,
2026.08.28 20:14:00,20:14:00,78,
2026.08.28 20:15:00,20:15:00,96,
2026.08.28 20:16:00,20:16:00,82,
2026.08.28 20:17:00,20:17:00,85,
2026.08.28 20:18:00,20:18:00,73,
2026.08.28 20:19:00,20:19:00,67,
2026.08.28 20:20:00,20:20:00,75,
2026.08.28 20:22:00,20:22:00,84,
2026.08.28 20:23:00,20:23:00,69,
2026.08.28 20:24:00,20:24:00,83,
2026.08.28 20:25:00,20:25:00,63,
2026.08.28 20:26:00,20:26:00,60,
2026.08.28 20:29:00,20:29:00,64,
2026.08.28 20:30:00,20:30:00,85,
2026.08.28 20:31:00,20:31:00,89,
2026.08.28 20:32:00,20:32:00,81,
2026.08.28 20:33:00,20:33:00,88,
2026.08.28 20:34:00,20:34:00,80,
2026.08.28 20:36:00,20:36:00,72,
2026.08.28 20:37:00,20:37:00,66,
2026.08.28 20:38:00,20:38:00,58,
2026.08.28 20:39:00,20:39:00,64,
2026.08.28 20:40:00,20:40:00,64,
2026.08.28 20:41:00,20:41:00,73,
2026.08.28 20:43:00,20:43:00,83,
2026.08.28 20:44:00,20:44:00,63,
2026.08.28 20:46:00,20:46:00,59,
2026.08.28 20:47:00,20:47:00,62,
2026.08.28 20:48:00,20:48:00,86,
2026.08.28 20:49:00,20:49:00,62,
2026.08.28 20:50:00,20:50:00,61,
2026.08.28 20:52:00,20:52:00,61,
2026.08.28 20:55:00,20:55:00,75,
2026.08.28 20:56:00,20:56:00,75,
2026.08.28 20:59:00,20:59:00,88,
2026.08.28 21:00:00,21:00:00,89,
2026.08.28 21:02:00,21:02:00,69,
2026.08.28 21:04:00,21:04:00,92,
2026.08.28 21:06:00,21:06:00,76,
2026.08.28 21:07:00,21:07:00,59,
2026.08.28 21:08:00,21:08:00,64,
2026.08.28 21:09:00,21:09:00,65,
2026.08.28 21:11:00,21:11:00,91,
2026.08.28 21:14:00,21:14:00,77,
2026.08.28 21:16:00,21:16:00,66,
2026.08.28 21:18:00,21:18:00,66,
2026.08.28 21:19:00,21:19:00,64,
2026.08.28 21:20:00,21:20:00,63,
2026.08.28 21:21:00,21:21:00,67,
2026.08.28 21:22:00,21:22:00,79,
2026.08.28 21:23:00,21:23:00,72,
2026.08.28 21:25:00,21:25:00,70,
2026.08.28 21:26:00,21:26:00,63,
2026.08.28 21:27:00,21:27:00,89,
2026.08.28 21:29:00,21:29:00,69,
2026.08.28 21:31:00,21:31:00,92,
2026.08.28 21:32:00,21:32:00,53,
2026.08.28 21:33:00,21:33:00,69,
2026.08.28 21:34:00,21:34:00,61,
2026.08.28 21:35:00,21:35:00,63,
2026.08.28 21:36:00,21:36:00,59,
2026.08.28 21:37:00,21:37:00,68,
2026.08.28 21:38:00,21:38:00,67,
2026.08.28 21:39:00,21:39:00,61,
2026.08.28 21:40:00,21:40:00,64,
2026.08.28 21:41:00,21:41:00,84,
2026.08.28 21:43:00,21:43:00,68,
2026.08.28 21:44:00,21:44:00,63,
2026.08.28 21:45:00,21:45:00,64,
2026.08.28 21:46:00,21:46:00,67,
2026.08.28 21:50:00,21:50:00,75,
2026.08.28 21:52:00,21:52:00,60,
2026.08.28 21:55:00,21:55:00,70,
2026.08.28 21:58:00,21:58:00,81,
2026.08.28 22:01:00,22:01:00,106,
2026.08.28 22:02:00,22:02:00,84,
2026.08.28 22:03:00,22:03:00,62,
2026.08.28 22:04:00,22:04:00,79,
2026.08.28 22:06:00,22:06:00,76,
2026.08.28 22:07:00,22:07:00,62,
2026.08.28 22:08:00,22:08:00,89,
2026.08.28 22:09:00,22:09:00,87,
2026.08.28 22:10:00,22:10:00,64,
2026.08.28 22:13:00,22:13:00,64,
2026.08.28 22:15:00,22:15:00,95,
2026.08.28 22:16:00,22:16:00,82,
2026.08.28 22:17:00,22:17:00,80,
2026.08.28 22:18:00,22:18:00,73,
2026.08.28 22:21:00,22:21:00,74,
2026.08.28 22:22:00,22:22:00,87,
2026.08.28 22:23:00,22:23:00,77,
2026.08.28 22:26:00,22:26:00,74,
2026.08.28 22:33:00,22:33:00,87,
2026.08.28 22:36:00,22:36:00,81,
2026.08.28 22:41:00,22:41:00,77,
2026.08.28 22:44:00,22:44:00,76,
2026.08.28 22:45:00,22:45:00,76,
2026.08.28 22:47:00,22:47:00,83,
2026.08.28 22:48:00,22:48:00,77,
2026.08.28 22:50:00,22:50:00,76,
2026.08.28 22:51:00,22:51:00,108,
2026.08.28 22:52:00,22:52:00,88,
2026.08.28 22:55:00,22:55:00,75,
2026.08.28 22:56:00,22:56:00,70,
2026.08.28 23:05:00,23:05:00,89,
2026.08.28 23:06:00,23:06:00,76,
2026.08.28 23:07:00,23:07:00,70,
2026.08.28 23:08:00,23:08:00,78,
2026.08.28 23:09:00,23:09:00,77,
2026.08.28 23:12:00,23:12:00,73,
2026.08.28 23:15:00,23:15:00,73,
2026.08.28 23:16:00,23:16:00,80,
2026.08.28 23:17:00,23:17:00,75,
2026.08.28 23:19:00,23:19:00,83,
2026.08.28 23:23:00,23:23:00,68,
2026.08.28 23:24:00,23:24:00,84,
2026.08.28 23:25:00,23:25:00,85,
2026.08.28 23:26:00,23:26:00,84,
2026.08.28 23:28:00,23:28:00,67,
2026.08.28 23:30:00,23:30:00,84,
2026.08.28 23:32:00,23:32:00,88,
2026.08.28 23:34:00,23:34:00,90,
2026.08.28 23:36:00,23:36:00,82,
2026.08.28 23:37:00,23:37:00,73,
2026.08.28 23:40:00,23:40:00,71,
2026.08.28 23:41:00,23:41:00,68,
2026.08.28 23:44:00,23:44:00,62,
2026.08.28 23:45:00,23:45:00,80,
2026.08.28 23:46:00,23:46:00,78,
2026.08.28 23:48:00,23:48:00,89,
2026.08.28 23:51:00,23:51:00,84,
2026.08.28 23:52:00,23:52:00,67,
2026.08.28 23:53:00,23:53:00,81,
2026.08.28 23:56:00,23:56:00,78,
2026.08.28 23:57:00,23:57:00,85,
2026.08.29 00:02:00,00:02:00,82,
2026.08.29 00:04:00,00:04:00,71,
2026.08.29 00:05:00,00:05:00,67,
2026.08.29 00:06:00,00:06:00,65,
2026.08.29 00:13:00,00:13:00,80,
2026.08.29 00:15:00,00:15:00,60,
2026.08.29 00:16:00,00:16:00,75,
2026.08.29 00:17:00,00:17:00,94,
2026.08.29 00:18:00,00:18:00,55,
2026.08.29 00:20:00,00:20:00,78,
2026.08.29 00:22:00,00:22:00,67,
2026.08.29 00:23:00,00:23:00,72,
2026.08.29 00:24:00,00:24:00,68,
2026.08.29 00:25:00,00:25:00,74,
2026.08.29 00:27:00,00:27:00,63,
2026.08.29 00:29:00,00:29:00,74,
2026.08.29 00:31:00,00:31:00,78,
2026.08.29 00:32:00,00:32:00,59,
2026.08.29 00:33:00,00:33:00,77,
2026.08.29 00:34:00,00:34:00,73,
2026.08.29 00:35:00,00:35:00,73,
2026.08.29 00:36:00,00:36:00,81,
2026.08.29 00:37:00,00:37:00,83,
2026.08.29 00:38:00,00:38:00,102,
2026.08.29 00:39:00,00:39:00,95,
2026.08.29 00:40:00,00:40:00,95,
2026.08.29 00:41:00,00:41:00,86,
2026.08.29 00:42:00,00:42:00,84,
2026.08.29 00:43:00,00:43:00,89,
2026.08.29 00:44:00,00:44:00,88,
2026.08.29 00:45:00,00:45:00,72,
2026.08.29 00:46:00,00:46:00,84,
2026.08.29 00:47:00,00:47:00,81,
2026.08.29 00:49:00,00:49:00,87,
2026.08.29 00:50:00,00:50:00,89,
2026.08.29 00:52:00,00:52:00,84,
2026.08.29 00:56:00,00:56:00,85,
2026.08.29 00:57:00,00:57:00,79,
2026.08.29 00:58:00,00:58:00,81,
2026.08.29 01:00:00,01:00:00,77,
2026.08.29 01:01:00,01:01:00,85,
2026.08.29 01:02:00,01:02:00,79,
2026.08.29 01:03:00,01:03:00,89,
2026.08.29 01:04:00,01:04:00,84,
2026.08.29 01:06:00,01:06:00,87,
2026.08.29 01:07:00,01:07:00,68,
2026.08.29 01:08:00,01:08:00,74,
2026.08.29 01:09:00,01:09:00,71,
2026.08.29 01:11:00,01:11:00,94,
2026.08.29 01:12:00,01:12:00,93,
2026.08.29 01:14:00,01:14:00,79,
2026.08.29 01:15:00,01:15:00,78,
2026.08.29 01:16:00,01:16:00,88,
2026.08.29 01:19:00,01:19:00,80,
2026.08.29 01:20:00,01:20:00,61,
2026.08.29 01:22:00,01:22:00,70,
2026.08.29 01:23:00,01:23:00,80,
2026.08.29 01:24:00,01:24:00,78,
2026.08.29 01:26:00,01:26:00,84,
2026.08.29 01:27:00,01:27:00,82,
2026.08.29 01:28:00,01:28:00,93,
2026.08.29 01:29:00,01:29:00,84,
2026.08.29 01:30:00,01:30:00,94,
2026.08.29 01:31:00,01:31:00,89,
2026.08.29 01:32:00,01:32:00,83,
2026.08.29 01:33:00,01:33:00,93,
2026.08.29 01:34:00,01:34:00,81,
2026.08.29 01:35:00,01:35:00,83,
2026.08.29 01:36:00,01:36:00,80,
2026.08.29 01:38:00,01:38:00,98,
2026.08.29 01:39:00,01:39:00,99,
2026.08.29 01:40:00,01:40:00,95,
2026.08.29 01:41:00,01:41:00,102,
2026.08.29 01:42:00,01:42:00,79,
2026.08.29 01:43:00,01:43:00,91,
2026.08.29 01:44:00,01:44:00,86,
2026.08.29 01:46:00,01:46:00,87,
2026.08.29 01:47:00,01:47:00,74,
2026.08.29 01:48:00,01:48:00,85,
2026.08.29 01:49:00,01:49:00,88,
2026.08.29 01:50:00,01:50:00,78,
2026.08.29 01:54:00,01:54:00,85,
2026.08.29 01:55:00,01:55:00,89,
2026.08.29 01:56:00,01:56:00,82,
2026.08.29 01:57:00,01:57:00,91,
2026.08.29 01:58:00,01:58:00,82,
2026.08.29 02:00:00,02:00:00,85,
2026.08.29 02:02:00,02:02:00,83,
2026.08.29 02:03:00,02:03:00,73,
2026.08.29 02:06:00,02:06:00,82,
2026.08.29 02:07:00,02:07:00,84,
2026.08.29 02:08:00,02:08:00,82,
2026.08.29 02:11:00,02:11:00,90,
2026.08.29 02:12:00,02:12:00,85,
2026.08.29 02:13:00,02:13:00,76,
2026.08.29 02:14:00,02:14:00,89,
2026.08.29 02:15:00,02:15:00,91,
2026.08.29 02:16:00,02:16:00,96,
2026.08.29 02:17:00,02:17:00,92,
2026.08.29 02:18:00,02:18:00,89,
2026.08.29 02:19:00,02:19:00,75,
2026.08.29 02:20:00,02:20:00,88,
2026.08.29 02:23:00,02:23:00,83,
2026.08.29 02:25:00,02:25:00,65,
2026.08.29 02:26:00,02:26:00,94,
2026.08.29 02:27:00,02:27:00,80,
2026.08.29 02:30:00,02:30:00,79,
2026.08.29 02:31:00,02:31:00,78,
2026.08.29 02:33:00,02:33:00,82,
2026.08.29 02:34:00,02:34:00,79,
2026.08.29 02:35:00,02:35:00,105,
2026.08.29 02:36:00,02:36:00,75,
2026.08.29 02:37:00,02:37:00,75,
2026.08.29 02:38:00,02:38:00,65,
2026.08.29 02:39:00,02:39:00,72,
2026.08.29 02:43:00,02:43:00,65,
2026.08.29 02:44:00,02:44:00,68,
2026.08.29 02:45:00,02:45:00,58,
2026.08.29 02:46:00,02:46:00,70,
2026.08.29 02:47:00,02:47:00,67,
2026.08.29 02:48:00,02:48:00,71,
2026.08.29 02:49:00,02:49:00,59,
2026.08.29 02:50:00,02:50:00,66,
2026.08.29 02:54:00,02:54:00,80,
2026.08.29 02:56:00,02:56:00,71,
2026.08.29 02:57:00,02:57:00,79,
2026.08.29 02:58:00,02:58:00,67,
2026.08.29 03:03:00,03:03:00,66,
2026.08.29 03:04:00,03:04:00,81,
2026.08.29 03:05:00,03:05:00,62,
2026.08.29 03:06:00,03:06:00,61,
2026.08.29 03:07:00,03:07:00,69,
2026.08.29 03:09:00,03:09:00,58,
2026.08.29 03:11:00,03:11:00,60,
2026.08.29 03:12:00,03:12:00,60,
2026.08.29 03:13:00,03:13:00,73,
2026.08.29 03:14:00,03:14:00,66,
2026.08.29 03:15:00,03:15:00,60,
2026.08.29 03:17:00,03:17:00,79,
2026.08.29 03:18:00,03:18:00,74,
2026.08.29 03:19:00,03:19:00,69,
2026.08.29 03:20:00,03:20:00,62,
2026.08.29 03:21:00,03:21:00,72,
2026.08.29 03:22:00,03:22:00,65,
2026.08.29 03:23:00,03:23:00,72,
2026.08.29 03:24:00,03:24:00,64,
2026.08.29 03:25:00,03:25:00,64,
2026.08.29 03:28:00,03:28:00,70,
2026.08.29 03:29:00,03:29:00,60,
2026.08.29 03:30:00,03:30:00,88,
2026.08.29 03:31:00,03:31:00,102,
2026.08.29 03:32:00,03:32:00,91,
2026.08.29 03:33:00,03:33:00,94,
2026.08.29 03:34:00,03:34:00,80,
2026.08.29 03:35:00,03:35:00,103,
2026.08.29 03:36:00,03:36:00,87,
2026.08.29 03:37:00,03:37:00,87,
2026.08.29 03:38:00,03:38:00,90,
2026.08.29 03:40:00,03:40:00,83,
2026.08.29 03:41:00,03:41:00,95,
2026.08.29 03:42:00,03:42:00,87,
2026.08.29 03:43:00,03:43:00,86,
2026.08.29 03:44:00,03:44:00,89,
2026.08.29 03:47:00,03:47:00,65,
2026.08.29 03:59:00,03:59:00,56,
2026.08.29 04:00:00,04:00:00,59,
2026.08.29 04:01:00,04:01:00,47,
2026.08.29 04:02:00,04:02:00,48,
2026.08.29 04:04:00,04:04:00,55,
2026.08.29 04:05:00,04:05:00,57,
2026.08.29 04:11:00,04:11:00,78,
2026.08.29 04:13:00,04:13:00,56,
2026.08.29 04:14:00,04:14:00,79,
2026.08.29 04:17:00,04:17:00,88,
2026.08.29 04:20:00,04:20:00,88,
2026.08.29 04:21:00,04:21:00,83,
2026.08.29 04:26:00,04:26:00,55,
2026.08.29 04:27:00,04:27:00,55,
2026.08.29 04:30:00,04:30:00,57,
2026.08.29 04:35:00,04:35:00,60,
2026.08.29 04:36:00,04:36:00,60,
2026.08.29 04:40:00,04:40:00,61,
2026.08.29 04:50:00,04:50:00,60,
2026.08.29 05:00:00,05:00:00,61,
2026.08.29 05:02:00,05:02:00,60,
2026.08.29 05:10:00,05:10:00,60,
2026.08.29 05:20:00,05:20:00,56,
2026.08.29 05:30:00,05:30:00,60,
2026.08.29 05:40:00,05:40:00,57,
2026.08.29 05:56:00,05:56:00,57,
2026.08.29 06:00:00,06:00:00,56,
2026.08.29 06:10:00,06:10:00,54,
2026.08.29 06:17:00,06:17:00,76,
2026.08.29 06:20:00,06:20:00,48,
2026.08.29 06:30:00,06:30:00,54,
2026.08.29 06:40:00,06:40:00,53,
2026.08.29 06:50:00,06:50:00,52,
2026.08.29 07:00:00,07:00:00,55,
2026.08.29 07:10:00,07:10:00,51,
2026.08.29 07:14:00,07:14:00,69,
2026.08.29 07:20:00,07:20:00,53,
2026.08.29 07:30:00,07:30:00,56,
2026.08.29 07:36:00,07:36:00,75,
2026.08.29 07:40:00,07:40:00,51,
2026.08.29 07:50:00,07:50:00,50,
2026.08.29 07:51:00,07:51:00,54,
2026.08.29 08:00:00,08:00:00,46,
2026.08.29 08:01:00,08:01:00,53,
2026.08.29 08:10:00,08:10:00,53,
2026.08.29 08:11:00,08:11:00,56,
2026.08.29 08:14:00,08:14:00,78,
2026.08.29 08:18:00,08:18:00,79,
2026.08.29 08:19:00,08:19:00,75,
2026.08.29 08:20:00,08:20:00,59,
2026.08.29 08:21:00,08:21:00,80,
2026.08.29 08:26:00,08:26:00,87,
2026.08.29 08:27:00,08:27:00,73,
2026.08.29 08:28:00,08:28:00,57,
2026.08.29 08:30:00,08:30:00,54,
2026.08.29 08:32:00,08:32:00,91,
2026.08.29 08:36:00,08:36:00,82,
2026.08.29 08:40:00,08:40:00,56,
2026.08.29 08:42:00,08:42:00,82,
2026.08.29 08:44:00,08:44:00,84,
2026.08.29 08:45:00,08:45:00,80,
2026.08.29 08:50:00,08:50:00,59,
2026.08.29 08:51:00,08:51:00,60,
2026.08.29 08:52:00,08:52:00,73,
2026.08.29 08:58:00,08:58:00,83,
2026.08.29 08:59:00,08:59:00,76,
2026.08.29 09:00:00,09:00:00,48,
2026.08.29 09:09:00,09:09:00,55,
2026.08.29 09:10:00,09:10:00,52,
2026.08.29 09:11:00,09:11:00,52,
2026.08.29 09:12:00,09:12:00,50,
2026.08.29 09:14:00,09:14:00,51,
2026.08.29 09:15:00,09:15:00,53,
2026.08.29 09:20:00,09:20:00,51,
2026.08.29 09:21:00,09:21:00,49,
2026.08.29 09:25:00,09:25:00,78,
2026.08.29 09:28:00,09:28:00,82,
2026.08.29 09:29:00,09:29:00,86,
2026.08.29 09:30:00,09:30:00,64,
2026.08.29 09:31:00,09:31:00,61,
2026.08.29 09:34:00,09:34:00,85,
2026.08.29 09:40:00,09:40:00,60,
2026.08.29 09:41:00,09:41:00,60,
2026.08.29 09:50:00,09:50:00,61,
2026.08.29 09:51:00,09:51:00,60,
2026.08.29 09:56:00,09:56:00,94,
2026.08.29 09:57:00,09:57:00,95,
2026.08.29 10:00:00,10:00:00,55,
2026.08.29 10:01:00,10:01:00,55,
2026.08.29 10:07:00,10:07:00,90,
2026.08.29 10:08:00,10:08:00,90,
2026.08.29 10:12:00,10:12:00,85,
2026.08.29 10:15:00,10:15:00,94,
2026.08.29 10:16:00,10:16:00,95,
2026.08.29 10:17:00,10:17:00,63,
2026.08.29 10:18:00,10:18:00,59,
2026.08.29 10:19:00,10:19:00,87,
2026.08.29 10:20:00,10:20:00,88,
2026.08.29 10:22:00,10:22:00,89,
2026.08.29 10:24:00,10:24:00,85,
2026.08.29 10:26:00,10:26:00,84,
2026.08.29 10:27:00,10:27:00,88,
2026.08.29 10:28:00,10:28:00,62,
2026.08.29 10:32:00,10:32:00,83,
2026.08.29 10:40:00,10:40:00,48,
2026.08.29 10:42:00,10:42:00,50,
2026.08.29 10:48:00,10:48:00,55,
2026.08.29 10:49:00,10:49:00,51,
2026.08.29 10:50:00,10:50:00,53,
2026.08.29 11:00:00,11:00:00,55,
2026.08.29 11:10:00,11:10:00,58,
2026.08.29 11:11:00,11:11:00,55,
2026.08.29 11:17:00,11:17:00,72,
2026.08.29 11:18:00,11:18:00,83,
2026.08.29 11:20:00,11:20:00,55,
2026.08.29 11:21:00,11:21:00,52,
2026.08.29 11:22:00,11:22:00,81,
2026.08.29 11:23:00,11:23:00,59,
2026.08.29 11:30:00,11:30:00,49,
2026.08.29 11:31:00,11:31:00,53,
2026.08.29 11:32:00,11:32:00,53,
2026.08.29 11:33:00,11:33:00,54,
2026.08.29 11:40:00,11:40:00,52,
2026.08.29 11:41:00,11:41:00,55,
2026.08.29 11:45:00,11:45:00,54,
2026.08.29 11:47:00,11:47:00,54,
2026.08.29 11:48:00,11:48:00,54,
2026.08.29 11:50:00,11:50:00,52,
2026.08.29 11:51:00,11:51:00,55,
2026.08.29 12:00:00,12:00:00,54,
2026.08.29 12:01:00,12:01:00,56,
2026.08.29 12:10:00,12:10:00,51,
2026.08.29 12:11:00,12:11:00,54,
2026.08.29 12:13:00,12:13:00,82,
2026.08.29 12:14:00,12:14:00,61,
2026.08.29 12:18:00,12:18:00,81,
2026.08.29 12:20:00,12:20:00,59,
2026.08.29 12:21:00,12:21:00,80,
2026.08.29 12:23:00,12:23:00,124,
2026.08.29 12:24:00,12:24:00,119,
2026.08.29 12:25:00,12:25:00,127,
2026.08.29 12:26:00,12:26:00,111,
2026.08.29 12:27:00,12:27:00,95,
2026.08.29 12:29:00,12:29:00,94,
2026.08.29 12:30:00,12:30:00,88,
2026.08.29 12:32:00,12:32:00,80,
2026.08.29 12:37:00,12:37:00,94,
2026.08.29 12:39:00,12:39:00,88,
2026.08.29 12:40:00,12:40:00,84,
2026.08.29 12:42:00,12:42:00,83,
2026.08.29 12:49:00,12:49:00,81,
2026.08.29 12:50:00,12:50:00,82,
2026.08.29 12:52:00,12:52:00,91,
2026.08.29 12:54:00,12:54:00,91,
2026.08.29 12:55:00,12:55:00,89,
2026.08.29 12:57:00,12:57:00,89,
2026.08.29 13:00:00,13:00:00,97,
2026.08.29 13:02:00,13:02:00,96,
2026.08.29 13:03:00,13:03:00,89,
2026.08.29 13:04:00,13:04:00,64,
2026.08.29 13:06:00,13:06:00,69,
2026.08.29 13:07:00,13:07:00,90,
2026.08.29 13:08:00,13:08:00,98,
2026.08.29 13:10:00,13:10:00,60,
2026.08.29 13:11:00,13:11:00,76,
2026.08.29 13:16:00,13:16:00,80,
2026.08.29 13:19:00,13:19:00,89,
2026.08.29 13:20:00,13:20:00,91,
2026.08.29 13:21:00,13:21:00,94,
2026.08.29 13:22:00,13:22:00,108,
2026.08.29 13:23:00,13:23:00,86,
2026.08.29 13:24:00,13:24:00,90,
2026.08.29 13:27:00,13:27:00,91,
2026.08.29 13:29:00,13:29:00,95,
2026.08.29 13:30:00,13:30:00,92,
2026.08.29 13:34:00,13:34:00,95,
2026.08.29 13:36:00,13:36:00,95,
2026.08.29 13:37:00,13:37:00,98,
2026.08.29 13:38:00,13:38:00,99,
2026.08.29 13:39:00,13:39:00,100,
2026.08.29 13:40:00,13:40:00,88,
2026.08.29 13:41:00,13:41:00,82,
2026.08.29 13:43:00,13:43:00,82,
2026.08.29 13:44:00,13:44:00,64,
2026.08.29 13:46:00,13:46:00,83,
2026.08.29 13:48:00,13:48:00,90,
2026.08.29 13:49:00,13:49:00,86,
2026.08.29 13:50:00,13:50:00,82,
2026.08.29 13:51:00,13:51:00,80,
2026.08.29 13:52:00,13:52:00,95,
2026.08.29 13:53:00,13:53:00,80,
2026.08.29 13:54:00,13:54:00,79,
2026.08.29 13:55:00,13:55:00,77,
2026.08.29 13:57:00,13:57:00,86,
2026.08.29 13:59:00,13:59:00,88,
2026.08.29 14:00:00,14:00:00,84,
2026.08.29 14:01:00,14:01:00,77,
2026.08.29 14:02:00,14:02:00,90,
2026.08.29 14:03:00,14:03:00,76,
2026.08.29 14:04:00,14:04:00,78,
2026.08.29 14:05:00,14:05:00,81,
2026.08.29 14:07:00,14:07:00,100,
2026.08.29 14:08:00,14:08:00,88,
2026.08.29 14:10:00,14:10:00,83,
2026.08.29 14:11:00,14:11:00,84,
2026.08.29 14:12:00,14:12:00,75,
2026.08.29 14:13:00,14:13:00,76,
2026.08.29 14:14:00,14:14:00,71,
2026.08.29 14:15:00,14:15:00,72,
2026.08.29 14:16:00,14:16:00,77,
2026.08.29 14:17:00,14:17:00,82,
2026.08.29 14:18:00,14:18:00,74,
2026.08.29 14:19:00,14:19:00,67,
2026.08.29 14:20:00,14:20:00,72,
2026.08.29 14:21:00,14:21:00,67,
2026.08.29 14:23:00,14:23:00,64,
2026.08.29 14:24:00,14:24:00,79,
2026.08.29 14:25:00,14:25:00,76,
2026.08.29 14:26:00,14:26:00,76,
2026.08.29 14:27:00,14:27:00,81,
2026.08.29 14:28:00,14:28:00,74,
2026.08.29 14:30:00,14:30:00,80,
2026.08.29 14:31:00,14:31:00,87,
2026.08.29 14:36:00,14:36:00,74,
2026.08.29 14:37:00,14:37:00,74,
2026.08.29 14:38:00,14:38:00,73,
2026.08.29 14:41:00,14:41:00,79,
2026.08.29 14:42:00,14:42:00,68,
2026.08.29 14:45:00,14:45:00,65,
2026.08.29 14:47:00,14:47:00,84,
2026.08.29 14:48:00,14:48:00,92,
2026.08.29 14:49:00,14:49:00,77,
2026.08.29 14:51:00,14:51:00,62,
2026.08.29 14:56:00,14:56:00,58,
2026.08.29 14:57:00,14:57:00,58,
2026.08.29 15:01:00,15:01:00,57,
2026.08.29 15:06:00,15:06:00,57,
2026.08.29 15:07:00,15:07:00,57,
2026.08.29 15:08:00,15:08:00,53,
2026.08.29 15:10:00,15:10:00,56,
2026.08.29 15:11:00,15:11:00,57,
2026.08.29 15:13:00,15:13:00,55,
2026.08.29 15:14:00,15:14:00,56,
2026.08.29 15:20:00,15:20:00,56,
2026.08.29 15:21:00,15:21:00,56,
2026.08.29 15:30:00,15:30:00,57,
2026.08.29 15:31:00,15:31:00,57,
2026.08.29 15:40:00,15:40:00,51,
2026.08.29 15:41:00,15:41:00,51,
2026.08.29 15:50:00,15:50:00,60,
2026.08.29 15:58:00,15:58:00,85,
2026.08.29 16:00:00,16:00:00,63,
2026.08.29 16:10:00,16:10:00,62,
2026.08.29 16:20:00,16:20:00,59,
2026.08.29 16:23:00,16:23:00,82,
2026.08.29 16:30:00,16:30:00,54,
2026.08.29 16:40:00,16:40:00,58,
2026.08.29 16:42:00,16:42:00,80,
2026.08.29 16:43:00,16:43:00,86,
2026.08.29 16:48:00,16:48:00,58,
2026.08.29 16:50:00,16:50:00,55,
2026.08.29 16:59:00,16:59:00,63,
2026.08.29 17:00:00,17:00:00,54,
2026.08.29 17:03:00,17:03:00,98,
2026.08.29 17:04:00,17:04:00,98,
2026.08.29 17:10:00,17:10:00,53,
2026.08.29 17:17:00,17:17:00,62,
2026.08.29 17:20:00,17:20:00,53,
2026.08.29 17:22:00,17:22:00,76,
2026.08.29 17:26:00,17:26:00,64,
2026.08.29 17:27:00,17:27:00,95,
2026.08.29 17:28:00,17:28:00,104,
2026.08.29 17:29:00,17:29:00,86,
2026.08.29 17:30:00,17:30:00,85,
2026.08.29 17:31:00,17:31:00,83,
2026.08.29 17:32:00,17:32:00,101,
2026.08.29 17:33:00,17:33:00,94,
2026.08.29 17:34:00,17:34:00,92,
2026.08.29 17:37:00,17:37:00,82,
2026.08.29 17:38:00,17:38:00,94,
2026.08.29 17:39:00,17:39:00,70,
2026.08.29 17:40:00,17:40:00,82,
2026.08.29 17:41:00,17:41:00,84,
2026.08.29 17:42:00,17:42:00,75,
2026.08.29 17:44:00,17:44:00,82,
2026.08.29 17:47:00,17:47:00,86,
2026.08.29 17:48:00,17:48:00,94,
2026.08.29 17:50:00,17:50:00,94,
2026.08.29 17:52:00,17:52:00,79,
2026.08.29 17:54:00,17:54:00,79,
2026.08.29 17:55:00,17:55:00,62,
2026.08.29 17:56:00,17:56:00,76,
2026.08.29 17:57:00,17:57:00,80,
2026.08.29 17:59:00,17:59:00,81,
2026.08.29 18:04:00,18:04:00,76,
2026.08.29 18:05:00,18:05:00,70,
2026.08.29 18:06:00,18:06:00,66,
2026.08.29 18:12:00,18:12:00,79,
2026.08.29 18:13:00,18:13:00,76,
2026.08.29 18:14:00,18:14:00,75,
2026.08.29 18:16:00,18:16:00,68,
2026.08.29 18:17:00,18:17:00,80,
2026.08.29 18:18:00,18:18:00,60,
2026.08.29 18:19:00,18:19:00,67,
2026.08.29 18:20:00,18:20:00,71,
2026.08.29 18:21:00,18:21:00,77,
2026.08.29 18:22:00,18:22:00,80,
2026.08.29 18:23:00,18:23:00,80,
2026.08.29 18:24:00,18:24:00,80,
2026.08.29 18:25:00,18:25:00,76,
2026.08.29 18:26:00,18:26:00,65,
2026.08.29 18:29:00,18:29:00,80,
2026.08.29 18:30:00,18:30:00,68,
2026.08.29 18:31:00,18:31:00,74,
2026.08.29 18:32:00,18:32:00,69,
2026.08.29 18:33:00,18:33:00,72,
2026.08.29 18:34:00,18:34:00,64,
2026.08.29 18:35:00,18:35:00,78,
2026.08.29 18:36:00,18:36:00,71,
2026.08.29 18:37:00,18:37:00,74,
2026.08.29 18:38:00,18:38:00,71,
2026.08.29 18:39:00,18:39:00,63,
2026.08.29 18:40:00,18:40:00,73,
2026.08.29 18:43:00,18:43:00,66,
2026.08.29 18:44:00,18:44:00,63,
2026.08.29 18:45:00,18:45:00,68,
2026.08.29 18:46:00,18:46:00,71,
2026.08.29 18:47:00,18:47:00,69,
2026.08.29 18:48:00,18:48:00,72,
2026.08.29 18:49:00,18:49:00,78,
2026.08.29 18:50:00,18:50:00,71,
2026.08.29 18:51:00,18:51:00,69,
2026.08.29 18:52:00,18:52:00,71,
2026.08.29 18:59:00,18:59:00,76,
2026.08.29 19:00:00,19:00:00,67,
2026.08.29 19:01:00,19:01:00,74,
2026.08.29 19:03:00,19:03:00,81,
2026.08.29 19:10:00,19:10:00,66,
2026.08.29 19:13:00,19:13:00,64,
2026.08.29 19:14:00,19:14:00,93,
2026.08.29 19:15:00,19:15:00,59,
2026.08.29 19:16:00,19:16:00,93,
2026.08.29 19:26:00,19:26:00,59,
2026.08.29 19:27:00,19:27:00,83,
2026.08.29 19:29:00,19:29:00,87,
2026.08.29 19:30:00,19:30:00,67,
2026.08.29 19:31:00,19:31:00,77,
2026.08.29 19:32:00,19:32:00,71,
2026.08.29 19:33:00,19:33:00,78,
2026.08.29 19:34:00,19:34:00,56,
2026.08.29 19:35:00,19:35:00,77,
2026.08.29 19:37:00,19:37:00,74,
2026.08.29 19:38:00,19:38:00,65,
2026.08.29 19:39:00,19:39:00,67,
2026.08.29 19:40:00,19:40:00,65,
2026.08.29 19:41:00,19:41:00,70,
2026.08.29 19:42:00,19:42:00,67,
2026.08.29 19:43:00,19:43:00,78,
2026.08.29 19:44:00,19:44:00,92,
2026.08.29 19:45:00,19:45:00,60,
2026.08.29 19:46:00,19:46:00,65,
2026.08.29 19:47:00,19:47:00,72,
2026.08.29 19:48:00,19:48:00,66,
2026.08.29 19:49:00,19:49:00,72,
2026.08.29 19:50:00,19:50:00,80,
2026.08.29 19:51:00,19:51:00,73,
2026.08.29 19:53:00,19:53:00,87,
2026.08.29 19:54:00,19:54:00,82,
2026.08.29 19:55:00,19:55:00,87,
2026.08.29 19:56:00,19:56:00,90,
2026.08.29 19:57:00,19:57:00,80,
2026.08.29 19:58:00,19:58:00,82,
2026.08.29 20:00:00,20:00:00,83,
2026.08.29 20:02:00,20:02:00,71,
2026.08.29 20:03:00,20:03:00,71,
2026.08.29 20:04:00,20:04:00,73,
2026.08.29 20:06:00,20:06:00,65,
2026.08.29 20:07:00,20:07:00,67,
2026.08.29 20:08:00,20:08:00,78,
2026.08.29 20:09:00,20:09:00,77,
2026.08.29 20:12:00,20:12:00,76,
2026.08.29 20:13:00,20:13:00,63,
2026.08.29 20:14:00,20:14:00,75,
2026.08.29 20:17:00,20:17:00,80,
2026.08.29 20:19:00,20:19:00,80,
2026.08.29 20:20:00,20:20:00,60,
2026.08.29 20:21:00,20:21:00,61,
2026.08.29 20:22:00,20:22:00,62,
2026.08.29 20:23:00,20:23:00,73,
2026.08.29 20:24:00,20:24:00,66,
2026.08.29 20:28:00,20:28:00,66,
2026.08.29 20:29:00,20:29:00,68,
2026.08.29 20:30:00,20:30:00,74,
2026.08.29 20:31:00,20:31:00,74,
2026.08.29 20:33:00,20:33:00,94,
2026.08.29 20:34:00,20:34:00,81,
2026.08.29 20:37:00,20:37:00,78,
2026.08.29 20:38:00,20:38:00,85,
2026.08.29 20:39:00,20:39:00,84,
2026.08.29 20:40:00,20:40:00,88,
2026.08.29 20:41:00,20:41:00,86,
2026.08.29 20:42:00,20:42:00,97,
2026.08.29 20:43:00,20:43:00,85,
2026.08.29 20:44:00,20:44:00,80,
2026.08.29 20:46:00,20:46:00,68,
2026.08.29 20:50:00,20:50:00,85,
2026.08.29 20:51:00,20:51:00,92,
2026.08.29 20:52:00,20:52:00,76,
2026.08.29 20:54:00,20:54:00,88,
2026.08.29 20:56:00,20:56:00,82,
2026.08.29 20:57:00,20:57:00,80,
2026.08.29 20:58:00,20:58:00,93,
2026.08.29 20:59:00,20:59:00,95,
2026.08.29 21:00:00,21:00:00,79,
2026.08.29 21:01:00,21:01:00,68,
2026.08.29 21:03:00,21:03:00,60,
2026.08.29 21:08:00,21:08:00,68,
2026.08.29 21:09:00,21:09:00,66,
2026.08.29 21:10:00,21:10:00,70,
2026.08.29 21:13:00,21:13:00,57,
2026.08.29 21:14:00,21:14:00,61,
2026.08.29 21:15:00,21:15:00,66,
2026.08.29 21:16:00,21:16:00,56,
2026.08.29 21:17:00,21:17:00,60,
2026.08.29 21:19:00,21:19:00,60,
2026.08.29 21:20:00,21:20:00,56,
2026.08.29 21:21:00,21:21:00,55,
2026.08.29 21:22:00,21:22:00,77,
2026.08.29 21:24:00,21:24:00,85,
2026.08.29 21:26:00,21:26:00,61,
2026.08.29 21:27:00,21:27:00,81,
2026.08.29 21:28:00,21:28:00,85,
2026.08.29 21:29:00,21:29:00,71,
2026.08.29 21:30:00,21:30:00,71,
2026.08.29 21:32:00,21:32:00,62,
2026.08.29 21:36:00,21:36:00,71,
2026.08.29 21:41:00,21:41:00,67,
2026.08.29 21:42:00,21:42:00,64,
2026.08.29 21:50:00,21:50:00,64,
2026.08.29 21:53:00,21:53:00,65,
2026.08.29 22:00:00,22:00:00,68,
2026.08.29 22:05:00,22:05:00,62,
2026.08.29 22:06:00,22:06:00,62,
2026.08.29 22:08:00,22:08:00,63,
2026.08.29 22:09:00,22:09:00,63,
2026.08.29 22:10:00,22:10:00,60,
2026.08.29 22:11:00,22:11:00,79,
2026.08.29 22:14:00,22:14:00,63,
2026.08.29 22:16:00,22:16:00,71,
2026.08.29 22:19:00,22:19:00,80,
2026.08.29 22:22:00,22:22:00,93,
2026.08.29 22:24:00,22:24:00,68,
2026.08.29 22:30:00,22:30:00,61,
2026.08.29 22:35:00,22:35:00,93,
2026.08.29 22:36:00,22:36:00,57,
2026.08.29 22:46:00,22:46:00,82,
2026.08.29 22:48:00,22:48:00,72,
2026.08.29 22:50:00,22:50:00,57,
2026.08.29 22:56:00,22:56:00,62,
2026.08.29 22:59:00,22:59:00,79,
2026.08.29 23:00:00,23:00:00,78,
2026.08.29 23:09:00,23:09:00,80,
2026.08.29 23:10:00,23:10:00,89,
2026.08.29 23:11:00,23:11:00,88,
2026.08.29 23:14:00,23:14:00,84,
2026.08.29 23:15:00,23:15:00,74,
2026.08.29 23:16:00,23:16:00,88,
2026.08.29 23:17:00,23:17:00,99,
2026.08.29 23:18:00,23:18:00,88,
2026.08.29 23:20:00,23:20:00,85,
2026.08.29 23:21:00,23:21:00,83,
2026.08.29 23:22:00,23:22:00,84,
2026.08.29 23:23:00,23:23:00,90,
2026.08.29 23:24:00,23:24:00,90,
2026.08.29 23:27:00,23:27:00,95,
2026.08.29 23:28:00,23:28:00,80,
2026.08.29 23:29:00,23:29:00,89,
2026.08.29 23:32:00,23:32:00,90,
2026.08.29 23:35:00,23:35:00,82,
2026.08.29 23:37:00,23:37:00,80,
2026.08.29 23:42:00,23:42:00,81,
2026.08.29 23:43:00,23:43:00,106,
2026.08.29 23:44:00,23:44:00,84,
2026.08.29 23:45:00,23:45:00,82,
2026.08.29 23:47:00,23:47:00,85,
2026.08.29 23:50:00,23:50:00,96,
2026.08.29 23:51:00,23:51:00,80,
2026.08.29 23:52:00,23:52:00,68,
2026.08.29 23:53:00,23:53:00,68,
2026.08.29 23:54:00,23:54:00,83,
2026.08.29 23:55:00,23:55:00,86,
2026.08.29 23:56:00,23:56:00,97,
2026.08.29 23:57:00,23:57:00,91,
2026.08.29 23:58:00,23:58:00,100,
2026.08.29 23:59:00,23:59:00,90,
2026.08.30 00:02:00,00:02:00,84,
2026.08.30 00:03:00,00:03:00,105,
2026.08.30 00:04:00,00:04:00,87,
2026.08.30 00:05:00,00:05:00,86,
2026.08.30 00:06:00,00:06:00,94,
2026.08.30 00:07:00,00:07:00,121,
2026.08.30 00:08:00,00:08:00,100,
2026.08.30 00:09:00,00:09:00,112,
2026.08.30 00:10:00,00:10:00,115,
2026.08.30 00:11:00,00:11:00,127,
2026.08.30 00:12:00,00:12:00,92,
2026.08.30 00:13:00,00:13:00,78,
2026.08.30 00:14:00,00:14:00,90,
2026.08.30 00:17:00,00:17:00,69,
2026.08.30 00:18:00,00:18:00,71,
2026.08.30 00:19:00,00:19:00,77,
2026.08.30 00:21:00,00:21:00,68,
2026.08.30 00:23:00,00:23:00,63,
2026.08.30 00:24:00,00:24:00,61,
2026.08.30 00:25:00,00:25:00,57,
2026.08.30 00:29:00,00:29:00,86,
2026.08.30 00:30:00,00:30:00,86,
2026.08.30 00:32:00,00:32:00,63,
2026.08.30 00:33:00,00:33:00,56,
2026.08.30 00:34:00,00:34:00,65,
2026.08.30 00:35:00,00:35:00,56,
2026.08.30 00:37:00,00:37:00,55,
2026.08.30 00:38:00,00:38:00,53,
2026.08.30 00:39:00,00:39:00,59,
2026.08.30 00:49:00,00:49:00,63,
2026.08.30 00:50:00,00:50:00,58,
2026.08.30 01:00:00,01:00:00,66,
2026.08.30 01:06:00,01:06:00,59,
2026.08.30 01:13:00,01:13:00,113,
2026.08.30 01:14:00,01:14:00,61,
2026.08.30 01:15:00,01:15:00,75,
2026.08.30 01:16:00,01:16:00,76,
2026.08.30 01:17:00,01:17:00,60,
2026.08.30 01:18:00,01:18:00,60,
2026.08.30 01:19:00,01:19:00,56,
2026.08.30 01:20:00,01:20:00,77,
2026.08.30 01:21:00,01:21:00,54,
2026.08.30 01:22:00,01:22:00,62,
2026.08.30 01:23:00,01:23:00,56,
2026.08.30 01:26:00,01:26:00,57,
2026.08.30 01:28:00,01:28:00,79,
2026.08.30 01:29:00,01:29:00,79,
2026.08.30 01:30:00,01:30:00,71,
2026.08.30 01:31:00,01:31:00,67,
2026.08.30 01:36:00,01:36:00,74,
2026.08.30 01:38:00,01:38:00,79,
2026.08.30 01:39:00,01:39:00,62,
2026.08.30 01:40:00,01:40:00,91,
2026.08.30 01:41:00,01:41:00,72,
2026.08.30 01:42:00,01:42:00,90,
2026.08.30 01:43:00,01:43:00,88,
2026.08.30 01:44:00,01:44:00,85,
2026.08.30 01:47:00,01:47:00,61,
2026.08.30 01:48:00,01:48:00,82,
2026.08.30 01:49:00,01:49:00,91,
2026.08.30 01:51:00,01:51:00,57,
2026.08.30 01:55:00,01:55:00,72,
2026.08.30 01:56:00,01:56:00,68,
2026.08.30 01:57:00,01:57:00,79,
2026.08.30 01:58:00,01:58:00,61,
2026.08.30 01:59:00,01:59:00,64,
2026.08.30 02:00:00,02:00:00,65,
2026.08.30 02:01:00,02:01:00,71,
2026.08.30 02:05:00,02:05:00,63,
2026.08.30 02:06:00,02:06:00,58,
2026.08.30 02:09:00,02:09:00,67,
2026.08.30 02:10:00,02:10:00,66,
2026.08.30 02:11:00,02:11:00,67,
2026.08.30 02:12:00,02:12:00,82,
2026.08.30 02:14:00,02:14:00,59,
2026.08.30 02:15:00,02:15:00,67,
2026.08.30 02:19:00,02:19:00,59,
2026.08.30 02:20:00,02:20:00,60,
2026.08.30 02:21:00,02:21:00,66,
2026.08.30 02:25:00,02:25:00,88,
2026.08.30 02:26:00,02:26:00,72,
2026.08.30 02:27:00,02:27:00,57,
2026.08.30 02:30:00,02:30:00,78,
2026.08.30 02:31:00,02:31:00,60,
2026.08.30 02:32:00,02:32:00,56,
2026.08.30 02:33:00,02:33:00,55,
2026.08.30 02:37:00,02:37:00,75,
2026.08.30 02:43:00,02:43:00,84,
2026.08.30 02:45:00,02:45:00,73,
2026.08.30 02:46:00,02:46:00,81,
2026.08.30 02:49:00,02:49:00,86,
2026.08.30 02:50:00,02:50:00,65,
2026.08.30 02:52:00,02:52:00,84,
2026.08.30 02:53:00,02:53:00,58,
2026.08.30 03:03:00,03:03:00,50,
2026.08.30 03:06:00,03:06:00,56,
2026.08.30 03:07:00,03:07:00,65,
2026.08.30 03:13:00,03:13:00,51,
2026.08.30 03:21:00,03:21:00,55,
2026.08.30 03:22:00,03:22:00,54,
2026.08.30 03:23:00,03:23:00,54,
2026.08.30 03:33:00,03:33:00,54,
2026.08.30 03:40:00,03:40:00,57,
2026.08.30 03:42:00,03:42:00,54,
2026.08.30 03:50:00,03:50:00,55,
2026.08.30 04:00:00,04:00:00,54,
2026.08.30 04:01:00,04:01:00,56,
2026.08.30 04:10:00,04:10:00,48,
2026.08.30 04:11:00,04:11:00,53,
2026.08.30 04:20:00,04:20:00,61,
2026.08.30 04:21:00,04:21:00,47,
2026.08.30 04:30:00,04:30:00,46,
2026.08.30 04:31:00,04:31:00,51,
2026.08.30 04:40:00,04:40:00,51,
2026.08.30 04:41:00,04:41:00,51,
2026.08.30 04:50:00,04:50:00,52,
2026.08.30 04:51:00,04:51:00,51,
2026.08.30 05:00:00,05:00:00,49,
2026.08.30 05:01:00,05:01:00,49,
2026.08.30 05:10:00,05:10:00,56,
2026.08.30 05:11:00,05:11:00,54,
2026.08.30 05:20:00,05:20:00,54,
2026.08.30 05:21:00,05:21:00,55,
2026.08.30 05:30:00,05:30:00,51,
2026.08.30 05:31:00,05:31:00,46,
2026.08.30 05:40:00,05:40:00,76,
2026.08.30 05:41:00,05:41:00,51,
2026.08.30 05:50:00,05:50:00,49,
2026.08.30 05:51:00,05:51:00,46,
2026.08.30 06:00:00,06:00:00,47,
2026.08.30 06:01:00,06:01:00,46,
2026.08.30 06:10:00,06:10:00,45,
2026.08.30 06:11:00,06:11:00,55,
2026.08.30 06:20:00,06:20:00,66,
2026.08.30 06:21:00,06:21:00,53,
2026.08.30 06:30:00,06:30:00,49,
2026.08.30 06:31:00,06:31:00,50,
2026.08.30 06:40:00,06:40:00,50,
2026.08.30 06:41:00,06:41:00,48,
2026.08.30 06:50:00,06:50:00,48,
2026.08.30 06:51:00,06:51:00,49,
2026.08.30 07:00:00,07:00:00,52,
2026.08.30 07:01:00,07:01:00,51,
2026.08.30 07:10:00,07:10:00,53,
2026.08.30 07:11:00,07:11:00,51,
2026.08.30 07:20:00,07:20:00,53,
2026.08.30 07:21:00,07:21:00,50,
2026.08.30 07:35:00,07:35:00,53,
2026.08.30 07:36:00,07:36:00,52,
2026.08.30 07:40:00,07:40:00,55,
2026.08.30 07:41:00,07:41:00,53,
2026.08.30 07:50:00,07:50:00,51,
2026.08.30 07:51:00,07:51:00,51,
2026.08.30 08:00:00,08:00:00,52,
2026.08.30 08:01:00,08:01:00,52,
2026.08.30 08:10:00,08:10:00,50,
2026.08.30 08:20:00,08:20:00,47,
2026.08.30 08:30:00,08:30:00,48,
2026.08.30 08:40:00,08:40:00,56,
2026.08.30 08:50:00,08:50:00,54,
2026.08.30 08:53:00,08:53:00,51,
2026.08.30 09:00:00,09:00:00,50,
2026.08.30 09:03:00,09:03:00,50,
2026.08.30 09:05:00,09:05:00,49,
2026.08.30 09:06:00,09:06:00,49,
2026.08.30 09:10:00,09:10:00,53,
2026.08.30 09:11:00,09:11:00,53,
2026.08.30 09:12:00,09:12:00,52,
2026.08.30 09:13:00,09:13:00,57,
2026.08.30 09:19:00,09:19:00,56,
2026.08.30 09:23:00,09:23:00,51,
2026.08.30 09:24:00,09:24:00,47,
2026.08.30 09:25:00,09:25:00,51,
2026.08.30 09:30:00,09:30:00,56,
2026.08.30 09:32:00,09:32:00,92,
2026.08.30 09:35:00,09:35:00,85,
2026.08.30 09:37:00,09:37:00,79,
2026.08.30 09:39:00,09:39:00,68,
2026.08.30 09:43:00,09:43:00,78,
2026.08.30 09:44:00,09:44:00,76,
2026.08.30 09:45:00,09:45:00,82,
2026.08.30 09:46:00,09:46:00,82,
2026.08.30 09:48:00,09:48:00,80,
2026.08.30 09:51:00,09:51:00,82,
2026.08.30 09:55:00,09:55:00,85,
2026.08.30 09:56:00,09:56:00,87,
2026.08.30 09:57:00,09:57:00,88,
2026.08.30 09:59:00,09:59:00,95,
2026.08.30 10:00:00,10:00:00,92,
2026.08.30 10:01:00,10:01:00,74,
2026.08.30 10:02:00,10:02:00,90,
2026.08.30 10:03:00,10:03:00,89,
2026.08.30 10:04:00,10:04:00,86,
2026.08.30 10:05:00,10:05:00,77,
2026.08.30 10:06:00,10:06:00,91,
2026.08.30 10:07:00,10:07:00,91,
2026.08.30 10:08:00,10:08:00,89,
2026.08.30 10:09:00,10:09:00,88,
2026.08.30 10:10:00,10:10:00,87,
2026.08.30 10:11:00,10:11:00,92,
2026.08.30 10:12:00,10:12:00,92,
2026.08.30 10:15:00,10:15:00,92,
2026.08.30 10:16:00,10:16:00,90,
2026.08.30 10:17:00,10:17:00,89,
2026.08.30 10:19:00,10:19:00,81,
2026.08.30 10:24:00,10:24:00,104,
2026.08.30 10:25:00,10:25:00,84,
2026.08.30 10:26:00,10:26:00,74,
2026.08.30 10:30:00,10:30:00,68,
2026.08.30 10:42:00,10:42:00,79,
2026.08.30 10:43:00,10:43:00,90,
2026.08.30 10:44:00,10:44:00,78,
2026.08.30 10:46:00,10:46:00,58,
2026.08.30 10:47:00,10:47:00,69,
2026.08.30 10:48:00,10:48:00,78,
2026.08.30 10:49:00,10:49:00,83,
2026.08.30 10:50:00,10:50:00,84,
2026.08.30 10:52:00,10:52:00,86,
2026.08.30 11:01:00,11:01:00,84,
2026.08.30 11:04:00,11:04:00,62,
2026.08.30 11:07:00,11:07:00,80,
2026.08.30 11:08:00,11:08:00,58,
2026.08.30 11:13:00,11:13:00,84,
2026.08.30 11:14:00,11:14:00,68,
2026.08.30 11:22:00,11:22:00,72,
2026.08.30 11:23:00,11:23:00,60,
2026.08.30 11:24:00,11:24:00,55,
2026.08.30 11:25:00,11:25:00,59,
2026.08.30 11:29:00,11:29:00,65,
2026.08.30 11:30:00,11:30:00,53,
2026.08.30 11:33:00,11:33:00,91,
2026.08.30 11:34:00,11:34:00,96,
2026.08.30 11:35:00,11:35:00,83,
2026.08.30 11:36:00,11:36:00,58,
2026.08.30 11:37:00,11:37:00,81,
2026.08.30 11:38:00,11:38:00,66,
2026.08.30 11:41:00,11:41:00,86,
2026.08.30 11:42:00,11:42:00,95,
2026.08.30 11:44:00,11:44:00,54,
2026.08.30 11:46:00,11:46:00,66,
2026.08.30 11:51:00,11:51:00,54,
2026.08.30 11:54:00,11:54:00,69,
2026.08.30 11:57:00,11:57:00,73,
2026.08.30 11:58:00,11:58:00,68,
2026.08.30 11:59:00,11:59:00,59,
2026.08.30 12:00:00,12:00:00,78,
2026.08.30 12:05:00,12:05:00,53,
2026.08.30 12:06:00,12:06:00,56,
2026.08.30 12:08:00,12:08:00,85,
2026.08.30 12:09:00,12:09:00,89,
2026.08.30 12:10:00,12:10:00,88,
2026.08.30 12:13:00,12:13:00,55,
2026.08.30 12:16:00,12:16:00,59,
2026.08.30 12:17:00,12:17:00,58,
2026.08.30 12:19:00,12:19:00,79,
2026.08.30 12:20:00,12:20:00,58,
2026.08.30 12:23:00,12:23:00,62,
2026.08.30 12:24:00,12:24:00,63,
2026.08.30 12:26:00,12:26:00,60,
2026.08.30 12:27:00,12:27:00,55,
2026.08.30 12:31:00,12:31:00,61,
2026.08.30 12:34:00,12:34:00,105,
2026.08.30 12:35:00,12:35:00,64,
2026.08.30 12:36:00,12:36:00,49,
2026.08.30 12:38:00,12:38:00,72,
2026.08.30 12:40:00,12:40:00,85,
2026.08.30 12:41:00,12:41:00,60,
2026.08.30 12:42:00,12:42:00,56,
2026.08.30 12:43:00,12:43:00,57,
2026.08.30 12:44:00,12:44:00,60,
2026.08.30 12:45:00,12:45:00,69,
2026.08.30 12:46:00,12:46:00,67,
2026.08.30 12:47:00,12:47:00,56,
2026.08.30 12:48:00,12:48:00,55,
2026.08.30 12:49:00,12:49:00,71,
2026.08.30 12:50:00,12:50:00,54,
2026.08.30 12:51:00,12:51:00,69,
2026.08.30 12:52:00,12:52:00,59,
2026.08.30 12:53:00,12:53:00,64,
2026.08.30 12:54:00,12:54:00,60,
2026.08.30 12:58:00,12:58:00,79,
2026.08.30 12:59:00,12:59:00,62,
2026.08.30 13:00:00,13:00:00,70,
2026.08.30 13:01:00,13:01:00,82,
2026.08.30 13:02:00,13:02:00,67,
2026.08.30 13:03:00,13:03:00,83,
2026.08.30 13:04:00,13:04:00,80,
2026.08.30 13:05:00,13:05:00,75,
2026.08.30 13:06:00,13:06:00,88,
2026.08.30 13:07:00,13:07:00,78,
2026.08.30 13:08:00,13:08:00,63,
2026.08.30 13:09:00,13:09:00,87,
2026.08.30 13:10:00,13:10:00,87,
2026.08.30 13:11:00,13:11:00,77,
2026.08.30 13:12:00,13:12:00,70,
2026.08.30 13:13:00,13:13:00,65,
2026.08.30 13:14:00,13:14:00,71,
2026.08.30 13:15:00,13:15:00,63,
2026.08.30 13:16:00,13:16:00,72,
2026.08.30 13:17:00,13:17:00,70,
2026.08.30 13:18:00,13:18:00,68,
2026.08.30 13:21:00,13:21:00,80,
2026.08.30 13:22:00,13:22:00,87,
2026.08.30 13:24:00,13:24:00,85,
2026.08.30 13:25:00,13:25:00,58,
2026.08.30 13:26:00,13:26:00,56,
2026.08.30 13:27:00,13:27:00,59,
2026.08.30 13:28:00,13:28:00,57,
2026.08.30 13:30:00,13:30:00,59,
2026.08.30 13:32:00,13:32:00,59,
2026.08.30 13:33:00,13:33:00,59,
2026.08.30 13:34:00,13:34:00,58,
2026.08.30 13:40:00,13:40:00,56,
2026.08.30 13:45:00,13:45:00,64,
2026.08.30 13:46:00,13:46:00,86,
2026.08.30 13:47:00,13:47:00,82,
2026.08.30 13:48:00,13:48:00,98,
2026.08.30 13:49:00,13:49:00,76,
2026.08.30 13:50:00,13:50:00,75,
2026.08.30 13:52:00,13:52:00,86,
2026.08.30 13:53:00,13:53:00,87,
2026.08.30 13:55:00,13:55:00,71,
2026.08.30 13:56:00,13:56:00,69,
2026.08.30 13:58:00,13:58:00,86,
2026.08.30 14:00:00,14:00:00,81,
2026.08.30 14:01:00,14:01:00,80,
2026.08.30 14:02:00,14:02:00,76,
2026.08.30 14:03:00,14:03:00,85,
2026.08.30 14:06:00,14:06:00,78,
2026.08.30 14:07:00,14:07:00,81,
2026.08.30 14:08:00,14:08:00,86,
2026.08.30 14:09:00,14:09:00,91,
2026.08.30 14:10:00,14:10:00,91,
2026.08.30 14:11:00,14:11:00,94,
2026.08.30 14:12:00,14:12:00,106,
2026.08.30 14:13:00,14:13:00,95,
2026.08.30 14:14:00,14:14:00,118,
2026.08.30 14:21:00,14:21:00,106,
2026.08.30 14:22:00,14:22:00,85,
2026.08.30 14:24:00,14:24:00,84,
2026.08.30 14:25:00,14:25:00,89,
2026.08.30 14:27:00,14:27:00,93,
2026.08.30 14:28:00,14:28:00,88,
2026.08.30 14:30:00,14:30:00,86,
2026.08.30 14:31:00,14:31:00,86,
2026.08.30 14:32:00,14:32:00,83,
2026.08.30 14:35:00,14:35:00,90,
2026.08.30 14:37:00,14:37:00,86,
2026.08.30 14:38:00,14:38:00,95,
2026.08.30 14:39:00,14:39:00,97,
2026.08.30 14:40:00,14:40:00,95,
2026.08.30 14:41:00,14:41:00,75,
2026.08.30 14:47:00,14:47:00,88,
2026.08.30 14:51:00,14:51:00,107,
2026.08.30 14:53:00,14:53:00,89,
2026.08.30 14:54:00,14:54:00,84,
2026.08.30 14:55:00,14:55:00,89,
2026.08.30 14:56:00,14:56:00,91,
2026.08.30 14:58:00,14:58:00,87,
2026.08.30 14:59:00,14:59:00,104,
2026.08.30 15:00:00,15:00:00,106,
2026.08.30 15:01:00,15:01:00,89,
2026.08.30 15:02:00,15:02:00,94,
2026.08.30 15:04:00,15:04:00,84,
2026.08.30 15:06:00,15:06:00,98,
2026.08.30 15:07:00,15:07:00,84,
2026.08.30 15:08:00,15:08:00,92,
2026.08.30 15:09:00,15:09:00,95,
2026.08.30 15:11:00,15:11:00,93,
2026.08.30 15:13:00,15:13:00,87,
2026.08.30 15:15:00,15:15:00,103,
2026.08.30 15:16:00,15:16:00,76,
2026.08.30 15:17:00,15:17:00,75,
2026.08.30 15:19:00,15:19:00,71,
2026.08.30 15:20:00,15:20:00,88,
2026.08.30 15:21:00,15:21:00,89,
2026.08.30 15:22:00,15:22:00,84,
2026.08.30 15:23:00,15:23:00,63,
2026.08.30 15:24:00,15:24:00,87,
2026.08.30 15:26:00,15:26:00,83,
2026.08.30 15:29:00,15:29:00,62,
2026.08.30 15:30:00,15:30:00,84,
2026.08.30 15:32:00,15:32:00,85,
2026.08.30 15:34:00,15:34:00,76,
2026.08.30 15:36:00,15:36:00,89,
2026.08.30 15:37:00,15:37:00,78,
2026.08.30 15:40:00,15:40:00,67,
2026.08.30 15:48:00,15:48:00,59,
2026.08.30 15:49:00,15:49:00,60,
2026.08.30 15:51:00,15:51:00,70,
2026.08.30 15:52:00,15:52:00,74,
2026.08.30 15:53:00,15:53:00,63,
2026.08.30 15:56:00,15:56:00,83,
2026.08.30 15:57:00,15:57:00,75,
2026.08.30 16:00:00,16:00:00,86,
2026.08.30 16:02:00,16:02:00,75,
2026.08.30 16:04:00,16:04:00,77,
2026.08.30 16:05:00,16:05:00,83,
2026.08.30 16:07:00,16:07:00,74,
2026.08.30 16:12:00,16:12:00,66,
2026.08.30 16:13:00,16:13:00,73,
2026.08.30 16:15:00,16:15:00,66,
2026.08.30 16:16:00,16:16:00,86,
2026.08.30 16:17:00,16:17:00,89,
2026.08.30 16:20:00,16:20:00,82,
2026.08.30 16:25:00,16:25:00,82,
2026.08.30 16:26:00,16:26:00,88,
2026.08.30 16:27:00,16:27:00,85,
2026.08.30 16:30:00,16:30:00,60,
2026.08.30 16:31:00,16:31:00,81,
2026.08.30 16:32:00,16:32:00,92,
2026.08.30 16:33:00,16:33:00,94,
2026.08.30 16:35:00,16:35:00,81,
2026.08.30 16:36:00,16:36:00,75,
2026.08.30 16:41:00,16:41:00,92,
2026.08.30 16:44:00,16:44:00,87,
2026.08.30 16:45:00,16:45:00,91,
2026.08.30 16:48:00,16:48:00,81,
2026.08.30 16:49:00,16:49:00,80,
2026.08.30 16:50:00,16:50:00,86,
2026.08.30 16:52:00,16:52:00,92,
2026.08.30 16:53:00,16:53:00,85,
2026.08.30 16:54:00,16:54:00,80,
2026.08.30 16:57:00,16:57:00,81,
2026.08.30 16:59:00,16:59:00,85,
2026.08.30 17:00:00,17:00:00,72,
2026.08.30 17:01:00,17:01:00,78,
2026.08.30 17:03:00,17:03:00,72,
2026.08.30 17:05:00,17:05:00,78,
2026.08.30 17:06:00,17:06:00,80,
2026.08.30 17:08:00,17:08:00,87,
2026.08.30 17:10:00,17:10:00,91,
2026.08.30 17:13:00,17:13:00,79,
2026.08.30 17:14:00,17:14:00,74,
2026.08.30 17:15:00,17:15:00,79,
2026.08.30 17:16:00,17:16:00,77,
2026.08.30 17:17:00,17:17:00,85,
2026.08.30 17:20:00,17:20:00,91,
2026.08.30 17:23:00,17:23:00,78,
2026.08.30 17:26:00,17:26:00,87,
2026.08.30 17:28:00,17:28:00,86,
2026.08.30 17:29:00,17:29:00,86,
2026.08.30 17:30:00,17:30:00,89,
2026.08.30 17:31:00,17:31:00,77,
2026.08.30 17:32:00,17:32:00,88,
2026.08.30 17:35:00,17:35:00,84,
2026.08.30 17:38:00,17:38:00,61,
2026.08.30 17:44:00,17:44:00,91,
2026.08.30 17:45:00,17:45:00,82,
2026.08.30 17:46:00,17:46:00,87,
2026.08.30 17:47:00,17:47:00,113,
2026.08.30 17:49:00,17:49:00,79,
2026.08.30 17:51:00,17:51:00,64,
2026.08.30 17:53:00,17:53:00,59,
2026.08.30 17:54:00,17:54:00,59,
2026.08.30 17:55:00,17:55:00,77,
2026.08.30 17:56:00,17:56:00,57,
2026.08.30 18:03:00,18:03:00,83,
2026.08.30 18:04:00,18:04:00,85,
2026.08.30 18:05:00,18:05:00,65,
2026.08.30 18:06:00,18:06:00,58,
2026.08.30 18:11:00,18:11:00,72,
2026.08.30 18:12:00,18:12:00,85,
2026.08.30 18:13:00,18:13:00,85,
2026.08.30 18:14:00,18:14:00,54,
2026.08.30 18:15:00,18:15:00,59,
2026.08.30 18:16:00,18:16:00,81,
2026.08.30 18:21:00,18:21:00,61,
2026.08.30 18:24:00,18:24:00,79,
2026.08.30 18:25:00,18:25:00,95,
2026.08.30 18:26:00,18:26:00,62,
2026.08.30 18:27:00,18:27:00,63,
2026.08.30 18:28:00,18:28:00,64,
2026.08.30 18:29:00,18:29:00,85,
2026.08.30 18:30:00,18:30:00,80,
2026.08.30 18:31:00,18:31:00,78,
2026.08.30 18:32:00,18:32:00,67,
2026.08.30 18:33:00,18:33:00,83,
2026.08.30 18:34:00,18:34:00,79,
2026.08.30 18:35:00,18:35:00,83,
2026.08.30 18:36:00,18:36:00,62,
2026.08.30 18:38:00,18:38:00,65,
2026.08.30 18:42:00,18:42:00,82,
2026.08.30 18:47:00,18:47:00,82,
2026.08.30 18:49:00,18:49:00,84,
2026.08.30 18:50:00,18:50:00,84,
2026.08.30 18:51:00,18:51:00,77,
2026.08.30 18:52:00,18:52:00,83,
2026.08.30 18:53:00,18:53:00,81,
2026.08.30 18:55:00,18:55:00,57,
2026.08.30 18:56:00,18:56:00,59,
2026.08.30 18:58:00,18:58:00,70,
2026.08.30 18:59:00,18:59:00,57,
2026.08.30 19:00:00,19:00:00,64,
2026.08.30 19:01:00,19:01:00,74,
2026.08.30 19:02:00,19:02:00,69,
2026.08.30 19:04:00,19:04:00,74,
2026.08.30 19:05:00,19:05:00,69,
2026.08.30 19:06:00,19:06:00,65,
2026.08.30 19:09:00,19:09:00,84,
2026.08.30 19:10:00,19:10:00,75,
2026.08.30 19:15:00,19:15:00,80,
2026.08.30 19:16:00,19:16:00,67,
2026.08.30 19:19:00,19:19:00,80,
2026.08.30 19:20:00,19:20:00,78,
2026.08.30 19:21:00,19:21:00,82,
2026.08.30 19:22:00,19:22:00,60,
2026.08.30 19:23:00,19:23:00,73,
2026.08.30 19:26:00,19:26:00,68,
2026.08.30 19:27:00,19:27:00,86,
2026.08.30 19:28:00,19:28:00,65,
2026.08.30 19:30:00,19:30:00,60,
2026.08.30 19:31:00,19:31:00,66,
2026.08.30 19:32:00,19:32:00,68,
2026.08.30 19:33:00,19:33:00,71,
2026.08.30 19:35:00,19:35:00,67,
2026.08.30 19:36:00,19:36:00,68,
2026.08.30 19:37:00,19:37:00,69,
2026.08.30 19:39:00,19:39:00,64,
2026.08.30 19:42:00,19:42:00,76,
2026.08.30 19:43:00,19:43:00,72,
2026.08.30 19:47:00,19:47:00,81,
2026.08.30 19:50:00,19:50:00,73,
2026.08.30 19:52:00,19:52:00,57,
2026.08.30 19:53:00,19:53:00,68,
2026.08.30 19:56:00,19:56:00,72,
2026.08.30 19:57:00,19:57:00,78,
2026.08.30 19:58:00,19:58:00,66,
2026.08.30 20:00:00,20:00:00,94,
2026.08.30 20:02:00,20:02:00,64,
2026.08.30 20:03:00,20:03:00,68,
2026.08.30 20:04:00,20:04:00,74,
2026.08.30 20:05:00,20:05:00,63,
2026.08.30 20:07:00,20:07:00,73,
2026.08.30 20:08:00,20:08:00,78,
2026.08.30 20:09:00,20:09:00,64,
2026.08.30 20:10:00,20:10:00,67,
2026.08.30 20:13:00,20:13:00,82,
2026.08.30 20:14:00,20:14:00,66,
2026.08.30 20:15:00,20:15:00,54,
2026.08.30 20:17:00,20:17:00,71,
2026.08.30 20:19:00,20:19:00,68,
2026.08.30 20:20:00,20:20:00,63,
2026.08.30 20:21:00,20:21:00,71,
2026.08.30 20:22:00,20:22:00,72,
2026.08.30 20:23:00,20:23:00,81,
2026.08.30 20:24:00,20:24:00,68,
2026.08.30 20:25:00,20:25:00,50,
2026.08.30 20:26:00,20:26:00,73,
2026.08.30 20:27:00,20:27:00,70,
2026.08.30 20:30:00,20:30:00,74,
2026.08.30 20:32:00,20:32:00,79,
2026.08.30 20:33:00,20:33:00,60,
2026.08.30 20:36:00,20:36:00,68,
2026.08.30 20:37:00,20:37:00,67,
2026.08.30 20:38:00,20:38:00,68,
2026.08.30 20:39:00,20:39:00,63,
2026.08.30 20:42:00,20:42:00,68,
2026.08.30 20:43:00,20:43:00,70,
2026.08.30 20:44:00,20:44:00,81,
2026.08.30 20:45:00,20:45:00,91,
2026.08.30 20:46:00,20:46:00,76,
2026.08.30 20:48:00,20:48:00,84,
2026.08.30 20:50:00,20:50:00,72,
2026.08.30 20:51:00,20:51:00,87,
2026.08.30 20:52:00,20:52:00,65,
2026.08.30 20:58:00,20:58:00,62,
2026.08.30 21:01:00,21:01:00,75,
2026.08.30 21:02:00,21:02:00,68,
2026.08.30 21:03:00,21:03:00,75,
2026.08.30 21:04:00,21:04:00,67,
2026.08.30 21:06:00,21:06:00,64,
2026.08.30 21:07:00,21:07:00,76,
2026.08.30 21:09:00,21:09:00,82,
2026.08.30 21:10:00,21:10:00,83,
2026.08.30 21:14:00,21:14:00,73,
2026.08.30 21:15:00,21:15:00,66,
2026.08.30 21:16:00,21:16:00,69,
2026.08.30 21:17:00,21:17:00,64,
2026.08.30 21:20:00,21:20:00,61,
2026.08.30 21:21:00,21:21:00,79,
2026.08.30 21:22:00,21:22:00,67,
2026.08.30 21:24:00,21:24:00,80,
2026.08.30 21:25:00,21:25:00,64,
2026.08.30 21:28:00,21:28:00,83,
2026.08.30 21:29:00,21:29:00,58,
2026.08.30 21:30:00,21:30:00,58,
2026.08.30 21:38:00,21:38:00,69,
2026.08.30 21:41:00,21:41:00,68,
2026.08.30 21:46:00,21:46:00,65,
2026.08.30 21:47:00,21:47:00,84,
2026.08.30 21:48:00,21:48:00,56,
2026.08.30 21:50:00,21:50:00,88,
2026.08.30 21:52:00,21:52:00,82,
2026.08.30 21:56:00,21:56:00,64,
2026.08.30 22:03:00,22:03:00,62,
2026.08.30 22:04:00,22:04:00,57,
2026.08.30 22:05:00,22:05:00,65,
2026.08.30 22:06:00,22:06:00,59,
2026.08.30 22:07:00,22:07:00,60,
2026.08.30 22:08:00,22:08:00,66,
2026.08.30 22:09:00,22:09:00,62,
2026.08.30 22:10:00,22:10:00,60,
2026.08.30 22:11:00,22:11:00,62,
2026.08.30 22:13:00,22:13:00,59,
2026.08.30 22:14:00,22:14:00,64,
2026.08.30 22:15:00,22:15:00,59,
2026.08.30 22:16:00,22:16:00,62,
2026.08.30 22:17:00,22:17:00,58,
2026.08.30 22:20:00,22:20:00,59,
2026.08.30 22:21:00,22:21:00,52,
2026.08.30 22:22:00,22:22:00,90,
2026.08.30 22:23:00,22:23:00,78,
2026.08.30 22:24:00,22:24:00,55,
2026.08.30 22:29:00,22:29:00,50,
2026.08.30 22:30:00,22:30:00,52,
2026.08.30 22:34:00,22:34:00,104,
2026.08.30 22:37:00,22:37:00,79,
2026.08.30 22:38:00,22:38:00,80,
2026.08.30 22:41:00,22:41:00,75,
2026.08.30 22:42:00,22:42:00,73,
2026.08.30 22:43:00,22:43:00,82,
2026.08.30 22:44:00,22:44:00,74,
2026.08.30 22:45:00,22:45:00,80,
2026.08.30 22:46:00,22:46:00,81,
2026.08.30 22:49:00,22:49:00,81,
2026.08.30 22:51:00,22:51:00,57,
2026.08.30 22:54:00,22:54:00,61,
2026.08.30 22:56:00,22:56:00,85,
2026.08.30 22:57:00,22:57:00,82,
2026.08.30 22:59:00,22:59:00,75,
2026.08.30 23:00:00,23:00:00,82,
2026.08.30 23:02:00,23:02:00,74,
2026.08.30 23:03:00,23:03:00,78,
2026.08.30 23:04:00,23:04:00,77,
2026.08.30 23:05:00,23:05:00,50,
2026.08.30 23:06:00,23:06:00,66,
2026.08.30 23:07:00,23:07:00,70,
2026.08.30 23:08:00,23:08:00,92,
2026.08.30 23:10:00,23:10:00,58,
2026.08.30 23:12:00,23:12:00,59,
2026.08.30 23:13:00,23:13:00,57,
2026.08.30 23:14:00,23:14:00,56,
2026.08.30 23:15:00,23:15:00,59,
2026.08.30 23:16:00,23:16:00,55,
2026.08.30 23:17:00,23:17:00,63,
2026.08.30 23:20:00,23:20:00,58,
2026.08.30 23:21:00,23:21:00,60,
2026.08.30 23:22:00,23:22:00,53,
2026.08.30 23:23:00,23:23:00,52,
2026.08.30 23:24:00,23:24:00,53,
2026.08.30 23:25:00,23:25:00,57,
2026.08.30 23:26:00,23:26:00,54,
2026.08.30 23:27:00,23:27:00,56,
2026.08.30 23:28:00,23:28:00,77,
2026.08.30 23:29:00,23:29:00,81,
2026.08.30 23:30:00,23:30:00,88,
2026.08.30 23:31:00,23:31:00,63,
2026.08.30 23:33:00,23:33:00,58,
2026.08.30 23:36:00,23:36:00,70,
2026.08.30 23:46:00,23:46:00,52,
2026.08.30 23:47:00,23:47:00,72,
2026.08.30 23:48:00,23:48:00,66,
2026.08.30 23:49:00,23:49:00,64,
2026.08.30 23:51:00,23:51:00,64,
2026.08.30 23:52:00,23:52:00,57,
2026.08.30 23:53:00,23:53:00,55,
2026.08.30 23:56:00,23:56:00,69,
2026.08.30 23:58:00,23:58:00,64,
2026.08.30 23:59:00,23:59:00,79,
2026.08.31 00:00:00,00:00:00,78,
2026.08.31 00:01:00,00:01:00,87,
2026.08.31 00:02:00,00:02:00,79,
2026.08.31 00:04:00,00:04:00,67,
2026.08.31 00:05:00,00:05:00,51,
2026.08.31 00:07:00,00:07:00,66,
2026.08.31 00:08:00,00:08:00,61,
2026.08.31 00:09:00,00:09:00,66,
2026.08.31 00:10:00,00:10:00,84,
2026.08.31 00:11:00,00:11:00,85,
2026.08.31 00:12:00,00:12:00,83,
2026.08.31 00:14:00,00:14:00,54,
2026.08.31 00:15:00,00:15:00,77,
2026.08.31 00:16:00,00:16:00,79,
2026.08.31 00:20:00,00:20:00,57,
2026.08.31 00:22:00,00:22:00,61,
2026.08.31 00:23:00,00:23:00,57,
2026.08.31 00:24:00,00:24:00,60,
2026.08.31 00:30:00,00:30:00,49,
2026.08.31 00:31:00,00:31:00,49,
2026.08.31 00:32:00,00:32:00,71,
2026.08.31 00:36:00,00:36:00,57,
2026.08.31 00:41:00,00:41:00,63,
2026.08.31 00:42:00,00:42:00,58,
2026.08.31 00:44:00,00:44:00,74,
2026.08.31 00:45:00,00:45:00,62,
2026.08.31 00:46:00,00:46:00,58,
2026.08.31 00:47:00,00:47:00,55,
2026.08.31 00:48:00,00:48:00,96,
2026.08.31 00:49:00,00:49:00,54,
2026.08.31 00:50:00,00:50:00,49,
2026.08.31 00:53:00,00:53:00,72,
2026.08.31 00:55:00,00:55:00,55,
2026.08.31 00:56:00,00:56:00,59,
2026.08.31 01:00:00,01:00:00,57,
2026.08.31 01:05:00,01:05:00,50,
2026.08.31 01:06:00,01:06:00,84,
2026.08.31 01:07:00,01:07:00,56,
2026.08.31 01:08:00,01:08:00,56,
2026.08.31 01:10:00,01:10:00,50,
2026.08.31 01:17:00,01:17:00,58,
2026.08.31 01:18:00,01:18:00,49,
2026.08.31 01:23:00,01:23:00,52,
2026.08.31 01:24:00,01:24:00,52,
2026.08.31 01:32:00,01:32:00,55,
2026.08.31 01:33:00,01:33:00,56,
2026.08.31 01:34:00,01:34:00,54,
2026.08.31 01:38:00,01:38:00,56,
2026.08.31 01:39:00,01:39:00,56,
2026.08.31 01:40:00,01:40:00,56,
2026.08.31 01:41:00,01:41:00,57,
2026.08.31 01:44:00,01:44:00,48,
2026.08.31 01:50:00,01:50:00,55,
2026.08.31 01:51:00,01:51:00,55,
2026.08.31 01:54:00,01:54:00,57,
2026.08.31 01:55:00,01:55:00,54,
2026.08.31 02:00:00,02:00:00,48,
2026.08.31 02:01:00,02:01:00,48,
2026.08.31 02:10:00,02:10:00,51,
2026.08.31 02:11:00,02:11:00,47,
2026.08.31 02:20:00,02:20:00,50,
2026.08.31 02:21:00,02:21:00,48,
2026.08.31 02:30:00,02:30:00,52,
2026.08.31 02:31:00,02:31:00,48,
2026.08.31 02:40:00,02:40:00,45,
2026.08.31 02:41:00,02:41:00,56,
2026.08.31 02:50:00,02:50:00,51,
2026.08.31 02:51:00,02:51:00,50,
2026.08.31 03:00:00,03:00:00,51,
2026.08.31 03:01:00,03:01:00,50,
2026.08.31 03:10:00,03:10:00,50,
2026.08.31 03:11:00,03:11:00,51,
2026.08.31 03:20:00,03:20:00,47,
2026.08.31 03:21:00,03:21:00,45,
2026.08.31 03:30:00,03:30:00,45,
2026.08.31 03:31:00,03:31:00,46,
2026.08.31 03:40:00,03:40:00,45,
2026.08.31 03:41:00,03:41:00,44,
2026.08.31 03:50:00,03:50:00,48,
2026.08.31 03:51:00,03:51:00,64,
2026.08.31 04:00:00,04:00:00,45,
2026.08.31 04:01:00,04:01:00,44,
2026.08.31 04:10:00,04:10:00,44,
2026.08.31 04:11:00,04:11:00,43,
2026.08.31 04:20:00,04:20:00,46,
2026.08.31 04:21:00,04:21:00,47,
2026.08.31 04:30:00,04:30:00,53,
2026.08.31 04:31:00,04:31:00,55,
2026.08.31 04:40:00,04:40:00,51,
2026.08.31 04:41:00,04:41:00,48,
2026.08.31 04:55:00,04:55:00,50,
2026.08.31 04:56:00,04:56:00,50,
2026.08.31 05:00:00,05:00:00,50,
2026.08.31 05:01:00,05:01:00,50,
2026.08.31 05:10:00,05:10:00,59,
2026.08.31 05:11:00,05:11:00,61,
2026.08.31 05:20:00,05:20:00,47,
2026.08.31 05:21:00,05:21:00,47,
2026.08.31 05:30:00,05:30:00,48,
2026.08.31 05:40:00,05:40:00,49,
2026.08.31 05:50:00,05:50:00,57,
2026.08.31 06:00:00,06:00:00,51,
2026.08.31 06:10:00,06:10:00,50,
2026.08.31 06:20:00,06:20:00,45,
2026.08.31 06:30:00,06:30:00,49,
2026.08.31 06:40:00,06:40:00,50,
2026.08.31 06:48:00,06:48:00,55,
2026.08.31 06:50:00,06:50:00,52,
2026.08.31 06:58:00,06:58:00,49,
2026.08.31 07:00:00,07:00:00,47,
2026.08.31 07:01:00,07:01:00,48,
2026.08.31 07:02:00,07:02:00,46,
2026.08.31 07:08:00,07:08:00,62,
2026.08.31 07:10:00,07:10:00,71,
2026.08.31 07:11:00,07:11:00,90,
2026.08.31 07:16:00,07:16:00,118,
2026.08.31 07:17:00,07:17:00,117,
2026.08.31 07:21:00,07:21:00,48,
2026.08.31 07:22:00,07:22:00,85,
2026.08.31 07:23:00,07:23:00,83,
2026.08.31 07:25:00,07:25:00,68,
2026.08.31 07:30:00,07:30:00,90,
2026.08.31 07:31:00,07:31:00,87,
2026.08.31 07:34:00,07:34:00,86,
2026.08.31 07:35:00,07:35:00,86,
2026.08.31 07:36:00,07:36:00,85,
2026.08.31 07:38:00,07:38:00,81,
2026.08.31 07:39:00,07:39:00,85,
2026.08.31 07:40:00,07:40:00,81,
2026.08.31 07:41:00,07:41:00,84,
2026.08.31 07:42:00,07:42:00,84,
2026.08.31 07:43:00,07:43:00,85,
2026.08.31 07:44:00,07:44:00,58,
2026.08.31 07:45:00,07:45:00,88,
2026.08.31 07:46:00,07:46:00,81,
2026.08.31 07:47:00,07:47:00,86,
2026.08.31 07:50:00,07:50:00,100,
2026.08.31 07:51:00,07:51:00,85,
2026.08.31 07:53:00,07:53:00,82,
2026.08.31 07:56:00,07:56:00,71,
2026.08.31 08:03:00,08:03:00,93,
2026.08.31 08:09:00,08:09:00,93,
2026.08.31 08:17:00,08:17:00,103,
2026.08.31 08:18:00,08:18:00,104,
2026.08.31 08:19:00,08:19:00,105,
2026.08.31 08:20:00,08:20:00,109,
2026.08.31 08:21:00,08:21:00,109,
2026.08.31 08:26:00,08:26:00,94,
2026.08.31 08:27:00,08:27:00,102,
2026.08.31 08:29:00,08:29:00,104,
2026.08.31 08:33:00,08:33:00,99,
2026.08.31 08:35:00,08:35:00,113,
2026.08.31 08:36:00,08:36:00,112,
2026.08.31 08:40:00,08:40:00,94,
2026.08.31 08:41:00,08:41:00,94,
2026.08.31 08:43:00,08:43:00,107,
2026.08.31 08:44:00,08:44:00,96,
2026.08.31 08:45:00,08:45:00,111,
2026.08.31 08:46:00,08:46:00,104,
2026.08.31 08:47:00,08:47:00,102,
2026.08.31 08:50:00,08:50:00,97,
2026.08.31 08:51:00,08:51:00,104,
2026.08.31 08:52:00,08:52:00,85,
2026.08.31 08:53:00,08:53:00,95,
2026.08.31 08:58:00,08:58:00,68,
2026.08.31 08:59:00,08:59:00,97,
2026.08.31 09:00:00,09:00:00,114,
2026.08.31 09:01:00,09:01:00,125,
2026.08.31 09:02:00,09:02:00,117,
2026.08.31 09:03:00,09:03:00,115,
2026.08.31 09:05:00,09:05:00,113,
2026.08.31 09:06:00,09:06:00,113,
2026.08.31 09:07:00,09:07:00,122,
2026.08.31 09:08:00,09:08:00,155,
2026.08.31 09:09:00,09:09:00,157,
2026.08.31 09:10:00,09:10:00,122,
2026.08.31 09:11:00,09:11:00,131,
2026.08.31 09:12:00,09:12:00,102,
2026.08.31 09:13:00,09:13:00,95,
2026.08.31 09:14:00,09:14:00,94,
2026.08.31 09:15:00,09:15:00,91,
2026.08.31 09:16:00,09:16:00,90,
2026.08.31 09:17:00,09:17:00,82,
2026.08.31 09:18:00,09:18:00,85,
2026.08.31 09:19:00,09:19:00,91,
2026.08.31 09:20:00,09:20:00,94,
2026.08.31 09:21:00,09:21:00,89,
2026.08.31 09:22:00,09:22:00,92,
2026.08.31 09:23:00,09:23:00,94,
2026.08.31 09:24:00,09:24:00,94,
2026.08.31 09:26:00,09:26:00,83,
2026.08.31 09:28:00,09:28:00,87,
2026.08.31 09:30:00,09:30:00,80,
2026.08.31 09:31:00,09:31:00,81,
2026.08.31 09:32:00,09:32:00,93,
2026.08.31 09:33:00,09:33:00,90,
2026.08.31 09:35:00,09:35:00,86,
2026.08.31 09:36:00,09:36:00,93,
2026.08.31 09:37:00,09:37:00,88,
2026.08.31 09:39:00,09:39:00,72,
2026.08.31 09:40:00,09:40:00,77,
2026.08.31 09:41:00,09:41:00,77,
2026.08.31 09:42:00,09:42:00,83,
2026.08.31 09:43:00,09:43:00,78,
2026.08.31 09:45:00,09:45:00,83,
2026.08.31 09:46:00,09:46:00,80,
2026.08.31 09:47:00,09:47:00,69,
2026.08.31 09:48:00,09:48:00,86,
2026.08.31 09:49:00,09:49:00,84,
2026.08.31 09:50:00,09:50:00,74,
2026.08.31 09:51:00,09:51:00,87,
2026.08.31 09:52:00,09:52:00,87,
2026.08.31 09:53:00,09:53:00,77,
2026.08.31 09:54:00,09:54:00,86,
2026.08.31 09:55:00,09:55:00,80,
2026.08.31 09:56:00,09:56:00,79,
2026.08.31 09:58:00,09:58:00,78,
2026.08.31 09:59:00,09:59:00,86,
2026.08.31 10:00:00,10:00:00,78,
2026.08.31 10:01:00,10:01:00,79,
2026.08.31 10:02:00,10:02:00,78,
2026.08.31 10:06:00,10:06:00,81,
2026.08.31 10:08:00,10:08:00,70,
2026.08.31 10:10:00,10:10:00,85,
2026.08.31 10:11:00,10:11:00,78,
2026.08.31 10:12:00,10:12:00,77,
2026.08.31 10:13:00,10:13:00,75,
2026.08.31 10:14:00,10:14:00,85,
2026.08.31 10:15:00,10:15:00,74,
2026.08.31 10:16:00,10:16:00,78,
2026.08.31 10:19:00,10:19:00,89,
2026.08.31 10:20:00,10:20:00,95,
2026.08.31 10:21:00,10:21:00,82,
2026.08.31 10:23:00,10:23:00,70,
2026.08.31 10:25:00,10:25:00,72,
2026.08.31 10:26:00,10:26:00,69,
2026.08.31 10:27:00,10:27:00,70,
2026.08.31 10:28:00,10:28:00,63,
2026.08.31 10:29:00,10:29:00,72,
2026.08.31 10:31:00,10:31:00,71,
2026.08.31 10:34:00,10:34:00,74,
2026.08.31 10:37:00,10:37:00,88,
2026.08.31 10:38:00,10:38:00,78,
2026.08.31 10:39:00,10:39:00,70,
2026.08.31 10:40:00,10:40:00,90,
2026.08.31 10:41:00,10:41:00,68,
2026.08.31 10:42:00,10:42:00,68,
2026.08.31 10:43:00,10:43:00,69,
2026.08.31 10:44:00,10:44:00,71,
2026.08.31 10:45:00,10:45:00,69,
2026.08.31 10:46:00,10:46:00,69,
2026.08.31 10:49:00,10:49:00,67,
2026.08.31 10:51:00,10:51:00,72,
2026.08.31 10:52:00,10:52:00,75,
2026.08.31 10:53:00,10:53:00,69,
2026.08.31 10:54:00,10:54:00,63,
2026.08.31 10:56:00,10:56:00,72,
2026.08.31 10:57:00,10:57:00,73,
2026.08.31 10:58:00,10:58:00,76,
2026.08.31 11:00:00,11:00:00,73,
2026.08.31 11:01:00,11:01:00,60,
2026.08.31 11:02:00,11:02:00,63,
2026.08.31 11:03:00,11:03:00,64,
2026.08.31 11:04:00,11:04:00,66,
2026.08.31 11:05:00,11:05:00,70,
2026.08.31 11:06:00,11:06:00,68,
2026.08.31 11:07:00,11:07:00,64,
2026.08.31 11:08:00,11:08:00,78,
2026.08.31 11:10:00,11:10:00,68,
2026.08.31 11:11:00,11:11:00,84,
2026.08.31 11:15:00,11:15:00,87,
2026.08.31 11:16:00,11:16:00,82,
2026.08.31 11:18:00,11:18:00,95,
2026.08.31 11:19:00,11:19:00,93,
2026.08.31 11:21:00,11:21:00,80,
2026.08.31 11:22:00,11:22:00,120,
2026.08.31 11:24:00,11:24:00,88,
2026.08.31 11:26:00,11:26:00,116,
2026.08.31 11:27:00,11:27:00,116,
2026.08.31 11:28:00,11:28:00,121,
2026.08.31 11:29:00,11:29:00,102,
2026.08.31 11:30:00,11:30:00,94,
2026.08.31 11:32:00,11:32:00,85,
2026.08.31 11:33:00,11:33:00,83,
2026.08.31 11:36:00,11:36:00,77,
2026.08.31 11:37:00,11:37:00,81,
2026.08.31 11:38:00,11:38:00,80,
2026.08.31 11:39:00,11:39:00,72,
2026.08.31 11:40:00,11:40:00,70,
2026.08.31 11:41:00,11:41:00,75,
2026.08.31 11:42:00,11:42:00,75,
2026.08.31 11:44:00,11:44:00,69,
2026.08.31 11:45:00,11:45:00,68,
2026.08.31 11:46:00,11:46:00,76,
2026.08.31 11:47:00,11:47:00,69,
2026.08.31 11:48:00,11:48:00,67,
2026.08.31 11:49:00,11:49:00,66,
2026.08.31 11:54:00,11:54:00,72,
2026.08.31 11:56:00,11:56:00,73,
2026.08.31 12:05:00,12:05:00,103,
2026.08.31 12:06:00,12:06:00,119,
2026.08.31 12:07:00,12:07:00,106,
2026.08.31 12:08:00,12:08:00,87,
2026.08.31 12:09:00,12:09:00,82,
2026.08.31 12:10:00,12:10:00,99,
2026.08.31 12:15:00,12:15:00,78,
2026.08.31 12:16:00,12:16:00,77,
2026.08.31 12:17:00,12:17:00,87,
2026.08.31 12:19:00,12:19:00,87,
2026.08.31 12:20:00,12:20:00,113,
2026.08.31 12:21:00,12:21:00,80,
2026.08.31 12:22:00,12:22:00,82,
2026.08.31 12:23:00,12:23:00,86,
2026.08.31 12:24:00,12:24:00,86,
2026.08.31 12:26:00,12:26:00,76,
2026.08.31 12:32:00,12:32:00,84,
2026.08.31 12:33:00,12:33:00,78,
2026.08.31 12:34:00,12:34:00,74,
2026.08.31 12:35:00,12:35:00,78,
2026.08.31 12:36:00,12:36:00,79,
2026.08.31 12:37:00,12:37:00,75,
2026.08.31 12:39:00,12:39:00,79,
2026.08.31 12:40:00,12:40:00,69,
2026.08.31 12:42:00,12:42:00,68,
2026.08.31 12:43:00,12:43:00,82,
2026.08.31 12:44:00,12:44:00,75,
2026.08.31 12:45:00,12:45:00,64,
2026.08.31 12:46:00,12:46:00,82,
2026.08.31 12:47:00,12:47:00,64,
2026.08.31 12:48:00,12:48:00,73,
2026.08.31 12:49:00,12:49:00,62,
2026.08.31 12:50:00,12:50:00,64,
2026.08.31 12:56:00,12:56:00,63,
2026.08.31 12:57:00,12:57:00,56,
2026.08.31 12:58:00,12:58:00,81,
2026.08.31 13:01:00,13:01:00,79,
2026.08.31 13:02:00,13:02:00,78,
2026.08.31 13:06:00,13:06:00,55,
2026.08.31 13:08:00,13:08:00,83,
2026.08.31 13:11:00,13:11:00,76,
2026.08.31 13:13:00,13:13:00,78,
2026.08.31 13:14:00,13:14:00,75,
2026.08.31 13:15:00,13:15:00,94,
2026.08.31 13:16:00,13:16:00,57,
2026.08.31 13:18:00,13:18:00,62,
2026.08.31 13:20:00,13:20:00,84,
2026.08.31 13:22:00,13:22:00,64,
2026.08.31 13:26:00,13:26:00,59,
2026.08.31 13:32:00,13:32:00,64,
2026.08.31 13:34:00,13:34:00,70,
2026.08.31 13:36:00,13:36:00,59,
2026.08.31 13:39:00,13:39:00,61,
2026.08.31 13:41:00,13:41:00,82,
2026.08.31 13:42:00,13:42:00,81,
2026.08.31 13:43:00,13:43:00,91,
2026.08.31 13:46:00,13:46:00,73,
2026.08.31 13:47:00,13:47:00,77,
2026.08.31 13:49:00,13:49:00,64,
2026.08.31 13:50:00,13:50:00,74,
2026.08.31 13:51:00,13:51:00,84,
2026.08.31 13:53:00,13:53:00,79,
2026.08.31 13:54:00,13:54:00,81,
2026.08.31 13:56:00,13:56:00,83,
2026.08.31 13:57:00,13:57:00,83,
2026.08.31 13:58:00,13:58:00,80,
2026.08.31 13:59:00,13:59:00,86,
2026.08.31 14:00:00,14:00:00,83,
2026.08.31 14:01:00,14:01:00,76,
2026.08.31 14:03:00,14:03:00,75,
2026.08.31 14:04:00,14:04:00,82,
2026.08.31 14:05:00,14:05:00,58,
2026.08.31 14:06:00,14:06:00,65,
2026.08.31 14:07:00,14:07:00,59,
2026.08.31 14:08:00,14:08:00,56,
2026.08.31 14:09:00,14:09:00,75,
2026.08.31 14:10:00,14:10:00,71,
2026.08.31 14:11:00,14:11:00,81,
2026.08.31 14:12:00,14:12:00,82,
2026.08.31 14:13:00,14:13:00,63,
2026.08.31 14:14:00,14:14:00,76,
2026.08.31 14:15:00,14:15:00,65,
2026.08.31 14:16:00,14:16:00,86,
2026.08.31 14:17:00,14:17:00,64,
2026.08.31 14:18:00,14:18:00,85,
2026.08.31 14:19:00,14:19:00,61,
2026.08.31 14:20:00,14:20:00,64,
2026.08.31 14:22:00,14:22:00,88,
2026.08.31 14:23:00,14:23:00,62,
2026.08.31 14:24:00,14:24:00,64,
2026.08.31 14:29:00,14:29:00,65,
2026.08.31 14:30:00,14:30:00,80,
2026.08.31 14:31:00,14:31:00,81,
2026.08.31 14:32:00,14:32:00,76,
2026.08.31 14:33:00,14:33:00,79,
2026.08.31 14:34:00,14:34:00,73,
2026.08.31 14:36:00,14:36:00,63,
2026.08.31 14:37:00,14:37:00,58,
2026.08.31 14:38:00,14:38:00,64,
2026.08.31 14:39:00,14:39:00,70,
2026.08.31 14:40:00,14:40:00,72,
2026.08.31 14:41:00,14:41:00,70,
2026.08.31 14:42:00,14:42:00,62,
2026.08.31 14:43:00,14:43:00,56,
2026.08.31 14:45:00,14:45:00,53,
2026.08.31 14:46:00,14:46:00,78,
2026.08.31 14:47:00,14:47:00,56,
2026.08.31 14:48:00,14:48:00,81,
2026.08.31 14:49:00,14:49:00,74,
2026.08.31 14:50:00,14:50:00,79,
2026.08.31 14:51:00,14:51:00,68,
2026.08.31 14:52:00,14:52:00,81,
2026.08.31 14:54:00,14:54:00,65,
2026.08.31 14:55:00,14:55:00,73,
2026.08.31 14:56:00,14:56:00,73,
2026.08.31 14:58:00,14:58:00,72,
2026.08.31 14:59:00,14:59:00,77,
2026.08.31 15:05:00,15:05:00,67,
2026.08.31 15:06:00,15:06:00,61,
2026.08.31 15:07:00,15:07:00,79,
2026.08.31 15:08:00,15:08:00,83,
2026.08.31 15:09:00,15:09:00,75,
2026.08.31 15:10:00,15:10:00,73,
2026.08.31 15:14:00,15:14:00,75,
2026.08.31 15:19:00,15:19:00,70,
2026.08.31 15:20:00,15:20:00,72,
2026.08.31 15:21:00,15:21:00,81,
2026.08.31 15:24:00,15:24:00,77,
2026.08.31 15:25:00,15:25:00,67,
2026.08.31 15:26:00,15:26:00,68,
2026.08.31 15:28:00,15:28:00,75,
2026.08.31 15:29:00,15:29:00,66,
2026.08.31 15:30:00,15:30:00,75,
2026.08.31 15:31:00,15:31:00,74,
2026.08.31 15:32:00,15:32:00,80,
2026.08.31 15:33:00,15:33:00,77,
2026.08.31 15:34:00,15:34:00,62,
2026.08.31 15:35:00,15:35:00,84,
2026.08.31 15:37:00,15:37:00,65,
2026.08.31 15:40:00,15:40:00,61,
2026.08.31 15:43:00,15:43:00,66,
2026.08.31 15:44:00,15:44:00,58,
2026.08.31 15:45:00,15:45:00,67,
2026.08.31 15:46:00,15:46:00,68,
2026.08.31 15:48:00,15:48:00,57,
2026.08.31 15:49:00,15:49:00,62,
2026.08.31 15:50:00,15:50:00,58,
2026.08.31 15:51:00,15:51:00,57,
2026.08.31 15:52:00,15:52:00,86,
2026.08.31 15:53:00,15:53:00,60,
2026.08.31 15:55:00,15:55:00,55,
2026.08.31 15:56:00,15:56:00,55,
2026.08.31 15:57:00,15:57:00,53,
2026.08.31 15:59:00,15:59:00,52,
2026.08.31 16:00:00,16:00:00,68,
2026.08.31 16:01:00,16:01:00,78,
2026.08.31 16:02:00,16:02:00,68,
2026.08.31 16:04:00,16:04:00,61,
2026.08.31 16:05:00,16:05:00,81,
2026.08.31 16:06:00,16:06:00,56,
2026.08.31 16:07:00,16:07:00,57,
2026.08.31 16:08:00,16:08:00,54,
2026.08.31 16:09:00,16:09:00,55,
2026.08.31 16:11:00,16:11:00,54,
2026.08.31 16:12:00,16:12:00,56,
2026.08.31 16:13:00,16:13:00,61,
2026.08.31 16:14:00,16:14:00,56,
2026.08.31 16:20:00,16:20:00,61,
2026.08.31 16:23:00,16:23:00,56,
2026.08.31 16:27:00,16:27:00,55,
2026.08.31 16:30:00,16:30:00,49,
2026.08.31 16:31:00,16:31:00,95,
2026.08.31 16:32:00,16:32:00,93,
2026.08.31 16:33:00,16:33:00,58,
2026.08.31 16:34:00,16:34:00,51,
2026.08.31 16:38:00,16:38:00,67,
2026.08.31 16:39:00,16:39:00,57,
2026.08.31 16:40:00,16:40:00,54,
2026.08.31 16:43:00,16:43:00,51,
2026.08.31 16:44:00,16:44:00,51,
2026.08.31 16:50:00,16:50:00,49,
2026.08.31 16:52:00,16:52:00,49,
2026.08.31 16:53:00,16:53:00,48,
2026.08.31 16:57:00,16:57:00,48,
2026.08.31 17:07:00,17:07:00,53,
2026.08.31 17:10:00,17:10:00,54,
2026.08.31 17:11:00,17:11:00,53,
2026.08.31 17:20:00,17:20:00,55,
2026.08.31 17:21:00,17:21:00,56,
2026.08.31 17:30:00,17:30:00,47,
2026.08.31 17:31:00,17:31:00,47,
2026.08.31 17:37:00,17:37:00,78,
2026.08.31 17:38:00,17:38:00,51,
2026.08.31 17:43:00,17:43:00,53,
2026.08.31 17:47:00,17:47:00,52,
2026.08.31 17:48:00,17:48:00,50,
2026.08.31 17:50:00,17:50:00,53,
2026.08.31 17:58:00,17:58:00,51,
2026.08.31 17:59:00,17:59:00,50,
2026.08.31 18:00:00,18:00:00,55,
2026.08.31 18:01:00,18:01:00,49,
2026.08.31 18:02:00,18:02:00,54,
2026.08.31 18:03:00,18:03:00,55,
2026.08.31 18:10:00,18:10:00,51,
2026.08.31 18:11:00,18:11:00,52,
2026.08.31 18:16:00,18:16:00,86,
2026.08.31 18:17:00,18:17:00,63,
2026.08.31 18:20:00,18:20:00,54,
2026.08.31 18:28:00,18:28:00,88,
2026.08.31 18:29:00,18:29:00,98,
2026.08.31 18:30:00,18:30:00,100,
2026.08.31 18:31:00,18:31:00,99,
2026.08.31 18:32:00,18:32:00,88,
2026.08.31 18:33:00,18:33:00,92,
2026.08.31 18:34:00,18:34:00,91,
2026.08.31 18:35:00,18:35:00,78,
2026.08.31 18:36:00,18:36:00,86,
2026.08.31 18:37:00,18:37:00,84,
2026.08.31 18:38:00,18:38:00,89,
2026.08.31 18:39:00,18:39:00,92,
2026.08.31 18:40:00,18:40:00,106,
2026.08.31 18:48:00,18:48:00,97,
2026.08.31 18:49:00,18:49:00,87,
2026.08.31 18:50:00,18:50:00,78,
2026.08.31 18:51:00,18:51:00,85,
2026.08.31 18:52:00,18:52:00,93,
2026.08.31 18:53:00,18:53:00,84,
2026.08.31 18:54:00,18:54:00,62,
2026.08.31 18:55:00,18:55:00,65,
2026.08.31 18:56:00,18:56:00,63,
2026.08.31 18:59:00,18:59:00,54,
2026.08.31 19:00:00,19:00:00,82,
2026.08.31 19:01:00,19:01:00,66,
2026.08.31 19:02:00,19:02:00,54,
2026.08.31 19:06:00,19:06:00,53,
2026.08.31 19:07:00,19:07:00,55,
2026.08.31 19:08:00,19:08:00,63,
2026.08.31 19:09:00,19:09:00,78,
2026.08.31 19:10:00,19:10:00,61,
2026.08.31 19:12:00,19:12:00,87,
2026.08.31 19:13:00,19:13:00,88,
2026.08.31 19:14:00,19:14:00,61,
2026.08.31 19:15:00,19:15:00,53,
2026.08.31 19:16:00,19:16:00,69,
2026.08.31 19:18:00,19:18:00,55,
2026.08.31 19:19:00,19:19:00,92,
2026.08.31 19:20:00,19:20:00,72,
2026.08.31 19:21:00,19:21:00,66,
2026.08.31 19:22:00,19:22:00,80,
2026.08.31 19:23:00,19:23:00,89,
2026.08.31 19:25:00,19:25:00,81,
2026.08.31 19:27:00,19:27:00,75,
2026.08.31 19:28:00,19:28:00,86,
2026.08.31 19:29:00,19:29:00,70,
2026.08.31 19:30:00,19:30:00,66,
2026.08.31 19:31:00,19:31:00,68,
2026.08.31 19:32:00,19:32:00,64,
2026.08.31 19:34:00,19:34:00,76,
2026.08.31 19:35:00,19:35:00,74,
2026.08.31 19:36:00,19:36:00,64,
2026.08.31 19:38:00,19:38:00,95,
2026.08.31 19:40:00,19:40:00,96,
2026.08.31 19:41:00,19:41:00,84,
2026.08.31 19:43:00,19:43:00,62,
2026.08.31 19:45:00,19:45:00,80,
2026.08.31 19:47:00,19:47:00,66,
2026.08.31 19:48:00,19:48:00,91,
2026.08.31 19:49:00,19:49:00,104,
2026.08.31 19:50:00,19:50:00,88,
2026.08.31 19:51:00,19:51:00,92,
2026.08.31 19:53:00,19:53:00,92,
2026.08.31 19:54:00,19:54:00,97,
2026.08.31 19:56:00,19:56:00,81,
2026.08.31 19:57:00,19:57:00,86,
2026.08.31 19:58:00,19:58:00,110,
2026.08.31 19:59:00,19:59:00,89,
2026.08.31 20:02:00,20:02:00,73,
2026.08.31 20:03:00,20:03:00,88,
2026.08.31 20:04:00,20:04:00,85,
2026.08.31 20:05:00,20:05:00,85,
2026.08.31 20:06:00,20:06:00,95,
2026.08.31 20:07:00,20:07:00,89,
2026.08.31 20:08:00,20:08:00,82,
2026.08.31 20:11:00,20:11:00,88,
2026.08.31 20:12:00,20:12:00,93,
2026.08.31 20:14:00,20:14:00,74,
2026.08.31 20:16:00,20:16:00,87,
2026.08.31 20:17:00,20:17:00,93,
2026.08.31 20:18:00,20:18:00,90,
2026.08.31 20:19:00,20:19:00,71,
2026.08.31 20:20:00,20:20:00,88,
2026.08.31 20:24:00,20:24:00,99,
2026.08.31 20:28:00,20:28:00,94,
2026.08.31 20:29:00,20:29:00,92,
2026.08.31 20:30:00,20:30:00,105,
2026.08.31 20:32:00,20:32:00,91,
2026.08.31 20:34:00,20:34:00,81,
2026.08.31 20:35:00,20:35:00,92,
2026.08.31 20:36:00,20:36:00,93,
2026.08.31 20:37:00,20:37:00,88,
2026.08.31 20:39:00,20:39:00,92,
2026.08.31 20:40:00,20:40:00,86,
2026.08.31 20:41:00,20:41:00,78,
2026.08.31 20:42:00,20:42:00,82,
2026.08.31 20:44:00,20:44:00,68,
2026.08.31 20:47:00,20:47:00,78,
2026.08.31 20:56:00,20:56:00,61,
2026.08.31 21:05:00,21:05:00,79,
2026.08.31 21:10:00,21:10:00,87,
2026.08.31 21:11:00,21:11:00,78,
2026.08.31 21:12:00,21:12:00,76,
2026.08.31 21:13:00,21:13:00,66,
2026.08.31 21:15:00,21:15:00,60,
2026.08.31 21:16:00,21:16:00,71,
2026.08.31 21:17:00,21:17:00,72,
2026.08.31 21:19:00,21:19:00,66,
2026.08.31 21:20:00,21:20:00,68,
2026.08.31 21:21:00,21:21:00,73,
2026.08.31 21:22:00,21:22:00,68,
2026.08.31 21:23:00,21:23:00,72,
2026.08.31 21:31:00,21:31:00,83,
2026.08.31 21:32:00,21:32:00,85,
2026.08.31 21:33:00,21:33:00,73,
2026.08.31 21:34:00,21:34:00,71,
2026.08.31 21:36:00,21:36:00,59,
2026.08.31 21:37:00,21:37:00,73,
2026.08.31 21:38:00,21:38:00,80,
2026.08.31 21:40:00,21:40:00,68,
2026.08.31 21:41:00,21:41:00,66,
2026.08.31 21:42:00,21:42:00,80,
2026.08.31 21:43:00,21:43:00,83,
2026.08.31 21:44:00,21:44:00,70,
2026.08.31 21:45:00,21:45:00,101,
2026.08.31 21:46:00,21:46:00,73,
2026.08.31 21:47:00,21:47:00,73,
2026.08.31 21:52:00,21:52:00,82,
2026.08.31 21:53:00,21:53:00,74,
2026.08.31 21:55:00,21:55:00,62,
2026.08.31 21:56:00,21:56:00,67,
2026.08.31 21:57:00,21:57:00,72,
2026.08.31 21:58:00,21:58:00,72,
2026.08.31 21:59:00,21:59:00,73,
2026.08.31 22:00:00,22:00:00,69,
2026.08.31 22:01:00,22:01:00,63,
2026.08.31 22:03:00,22:03:00,68,
2026.08.31 22:04:00,22:04:00,61,
2026.08.31 22:05:00,22:05:00,60,
2026.08.31 22:06:00,22:06:00,65,
2026.08.31 22:07:00,22:07:00,58,
2026.08.31 22:08:00,22:08:00,67,
2026.08.31 22:09:00,22:09:00,79,
2026.08.31 22:10:00,22:10:00,70,
2026.08.31 22:11:00,22:11:00,62,
2026.08.31 22:13:00,22:13:00,58,
2026.08.31 22:14:00,22:14:00,69,
2026.08.31 22:16:00,22:16:00,93,
2026.08.31 22:17:00,22:17:00,122,
2026.08.31 22:18:00,22:18:00,91,
2026.08.31 22:19:00,22:19:00,86,
2026.08.31 22:20:00,22:20:00,95,
2026.08.31 22:21:00,22:21:00,94,
2026.08.31 22:23:00,22:23:00,111,
2026.08.31 22:24:00,22:24:00,106,
2026.08.31 22:25:00,22:25:00,77,
2026.08.31 22:26:00,22:26:00,87,
2026.08.31 22:27:00,22:27:00,72,
2026.08.31 22:28:00,22:28:00,73,
2026.08.31 22:29:00,22:29:00,70,
2026.08.31 22:30:00,22:30:00,60,
2026.08.31 22:31:00,22:31:00,81,
2026.08.31 22:32:00,22:32:00,74,
2026.08.31 22:33:00,22:33:00,79,
2026.08.31 22:35:00,22:35:00,92,
2026.08.31 22:36:00,22:36:00,75,
2026.08.31 22:37:00,22:37:00,79,
2026.08.31 22:38:00,22:38:00,86,
2026.08.31 22:40:00,22:40:00,66,
2026.08.31 22:41:00,22:41:00,82,
2026.08.31 22:43:00,22:43:00,80,
2026.08.31 22:44:00,22:44:00,69,
2026.08.31 22:45:00,22:45:00,60,
2026.08.31 22:46:00,22:46:00,59,
2026.08.31 22:51:00,22:51:00,71,
2026.08.31 22:52:00,22:52:00,76,
2026.08.31 22:54:00,22:54:00,90,
2026.08.31 22:55:00,22:55:00,59,
2026.08.31 22:56:00,22:56:00,58,
2026.08.31 22:58:00,22:58:00,65,
2026.08.31 23:01:00,23:01:00,53,
2026.08.31 23:07:00,23:07:00,72,
2026.08.31 23:08:00,23:08:00,60,
2026.08.31 23:10:00,23:10:00,70,
2026.08.31 23:11:00,23:11:00,92,
2026.08.31 23:12:00,23:12:00,58,
2026.08.31 23:13:00,23:13:00,83,
2026.08.31 23:16:00,23:16:00,68,
2026.08.31 23:17:00,23:17:00,66,
2026.08.31 23:18:00,23:18:00,64,
2026.08.31 23:19:00,23:19:00,68,
2026.08.31 23:20:00,23:20:00,92,
2026.08.31 23:21:00,23:21:00,87,
2026.08.31 23:23:00,23:23:00,68,
2026.08.31 23:26:00,23:26:00,62,
2026.08.31 23:27:00,23:27:00,64,
2026.08.31 23:28:00,23:28:00,62,
2026.08.31 23:30:00,23:30:00,73,
2026.08.31 23:31:00,23:31:00,67,
2026.08.31 23:33:00,23:33:00,72,
2026.08.31 23:34:00,23:34:00,70,
2026.08.31 23:36:00,23:36:00,67,
2026.08.31 23:40:00,23:40:00,65,
2026.08.31 23:41:00,23:41:00,63,
2026.08.31 23:42:00,23:42:00,69,
2026.08.31 23:44:00,23:44:00,84,
2026.08.31 23:46:00,23:46:00,75,
2026.08.31 23:47:00,23:47:00,67,
2026.08.31 23:51:00,23:51:00,80,
2026.08.31 23:52:00,23:52:00,62,
2026.08.31 23:53:00,23:53:00,73,
2026.08.31 23:54:00,23:54:00,68,
2026.08.31 23:55:00,23:55:00,64,
2026.08.31 23:56:00,23:56:00,62,
2026.08.31 23:57:00,23:57:00,70,
2026.08.31 23:58:00,23:58:00,76,
2026.08.31 23:59:00,23:59:00,65,
