<?xml version='1.0' encoding='UTF-8' standalone='yes' ?><gpx creator="Health Sync" xmlns:xsi="http://www.w3.org/2001/XMLSchema-instance" xmlns:schemaLocation="http://www.topografix.com/GPX/1/1 http://www.topografix.com/GPX/1/1/gpx.xsd http://www.garmin.com/xmlschemas/GpxExtensions/v3 http://www.garmin.com/xmlschemas/GpxExtensionsv3.xsd http://www.garmin.com/xmlschemas/TrackPointExtension/v1 http://www.garmin.com/xmlschemas/TrackPointExtensionv1.xsd" version="1.1" xmlns="http://www.topografix.com/GPX/1/1" xmlns:gpxtpx="http://www.garmin.com/xmlschemas/TrackPointExtension/v1" xmlns:gpxx="http://www.garmin.com/xmlschemas/GpxExtensions/v3"><metadata><link href="https://healthsync.app"><text>Health Sync</text></link><time>2026-09-13T20:01:04Z</time></metadata><trk><name>WALKING</name><type>10</type><trkseg><trkpt lat="4.730005" lon="-74.04504"><ele>2561.2</ele><time>2026-09-13T20:10:18Z</time></trkpt><trkpt lat="4.729993" lon="-74.04506"><ele>2561.2</ele><time>2026-09-13T20:10:19Z</time><extensions><gpxtpx:TrackPointExtension><gpxtpx:hr>93</gpxtpx:hr><gpxtpx:cad>103</gpxtpx:cad></gpxtpx:TrackPointExtension></extensions></trkpt><trkpt lat="4.729979" lon="-74.045074"><ele>2561.2</ele><time>2026-09-13T20:10:20Z</time></trkpt><trkpt lat="4.72996" lon="-74.04508"><ele>2561.2</ele><time>2026-09-13T20:10:21Z</time></trkpt><trkpt lat="4.729947" lon="-74.04508"><ele>2561.2</ele><time>2026-09-13T20:10:22Z</time></trkpt><trkpt lat="4.72993" lon="-74.04508"><ele>2561.3</ele><time>2026-09-13T20:10:23Z</time></trkpt><trkpt lat="4.72992" lon="-74.045074"><ele>2561.3</ele><time>2026-09-13T20:10:24Z</time><extensions><gpxtpx:TrackPointExtension><gpxtpx:hr>95</gpxtpx:hr><gpxtpx:cad>107</gpxtpx:cad></gpxtpx:TrackPointExtension></extensions></trkpt><trkpt lat="4.729904" lon="-74.04508"><ele>2561.4</ele><time>2026-09-13T20:10:25Z</time></trkpt><trkpt lat="4.729889" lon="-74.04508"><ele>2561.2</ele><time>2026-09-13T20:10:26Z</time></trkpt><trkpt lat="4.729881" lon="-74.04508"><ele>2561.2</ele><time>2026-09-13T20:10:27Z</time></trkpt><trkpt lat="4.729869" lon="-74.04509"><ele>2561.1</ele><time>2026-09-13T20:10:28Z</time></trkpt><trkpt lat="4.729859" lon="-74.04508"><ele>2561.1</ele><time>2026-09-13T20:10:29Z</time><extensions><gpxtpx:TrackPointExtension><gpxtpx:hr>93</gpxtpx:hr><gpxtpx:cad>108</gpxtpx:cad></gpxtpx:TrackPointExtension></extensions></trkpt><trkpt lat="4.729852" lon="-74.04509"><ele>2561.2</ele><time>2026-09-13T20:10:30Z</time></trkpt><trkpt lat="4.729846" lon="-74.04509"><ele>2561.2</ele><time>2026-09-13T20:10:31Z</time></trkpt><trkpt lat="4.729841" lon="-74.04509"><ele>2561.2</ele><time>2026-09-13T20:10:32Z</time></trkpt><trkpt lat="4.729839" lon="-74.04509"><ele>2561.2</ele><time>2026-09-13T20:10:33Z</time></trkpt><trkpt lat="4.72984" lon="-74.0451"><ele>2561.2</ele><time>2026-09-13T20:10:34Z</time><extensions><gpxtpx:TrackPointExtension><gpxtpx:hr>91</gpxtpx:hr><gpxtpx:cad>107</gpxtpx:cad></gpxtpx:TrackPointExtension></extensions></trkpt><trkpt lat="4.72984" lon="-74.0451"><ele>2561.2</ele><time>2026-09-13T20:10:35Z</time></trkpt><trkpt lat="4.72984" lon="-74.0451"><ele>2561.2</ele><time>2026-09-13T20:10:36Z</time></trkpt><trkpt lat="4.72984" lon="-74.0451"><ele>2561.5</ele><time>2026-09-13T20:10:37Z</time></trkpt><trkpt lat="4.72984" lon="-74.0451"><ele>2561.8</ele><time>2026-09-13T20:10:38Z</time></trkpt><trkpt lat="4.72984" lon="-74.0451"><ele>2561.8</ele><time>2026-09-13T20:10:39Z</time><extensions><gpxtpx:TrackPointExtension><gpxtpx:hr>92</gpxtpx:hr><gpxtpx:cad>87</gpxtpx:cad></gpxtpx:TrackPointExtension></extensions></trkpt><trkpt lat="4.72984" lon="-74.0451"><ele>2561.8</ele><time>2026-09-13T20:10:40Z</time></trkpt><trkpt lat="4.72984" lon="-74.0451"><ele>2561.8</ele><time>2026-09-13T20:10:41Z</time></trkpt><trkpt lat="4.72984" lon="-74.0451"><ele>2561.9</ele><time>2026-09-13T20:10:42Z</time></trkpt><trkpt lat="4.72984" lon="-74.0451"><ele>2561.9</ele><time>2026-09-13T20:10:43Z</time></trkpt><trkpt lat="4.72984" lon="-74.0451"><ele>2561.9</ele><time>2026-09-13T20:10:44Z</time><extensions><gpxtpx:TrackPointExtension><gpxtpx:hr>93</gpxtpx:hr></gpxtpx:TrackPointExtension></extensions></trkpt><trkpt lat="4.72984" lon="-74.0451"><ele>2561.9</ele><time>2026-09-13T20:10:45Z</time></trkpt><trkpt lat="4.72984" lon="-74.0451"><ele>2561.9</ele><time>2026-09-13T20:10:46Z</time></trkpt><trkpt lat="4.72984" lon="-74.0451"><ele>2561.8</ele><time>2026-09-13T20:10:47Z</time></trkpt><trkpt lat="4.72984" lon="-74.0451"><ele>2561.8</ele><time>2026-09-13T20:10:48Z</time></trkpt><trkpt lat="4.72984" lon="-74.0451"><ele>2561.7</ele><time>2026-09-13T20:10:49Z</time><extensions><gpxtpx:TrackPointExtension><gpxtpx:hr>92</gpxtpx:hr></gpxtpx:TrackPointExtension></extensions></trkpt><trkpt lat="4.72984" lon="-74.0451"><ele>2561.7</ele><time>2026-09-13T20:10:50Z</time></trkpt><trkpt lat="4.72984" lon="-74.0451"><ele>2561.6</ele><time>2026-09-13T20:10:51Z</time></trkpt><trkpt lat="4.72984" lon="-74.0451"><ele>2561.7</ele><time>2026-09-13T20:10:52Z</time></trkpt><trkpt lat="4.72984" lon="-74.0451"><ele>2561.7</ele><time>2026-09-13T20:10:53Z</time></trkpt><trkpt lat="4.72984" lon="-74.0451"><ele>2561.7</ele><time>2026-09-13T20:10:54Z</time><extensions><gpxtpx:TrackPointExtension><gpxtpx:hr>90</gpxtpx:hr></gpxtpx:TrackPointExtension></extensions></trkpt><trkpt lat="4.72984" lon="-74.0451"><ele>2561.7</ele><time>2026-09-13T20:10:55Z</time></trkpt><trkpt lat="4.72984" lon="-74.0451"><ele>2561.7</ele><time>2026-09-13T20:10:56Z</time></trkpt><trkpt lat="4.72984" lon="-74.0451"><ele>2561.7</ele><time>2026-09-13T20:10:57Z</time></trkpt><trkpt lat="4.72984" lon="-74.0451"><ele>2561.6</ele><time>2026-09-13T20:10:58Z</time></trkpt><trkpt lat="4.72984" lon="-74.0451"><ele>2561.6</ele><time>2026-09-13T20:10:59Z</time><extensions><gpxtpx:TrackPointExtension><gpxtpx:hr>93</gpxtpx:hr></gpxtpx:TrackPointExtension></extensions></trkpt><trkpt lat="4.72984" lon="-74.0451"><ele>2561.7</ele><time>2026-09-13T20:11:00Z</time></trkpt><trkpt lat="4.72984" lon="-74.0451"><ele>2561.8</ele><time>2026-09-13T20:11:01Z</time></trkpt><trkpt lat="4.72984" lon="-74.0451"><ele>2561.7</ele><time>2026-09-13T20:11:02Z</time></trkpt><trkpt lat="4.72984" lon="-74.0451"><ele>2561.6</ele><time>2026-09-13T20:11:03Z</time></trkpt><trkpt lat="4.72984" lon="-74.0451"><ele>2561.6</ele><time>2026-09-13T20:11:04Z</time><extensions><gpxtpx:TrackPointExtension><gpxtpx:hr>94</gpxtpx:hr></gpxtpx:TrackPointExtension></extensions></trkpt><trkpt lat="4.72984" lon="-74.0451"><ele>2561.6</ele><time>2026-09-13T20:11:05Z</time></trkpt><trkpt lat="4.72984" lon="-74.0451"><ele>2561.5</ele><time>2026-09-13T20:11:06Z</time></trkpt><trkpt lat="4.72983" lon="-74.0451"><ele>2561.4</ele><time>2026-09-13T20:11:07Z</time></trkpt><trkpt lat="4.729818" lon="-74.045105"><ele>2561.3</ele><time>2026-09-13T20:11:08Z</time></trkpt><trkpt lat="4.729808" lon="-74.045105"><ele>2561.2</ele><time>2026-09-13T20:11:09Z</time><extensions><gpxtpx:TrackPointExtension><gpxtpx:hr>93</gpxtpx:hr></gpxtpx:TrackPointExtension></extensions></trkpt><trkpt lat="4.729795" lon="-74.045105"><ele>2561.2</ele><time>2026-09-13T20:11:10Z</time></trkpt><trkpt lat="4.729782" lon="-74.045105"><ele>2561.2</ele><time>2026-09-13T20:11:11Z</time></trkpt><trkpt lat="4.72977" lon="-74.04511"><ele>2561.2</ele><time>2026-09-13T20:11:12Z</time></trkpt><trkpt lat="4.729758" lon="-74.04512"><ele>2561.2</ele><time>2026-09-13T20:11:13Z</time></trkpt><trkpt lat="4.729743" lon="-74.04513"><ele>2561.4</ele><time>2026-09-13T20:11:14Z</time><extensions><gpxtpx:TrackPointExtension><gpxtpx:hr>92</gpxtpx:hr><gpxtpx:cad>103</gpxtpx:cad></gpxtpx:TrackPointExtension></extensions></trkpt><trkpt lat="4.729732" lon="-74.045135"><ele>2561.5</ele><time>2026-09-13T20:11:15Z</time></trkpt><trkpt lat="4.729715" lon="-74.045135"><ele>2561.7</ele><time>2026-09-13T20:11:16Z</time></trkpt><trkpt lat="4.729701" lon="-74.045135"><ele>2561.9</ele><time>2026-09-13T20:11:17Z</time></trkpt><trkpt lat="4.729684" lon="-74.04514"><ele>2561.9</ele><time>2026-09-13T20:11:18Z</time></trkpt><trkpt lat="4.729664" lon="-74.04514"><ele>2561.9</ele><time>2026-09-13T20:11:19Z</time><extensions><gpxtpx:TrackPointExtension><gpxtpx:hr>91</gpxtpx:hr><gpxtpx:cad>113</gpxtpx:cad></gpxtpx:TrackPointExtension></extensions></trkpt><trkpt lat="4.729641" lon="-74.04515"><ele>2561.8</ele><time>2026-09-13T20:11:20Z</time></trkpt><trkpt lat="4.72963" lon="-74.04515"><ele>2561.7</ele><time>2026-09-13T20:11:21Z</time></trkpt><trkpt lat="4.72962" lon="-74.04515"><ele>2561.4</ele><time>2026-09-13T20:11:22Z</time></trkpt><trkpt lat="4.729609" lon="-74.04516"><ele>2561.4</ele><time>2026-09-13T20:11:23Z</time></trkpt><trkpt lat="4.729603" lon="-74.045166"><ele>2561.4</ele><time>2026-09-13T20:11:24Z</time><extensions><gpxtpx:TrackPointExtension><gpxtpx:hr>92</gpxtpx:hr><gpxtpx:cad>119</gpxtpx:cad></gpxtpx:TrackPointExtension></extensions></trkpt><trkpt lat="4.729593" lon="-74.04517"><ele>2561.4</ele><time>2026-09-13T20:11:25Z</time></trkpt><trkpt lat="4.729583" lon="-74.04518"><ele>2561.4</ele><time>2026-09-13T20:11:26Z</time></trkpt><trkpt lat="4.729573" lon="-74.04518"><ele>2561.4</ele><time>2026-09-13T20:11:27Z</time></trkpt><trkpt lat="4.729562" lon="-74.04519"><ele>2561.5</ele><time>2026-09-13T20:11:28Z</time></trkpt><trkpt lat="4.72955" lon="-74.04519"><ele>2561.6</ele><time>2026-09-13T20:11:29Z</time><extensions><gpxtpx:TrackPointExtension><gpxtpx:hr>91</gpxtpx:hr><gpxtpx:cad>122</gpxtpx:cad></gpxtpx:TrackPointExtension></extensions></trkpt><trkpt lat="4.729534" lon="-74.0452"><ele>2561.7</ele><time>2026-09-13T20:11:30Z</time></trkpt><trkpt lat="4.729518" lon="-74.0452"><ele>2561.9</ele><time>2026-09-13T20:11:31Z</time></trkpt><trkpt lat="4.729502" lon="-74.0452"><ele>2562.1</ele><time>2026-09-13T20:11:32Z</time></trkpt><trkpt lat="4.729488" lon="-74.045204"><ele>2562.1</ele><time>2026-09-13T20:11:33Z</time></trkpt><trkpt lat="4.729474" lon="-74.045204"><ele>2562.1</ele><time>2026-09-13T20:11:34Z</time><extensions><gpxtpx:TrackPointExtension><gpxtpx:hr>91</gpxtpx:hr><gpxtpx:cad>117</gpxtpx:cad></gpxtpx:TrackPointExtension></extensions></trkpt><trkpt lat="4.72946" lon="-74.045204"><ele>2562.0</ele><time>2026-09-13T20:11:35Z</time></trkpt><trkpt lat="4.729454" lon="-74.045204"><ele>2562.0</ele><time>2026-09-13T20:11:36Z</time></trkpt><trkpt lat="4.729445" lon="-74.045204"><ele>2562.0</ele><time>2026-09-13T20:11:37Z</time></trkpt><trkpt lat="4.729438" lon="-74.045204"><ele>2562.1</ele><time>2026-09-13T20:11:38Z</time></trkpt><trkpt lat="4.729434" lon="-74.045204"><ele>2562.1</ele><time>2026-09-13T20:11:39Z</time><extensions><gpxtpx:TrackPointExtension><gpxtpx:hr>91</gpxtpx:hr><gpxtpx:cad>115</gpxtpx:cad></gpxtpx:TrackPointExtension></extensions></trkpt><trkpt lat="4.729419" lon="-74.04521"><ele>2562.1</ele><time>2026-09-13T20:11:40Z</time></trkpt><trkpt lat="4.729413" lon="-74.04521"><ele>2561.9</ele><time>2026-09-13T20:11:41Z</time></trkpt><trkpt lat="4.729403" lon="-74.04521"><ele>2561.8</ele><time>2026-09-13T20:11:42Z</time></trkpt><trkpt lat="4.72939" lon="-74.04522"><ele>2561.8</ele><time>2026-09-13T20:11:43Z</time></trkpt><trkpt lat="4.729378" lon="-74.04522"><ele>2561.8</ele><time>2026-09-13T20:11:44Z</time><extensions><gpxtpx:TrackPointExtension><gpxtpx:hr>91</gpxtpx:hr><gpxtpx:cad>108</gpxtpx:cad></gpxtpx:TrackPointExtension></extensions></trkpt><trkpt lat="4.729368" lon="-74.04523"><ele>2561.9</ele><time>2026-09-13T20:11:45Z</time></trkpt><trkpt lat="4.729357" lon="-74.04523"><ele>2562.0</ele><time>2026-09-13T20:11:46Z</time></trkpt><trkpt lat="4.729345" lon="-74.04523"><ele>2562.1</ele><time>2026-09-13T20:11:47Z</time></trkpt><trkpt lat="4.729332" lon="-74.045235"><ele>2562.1</ele><time>2026-09-13T20:11:48Z</time></trkpt><trkpt lat="4.729318" lon="-74.04524"><ele>2562.1</ele><time>2026-09-13T20:11:49Z</time><extensions><gpxtpx:TrackPointExtension><gpxtpx:hr>90</gpxtpx:hr><gpxtpx:cad>110</gpxtpx:cad></gpxtpx:TrackPointExtension></extensions></trkpt><trkpt lat="4.729304" lon="-74.04524"><ele>2562.0</ele><time>2026-09-13T20:11:50Z</time></trkpt><trkpt lat="4.729295" lon="-74.04524"><ele>2561.9</ele><time>2026-09-13T20:11:51Z</time></trkpt><trkpt lat="4.729284" lon="-74.04525"><ele>2561.8</ele><time>2026-09-13T20:11:52Z</time></trkpt><trkpt lat="4.729276" lon="-74.04525"><ele>2561.7</ele><time>2026-09-13T20:11:53Z</time></trkpt><trkpt lat="4.729266" lon="-74.04525"><ele>2561.7</ele><time>2026-09-13T20:11:54Z</time><extensions><gpxtpx:TrackPointExtension><gpxtpx:hr>93</gpxtpx:hr><gpxtpx:cad>114</gpxtpx:cad></gpxtpx:TrackPointExtension></extensions></trkpt><trkpt lat="4.729251" lon="-74.04525"><ele>2561.7</ele><time>2026-09-13T20:11:55Z</time></trkpt><trkpt lat="4.72924" lon="-74.04526"><ele>2561.7</ele><time>2026-09-13T20:11:56Z</time></trkpt><trkpt lat="4.729233" lon="-74.04526"><ele>2561.6</ele><time>2026-09-13T20:11:57Z</time></trkpt><trkpt lat="4.729225" lon="-74.04526"><ele>2561.4</ele><time>2026-09-13T20:11:58Z</time></trkpt><trkpt lat="4.729211" lon="-74.04526"><ele>2561.4</ele><time>2026-09-13T20:11:59Z</time><extensions><gpxtpx:TrackPointExtension><gpxtpx:hr>93</gpxtpx:hr><gpxtpx:cad>116</gpxtpx:cad></gpxtpx:TrackPointExtension></extensions></trkpt><trkpt lat="4.729201" lon="-74.04526"><ele>2561.4</ele><time>2026-09-13T20:12:00Z</time></trkpt><trkpt lat="4.729191" lon="-74.04526"><ele>2561.5</ele><time>2026-09-13T20:12:01Z</time></trkpt><trkpt lat="4.729177" lon="-74.045265"><ele>2561.6</ele><time>2026-09-13T20:12:02Z</time></trkpt><trkpt lat="4.729168" lon="-74.04526"><ele>2561.6</ele><time>2026-09-13T20:12:03Z</time></trkpt><trkpt lat="4.729158" lon="-74.04526"><ele>2561.6</ele><time>2026-09-13T20:12:04Z</time><extensions><gpxtpx:TrackPointExtension><gpxtpx:hr>95</gpxtpx:hr><gpxtpx:cad>117</gpxtpx:cad></gpxtpx:TrackPointExtension></extensions></trkpt><trkpt lat="4.729143" lon="-74.045265"><ele>2561.6</ele><time>2026-09-13T20:12:05Z</time></trkpt><trkpt lat="4.729126" lon="-74.045265"><ele>2561.6</ele><time>2026-09-13T20:12:06Z</time></trkpt><trkpt lat="4.729119" lon="-74.045265"><ele>2561.8</ele><time>2026-09-13T20:12:07Z</time></trkpt><trkpt lat="4.729106" lon="-74.04527"><ele>2562.0</ele><time>2026-09-13T20:12:08Z</time></trkpt><trkpt lat="4.729092" lon="-74.04527"><ele>2562.1</ele><time>2026-09-13T20:12:09Z</time><extensions><gpxtpx:TrackPointExtension><gpxtpx:hr>99</gpxtpx:hr><gpxtpx:cad>115</gpxtpx:cad></gpxtpx:TrackPointExtension></extensions></trkpt><trkpt lat="4.729077" lon="-74.04527"><ele>2561.9</ele><time>2026-09-13T20:12:10Z</time></trkpt><trkpt lat="4.729063" lon="-74.04528"><ele>2561.6</ele><time>2026-09-13T20:12:11Z</time></trkpt><trkpt lat="4.72905" lon="-74.04528"><ele>2561.2</ele><time>2026-09-13T20:12:12Z</time></trkpt><trkpt lat="4.729034" lon="-74.04529"><ele>2561.1</ele><time>2026-09-13T20:12:13Z</time></trkpt><trkpt lat="4.72902" lon="-74.04529"><ele>2561.0</ele><time>2026-09-13T20:12:14Z</time><extensions><gpxtpx:TrackPointExtension><gpxtpx:hr>98</gpxtpx:hr><gpxtpx:cad>115</gpxtpx:cad></gpxtpx:TrackPointExtension></extensions></trkpt><trkpt lat="4.729004" lon="-74.045296"><ele>2560.9</ele><time>2026-09-13T20:12:15Z</time></trkpt><trkpt lat="4.72899" lon="-74.045296"><ele>2561.1</ele><time>2026-09-13T20:12:16Z</time></trkpt><trkpt lat="4.728977" lon="-74.0453"><ele>2561.2</ele><time>2026-09-13T20:12:17Z</time></trkpt><trkpt lat="4.728963" lon="-74.04531"><ele>2561.2</ele><time>2026-09-13T20:12:18Z</time></trkpt><trkpt lat="4.728953" lon="-74.04531"><ele>2561.2</ele><time>2026-09-13T20:12:19Z</time><extensions><gpxtpx:TrackPointExtension><gpxtpx:hr>98</gpxtpx:hr><gpxtpx:cad>115</gpxtpx:cad></gpxtpx:TrackPointExtension></extensions></trkpt><trkpt lat="4.728939" lon="-74.04531"><ele>2561.2</ele><time>2026-09-13T20:12:20Z</time></trkpt><trkpt lat="4.728925" lon="-74.04532"><ele>2561.2</ele><time>2026-09-13T20:12:21Z</time></trkpt><trkpt lat="4.728913" lon="-74.04532"><ele>2561.3</ele><time>2026-09-13T20:12:22Z</time></trkpt><trkpt lat="4.728908" lon="-74.04531"><ele>2561.4</ele><time>2026-09-13T20:12:23Z</time></trkpt><trkpt lat="4.728902" lon="-74.04531"><ele>2561.4</ele><time>2026-09-13T20:12:24Z</time><extensions><gpxtpx:TrackPointExtension><gpxtpx:hr>96</gpxtpx:hr><gpxtpx:cad>112</gpxtpx:cad></gpxtpx:TrackPointExtension></extensions></trkpt><trkpt lat="4.728894" lon="-74.0453"><ele>2561.5</ele><time>2026-09-13T20:12:25Z</time></trkpt><trkpt lat="4.728883" lon="-74.0453"><ele>2561.5</ele><time>2026-09-13T20:12:26Z</time></trkpt><trkpt lat="4.728872" lon="-74.04531"><ele>2561.6</ele><time>2026-09-13T20:12:27Z</time></trkpt><trkpt lat="4.728864" lon="-74.04531"><ele>2561.6</ele><time>2026-09-13T20:12:28Z</time></trkpt><trkpt lat="4.728852" lon="-74.04531"><ele>2561.6</ele><time>2026-09-13T20:12:29Z</time><extensions><gpxtpx:TrackPointExtension><gpxtpx:hr>96</gpxtpx:hr><gpxtpx:cad>114</gpxtpx:cad></gpxtpx:TrackPointExtension></extensions></trkpt><trkpt lat="4.728844" lon="-74.04531"><ele>2561.6</ele><time>2026-09-13T20:12:30Z</time></trkpt><trkpt lat="4.728833" lon="-74.04531"><ele>2561.6</ele><time>2026-09-13T20:12:31Z</time></trkpt><trkpt lat="4.728822" lon="-74.04531"><ele>2561.6</ele><time>2026-09-13T20:12:32Z</time></trkpt><trkpt lat="4.728813" lon="-74.04532"><ele>2561.8</ele><time>2026-09-13T20:12:33Z</time></trkpt><trkpt lat="4.728804" lon="-74.04532"><ele>2561.9</ele><time>2026-09-13T20:12:34Z</time><extensions><gpxtpx:TrackPointExtension><gpxtpx:hr>96</gpxtpx:hr><gpxtpx:cad>117</gpxtpx:cad></gpxtpx:TrackPointExtension></extensions></trkpt><trkpt lat="4.728789" lon="-74.04533"><ele>2562.0</ele><time>2026-09-13T20:12:35Z</time></trkpt><trkpt lat="4.728774" lon="-74.04533"><time>2026-09-13T20:12:36Z</time></trkpt><trkpt lat="4.728759" lon="-74.04533"><time>2026-09-13T20:12:37Z</time></trkpt><trkpt lat="4.728748" lon="-74.045334"><time>2026-09-13T20:12:38Z</time></trkpt><trkpt lat="4.728738" lon="-74.045334"><ele>2561.9</ele><time>2026-09-13T20:12:39Z</time><extensions><gpxtpx:TrackPointExtension><gpxtpx:hr>94</gpxtpx:hr><gpxtpx:cad>115</gpxtpx:cad></gpxtpx:TrackPointExtension></extensions></trkpt><trkpt lat="4.728729" lon="-74.045334"><time>2026-09-13T20:12:40Z</time></trkpt><trkpt lat="4.728718" lon="-74.045334"><time>2026-09-13T20:12:41Z</time></trkpt><trkpt lat="4.728708" lon="-74.04534"><time>2026-09-13T20:12:42Z</time></trkpt><trkpt lat="4.728698" lon="-74.04534"><time>2026-09-13T20:12:43Z</time></trkpt><trkpt lat="4.728687" lon="-74.04534"><ele>2561.7</ele><time>2026-09-13T20:12:44Z</time><extensions><gpxtpx:TrackPointExtension><gpxtpx:hr>94</gpxtpx:hr><gpxtpx:cad>114</gpxtpx:cad></gpxtpx:TrackPointExtension></extensions></trkpt><trkpt lat="4.728676" lon="-74.04534"><time>2026-09-13T20:12:45Z</time></trkpt><trkpt lat="4.728663" lon="-74.04534"><time>2026-09-13T20:12:46Z</time></trkpt><trkpt lat="4.72865" lon="-74.04534"><time>2026-09-13T20:12:47Z</time></trkpt><trkpt lat="4.728637" lon="-74.04534"><time>2026-09-13T20:12:48Z</time></trkpt><trkpt lat="4.728623" lon="-74.04534"><ele>2561.7</ele><time>2026-09-13T20:12:49Z</time><extensions><gpxtpx:TrackPointExtension><gpxtpx:hr>92</gpxtpx:hr><gpxtpx:cad>114</gpxtpx:cad></gpxtpx:TrackPointExtension></extensions></trkpt><trkpt lat="4.728611" lon="-74.04534"><time>2026-09-13T20:12:50Z</time></trkpt><trkpt lat="4.728599" lon="-74.04534"><time>2026-09-13T20:12:51Z</time></trkpt><trkpt lat="4.728588" lon="-74.04534"><time>2026-09-13T20:12:52Z</time></trkpt><trkpt lat="4.728577" lon="-74.04534"><time>2026-09-13T20:12:53Z</time></trkpt><trkpt lat="4.728564" lon="-74.04534"><ele>2561.7</ele><time>2026-09-13T20:12:54Z</time><extensions><gpxtpx:TrackPointExtension><gpxtpx:hr>93</gpxtpx:hr><gpxtpx:cad>112</gpxtpx:cad></gpxtpx:TrackPointExtension></extensions></trkpt><trkpt lat="4.72855" lon="-74.04534"><time>2026-09-13T20:12:55Z</time></trkpt><trkpt lat="4.728542" lon="-74.04535"><time>2026-09-13T20:12:56Z</time></trkpt><trkpt lat="4.728531" lon="-74.04536"><time>2026-09-13T20:12:57Z</time></trkpt><trkpt lat="4.728518" lon="-74.04536"><time>2026-09-13T20:12:58Z</time></trkpt><trkpt lat="4.7285" lon="-74.04536"><ele>2561.7</ele><time>2026-09-13T20:12:59Z</time><extensions><gpxtpx:TrackPointExtension><gpxtpx:hr>93</gpxtpx:hr><gpxtpx:cad>102</gpxtpx:cad></gpxtpx:TrackPointExtension></extensions></trkpt><trkpt lat="4.728485" lon="-74.04536"><time>2026-09-13T20:13:00Z</time></trkpt><trkpt lat="4.728471" lon="-74.045364"><time>2026-09-13T20:13:01Z</time></trkpt><trkpt lat="4.72846" lon="-74.045364"><time>2026-09-13T20:13:02Z</time></trkpt><trkpt lat="4.728447" lon="-74.045364"><time>2026-09-13T20:13:03Z</time></trkpt><trkpt lat="4.728438" lon="-74.04537"><ele>2561.7</ele><time>2026-09-13T20:13:04Z</time><extensions><gpxtpx:TrackPointExtension><gpxtpx:hr>95</gpxtpx:hr><gpxtpx:cad>107</gpxtpx:cad></gpxtpx:TrackPointExtension></extensions></trkpt><trkpt lat="4.728427" lon="-74.04537"><time>2026-09-13T20:13:05Z</time></trkpt><trkpt lat="4.728414" lon="-74.04538"><time>2026-09-13T20:13:06Z</time></trkpt><trkpt lat="4.728405" lon="-74.04538"><time>2026-09-13T20:13:07Z</time></trkpt><trkpt lat="4.728394" lon="-74.04538"><time>2026-09-13T20:13:08Z</time></trkpt><trkpt lat="4.728381" lon="-74.04537"><ele>2561.4</ele><time>2026-09-13T20:13:09Z</time><extensions><gpxtpx:TrackPointExtension><gpxtpx:hr>96</gpxtpx:hr><gpxtpx:cad>116</gpxtpx:cad></gpxtpx:TrackPointExtension></extensions></trkpt><trkpt lat="4.72837" lon="-74.04537"><time>2026-09-13T20:13:10Z</time></trkpt><trkpt lat="4.728357" lon="-74.04537"><time>2026-09-13T20:13:11Z</time></trkpt><trkpt lat="4.728345" lon="-74.04538"><time>2026-09-13T20:13:12Z</time></trkpt><trkpt lat="4.728334" lon="-74.04538"><time>2026-09-13T20:13:13Z</time></trkpt><trkpt lat="4.728323" lon="-74.04538"><ele>2561.2</ele><time>2026-09-13T20:13:14Z</time><extensions><gpxtpx:TrackPointExtension><gpxtpx:hr>93</gpxtpx:hr><gpxtpx:cad>119</gpxtpx:cad></gpxtpx:TrackPointExtension></extensions></trkpt><trkpt lat="4.72831" lon="-74.04538"><time>2026-09-13T20:13:15Z</time></trkpt><trkpt lat="4.728297" lon="-74.04539"><time>2026-09-13T20:13:16Z</time></trkpt><trkpt lat="4.728284" lon="-74.04539"><time>2026-09-13T20:13:17Z</time></trkpt><trkpt lat="4.728271" lon="-74.04539"><time>2026-09-13T20:13:18Z</time></trkpt><trkpt lat="4.72826" lon="-74.045395"><ele>2561.2</ele><time>2026-09-13T20:13:19Z</time><extensions><gpxtpx:TrackPointExtension><gpxtpx:hr>92</gpxtpx:hr><gpxtpx:cad>119</gpxtpx:cad></gpxtpx:TrackPointExtension></extensions></trkpt><trkpt lat="4.728249" lon="-74.045395"><time>2026-09-13T20:13:20Z</time></trkpt><trkpt lat="4.728236" lon="-74.045395"><time>2026-09-13T20:13:21Z</time></trkpt><trkpt lat="4.728224" lon="-74.045395"><time>2026-09-13T20:13:22Z</time></trkpt><trkpt lat="4.728213" lon="-74.0454"><time>2026-09-13T20:13:23Z</time></trkpt><trkpt lat="4.7282" lon="-74.0454"><ele>2561.4</ele><time>2026-09-13T20:13:24Z</time><extensions><gpxtpx:TrackPointExtension><gpxtpx:hr>94</gpxtpx:hr><gpxtpx:cad>117</gpxtpx:cad></gpxtpx:TrackPointExtension></extensions></trkpt><trkpt lat="4.728187" lon="-74.04541"><time>2026-09-13T20:13:25Z</time></trkpt><trkpt lat="4.728177" lon="-74.04541"><time>2026-09-13T20:13:26Z</time></trkpt><trkpt lat="4.728165" lon="-74.04541"><time>2026-09-13T20:13:27Z</time></trkpt><trkpt lat="4.728154" lon="-74.04542"><time>2026-09-13T20:13:28Z</time></trkpt><trkpt lat="4.728144" lon="-74.04542"><ele>2561.6</ele><time>2026-09-13T20:13:29Z</time><extensions><gpxtpx:TrackPointExtension><gpxtpx:hr>94</gpxtpx:hr><gpxtpx:cad>116</gpxtpx:cad></gpxtpx:TrackPointExtension></extensions></trkpt><trkpt lat="4.728136" lon="-74.04542"><time>2026-09-13T20:13:30Z</time></trkpt><trkpt lat="4.728125" lon="-74.04542"><time>2026-09-13T20:13:31Z</time></trkpt><trkpt lat="4.728114" lon="-74.045425"><time>2026-09-13T20:13:32Z</time></trkpt><trkpt lat="4.728104" lon="-74.045425"><time>2026-09-13T20:13:33Z</time></trkpt><trkpt lat="4.728094" lon="-74.04543"><ele>2561.7</ele><time>2026-09-13T20:13:34Z</time><extensions><gpxtpx:TrackPointExtension><gpxtpx:hr>93</gpxtpx:hr><gpxtpx:cad>114</gpxtpx:cad></gpxtpx:TrackPointExtension></extensions></trkpt><trkpt lat="4.728083" lon="-74.04543"><time>2026-09-13T20:13:35Z</time></trkpt><trkpt lat="4.728071" lon="-74.04543"><time>2026-09-13T20:13:36Z</time></trkpt><trkpt lat="4.728059" lon="-74.04543"><time>2026-09-13T20:13:37Z</time></trkpt><trkpt lat="4.728051" lon="-74.04544"><time>2026-09-13T20:13:38Z</time></trkpt><trkpt lat="4.728036" lon="-74.04544"><ele>2561.8</ele><time>2026-09-13T20:13:39Z</time><extensions><gpxtpx:TrackPointExtension><gpxtpx:hr>96</gpxtpx:hr><gpxtpx:cad>114</gpxtpx:cad></gpxtpx:TrackPointExtension></extensions></trkpt><trkpt lat="4.728028" lon="-74.04545"><time>2026-09-13T20:13:40Z</time></trkpt><trkpt lat="4.728011" lon="-74.04544"><time>2026-09-13T20:13:41Z</time></trkpt><trkpt lat="4.728004" lon="-74.04544"><time>2026-09-13T20:13:42Z</time></trkpt><trkpt lat="4.727994" lon="-74.04545"><time>2026-09-13T20:13:43Z</time></trkpt><trkpt lat="4.72798" lon="-74.04545"><ele>2561.8</ele><time>2026-09-13T20:13:44Z</time><extensions><gpxtpx:TrackPointExtension><gpxtpx:hr>98</gpxtpx:hr><gpxtpx:cad>115</gpxtpx:cad></gpxtpx:TrackPointExtension></extensions></trkpt><trkpt lat="4.727969" lon="-74.04545"><time>2026-09-13T20:13:45Z</time></trkpt><trkpt lat="4.727955" lon="-74.045456"><time>2026-09-13T20:13:46Z</time></trkpt><trkpt lat="4.727939" lon="-74.04545"><time>2026-09-13T20:13:47Z</time></trkpt><trkpt lat="4.727923" lon="-74.045456"><time>2026-09-13T20:13:48Z</time></trkpt><trkpt lat="4.72791" lon="-74.045456"><ele>2561.8</ele><time>2026-09-13T20:13:49Z</time><extensions><gpxtpx:TrackPointExtension><gpxtpx:hr>96</gpxtpx:hr><gpxtpx:cad>117</gpxtpx:cad></gpxtpx:TrackPointExtension></extensions></trkpt><trkpt lat="4.727898" lon="-74.04546"><time>2026-09-13T20:13:50Z</time></trkpt><trkpt lat="4.727886" lon="-74.04546"><time>2026-09-13T20:13:51Z</time></trkpt><trkpt lat="4.727874" lon="-74.04546"><time>2026-09-13T20:13:52Z</time></trkpt><trkpt lat="4.72786" lon="-74.04546"><time>2026-09-13T20:13:53Z</time></trkpt><trkpt lat="4.727844" lon="-74.04546"><ele>2561.8</ele><time>2026-09-13T20:13:54Z</time><extensions><gpxtpx:TrackPointExtension><gpxtpx:hr>97</gpxtpx:hr><gpxtpx:cad>118</gpxtpx:cad></gpxtpx:TrackPointExtension></extensions></trkpt><trkpt lat="4.727828" lon="-74.04546"><time>2026-09-13T20:13:55Z</time></trkpt><trkpt lat="4.727813" lon="-74.04546"><time>2026-09-13T20:13:56Z</time></trkpt><trkpt lat="4.727799" lon="-74.04546"><time>2026-09-13T20:13:57Z</time></trkpt><trkpt lat="4.727787" lon="-74.04546"><time>2026-09-13T20:13:58Z</time></trkpt><trkpt lat="4.727774" lon="-74.04546"><ele>2561.8</ele><time>2026-09-13T20:13:59Z</time><extensions><gpxtpx:TrackPointExtension><gpxtpx:hr>94</gpxtpx:hr><gpxtpx:cad>114</gpxtpx:cad></gpxtpx:TrackPointExtension></extensions></trkpt><trkpt lat="4.727764" lon="-74.04546"><time>2026-09-13T20:14:00Z</time></trkpt><trkpt lat="4.727754" lon="-74.04546"><time>2026-09-13T20:14:01Z</time></trkpt><trkpt lat="4.727738" lon="-74.04547"><time>2026-09-13T20:14:02Z</time></trkpt><trkpt lat="4.727728" lon="-74.04547"><time>2026-09-13T20:14:03Z</time></trkpt><trkpt lat="4.727718" lon="-74.04547"><ele>2561.7</ele><time>2026-09-13T20:14:04Z</time><extensions><gpxtpx:TrackPointExtension><gpxtpx:hr>91</gpxtpx:hr><gpxtpx:cad>113</gpxtpx:cad></gpxtpx:TrackPointExtension></extensions></trkpt><trkpt lat="4.727709" lon="-74.04547"><time>2026-09-13T20:14:05Z</time></trkpt><trkpt lat="4.727695" lon="-74.04547"><time>2026-09-13T20:14:06Z</time></trkpt><trkpt lat="4.727687" lon="-74.04547"><time>2026-09-13T20:14:07Z</time></trkpt><trkpt lat="4.727674" lon="-74.04547"><time>2026-09-13T20:14:08Z</time></trkpt><trkpt lat="4.727665" lon="-74.04548"><ele>2561.4</ele><time>2026-09-13T20:14:09Z</time><extensions><gpxtpx:TrackPointExtension><gpxtpx:hr>90</gpxtpx:hr><gpxtpx:cad>114</gpxtpx:cad></gpxtpx:TrackPointExtension></extensions></trkpt><trkpt lat="4.727656" lon="-74.04548"><time>2026-09-13T20:14:10Z</time></trkpt><trkpt lat="4.727645" lon="-74.04548"><time>2026-09-13T20:14:11Z</time></trkpt><trkpt lat="4.727633" lon="-74.04548"><time>2026-09-13T20:14:12Z</time></trkpt><trkpt lat="4.727622" lon="-74.04548"><time>2026-09-13T20:14:13Z</time></trkpt><trkpt lat="4.72761" lon="-74.04549"><ele>2561.2</ele><time>2026-09-13T20:14:14Z</time><extensions><gpxtpx:TrackPointExtension><gpxtpx:hr>88</gpxtpx:hr><gpxtpx:cad>117</gpxtpx:cad></gpxtpx:TrackPointExtension></extensions></trkpt><trkpt lat="4.727597" lon="-74.04548"><time>2026-09-13T20:14:15Z</time></trkpt><trkpt lat="4.727584" lon="-74.04548"><time>2026-09-13T20:14:16Z</time></trkpt><trkpt lat="4.727569" lon="-74.04549"><time>2026-09-13T20:14:17Z</time></trkpt><trkpt lat="4.727556" lon="-74.04549"><time>2026-09-13T20:14:18Z</time></trkpt><trkpt lat="4.72754" lon="-74.045494"><ele>2561.2</ele><time>2026-09-13T20:14:19Z</time><extensions><gpxtpx:TrackPointExtension><gpxtpx:hr>90</gpxtpx:hr><gpxtpx:cad>114</gpxtpx:cad></gpxtpx:TrackPointExtension></extensions></trkpt><trkpt lat="4.727527" lon="-74.045494"><time>2026-09-13T20:14:20Z</time></trkpt><trkpt lat="4.727515" lon="-74.0455"><time>2026-09-13T20:14:21Z</time></trkpt><trkpt lat="4.727503" lon="-74.0455"><time>2026-09-13T20:14:22Z</time></trkpt><trkpt lat="4.727492" lon="-74.0455"><time>2026-09-13T20:14:23Z</time></trkpt><trkpt lat="4.727479" lon="-74.0455"><ele>2561.2</ele><time>2026-09-13T20:14:24Z</time><extensions><gpxtpx:TrackPointExtension><gpxtpx:hr>87</gpxtpx:hr><gpxtpx:cad>111</gpxtpx:cad></gpxtpx:TrackPointExtension></extensions></trkpt><trkpt lat="4.727467" lon="-74.04551"><time>2026-09-13T20:14:25Z</time></trkpt><trkpt lat="4.727456" lon="-74.04551"><time>2026-09-13T20:14:26Z</time></trkpt><trkpt lat="4.727444" lon="-74.04552"><time>2026-09-13T20:14:27Z</time></trkpt><trkpt lat="4.727433" lon="-74.04552"><time>2026-09-13T20:14:28Z</time></trkpt><trkpt lat="4.727421" lon="-74.04552"><ele>2561.4</ele><time>2026-09-13T20:14:29Z</time><extensions><gpxtpx:TrackPointExtension><gpxtpx:hr>83</gpxtpx:hr><gpxtpx:cad>114</gpxtpx:cad></gpxtpx:TrackPointExtension></extensions></trkpt><trkpt lat="4.72741" lon="-74.04552"><time>2026-09-13T20:14:30Z</time></trkpt><trkpt lat="4.727399" lon="-74.04552"><time>2026-09-13T20:14:31Z</time></trkpt><trkpt lat="4.727387" lon="-74.04552"><time>2026-09-13T20:14:32Z</time></trkpt><trkpt lat="4.727376" lon="-74.045525"><time>2026-09-13T20:14:33Z</time></trkpt><trkpt lat="4.727365" lon="-74.04552"><ele>2561.6</ele><time>2026-09-13T20:14:34Z</time><extensions><gpxtpx:TrackPointExtension><gpxtpx:hr>83</gpxtpx:hr><gpxtpx:cad>111</gpxtpx:cad></gpxtpx:TrackPointExtension></extensions></trkpt><trkpt lat="4.727357" lon="-74.045525"><time>2026-09-13T20:14:35Z</time></trkpt><trkpt lat="4.727349" lon="-74.04553"><time>2026-09-13T20:14:36Z</time></trkpt><trkpt lat="4.727338" lon="-74.04553"><time>2026-09-13T20:14:37Z</time></trkpt><trkpt lat="4.727328" lon="-74.04554"><time>2026-09-13T20:14:38Z</time></trkpt><trkpt lat="4.727316" lon="-74.04554"><ele>2561.9</ele><time>2026-09-13T20:14:39Z</time><extensions><gpxtpx:TrackPointExtension><gpxtpx:hr>85</gpxtpx:hr><gpxtpx:cad>117</gpxtpx:cad></gpxtpx:TrackPointExtension></extensions></trkpt><trkpt lat="4.727301" lon="-74.04554"><time>2026-09-13T20:14:40Z</time></trkpt><trkpt lat="4.727294" lon="-74.04554"><time>2026-09-13T20:14:41Z</time></trkpt><trkpt lat="4.727282" lon="-74.04554"><time>2026-09-13T20:14:42Z</time></trkpt><trkpt lat="4.727269" lon="-74.04554"><time>2026-09-13T20:14:43Z</time></trkpt><trkpt lat="4.727255" lon="-74.04555"><ele>2561.9</ele><time>2026-09-13T20:14:44Z</time><extensions><gpxtpx:TrackPointExtension><gpxtpx:hr>85</gpxtpx:hr><gpxtpx:cad>117</gpxtpx:cad></gpxtpx:TrackPointExtension></extensions></trkpt><trkpt lat="4.72724" lon="-74.04555"><time>2026-09-13T20:14:45Z</time></trkpt><trkpt lat="4.727223" lon="-74.045555"><time>2026-09-13T20:14:46Z</time></trkpt><trkpt lat="4.727205" lon="-74.045555"><time>2026-09-13T20:14:47Z</time></trkpt><trkpt lat="4.727188" lon="-74.04556"><time>2026-09-13T20:14:48Z</time></trkpt><trkpt lat="4.727172" lon="-74.04556"><ele>2561.8</ele><time>2026-09-13T20:14:49Z</time><extensions><gpxtpx:TrackPointExtension><gpxtpx:hr>86</gpxtpx:hr><gpxtpx:cad>113</gpxtpx:cad></gpxtpx:TrackPointExtension></extensions></trkpt><trkpt lat="4.727164" lon="-74.04557"><time>2026-09-13T20:14:50Z</time></trkpt><trkpt lat="4.727151" lon="-74.04557"><time>2026-09-13T20:14:51Z</time></trkpt><trkpt lat="4.727138" lon="-74.04557"><time>2026-09-13T20:14:52Z</time></trkpt><trkpt lat="4.727127" lon="-74.04557"><time>2026-09-13T20:14:53Z</time></trkpt><trkpt lat="4.727116" lon="-74.04558"><ele>2561.5</ele><time>2026-09-13T20:14:54Z</time><extensions><gpxtpx:TrackPointExtension><gpxtpx:hr>88</gpxtpx:hr><gpxtpx:cad>112</gpxtpx:cad></gpxtpx:TrackPointExtension></extensions></trkpt><trkpt lat="4.727103" lon="-74.045586"><time>2026-09-13T20:14:55Z</time></trkpt><trkpt lat="4.7271" lon="-74.04558"><time>2026-09-13T20:14:56Z</time></trkpt><trkpt lat="4.727093" lon="-74.045586"><time>2026-09-13T20:14:57Z</time></trkpt><trkpt lat="4.727083" lon="-74.045586"><time>2026-09-13T20:14:58Z</time></trkpt><trkpt lat="4.72707" lon="-74.045586"><ele>2561.3</ele><time>2026-09-13T20:14:59Z</time><extensions><gpxtpx:TrackPointExtension><gpxtpx:hr>88</gpxtpx:hr><gpxtpx:cad>111</gpxtpx:cad></gpxtpx:TrackPointExtension></extensions></trkpt><trkpt lat="4.727064" lon="-74.045586"><time>2026-09-13T20:15:00Z</time></trkpt><trkpt lat="4.727053" lon="-74.045586"><time>2026-09-13T20:15:01Z</time></trkpt><trkpt lat="4.72704" lon="-74.045586"><time>2026-09-13T20:15:02Z</time></trkpt><trkpt lat="4.727027" lon="-74.045586"><time>2026-09-13T20:15:03Z</time></trkpt><trkpt lat="4.727012" lon="-74.045586"><ele>2561.3</ele><time>2026-09-13T20:15:04Z</time><extensions><gpxtpx:TrackPointExtension><gpxtpx:hr>89</gpxtpx:hr><gpxtpx:cad>112</gpxtpx:cad></gpxtpx:TrackPointExtension></extensions></trkpt><trkpt lat="4.727" lon="-74.045586"><time>2026-09-13T20:15:05Z</time></trkpt><trkpt lat="4.726988" lon="-74.045586"><time>2026-09-13T20:15:06Z</time></trkpt><trkpt lat="4.726974" lon="-74.04559"><time>2026-09-13T20:15:07Z</time></trkpt><trkpt lat="4.72696" lon="-74.04559"><time>2026-09-13T20:15:08Z</time></trkpt><trkpt lat="4.726949" lon="-74.04559"><ele>2561.2</ele><time>2026-09-13T20:15:09Z</time><extensions><gpxtpx:TrackPointExtension><gpxtpx:hr>88</gpxtpx:hr><gpxtpx:cad>116</gpxtpx:cad></gpxtpx:TrackPointExtension></extensions></trkpt><trkpt lat="4.726936" lon="-74.0456"><time>2026-09-13T20:15:10Z</time></trkpt><trkpt lat="4.72692" lon="-74.0456"><time>2026-09-13T20:15:11Z</time></trkpt><trkpt lat="4.726908" lon="-74.0456"><time>2026-09-13T20:15:12Z</time></trkpt><trkpt lat="4.726896" lon="-74.0456"><time>2026-09-13T20:15:13Z</time></trkpt><trkpt lat="4.726887" lon="-74.0456"><ele>2561.2</ele><time>2026-09-13T20:15:14Z</time><extensions><gpxtpx:TrackPointExtension><gpxtpx:hr>90</gpxtpx:hr><gpxtpx:cad>107</gpxtpx:cad></gpxtpx:TrackPointExtension></extensions></trkpt><trkpt lat="4.726878" lon="-74.04561"><time>2026-09-13T20:15:15Z</time></trkpt><trkpt lat="4.726865" lon="-74.04561"><time>2026-09-13T20:15:16Z</time></trkpt><trkpt lat="4.72685" lon="-74.045616"><time>2026-09-13T20:15:17Z</time></trkpt><trkpt lat="4.726837" lon="-74.045616"><time>2026-09-13T20:15:18Z</time></trkpt><trkpt lat="4.726831" lon="-74.045616"><ele>2561.2</ele><time>2026-09-13T20:15:19Z</time><extensions><gpxtpx:TrackPointExtension><gpxtpx:hr>89</gpxtpx:hr><gpxtpx:cad>114</gpxtpx:cad></gpxtpx:TrackPointExtension></extensions></trkpt><trkpt lat="4.726815" lon="-74.04561"><time>2026-09-13T20:15:20Z</time></trkpt><trkpt lat="4.726794" lon="-74.04561"><time>2026-09-13T20:15:21Z</time></trkpt><trkpt lat="4.726778" lon="-74.045616"><time>2026-09-13T20:15:22Z</time></trkpt><trkpt lat="4.726765" lon="-74.04561"><time>2026-09-13T20:15:23Z</time></trkpt><trkpt lat="4.726752" lon="-74.045616"><ele>2561.2</ele><time>2026-09-13T20:15:24Z</time><extensions><gpxtpx:TrackPointExtension><gpxtpx:hr>89</gpxtpx:hr><gpxtpx:cad>116</gpxtpx:cad></gpxtpx:TrackPointExtension></extensions></trkpt><trkpt lat="4.72674" lon="-74.045616"><time>2026-09-13T20:15:25Z</time></trkpt><trkpt lat="4.72673" lon="-74.045616"><time>2026-09-13T20:15:26Z</time></trkpt><trkpt lat="4.726719" lon="-74.045616"><time>2026-09-13T20:15:27Z</time></trkpt><trkpt lat="4.726709" lon="-74.045616"><time>2026-09-13T20:15:28Z</time></trkpt><trkpt lat="4.726697" lon="-74.04562"><ele>2561.1</ele><time>2026-09-13T20:15:29Z</time><extensions><gpxtpx:TrackPointExtension><gpxtpx:hr>92</gpxtpx:hr><gpxtpx:cad>121</gpxtpx:cad></gpxtpx:TrackPointExtension></extensions></trkpt><trkpt lat="4.726688" lon="-74.04563"><time>2026-09-13T20:15:30Z</time></trkpt><trkpt lat="4.726677" lon="-74.04564"><time>2026-09-13T20:15:31Z</time></trkpt><trkpt lat="4.726668" lon="-74.04565"><time>2026-09-13T20:15:32Z</time></trkpt><trkpt lat="4.72666" lon="-74.04565"><time>2026-09-13T20:15:33Z</time></trkpt><trkpt lat="4.726647" lon="-74.04565"><ele>2561.0</ele><time>2026-09-13T20:15:34Z</time><extensions><gpxtpx:TrackPointExtension><gpxtpx:hr>96</gpxtpx:hr><gpxtpx:cad>120</gpxtpx:cad></gpxtpx:TrackPointExtension></extensions></trkpt><trkpt lat="4.726636" lon="-74.045654"><time>2026-09-13T20:15:35Z</time></trkpt><trkpt lat="4.726625" lon="-74.045654"><time>2026-09-13T20:15:36Z</time></trkpt><trkpt lat="4.726613" lon="-74.045654"><time>2026-09-13T20:15:37Z</time></trkpt><trkpt lat="4.726604" lon="-74.04566"><time>2026-09-13T20:15:38Z</time></trkpt><trkpt lat="4.726593" lon="-74.04567"><ele>2560.9</ele><time>2026-09-13T20:15:39Z</time><extensions><gpxtpx:TrackPointExtension><gpxtpx:hr>98</gpxtpx:hr><gpxtpx:cad>117</gpxtpx:cad></gpxtpx:TrackPointExtension></extensions></trkpt><trkpt lat="4.726582" lon="-74.04567"><time>2026-09-13T20:15:40Z</time></trkpt><trkpt lat="4.726572" lon="-74.04567"><time>2026-09-13T20:15:41Z</time></trkpt><trkpt lat="4.726561" lon="-74.04568"><time>2026-09-13T20:15:42Z</time></trkpt><trkpt lat="4.72655" lon="-74.04568"><time>2026-09-13T20:15:43Z</time></trkpt><trkpt lat="4.726538" lon="-74.04568"><ele>2561.2</ele><time>2026-09-13T20:15:44Z</time><extensions><gpxtpx:TrackPointExtension><gpxtpx:hr>95</gpxtpx:hr><gpxtpx:cad>117</gpxtpx:cad></gpxtpx:TrackPointExtension></extensions></trkpt><trkpt lat="4.726525" lon="-74.04568"><time>2026-09-13T20:15:45Z</time></trkpt><trkpt lat="4.726512" lon="-74.04568"><time>2026-09-13T20:15:46Z</time></trkpt><trkpt lat="4.726502" lon="-74.04568"><time>2026-09-13T20:15:47Z</time></trkpt><trkpt lat="4.726491" lon="-74.04568"><time>2026-09-13T20:15:48Z</time></trkpt><trkpt lat="4.72648" lon="-74.04568"><ele>2561.2</ele><time>2026-09-13T20:15:49Z</time><extensions><gpxtpx:TrackPointExtension><gpxtpx:hr>93</gpxtpx:hr><gpxtpx:cad>115</gpxtpx:cad></gpxtpx:TrackPointExtension></extensions></trkpt><trkpt lat="4.726466" lon="-74.04568"><time>2026-09-13T20:15:50Z</time></trkpt><trkpt lat="4.726452" lon="-74.04568"><time>2026-09-13T20:15:51Z</time></trkpt><trkpt lat="4.726439" lon="-74.045685"><time>2026-09-13T20:15:52Z</time></trkpt><trkpt lat="4.726429" lon="-74.045685"><time>2026-09-13T20:15:53Z</time></trkpt><trkpt lat="4.726417" lon="-74.045685"><ele>2561.4</ele><time>2026-09-13T20:15:54Z</time><extensions><gpxtpx:TrackPointExtension><gpxtpx:hr>92</gpxtpx:hr><gpxtpx:cad>114</gpxtpx:cad></gpxtpx:TrackPointExtension></extensions></trkpt><trkpt lat="4.726406" lon="-74.045685"><time>2026-09-13T20:15:55Z</time></trkpt><trkpt lat="4.726395" lon="-74.045685"><time>2026-09-13T20:15:56Z</time></trkpt><trkpt lat="4.726382" lon="-74.04569"><time>2026-09-13T20:15:57Z</time></trkpt><trkpt lat="4.726369" lon="-74.04569"><time>2026-09-13T20:15:58Z</time></trkpt><trkpt lat="4.726355" lon="-74.04569"><ele>2561.4</ele><time>2026-09-13T20:15:59Z</time><extensions><gpxtpx:TrackPointExtension><gpxtpx:hr>91</gpxtpx:hr><gpxtpx:cad>115</gpxtpx:cad></gpxtpx:TrackPointExtension></extensions></trkpt><trkpt lat="4.726342" lon="-74.04569"><time>2026-09-13T20:16:00Z</time></trkpt><trkpt lat="4.726327" lon="-74.04569"><time>2026-09-13T20:16:01Z</time></trkpt><trkpt lat="4.726312" lon="-74.0457"><time>2026-09-13T20:16:02Z</time></trkpt><trkpt lat="4.726298" lon="-74.0457"><time>2026-09-13T20:16:03Z</time></trkpt><trkpt lat="4.726285" lon="-74.0457"><ele>2561.4</ele><time>2026-09-13T20:16:04Z</time><extensions><gpxtpx:TrackPointExtension><gpxtpx:hr>89</gpxtpx:hr><gpxtpx:cad>117</gpxtpx:cad></gpxtpx:TrackPointExtension></extensions></trkpt><trkpt lat="4.726271" lon="-74.0457"><time>2026-09-13T20:16:05Z</time></trkpt><trkpt lat="4.726258" lon="-74.0457"><time>2026-09-13T20:16:06Z</time></trkpt><trkpt lat="4.726248" lon="-74.04571"><time>2026-09-13T20:16:07Z</time></trkpt><trkpt lat="4.726238" lon="-74.04571"><time>2026-09-13T20:16:08Z</time></trkpt><trkpt lat="4.726229" lon="-74.04571"><ele>2561.2</ele><time>2026-09-13T20:16:09Z</time><extensions><gpxtpx:TrackPointExtension><gpxtpx:hr>89</gpxtpx:hr><gpxtpx:cad>120</gpxtpx:cad></gpxtpx:TrackPointExtension></extensions></trkpt><trkpt lat="4.726218" lon="-74.04571"><time>2026-09-13T20:16:10Z</time></trkpt><trkpt lat="4.726206" lon="-74.045715"><time>2026-09-13T20:16:11Z</time></trkpt><trkpt lat="4.726196" lon="-74.045715"><time>2026-09-13T20:16:12Z</time></trkpt><trkpt lat="4.726186" lon="-74.045715"><time>2026-09-13T20:16:13Z</time></trkpt><trkpt lat="4.726176" lon="-74.045715"><ele>2561.2</ele><time>2026-09-13T20:16:14Z</time><extensions><gpxtpx:TrackPointExtension><gpxtpx:hr>92</gpxtpx:hr><gpxtpx:cad>116</gpxtpx:cad></gpxtpx:TrackPointExtension></extensions></trkpt><trkpt lat="4.726167" lon="-74.045715"><time>2026-09-13T20:16:15Z</time></trkpt><trkpt lat="4.726154" lon="-74.04572"><time>2026-09-13T20:16:16Z</time></trkpt><trkpt lat="4.726145" lon="-74.04572"><time>2026-09-13T20:16:17Z</time></trkpt><trkpt lat="4.726136" lon="-74.04572"><time>2026-09-13T20:16:18Z</time></trkpt><trkpt lat="4.726126" lon="-74.04572"><ele>2561.2</ele><time>2026-09-13T20:16:19Z</time><extensions><gpxtpx:TrackPointExtension><gpxtpx:hr>89</gpxtpx:hr><gpxtpx:cad>112</gpxtpx:cad></gpxtpx:TrackPointExtension></extensions></trkpt><trkpt lat="4.726113" lon="-74.04572"><time>2026-09-13T20:16:20Z</time></trkpt><trkpt lat="4.726099" lon="-74.04572"><time>2026-09-13T20:16:21Z</time></trkpt><trkpt lat="4.726088" lon="-74.04572"><time>2026-09-13T20:16:22Z</time></trkpt><trkpt lat="4.726073" lon="-74.04572"><time>2026-09-13T20:16:23Z</time></trkpt><trkpt lat="4.72606" lon="-74.04572"><ele>2561.2</ele><time>2026-09-13T20:16:24Z</time><extensions><gpxtpx:TrackPointExtension><gpxtpx:hr>90</gpxtpx:hr><gpxtpx:cad>111</gpxtpx:cad></gpxtpx:TrackPointExtension></extensions></trkpt><trkpt lat="4.726046" lon="-74.04573"><time>2026-09-13T20:16:25Z</time></trkpt><trkpt lat="4.726034" lon="-74.04573"><time>2026-09-13T20:16:26Z</time></trkpt><trkpt lat="4.726021" lon="-74.04574"><time>2026-09-13T20:16:27Z</time></trkpt><trkpt lat="4.726008" lon="-74.04574"><time>2026-09-13T20:16:28Z</time></trkpt><trkpt lat="4.725998" lon="-74.04574"><ele>2561.6</ele><time>2026-09-13T20:16:29Z</time><extensions><gpxtpx:TrackPointExtension><gpxtpx:hr>90</gpxtpx:hr><gpxtpx:cad>108</gpxtpx:cad></gpxtpx:TrackPointExtension></extensions></trkpt><trkpt lat="4.725991" lon="-74.04574"><time>2026-09-13T20:16:30Z</time></trkpt><trkpt lat="4.725985" lon="-74.04574"><time>2026-09-13T20:16:31Z</time></trkpt><trkpt lat="4.725981" lon="-74.045746"><time>2026-09-13T20:16:32Z</time></trkpt><trkpt lat="4.725978" lon="-74.045746"><time>2026-09-13T20:16:33Z</time></trkpt><trkpt lat="4.725978" lon="-74.045746"><ele>2561.7</ele><time>2026-09-13T20:16:34Z</time><extensions><gpxtpx:TrackPointExtension><gpxtpx:hr>90</gpxtpx:hr><gpxtpx:cad>107</gpxtpx:cad></gpxtpx:TrackPointExtension></extensions></trkpt><trkpt lat="4.725978" lon="-74.045746"><time>2026-09-13T20:16:35Z</time></trkpt><trkpt lat="4.725978" lon="-74.045746"><time>2026-09-13T20:16:36Z</time></trkpt><trkpt lat="4.725978" lon="-74.045746"><time>2026-09-13T20:16:37Z</time></trkpt><trkpt lat="4.725978" lon="-74.045746"><time>2026-09-13T20:16:38Z</time></trkpt><trkpt lat="4.725978" lon="-74.045746"><ele>2561.7</ele><time>2026-09-13T20:16:39Z</time><extensions><gpxtpx:TrackPointExtension><gpxtpx:hr>94</gpxtpx:hr><gpxtpx:cad>112</gpxtpx:cad></gpxtpx:TrackPointExtension></extensions></trkpt><trkpt lat="4.725978" lon="-74.045746"><time>2026-09-13T20:16:40Z</time></trkpt><trkpt lat="4.725978" lon="-74.045746"><time>2026-09-13T20:16:41Z</time></trkpt><trkpt lat="4.725978" lon="-74.045746"><time>2026-09-13T20:16:42Z</time></trkpt><trkpt lat="4.725978" lon="-74.045746"><time>2026-09-13T20:16:43Z</time></trkpt><trkpt lat="4.725978" lon="-74.045746"><ele>2561.5</ele><time>2026-09-13T20:16:44Z</time><extensions><gpxtpx:TrackPointExtension><gpxtpx:hr>95</gpxtpx:hr></gpxtpx:TrackPointExtension></extensions></trkpt><trkpt lat="4.725978" lon="-74.045746"><time>2026-09-13T20:16:45Z</time></trkpt><trkpt lat="4.725944" lon="-74.045746"><time>2026-09-13T20:16:46Z</time></trkpt><trkpt lat="4.725925" lon="-74.04575"><time>2026-09-13T20:16:47Z</time></trkpt><trkpt lat="4.725913" lon="-74.04575"><time>2026-09-13T20:16:48Z</time></trkpt><trkpt lat="4.725905" lon="-74.04576"><ele>2561.4</ele><time>2026-09-13T20:16:49Z</time><extensions><gpxtpx:TrackPointExtension><gpxtpx:hr>94</gpxtpx:hr></gpxtpx:TrackPointExtension></extensions></trkpt><trkpt lat="4.7259" lon="-74.04577"><time>2026-09-13T20:16:50Z</time></trkpt><trkpt lat="4.725891" lon="-74.04578"><time>2026-09-13T20:16:51Z</time></trkpt><trkpt lat="4.725877" lon="-74.04577"><time>2026-09-13T20:16:52Z</time></trkpt><trkpt lat="4.725868" lon="-74.04577"><time>2026-09-13T20:16:53Z</time></trkpt><trkpt lat="4.725855" lon="-74.04577"><ele>2561.4</ele><time>2026-09-13T20:16:54Z</time><extensions><gpxtpx:TrackPointExtension><gpxtpx:hr>96</gpxtpx:hr><gpxtpx:cad>96</gpxtpx:cad></gpxtpx:TrackPointExtension></extensions></trkpt><trkpt lat="4.725842" lon="-74.04577"><time>2026-09-13T20:16:55Z</time></trkpt><trkpt lat="4.725834" lon="-74.04576"><time>2026-09-13T20:16:56Z</time></trkpt><trkpt lat="4.725819" lon="-74.04577"><time>2026-09-13T20:16:57Z</time></trkpt><trkpt lat="4.725806" lon="-74.04578"><time>2026-09-13T20:16:58Z</time></trkpt><trkpt lat="4.725793" lon="-74.04578"><ele>2561.6</ele><time>2026-09-13T20:16:59Z</time><extensions><gpxtpx:TrackPointExtension><gpxtpx:hr>98</gpxtpx:hr><gpxtpx:cad>103</gpxtpx:cad></gpxtpx:TrackPointExtension></extensions></trkpt><trkpt lat="4.72578" lon="-74.04578"><time>2026-09-13T20:17:00Z</time></trkpt><trkpt lat="4.725771" lon="-74.04577"><time>2026-09-13T20:17:01Z</time></trkpt><trkpt lat="4.725756" lon="-74.04578"><time>2026-09-13T20:17:02Z</time></trkpt><trkpt lat="4.725755" lon="-74.04578"><time>2026-09-13T20:17:03Z</time></trkpt><trkpt lat="4.725741" lon="-74.045784"><ele>2561.8</ele><time>2026-09-13T20:17:04Z</time><extensions><gpxtpx:TrackPointExtension><gpxtpx:hr>99</gpxtpx:hr><gpxtpx:cad>114</gpxtpx:cad></gpxtpx:TrackPointExtension></extensions></trkpt><trkpt lat="4.725732" lon="-74.045784"><time>2026-09-13T20:17:05Z</time></trkpt><trkpt lat="4.725721" lon="-74.04579"><time>2026-09-13T20:17:06Z</time></trkpt><trkpt lat="4.725709" lon="-74.04579"><time>2026-09-13T20:17:07Z</time></trkpt><trkpt lat="4.725694" lon="-74.04579"><time>2026-09-13T20:17:08Z</time></trkpt><trkpt lat="4.72568" lon="-74.04579"><ele>2562.1</ele><time>2026-09-13T20:17:09Z</time><extensions><gpxtpx:TrackPointExtension><gpxtpx:hr>94</gpxtpx:hr><gpxtpx:cad>117</gpxtpx:cad></gpxtpx:TrackPointExtension></extensions></trkpt><trkpt lat="4.725669" lon="-74.04579"><time>2026-09-13T20:17:10Z</time></trkpt><trkpt lat="4.725657" lon="-74.04579"><time>2026-09-13T20:17:11Z</time></trkpt><trkpt lat="4.725648" lon="-74.04579"><time>2026-09-13T20:17:12Z</time></trkpt><trkpt lat="4.725633" lon="-74.0458"><time>2026-09-13T20:17:13Z</time></trkpt><trkpt lat="4.72562" lon="-74.0458"><ele>2562.0</ele><time>2026-09-13T20:17:14Z</time><extensions><gpxtpx:TrackPointExtension><gpxtpx:hr>92</gpxtpx:hr><gpxtpx:cad>115</gpxtpx:cad></gpxtpx:TrackPointExtension></extensions></trkpt><trkpt lat="4.725608" lon="-74.0458"><time>2026-09-13T20:17:15Z</time></trkpt><trkpt lat="4.725597" lon="-74.04581"><time>2026-09-13T20:17:16Z</time></trkpt><trkpt lat="4.725583" lon="-74.04581"><time>2026-09-13T20:17:17Z</time></trkpt><trkpt lat="4.725569" lon="-74.045815"><time>2026-09-13T20:17:18Z</time></trkpt><trkpt lat="4.725555" lon="-74.045815"><ele>2561.8</ele><time>2026-09-13T20:17:19Z</time><extensions><gpxtpx:TrackPointExtension><gpxtpx:hr>92</gpxtpx:hr><gpxtpx:cad>117</gpxtpx:cad></gpxtpx:TrackPointExtension></extensions></trkpt><trkpt lat="4.725544" lon="-74.04582"><time>2026-09-13T20:17:20Z</time></trkpt><trkpt lat="4.725525" lon="-74.04583"><time>2026-09-13T20:17:21Z</time></trkpt><trkpt lat="4.725523" lon="-74.04583"><time>2026-09-13T20:17:22Z</time></trkpt><trkpt lat="4.725505" lon="-74.04583"><time>2026-09-13T20:17:23Z</time></trkpt><trkpt lat="4.725486" lon="-74.04583"><ele>2561.3</ele><time>2026-09-13T20:17:24Z</time><extensions><gpxtpx:TrackPointExtension><gpxtpx:hr>93</gpxtpx:hr><gpxtpx:cad>120</gpxtpx:cad></gpxtpx:TrackPointExtension></extensions></trkpt><trkpt lat="4.725474" lon="-74.04583"><time>2026-09-13T20:17:25Z</time></trkpt><trkpt lat="4.725462" lon="-74.04583"><time>2026-09-13T20:17:26Z</time></trkpt><trkpt lat="4.725448" lon="-74.04583"><time>2026-09-13T20:17:27Z</time></trkpt><trkpt lat="4.725434" lon="-74.04584"><time>2026-09-13T20:17:28Z</time></trkpt><trkpt lat="4.72542" lon="-74.04584"><ele>2561.2</ele><time>2026-09-13T20:17:29Z</time><extensions><gpxtpx:TrackPointExtension><gpxtpx:hr>93</gpxtpx:hr><gpxtpx:cad>117</gpxtpx:cad></gpxtpx:TrackPointExtension></extensions></trkpt><trkpt lat="4.725406" lon="-74.04585"><time>2026-09-13T20:17:30Z</time></trkpt><trkpt lat="4.725396" lon="-74.04585"><time>2026-09-13T20:17:31Z</time></trkpt><trkpt lat="4.725384" lon="-74.04585"><time>2026-09-13T20:17:32Z</time></trkpt><trkpt lat="4.725364" lon="-74.04586"><time>2026-09-13T20:17:33Z</time></trkpt><trkpt lat="4.725347" lon="-74.04586"><ele>2561.2</ele><time>2026-09-13T20:17:34Z</time><extensions><gpxtpx:TrackPointExtension><gpxtpx:hr>93</gpxtpx:hr><gpxtpx:cad>117</gpxtpx:cad></gpxtpx:TrackPointExtension></extensions></trkpt><trkpt lat="4.725334" lon="-74.04586"><time>2026-09-13T20:17:35Z</time></trkpt><trkpt lat="4.725322" lon="-74.04586"><time>2026-09-13T20:17:36Z</time></trkpt><trkpt lat="4.725309" lon="-74.04587"><time>2026-09-13T20:17:37Z</time></trkpt><trkpt lat="4.725295" lon="-74.04587"><time>2026-09-13T20:17:38Z</time></trkpt><trkpt lat="4.725283" lon="-74.04587"><ele>2561.2</ele><time>2026-09-13T20:17:39Z</time><extensions><gpxtpx:TrackPointExtension><gpxtpx:hr>94</gpxtpx:hr><gpxtpx:cad>119</gpxtpx:cad></gpxtpx:TrackPointExtension></extensions></trkpt><trkpt lat="4.725272" lon="-74.04587"><time>2026-09-13T20:17:40Z</time></trkpt><trkpt lat="4.725257" lon="-74.04587"><time>2026-09-13T20:17:41Z</time></trkpt><trkpt lat="4.725246" lon="-74.04587"><time>2026-09-13T20:17:42Z</time></trkpt><trkpt lat="4.72523" lon="-74.04587"><time>2026-09-13T20:17:43Z</time></trkpt><trkpt lat="4.725215" lon="-74.045876"><ele>2561.2</ele><time>2026-09-13T20:17:44Z</time><extensions><gpxtpx:TrackPointExtension><gpxtpx:hr>93</gpxtpx:hr><gpxtpx:cad>120</gpxtpx:cad></gpxtpx:TrackPointExtension></extensions></trkpt><trkpt lat="4.725204" lon="-74.045876"><time>2026-09-13T20:17:45Z</time></trkpt><trkpt lat="4.725195" lon="-74.045876"><time>2026-09-13T20:17:46Z</time></trkpt><trkpt lat="4.725184" lon="-74.04587"><time>2026-09-13T20:17:47Z</time></trkpt><trkpt lat="4.725172" lon="-74.045876"><time>2026-09-13T20:17:48Z</time></trkpt><trkpt lat="4.725157" lon="-74.045876"><ele>2561.2</ele><time>2026-09-13T20:17:49Z</time><extensions><gpxtpx:TrackPointExtension><gpxtpx:hr>97</gpxtpx:hr><gpxtpx:cad>115</gpxtpx:cad></gpxtpx:TrackPointExtension></extensions></trkpt><trkpt lat="4.72514" lon="-74.045876"><time>2026-09-13T20:17:50Z</time></trkpt><trkpt lat="4.725133" lon="-74.045876"><time>2026-09-13T20:17:51Z</time></trkpt><trkpt lat="4.72512" lon="-74.04588"><time>2026-09-13T20:17:52Z</time></trkpt><trkpt lat="4.725111" lon="-74.04588"><time>2026-09-13T20:17:53Z</time></trkpt><trkpt lat="4.7251" lon="-74.04589"><ele>2561.2</ele><time>2026-09-13T20:17:54Z</time><extensions><gpxtpx:TrackPointExtension><gpxtpx:hr>97</gpxtpx:hr><gpxtpx:cad>116</gpxtpx:cad></gpxtpx:TrackPointExtension></extensions></trkpt><trkpt lat="4.725091" lon="-74.04589"><time>2026-09-13T20:17:55Z</time></trkpt><trkpt lat="4.725079" lon="-74.04589"><time>2026-09-13T20:17:56Z</time></trkpt><trkpt lat="4.725069" lon="-74.04589"><time>2026-09-13T20:17:57Z</time></trkpt><trkpt lat="4.725066" lon="-74.04589"><time>2026-09-13T20:17:58Z</time></trkpt><trkpt lat="4.725059" lon="-74.04589"><ele>2561.2</ele><time>2026-09-13T20:17:59Z</time><extensions><gpxtpx:TrackPointExtension><gpxtpx:hr>97</gpxtpx:hr><gpxtpx:cad>112</gpxtpx:cad></gpxtpx:TrackPointExtension></extensions></trkpt><trkpt lat="4.725052" lon="-74.04589"><time>2026-09-13T20:18:00Z</time></trkpt><trkpt lat="4.725041" lon="-74.04589"><time>2026-09-13T20:18:01Z</time></trkpt><trkpt lat="4.725028" lon="-74.04589"><time>2026-09-13T20:18:02Z</time></trkpt><trkpt lat="4.725016" lon="-74.0459"><time>2026-09-13T20:18:03Z</time></trkpt><trkpt lat="4.725009" lon="-74.0459"><ele>2561.3</ele><time>2026-09-13T20:18:04Z</time><extensions><gpxtpx:TrackPointExtension><gpxtpx:hr>95</gpxtpx:hr><gpxtpx:cad>110</gpxtpx:cad></gpxtpx:TrackPointExtension></extensions></trkpt><trkpt lat="4.725002" lon="-74.0459"><time>2026-09-13T20:18:05Z</time></trkpt><trkpt lat="4.724989" lon="-74.045906"><time>2026-09-13T20:18:06Z</time></trkpt><trkpt lat="4.724977" lon="-74.045906"><time>2026-09-13T20:18:07Z</time></trkpt><trkpt lat="4.724965" lon="-74.045906"><time>2026-09-13T20:18:08Z</time></trkpt><trkpt lat="4.724951" lon="-74.045906"><ele>2561.4</ele><time>2026-09-13T20:18:09Z</time><extensions><gpxtpx:TrackPointExtension><gpxtpx:hr>95</gpxtpx:hr><gpxtpx:cad>113</gpxtpx:cad></gpxtpx:TrackPointExtension></extensions></trkpt><trkpt lat="4.724937" lon="-74.04591"><time>2026-09-13T20:18:10Z</time></trkpt><trkpt lat="4.724926" lon="-74.04591"><time>2026-09-13T20:18:11Z</time></trkpt><trkpt lat="4.724912" lon="-74.04591"><time>2026-09-13T20:18:12Z</time></trkpt><trkpt lat="4.724893" lon="-74.04591"><time>2026-09-13T20:18:13Z</time></trkpt><trkpt lat="4.724877" lon="-74.04592"><ele>2561.3</ele><time>2026-09-13T20:18:14Z</time><extensions><gpxtpx:TrackPointExtension><gpxtpx:hr>99</gpxtpx:hr><gpxtpx:cad>114</gpxtpx:cad></gpxtpx:TrackPointExtension></extensions></trkpt><trkpt lat="4.724861" lon="-74.04592"><time>2026-09-13T20:18:15Z</time></trkpt><trkpt lat="4.724845" lon="-74.04593"><time>2026-09-13T20:18:16Z</time></trkpt><trkpt lat="4.724831" lon="-74.045944"><time>2026-09-13T20:18:17Z</time></trkpt><trkpt lat="4.724819" lon="-74.045944"><time>2026-09-13T20:18:18Z</time></trkpt><trkpt lat="4.724807" lon="-74.045944"><ele>2561.2</ele><time>2026-09-13T20:18:19Z</time><extensions><gpxtpx:TrackPointExtension><gpxtpx:hr>99</gpxtpx:hr><gpxtpx:cad>117</gpxtpx:cad></gpxtpx:TrackPointExtension></extensions></trkpt><trkpt lat="4.724799" lon="-74.045944"><time>2026-09-13T20:18:20Z</time></trkpt><trkpt lat="4.724778" lon="-74.045944"><time>2026-09-13T20:18:21Z</time></trkpt><trkpt lat="4.724769" lon="-74.045944"><time>2026-09-13T20:18:22Z</time></trkpt><trkpt lat="4.72476" lon="-74.045944"><time>2026-09-13T20:18:23Z</time></trkpt><trkpt lat="4.724755" lon="-74.045944"><ele>2561.1</ele><time>2026-09-13T20:18:24Z</time><extensions><gpxtpx:TrackPointExtension><gpxtpx:hr>97</gpxtpx:hr><gpxtpx:cad>116</gpxtpx:cad></gpxtpx:TrackPointExtension></extensions></trkpt><trkpt lat="4.724742" lon="-74.045944"><time>2026-09-13T20:18:25Z</time></trkpt><trkpt lat="4.724727" lon="-74.045944"><time>2026-09-13T20:18:26Z</time></trkpt><trkpt lat="4.724717" lon="-74.045944"><time>2026-09-13T20:18:27Z</time></trkpt><trkpt lat="4.724707" lon="-74.045944"><time>2026-09-13T20:18:28Z</time></trkpt><trkpt lat="4.724698" lon="-74.045944"><ele>2561.1</ele><time>2026-09-13T20:18:29Z</time><extensions><gpxtpx:TrackPointExtension><gpxtpx:hr>97</gpxtpx:hr><gpxtpx:cad>115</gpxtpx:cad></gpxtpx:TrackPointExtension></extensions></trkpt><trkpt lat="4.724682" lon="-74.045944"><time>2026-09-13T20:18:30Z</time></trkpt><trkpt lat="4.724676" lon="-74.045944"><time>2026-09-13T20:18:31Z</time></trkpt><trkpt lat="4.724662" lon="-74.045944"><time>2026-09-13T20:18:32Z</time></trkpt><trkpt lat="4.724654" lon="-74.04595"><time>2026-09-13T20:18:33Z</time></trkpt><trkpt lat="4.72464" lon="-74.045944"><ele>2561.2</ele><time>2026-09-13T20:18:34Z</time><extensions><gpxtpx:TrackPointExtension><gpxtpx:hr>98</gpxtpx:hr><gpxtpx:cad>112</gpxtpx:cad></gpxtpx:TrackPointExtension></extensions></trkpt><trkpt lat="4.724632" lon="-74.04595"><time>2026-09-13T20:18:35Z</time></trkpt><trkpt lat="4.724622" lon="-74.04595"><time>2026-09-13T20:18:36Z</time></trkpt><trkpt lat="4.724612" lon="-74.04596"><time>2026-09-13T20:18:37Z</time></trkpt><trkpt lat="4.724595" lon="-74.04595"><time>2026-09-13T20:18:38Z</time></trkpt><trkpt lat="4.724578" lon="-74.04595"><ele>2561.2</ele><time>2026-09-13T20:18:39Z</time><extensions><gpxtpx:TrackPointExtension><gpxtpx:hr>96</gpxtpx:hr><gpxtpx:cad>113</gpxtpx:cad></gpxtpx:TrackPointExtension></extensions></trkpt><trkpt lat="4.724561" lon="-74.04595"><time>2026-09-13T20:18:40Z</time></trkpt><trkpt lat="4.724548" lon="-74.04595"><time>2026-09-13T20:18:41Z</time></trkpt><trkpt lat="4.724534" lon="-74.04595"><time>2026-09-13T20:18:42Z</time></trkpt><trkpt lat="4.724518" lon="-74.04595"><time>2026-09-13T20:18:43Z</time></trkpt><trkpt lat="4.724504" lon="-74.04595"><ele>2561.1</ele><time>2026-09-13T20:18:44Z</time><extensions><gpxtpx:TrackPointExtension><gpxtpx:hr>92</gpxtpx:hr><gpxtpx:cad>121</gpxtpx:cad></gpxtpx:TrackPointExtension></extensions></trkpt><trkpt lat="4.72449" lon="-74.04595"><time>2026-09-13T20:18:45Z</time></trkpt><trkpt lat="4.724479" lon="-74.04596"><time>2026-09-13T20:18:46Z</time></trkpt><trkpt lat="4.724465" lon="-74.04596"><time>2026-09-13T20:18:47Z</time></trkpt><trkpt lat="4.724451" lon="-74.04596"><time>2026-09-13T20:18:48Z</time></trkpt><trkpt lat="4.724439" lon="-74.04596"><ele>2561.1</ele><time>2026-09-13T20:18:49Z</time><extensions><gpxtpx:TrackPointExtension><gpxtpx:hr>92</gpxtpx:hr><gpxtpx:cad>120</gpxtpx:cad></gpxtpx:TrackPointExtension></extensions></trkpt><trkpt lat="4.724426" lon="-74.04596"><time>2026-09-13T20:18:50Z</time></trkpt><trkpt lat="4.724414" lon="-74.04596"><time>2026-09-13T20:18:51Z</time></trkpt><trkpt lat="4.7244" lon="-74.04597"><time>2026-09-13T20:18:52Z</time></trkpt><trkpt lat="4.724389" lon="-74.045975"><time>2026-09-13T20:18:53Z</time></trkpt><trkpt lat="4.724374" lon="-74.045975"><ele>2561.2</ele><time>2026-09-13T20:18:54Z</time><extensions><gpxtpx:TrackPointExtension><gpxtpx:hr>92</gpxtpx:hr><gpxtpx:cad>119</gpxtpx:cad></gpxtpx:TrackPointExtension></extensions></trkpt><trkpt lat="4.724361" lon="-74.045975"><time>2026-09-13T20:18:55Z</time></trkpt><trkpt lat="4.72435" lon="-74.045975"><time>2026-09-13T20:18:56Z</time></trkpt><trkpt lat="4.72434" lon="-74.045975"><time>2026-09-13T20:18:57Z</time></trkpt><trkpt lat="4.724324" lon="-74.04598"><time>2026-09-13T20:18:58Z</time></trkpt><trkpt lat="4.724311" lon="-74.04598"><ele>2561.3</ele><time>2026-09-13T20:18:59Z</time><extensions><gpxtpx:TrackPointExtension><gpxtpx:hr>93</gpxtpx:hr><gpxtpx:cad>117</gpxtpx:cad></gpxtpx:TrackPointExtension></extensions></trkpt><trkpt lat="4.724306" lon="-74.04598"><time>2026-09-13T20:19:00Z</time></trkpt><trkpt lat="4.724302" lon="-74.04598"><time>2026-09-13T20:19:01Z</time></trkpt><trkpt lat="4.724296" lon="-74.04598"><time>2026-09-13T20:19:02Z</time></trkpt><trkpt lat="4.72429" lon="-74.04598"><time>2026-09-13T20:19:03Z</time></trkpt><trkpt lat="4.724284" lon="-74.04598"><ele>2561.4</ele><time>2026-09-13T20:19:04Z</time><extensions><gpxtpx:TrackPointExtension><gpxtpx:hr>93</gpxtpx:hr><gpxtpx:cad>117</gpxtpx:cad></gpxtpx:TrackPointExtension></extensions></trkpt><trkpt lat="4.724278" lon="-74.04598"><time>2026-09-13T20:19:05Z</time></trkpt><trkpt lat="4.724271" lon="-74.04598"><time>2026-09-13T20:19:06Z</time></trkpt><trkpt lat="4.724263" lon="-74.04598"><time>2026-09-13T20:19:07Z</time></trkpt><trkpt lat="4.724251" lon="-74.04598"><time>2026-09-13T20:19:08Z</time></trkpt><trkpt lat="4.724243" lon="-74.04598"><ele>2561.3</ele><time>2026-09-13T20:19:09Z</time><extensions><gpxtpx:TrackPointExtension><gpxtpx:hr>94</gpxtpx:hr><gpxtpx:cad>121</gpxtpx:cad></gpxtpx:TrackPointExtension></extensions></trkpt><trkpt lat="4.724238" lon="-74.045975"><time>2026-09-13T20:19:10Z</time></trkpt><trkpt lat="4.724231" lon="-74.045975"><time>2026-09-13T20:19:11Z</time></trkpt><trkpt lat="4.724206" lon="-74.045975"><time>2026-09-13T20:19:12Z</time></trkpt><trkpt lat="4.724187" lon="-74.04598"><time>2026-09-13T20:19:13Z</time></trkpt><trkpt lat="4.724165" lon="-74.04598"><ele>2561.2</ele><time>2026-09-13T20:19:14Z</time><extensions><gpxtpx:TrackPointExtension><gpxtpx:hr>94</gpxtpx:hr><gpxtpx:cad>113</gpxtpx:cad></gpxtpx:TrackPointExtension></extensions></trkpt><trkpt lat="4.724146" lon="-74.04599"><time>2026-09-13T20:19:15Z</time></trkpt><trkpt lat="4.724127" lon="-74.04599"><time>2026-09-13T20:19:16Z</time></trkpt><trkpt lat="4.724112" lon="-74.04599"><time>2026-09-13T20:19:17Z</time></trkpt><trkpt lat="4.724091" lon="-74.046"><time>2026-09-13T20:19:18Z</time></trkpt><trkpt lat="4.724074" lon="-74.046"><ele>2561.2</ele><time>2026-09-13T20:19:19Z</time><extensions><gpxtpx:TrackPointExtension><gpxtpx:hr>91</gpxtpx:hr><gpxtpx:cad>109</gpxtpx:cad></gpxtpx:TrackPointExtension></extensions></trkpt><trkpt lat="4.724058" lon="-74.046005"><time>2026-09-13T20:19:20Z</time></trkpt><trkpt lat="4.724044" lon="-74.046005"><time>2026-09-13T20:19:21Z</time></trkpt><trkpt lat="4.72403" lon="-74.04601"><time>2026-09-13T20:19:22Z</time></trkpt><trkpt lat="4.724019" lon="-74.04601"><time>2026-09-13T20:19:23Z</time></trkpt><trkpt lat="4.724007" lon="-74.04602"><ele>2561.1</ele><time>2026-09-13T20:19:24Z</time><extensions><gpxtpx:TrackPointExtension><gpxtpx:hr>90</gpxtpx:hr><gpxtpx:cad>105</gpxtpx:cad></gpxtpx:TrackPointExtension></extensions></trkpt><trkpt lat="4.723995" lon="-74.04602"><time>2026-09-13T20:19:25Z</time></trkpt><trkpt lat="4.723981" lon="-74.04603"><time>2026-09-13T20:19:26Z</time></trkpt><trkpt lat="4.723967" lon="-74.04603"><time>2026-09-13T20:19:27Z</time></trkpt><trkpt lat="4.723956" lon="-74.04603"><time>2026-09-13T20:19:28Z</time></trkpt><trkpt lat="4.723942" lon="-74.04602"><ele>2561.0</ele><time>2026-09-13T20:19:29Z</time><extensions><gpxtpx:TrackPointExtension><gpxtpx:hr>92</gpxtpx:hr><gpxtpx:cad>110</gpxtpx:cad></gpxtpx:TrackPointExtension></extensions></trkpt><trkpt lat="4.723931" lon="-74.04603"><time>2026-09-13T20:19:30Z</time></trkpt><trkpt lat="4.72392" lon="-74.046036"><time>2026-09-13T20:19:31Z</time></trkpt><trkpt lat="4.72391" lon="-74.046036"><time>2026-09-13T20:19:32Z</time></trkpt><trkpt lat="4.7239" lon="-74.046036"><time>2026-09-13T20:19:33Z</time></trkpt><trkpt lat="4.72389" lon="-74.046036"><ele>2560.9</ele><time>2026-09-13T20:19:34Z</time><extensions><gpxtpx:TrackPointExtension><gpxtpx:hr>93</gpxtpx:hr><gpxtpx:cad>112</gpxtpx:cad></gpxtpx:TrackPointExtension></extensions></trkpt><trkpt lat="4.723878" lon="-74.046036"><time>2026-09-13T20:19:35Z</time></trkpt><trkpt lat="4.723868" lon="-74.046036"><time>2026-09-13T20:19:36Z</time></trkpt><trkpt lat="4.723859" lon="-74.046036"><time>2026-09-13T20:19:37Z</time></trkpt><trkpt lat="4.723846" lon="-74.046036"><time>2026-09-13T20:19:38Z</time></trkpt><trkpt lat="4.723835" lon="-74.046036"><ele>2560.9</ele><time>2026-09-13T20:19:39Z</time><extensions><gpxtpx:TrackPointExtension><gpxtpx:hr>95</gpxtpx:hr><gpxtpx:cad>112</gpxtpx:cad></gpxtpx:TrackPointExtension></extensions></trkpt><trkpt lat="4.723822" lon="-74.046036"><time>2026-09-13T20:19:40Z</time></trkpt><trkpt lat="4.72381" lon="-74.046036"><time>2026-09-13T20:19:41Z</time></trkpt><trkpt lat="4.723801" lon="-74.04605"><time>2026-09-13T20:19:42Z</time></trkpt><trkpt lat="4.723787" lon="-74.04605"><time>2026-09-13T20:19:43Z</time></trkpt><trkpt lat="4.72377" lon="-74.04604"><ele>2561.0</ele><time>2026-09-13T20:19:44Z</time><extensions><gpxtpx:TrackPointExtension><gpxtpx:hr>95</gpxtpx:hr><gpxtpx:cad>116</gpxtpx:cad></gpxtpx:TrackPointExtension></extensions></trkpt><trkpt lat="4.723756" lon="-74.04604"><time>2026-09-13T20:19:45Z</time></trkpt><trkpt lat="4.723741" lon="-74.04604"><time>2026-09-13T20:19:46Z</time></trkpt><trkpt lat="4.723728" lon="-74.04604"><time>2026-09-13T20:19:47Z</time></trkpt><trkpt lat="4.723716" lon="-74.04604"><time>2026-09-13T20:19:48Z</time></trkpt><trkpt lat="4.723704" lon="-74.04605"><ele>2561.1</ele><time>2026-09-13T20:19:49Z</time><extensions><gpxtpx:TrackPointExtension><gpxtpx:hr>94</gpxtpx:hr><gpxtpx:cad>117</gpxtpx:cad></gpxtpx:TrackPointExtension></extensions></trkpt><trkpt lat="4.723692" lon="-74.04605"><time>2026-09-13T20:19:50Z</time></trkpt><trkpt lat="4.723683" lon="-74.04606"><time>2026-09-13T20:19:51Z</time></trkpt><trkpt lat="4.723673" lon="-74.04605"><time>2026-09-13T20:19:52Z</time></trkpt><trkpt lat="4.723656" lon="-74.04606"><time>2026-09-13T20:19:53Z</time></trkpt><trkpt lat="4.72364" lon="-74.04606"><ele>2561.1</ele><time>2026-09-13T20:19:54Z</time><extensions><gpxtpx:TrackPointExtension><gpxtpx:hr>95</gpxtpx:hr><gpxtpx:cad>118</gpxtpx:cad></gpxtpx:TrackPointExtension></extensions></trkpt><trkpt lat="4.723627" lon="-74.04607"><time>2026-09-13T20:19:55Z</time></trkpt><trkpt lat="4.723615" lon="-74.04607"><time>2026-09-13T20:19:56Z</time></trkpt><trkpt lat="4.723603" lon="-74.04607"><time>2026-09-13T20:19:57Z</time></trkpt><trkpt lat="4.723592" lon="-74.04607"><time>2026-09-13T20:19:58Z</time></trkpt><trkpt lat="4.72358" lon="-74.04606"><ele>2561.1</ele><time>2026-09-13T20:19:59Z</time><extensions><gpxtpx:TrackPointExtension><gpxtpx:hr>95</gpxtpx:hr><gpxtpx:cad>117</gpxtpx:cad></gpxtpx:TrackPointExtension></extensions></trkpt><trkpt lat="4.723568" lon="-74.04606"><time>2026-09-13T20:20:00Z</time></trkpt><trkpt lat="4.723552" lon="-74.04607"><time>2026-09-13T20:20:01Z</time></trkpt><trkpt lat="4.723541" lon="-74.04607"><time>2026-09-13T20:20:02Z</time></trkpt><trkpt lat="4.723527" lon="-74.04607"><time>2026-09-13T20:20:03Z</time></trkpt><trkpt lat="4.723515" lon="-74.046074"><ele>2561.1</ele><time>2026-09-13T20:20:04Z</time><extensions><gpxtpx:TrackPointExtension><gpxtpx:hr>95</gpxtpx:hr><gpxtpx:cad>118</gpxtpx:cad></gpxtpx:TrackPointExtension></extensions></trkpt><trkpt lat="4.723505" lon="-74.046074"><time>2026-09-13T20:20:05Z</time></trkpt><trkpt lat="4.723491" lon="-74.046074"><time>2026-09-13T20:20:06Z</time></trkpt><trkpt lat="4.723479" lon="-74.046074"><time>2026-09-13T20:20:07Z</time></trkpt><trkpt lat="4.723467" lon="-74.046074"><time>2026-09-13T20:20:08Z</time></trkpt><trkpt lat="4.723455" lon="-74.046074"><ele>2561.1</ele><time>2026-09-13T20:20:09Z</time><extensions><gpxtpx:TrackPointExtension><gpxtpx:hr>94</gpxtpx:hr><gpxtpx:cad>118</gpxtpx:cad></gpxtpx:TrackPointExtension></extensions></trkpt><trkpt lat="4.723443" lon="-74.04607"><time>2026-09-13T20:20:10Z</time></trkpt><trkpt lat="4.723429" lon="-74.046074"><time>2026-09-13T20:20:11Z</time></trkpt><trkpt lat="4.723419" lon="-74.046074"><time>2026-09-13T20:20:12Z</time></trkpt><trkpt lat="4.723403" lon="-74.046074"><time>2026-09-13T20:20:13Z</time></trkpt><trkpt lat="4.723398" lon="-74.04607"><ele>2561.0</ele><time>2026-09-13T20:20:14Z</time><extensions><gpxtpx:TrackPointExtension><gpxtpx:hr>95</gpxtpx:hr><gpxtpx:cad>113</gpxtpx:cad></gpxtpx:TrackPointExtension></extensions></trkpt><trkpt lat="4.7234" lon="-74.04607"><time>2026-09-13T20:20:15Z</time></trkpt><trkpt lat="4.723398" lon="-74.04607"><time>2026-09-13T20:20:16Z</time></trkpt><trkpt lat="4.723398" lon="-74.04607"><time>2026-09-13T20:20:17Z</time></trkpt><trkpt lat="4.723398" lon="-74.04607"><time>2026-09-13T20:20:18Z</time></trkpt><trkpt lat="4.723398" lon="-74.04607"><ele>2561.1</ele><time>2026-09-13T20:20:19Z</time><extensions><gpxtpx:TrackPointExtension><gpxtpx:hr>96</gpxtpx:hr><gpxtpx:cad>101</gpxtpx:cad></gpxtpx:TrackPointExtension></extensions></trkpt><trkpt lat="4.723398" lon="-74.04607"><time>2026-09-13T20:20:20Z</time></trkpt><trkpt lat="4.723398" lon="-74.04607"><time>2026-09-13T20:20:21Z</time></trkpt><trkpt lat="4.723398" lon="-74.04607"><time>2026-09-13T20:20:22Z</time></trkpt><trkpt lat="4.723398" lon="-74.04607"><time>2026-09-13T20:20:23Z</time></trkpt><trkpt lat="4.723398" lon="-74.04607"><ele>2561.3</ele><time>2026-09-13T20:20:24Z</time><extensions><gpxtpx:TrackPointExtension><gpxtpx:hr>87</gpxtpx:hr></gpxtpx:TrackPointExtension></extensions></trkpt><trkpt lat="4.723398" lon="-74.04607"><time>2026-09-13T20:20:25Z</time></trkpt><trkpt lat="4.723389" lon="-74.04607"><time>2026-09-13T20:20:26Z</time></trkpt><trkpt lat="4.723374" lon="-74.04607"><time>2026-09-13T20:20:27Z</time></trkpt><trkpt lat="4.723361" lon="-74.046074"><time>2026-09-13T20:20:28Z</time></trkpt><trkpt lat="4.723347" lon="-74.046074"><ele>2561.5</ele><time>2026-09-13T20:20:29Z</time><extensions><gpxtpx:TrackPointExtension><gpxtpx:hr>85</gpxtpx:hr></gpxtpx:TrackPointExtension></extensions></trkpt><trkpt lat="4.723324" lon="-74.04608"><time>2026-09-13T20:20:30Z</time></trkpt><trkpt lat="4.723312" lon="-74.04608"><time>2026-09-13T20:20:31Z</time></trkpt><trkpt lat="4.7233" lon="-74.04609"><time>2026-09-13T20:20:32Z</time></trkpt><trkpt lat="4.723286" lon="-74.0461"><time>2026-09-13T20:20:33Z</time></trkpt><trkpt lat="4.723276" lon="-74.046104"><ele>2561.4</ele><time>2026-09-13T20:20:34Z</time><extensions><gpxtpx:TrackPointExtension><gpxtpx:hr>87</gpxtpx:hr><gpxtpx:cad>121</gpxtpx:cad></gpxtpx:TrackPointExtension></extensions></trkpt><trkpt lat="4.723263" lon="-74.04611"><time>2026-09-13T20:20:35Z</time></trkpt><trkpt lat="4.723259" lon="-74.04611"><time>2026-09-13T20:20:36Z</time></trkpt><trkpt lat="4.723257" lon="-74.04612"><time>2026-09-13T20:20:37Z</time></trkpt><trkpt lat="4.723253" lon="-74.04612"><time>2026-09-13T20:20:38Z</time></trkpt><trkpt lat="4.723239" lon="-74.04613"><ele>2561.2</ele><time>2026-09-13T20:20:39Z</time><extensions><gpxtpx:TrackPointExtension><gpxtpx:hr>90</gpxtpx:hr><gpxtpx:cad>121</gpxtpx:cad></gpxtpx:TrackPointExtension></extensions></trkpt><trkpt lat="4.723231" lon="-74.04613"><time>2026-09-13T20:20:40Z</time></trkpt><trkpt lat="4.723221" lon="-74.04613"><time>2026-09-13T20:20:41Z</time></trkpt><trkpt lat="4.723205" lon="-74.046135"><time>2026-09-13T20:20:42Z</time></trkpt><trkpt lat="4.723192" lon="-74.046135"><time>2026-09-13T20:20:43Z</time></trkpt><trkpt lat="4.723178" lon="-74.04614"><ele>2561.2</ele><time>2026-09-13T20:20:44Z</time><extensions><gpxtpx:TrackPointExtension><gpxtpx:hr>90</gpxtpx:hr><gpxtpx:cad>121</gpxtpx:cad></gpxtpx:TrackPointExtension></extensions></trkpt><trkpt lat="4.723165" lon="-74.04614"><time>2026-09-13T20:20:45Z</time></trkpt><trkpt lat="4.723149" lon="-74.046135"><time>2026-09-13T20:20:46Z</time></trkpt><trkpt lat="4.723144" lon="-74.046135"><time>2026-09-13T20:20:47Z</time></trkpt><trkpt lat="4.723127" lon="-74.04614"><time>2026-09-13T20:20:48Z</time></trkpt><trkpt lat="4.723114" lon="-74.04615"><ele>2561.1</ele><time>2026-09-13T20:20:49Z</time><extensions><gpxtpx:TrackPointExtension><gpxtpx:hr>90</gpxtpx:hr><gpxtpx:cad>116</gpxtpx:cad></gpxtpx:TrackPointExtension></extensions></trkpt><trkpt lat="4.723102" lon="-74.04615"><time>2026-09-13T20:20:50Z</time></trkpt><trkpt lat="4.723097" lon="-74.04615"><time>2026-09-13T20:20:51Z</time></trkpt><trkpt lat="4.723082" lon="-74.04615"><time>2026-09-13T20:20:52Z</time></trkpt><trkpt lat="4.723068" lon="-74.04615"><time>2026-09-13T20:20:53Z</time></trkpt><trkpt lat="4.723055" lon="-74.04615"><ele>2561.1</ele><time>2026-09-13T20:20:54Z</time><extensions><gpxtpx:TrackPointExtension><gpxtpx:hr>92</gpxtpx:hr><gpxtpx:cad>109</gpxtpx:cad></gpxtpx:TrackPointExtension></extensions></trkpt><trkpt lat="4.723045" lon="-74.04615"><time>2026-09-13T20:20:55Z</time></trkpt><trkpt lat="4.723032" lon="-74.04615"><time>2026-09-13T20:20:56Z</time></trkpt><trkpt lat="4.72302" lon="-74.04616"><time>2026-09-13T20:20:57Z</time></trkpt><trkpt lat="4.723009" lon="-74.04616"><time>2026-09-13T20:20:58Z</time></trkpt><trkpt lat="4.72299" lon="-74.04616"><ele>2561.3</ele><time>2026-09-13T20:20:59Z</time><extensions><gpxtpx:TrackPointExtension><gpxtpx:hr>91</gpxtpx:hr><gpxtpx:cad>114</gpxtpx:cad></gpxtpx:TrackPointExtension></extensions></trkpt><trkpt lat="4.722974" lon="-74.046165"><time>2026-09-13T20:21:00Z</time></trkpt><trkpt lat="4.722955" lon="-74.046165"><time>2026-09-13T20:21:01Z</time></trkpt><trkpt lat="4.722944" lon="-74.046165"><time>2026-09-13T20:21:02Z</time></trkpt><trkpt lat="4.722932" lon="-74.046165"><time>2026-09-13T20:21:03Z</time></trkpt><trkpt lat="4.722914" lon="-74.04617"><ele>2561.4</ele><time>2026-09-13T20:21:04Z</time><extensions><gpxtpx:TrackPointExtension><gpxtpx:hr>92</gpxtpx:hr><gpxtpx:cad>117</gpxtpx:cad></gpxtpx:TrackPointExtension></extensions></trkpt><trkpt lat="4.722905" lon="-74.04618"><time>2026-09-13T20:21:05Z</time></trkpt><trkpt lat="4.7229" lon="-74.04618"><time>2026-09-13T20:21:06Z</time></trkpt><trkpt lat="4.722889" lon="-74.04619"><time>2026-09-13T20:21:07Z</time></trkpt><trkpt lat="4.722878" lon="-74.04619"><time>2026-09-13T20:21:08Z</time></trkpt><trkpt lat="4.722865" lon="-74.046196"><ele>2561.4</ele><time>2026-09-13T20:21:09Z</time><extensions><gpxtpx:TrackPointExtension><gpxtpx:hr>96</gpxtpx:hr><gpxtpx:cad>120</gpxtpx:cad></gpxtpx:TrackPointExtension></extensions></trkpt><trkpt lat="4.722855" lon="-74.0462"><time>2026-09-13T20:21:10Z</time></trkpt><trkpt lat="4.722844" lon="-74.0462"><time>2026-09-13T20:21:11Z</time></trkpt><trkpt lat="4.722834" lon="-74.0462"><time>2026-09-13T20:21:12Z</time></trkpt><trkpt lat="4.722819" lon="-74.04621"><time>2026-09-13T20:21:13Z</time></trkpt><trkpt lat="4.722815" lon="-74.04621"><ele>2561.3</ele><time>2026-09-13T20:21:14Z</time><extensions><gpxtpx:TrackPointExtension><gpxtpx:hr>94</gpxtpx:hr><gpxtpx:cad>117</gpxtpx:cad></gpxtpx:TrackPointExtension></extensions></trkpt><trkpt lat="4.722806" lon="-74.04621"><time>2026-09-13T20:21:15Z</time></trkpt><trkpt lat="4.722797" lon="-74.04622"><time>2026-09-13T20:21:16Z</time></trkpt><trkpt lat="4.722784" lon="-74.04622"><time>2026-09-13T20:21:17Z</time></trkpt><trkpt lat="4.722772" lon="-74.04623"><time>2026-09-13T20:21:18Z</time></trkpt><trkpt lat="4.72276" lon="-74.04623"><ele>2561.3</ele><time>2026-09-13T20:21:19Z</time><extensions><gpxtpx:TrackPointExtension><gpxtpx:hr>93</gpxtpx:hr><gpxtpx:cad>111</gpxtpx:cad></gpxtpx:TrackPointExtension></extensions></trkpt><trkpt lat="4.722748" lon="-74.04623"><time>2026-09-13T20:21:20Z</time></trkpt><trkpt lat="4.722736" lon="-74.04623"><time>2026-09-13T20:21:21Z</time></trkpt><trkpt lat="4.722723" lon="-74.04623"><time>2026-09-13T20:21:22Z</time></trkpt><trkpt lat="4.722705" lon="-74.04623"><time>2026-09-13T20:21:23Z</time></trkpt><trkpt lat="4.722696" lon="-74.04623"><ele>2561.3</ele><time>2026-09-13T20:21:24Z</time><extensions><gpxtpx:TrackPointExtension><gpxtpx:hr>90</gpxtpx:hr><gpxtpx:cad>112</gpxtpx:cad></gpxtpx:TrackPointExtension></extensions></trkpt><trkpt lat="4.722685" lon="-74.04623"><time>2026-09-13T20:21:25Z</time></trkpt><trkpt lat="4.722671" lon="-74.04623"><time>2026-09-13T20:21:26Z</time></trkpt><trkpt lat="4.722654" lon="-74.04623"><time>2026-09-13T20:21:27Z</time></trkpt><trkpt lat="4.722637" lon="-74.04623"><time>2026-09-13T20:21:28Z</time></trkpt><trkpt lat="4.72262" lon="-74.046234"><ele>2561.3</ele><time>2026-09-13T20:21:29Z</time><extensions><gpxtpx:TrackPointExtension><gpxtpx:hr>92</gpxtpx:hr><gpxtpx:cad>114</gpxtpx:cad></gpxtpx:TrackPointExtension></extensions></trkpt><trkpt lat="4.722608" lon="-74.046234"><time>2026-09-13T20:21:30Z</time></trkpt><trkpt lat="4.722595" lon="-74.046234"><time>2026-09-13T20:21:31Z</time></trkpt><trkpt lat="4.722583" lon="-74.046234"><time>2026-09-13T20:21:32Z</time></trkpt><trkpt lat="4.722574" lon="-74.046234"><time>2026-09-13T20:21:33Z</time></trkpt><trkpt lat="4.722563" lon="-74.04624"><ele>2561.3</ele><time>2026-09-13T20:21:34Z</time><extensions><gpxtpx:TrackPointExtension><gpxtpx:hr>91</gpxtpx:hr><gpxtpx:cad>115</gpxtpx:cad></gpxtpx:TrackPointExtension></extensions></trkpt><trkpt lat="4.722548" lon="-74.04624"><time>2026-09-13T20:21:35Z</time></trkpt><trkpt lat="4.722541" lon="-74.04624"><time>2026-09-13T20:21:36Z</time></trkpt><trkpt lat="4.722533" lon="-74.04624"><time>2026-09-13T20:21:37Z</time></trkpt><trkpt lat="4.722521" lon="-74.046234"><time>2026-09-13T20:21:38Z</time></trkpt><trkpt lat="4.72251" lon="-74.046234"><ele>2561.2</ele><time>2026-09-13T20:21:39Z</time><extensions><gpxtpx:TrackPointExtension><gpxtpx:hr>89</gpxtpx:hr><gpxtpx:cad>114</gpxtpx:cad></gpxtpx:TrackPointExtension></extensions></trkpt><trkpt lat="4.7225" lon="-74.046234"><time>2026-09-13T20:21:40Z</time></trkpt><trkpt lat="4.722488" lon="-74.046234"><time>2026-09-13T20:21:41Z</time></trkpt><trkpt lat="4.722476" lon="-74.046234"><time>2026-09-13T20:21:42Z</time></trkpt><trkpt lat="4.722463" lon="-74.04624"><time>2026-09-13T20:21:43Z</time></trkpt><trkpt lat="4.722457" lon="-74.04624"><ele>2561.2</ele><time>2026-09-13T20:21:44Z</time><extensions><gpxtpx:TrackPointExtension><gpxtpx:hr>90</gpxtpx:hr><gpxtpx:cad>116</gpxtpx:cad></gpxtpx:TrackPointExtension></extensions></trkpt><trkpt lat="4.72245" lon="-74.04625"><time>2026-09-13T20:21:45Z</time></trkpt><trkpt lat="4.72244" lon="-74.04625"><time>2026-09-13T20:21:46Z</time></trkpt><trkpt lat="4.722432" lon="-74.04625"><time>2026-09-13T20:21:47Z</time></trkpt><trkpt lat="4.722429" lon="-74.04625"><time>2026-09-13T20:21:48Z</time></trkpt><trkpt lat="4.722424" lon="-74.04623"><ele>2561.3</ele><time>2026-09-13T20:21:49Z</time><extensions><gpxtpx:TrackPointExtension><gpxtpx:hr>91</gpxtpx:hr><gpxtpx:cad>112</gpxtpx:cad></gpxtpx:TrackPointExtension></extensions></trkpt><trkpt lat="4.722419" lon="-74.0462"><time>2026-09-13T20:21:50Z</time></trkpt><trkpt lat="4.722414" lon="-74.04619"><time>2026-09-13T20:21:51Z</time></trkpt><trkpt lat="4.722409" lon="-74.046165"><time>2026-09-13T20:21:52Z</time></trkpt><trkpt lat="4.722404" lon="-74.04615"><time>2026-09-13T20:21:53Z</time></trkpt><trkpt lat="4.722399" lon="-74.04613"><ele>2561.3</ele><time>2026-09-13T20:21:54Z</time><extensions><gpxtpx:TrackPointExtension><gpxtpx:hr>92</gpxtpx:hr><gpxtpx:cad>109</gpxtpx:cad></gpxtpx:TrackPointExtension></extensions></trkpt><trkpt lat="4.722399" lon="-74.04613"><time>2026-09-13T20:21:55Z</time></trkpt><trkpt lat="4.722399" lon="-74.04613"><time>2026-09-13T20:21:56Z</time></trkpt><trkpt lat="4.722399" lon="-74.04613"><time>2026-09-13T20:21:57Z</time></trkpt><trkpt lat="4.722399" lon="-74.04613"><time>2026-09-13T20:21:58Z</time></trkpt><trkpt lat="4.722399" lon="-74.04613"><ele>2561.3</ele><time>2026-09-13T20:21:59Z</time><extensions><gpxtpx:TrackPointExtension><gpxtpx:hr>93</gpxtpx:hr><gpxtpx:cad>110</gpxtpx:cad></gpxtpx:TrackPointExtension></extensions></trkpt><trkpt lat="4.722399" lon="-74.04613"><time>2026-09-13T20:22:00Z</time></trkpt><trkpt lat="4.722399" lon="-74.04613"><time>2026-09-13T20:22:01Z</time></trkpt><trkpt lat="4.722399" lon="-74.04613"><time>2026-09-13T20:22:02Z</time></trkpt><trkpt lat="4.722399" lon="-74.04613"><time>2026-09-13T20:22:03Z</time></trkpt><trkpt lat="4.722399" lon="-74.04613"><ele>2561.4</ele><time>2026-09-13T20:22:04Z</time><extensions><gpxtpx:TrackPointExtension><gpxtpx:hr>94</gpxtpx:hr><gpxtpx:cad>97</gpxtpx:cad></gpxtpx:TrackPointExtension></extensions></trkpt><trkpt lat="4.722399" lon="-74.04613"><time>2026-09-13T20:22:05Z</time></trkpt><trkpt lat="4.722399" lon="-74.04613"><time>2026-09-13T20:22:06Z</time></trkpt><trkpt lat="4.722399" lon="-74.04613"><time>2026-09-13T20:22:07Z</time></trkpt><trkpt lat="4.722399" lon="-74.04613"><time>2026-09-13T20:22:08Z</time></trkpt><trkpt lat="4.722399" lon="-74.04613"><ele>2561.5</ele><time>2026-09-13T20:22:09Z</time><extensions><gpxtpx:TrackPointExtension><gpxtpx:hr>92</gpxtpx:hr><gpxtpx:cad>94</gpxtpx:cad></gpxtpx:TrackPointExtension></extensions></trkpt><trkpt lat="4.722399" lon="-74.04613"><time>2026-09-13T20:22:10Z</time></trkpt><trkpt lat="4.722399" lon="-74.04613"><time>2026-09-13T20:22:11Z</time></trkpt><trkpt lat="4.722399" lon="-74.04613"><time>2026-09-13T20:22:12Z</time></trkpt><trkpt lat="4.722399" lon="-74.04613"><time>2026-09-13T20:22:13Z</time></trkpt><trkpt lat="4.722399" lon="-74.04613"><ele>2561.5</ele><time>2026-09-13T20:22:14Z</time><extensions><gpxtpx:TrackPointExtension><gpxtpx:hr>93</gpxtpx:hr></gpxtpx:TrackPointExtension></extensions></trkpt><trkpt lat="4.722399" lon="-74.04613"><time>2026-09-13T20:22:15Z</time></trkpt><trkpt lat="4.722399" lon="-74.04613"><time>2026-09-13T20:22:16Z</time></trkpt><trkpt lat="4.722399" lon="-74.04613"><time>2026-09-13T20:22:17Z</time></trkpt><trkpt lat="4.722399" lon="-74.04613"><time>2026-09-13T20:22:18Z</time></trkpt><trkpt lat="4.722399" lon="-74.04613"><ele>2561.5</ele><time>2026-09-13T20:22:19Z</time><extensions><gpxtpx:TrackPointExtension><gpxtpx:hr>92</gpxtpx:hr><gpxtpx:cad>101</gpxtpx:cad></gpxtpx:TrackPointExtension></extensions></trkpt><trkpt lat="4.722399" lon="-74.04613"><time>2026-09-13T20:22:20Z</time></trkpt><trkpt lat="4.722399" lon="-74.04613"><time>2026-09-13T20:22:21Z</time></trkpt><trkpt lat="4.722399" lon="-74.04613"><time>2026-09-13T20:22:22Z</time></trkpt><trkpt lat="4.722399" lon="-74.04613"><time>2026-09-13T20:22:23Z</time></trkpt><trkpt lat="4.722399" lon="-74.04613"><ele>2561.5</ele><time>2026-09-13T20:22:24Z</time><extensions><gpxtpx:TrackPointExtension><gpxtpx:hr>89</gpxtpx:hr><gpxtpx:cad>115</gpxtpx:cad></gpxtpx:TrackPointExtension></extensions></trkpt><trkpt lat="4.722399" lon="-74.04613"><time>2026-09-13T20:22:25Z</time></trkpt><trkpt lat="4.722399" lon="-74.04613"><time>2026-09-13T20:22:26Z</time></trkpt><trkpt lat="4.722399" lon="-74.04613"><time>2026-09-13T20:22:27Z</time></trkpt><trkpt lat="4.722399" lon="-74.04613"><time>2026-09-13T20:22:28Z</time></trkpt><trkpt lat="4.722399" lon="-74.04613"><ele>2561.6</ele><time>2026-09-13T20:22:29Z</time><extensions><gpxtpx:TrackPointExtension><gpxtpx:hr>88</gpxtpx:hr><gpxtpx:cad>112</gpxtpx:cad></gpxtpx:TrackPointExtension></extensions></trkpt><trkpt lat="4.722399" lon="-74.04613"><time>2026-09-13T20:22:30Z</time></trkpt><trkpt lat="4.722399" lon="-74.04613"><time>2026-09-13T20:22:31Z</time></trkpt><trkpt lat="4.722399" lon="-74.04613"><time>2026-09-13T20:22:32Z</time></trkpt><trkpt lat="4.722399" lon="-74.04613"><time>2026-09-13T20:22:33Z</time></trkpt><trkpt lat="4.722399" lon="-74.04613"><ele>2561.7</ele><time>2026-09-13T20:22:34Z</time><extensions><gpxtpx:TrackPointExtension><gpxtpx:hr>86</gpxtpx:hr><gpxtpx:cad>113</gpxtpx:cad></gpxtpx:TrackPointExtension></extensions></trkpt><trkpt lat="4.722399" lon="-74.04613"><time>2026-09-13T20:22:35Z</time></trkpt><trkpt lat="4.722399" lon="-74.04613"><time>2026-09-13T20:22:36Z</time></trkpt><trkpt lat="4.722399" lon="-74.04613"><time>2026-09-13T20:22:37Z</time></trkpt><trkpt lat="4.722399" lon="-74.04613"><time>2026-09-13T20:22:38Z</time></trkpt><trkpt lat="4.722399" lon="-74.04613"><ele>2561.7</ele><time>2026-09-13T20:22:39Z</time><extensions><gpxtpx:TrackPointExtension><gpxtpx:hr>85</gpxtpx:hr><gpxtpx:cad>107</gpxtpx:cad></gpxtpx:TrackPointExtension></extensions></trkpt><trkpt lat="4.722399" lon="-74.04613"><time>2026-09-13T20:22:40Z</time></trkpt><trkpt lat="4.722399" lon="-74.04613"><time>2026-09-13T20:22:41Z</time></trkpt><trkpt lat="4.722399" lon="-74.04613"><time>2026-09-13T20:22:42Z</time></trkpt><trkpt lat="4.722399" lon="-74.04613"><time>2026-09-13T20:22:43Z</time></trkpt><trkpt lat="4.722399" lon="-74.04613"><ele>2561.5</ele><time>2026-09-13T20:22:44Z</time><extensions><gpxtpx:TrackPointExtension><gpxtpx:hr>86</gpxtpx:hr><gpxtpx:cad>105</gpxtpx:cad></gpxtpx:TrackPointExtension></extensions></trkpt><trkpt lat="4.722399" lon="-74.04613"><time>2026-09-13T20:22:45Z</time></trkpt><trkpt lat="4.722399" lon="-74.04613"><time>2026-09-13T20:22:46Z</time></trkpt><trkpt lat="4.722399" lon="-74.04613"><time>2026-09-13T20:22:47Z</time></trkpt><trkpt lat="4.722399" lon="-74.04613"><time>2026-09-13T20:22:48Z</time></trkpt><trkpt lat="4.722399" lon="-74.04613"><ele>2561.4</ele><time>2026-09-13T20:22:49Z</time><extensions><gpxtpx:TrackPointExtension><gpxtpx:hr>85</gpxtpx:hr><gpxtpx:cad>103</gpxtpx:cad></gpxtpx:TrackPointExtension></extensions></trkpt><trkpt lat="4.722399" lon="-74.04613"><time>2026-09-13T20:22:50Z</time></trkpt><trkpt lat="4.722399" lon="-74.04613"><time>2026-09-13T20:22:51Z</time></trkpt><trkpt lat="4.722399" lon="-74.04613"><time>2026-09-13T20:22:52Z</time></trkpt><trkpt lat="4.722399" lon="-74.04613"><time>2026-09-13T20:22:53Z</time></trkpt><trkpt lat="4.722399" lon="-74.04613"><ele>2561.4</ele><time>2026-09-13T20:22:54Z</time><extensions><gpxtpx:TrackPointExtension><gpxtpx:hr>84</gpxtpx:hr><gpxtpx:cad>92</gpxtpx:cad></gpxtpx:TrackPointExtension></extensions></trkpt><trkpt lat="4.722399" lon="-74.04613"><time>2026-09-13T20:22:55Z</time></trkpt><trkpt lat="4.722399" lon="-74.04613"><time>2026-09-13T20:22:56Z</time></trkpt><trkpt lat="4.722399" lon="-74.04613"><time>2026-09-13T20:22:57Z</time></trkpt><trkpt lat="4.722399" lon="-74.04613"><time>2026-09-13T20:22:58Z</time></trkpt><trkpt lat="4.722399" lon="-74.04613"><ele>2561.5</ele><time>2026-09-13T20:22:59Z</time><extensions><gpxtpx:TrackPointExtension><gpxtpx:hr>83</gpxtpx:hr><gpxtpx:cad>92</gpxtpx:cad></gpxtpx:TrackPointExtension></extensions></trkpt><trkpt lat="4.722399" lon="-74.04613"><time>2026-09-13T20:23:00Z</time></trkpt><trkpt lat="4.722399" lon="-74.04613"><time>2026-09-13T20:23:01Z</time></trkpt><trkpt lat="4.722399" lon="-74.04613"><time>2026-09-13T20:23:02Z</time></trkpt><trkpt lat="4.722399" lon="-74.04613"><time>2026-09-13T20:23:03Z</time></trkpt><trkpt lat="4.722399" lon="-74.04613"><ele>2561.6</ele><time>2026-09-13T20:23:04Z</time><extensions><gpxtpx:TrackPointExtension><gpxtpx:hr>84</gpxtpx:hr><gpxtpx:cad>96</gpxtpx:cad></gpxtpx:TrackPointExtension></extensions></trkpt><trkpt lat="4.722399" lon="-74.04613"><time>2026-09-13T20:23:05Z</time></trkpt><trkpt lat="4.722399" lon="-74.04613"><time>2026-09-13T20:23:06Z</time></trkpt><trkpt lat="4.722399" lon="-74.04613"><time>2026-09-13T20:23:07Z</time></trkpt><trkpt lat="4.722399" lon="-74.04613"><time>2026-09-13T20:23:08Z</time></trkpt><trkpt lat="4.722399" lon="-74.04613"><ele>2561.8</ele><time>2026-09-13T20:23:09Z</time><extensions><gpxtpx:TrackPointExtension><gpxtpx:hr>87</gpxtpx:hr></gpxtpx:TrackPointExtension></extensions></trkpt><trkpt lat="4.722399" lon="-74.04613"><time>2026-09-13T20:23:10Z</time></trkpt><trkpt lat="4.722399" lon="-74.04613"><time>2026-09-13T20:23:11Z</time></trkpt><trkpt lat="4.722399" lon="-74.04613"><time>2026-09-13T20:23:12Z</time></trkpt><trkpt lat="4.722399" lon="-74.04613"><time>2026-09-13T20:23:13Z</time></trkpt><trkpt lat="4.722399" lon="-74.04613"><ele>2562.0</ele><time>2026-09-13T20:23:14Z</time><extensions><gpxtpx:TrackPointExtension><gpxtpx:hr>85</gpxtpx:hr></gpxtpx:TrackPointExtension></extensions></trkpt><trkpt lat="4.722399" lon="-74.04613"><time>2026-09-13T20:23:15Z</time></trkpt><trkpt lat="4.722399" lon="-74.04613"><time>2026-09-13T20:23:16Z</time></trkpt><trkpt lat="4.722399" lon="-74.04613"><time>2026-09-13T20:23:17Z</time></trkpt><trkpt lat="4.722399" lon="-74.04613"><time>2026-09-13T20:23:18Z</time></trkpt><trkpt lat="4.722399" lon="-74.04613"><ele>2562.0</ele><time>2026-09-13T20:23:19Z</time><extensions><gpxtpx:TrackPointExtension><gpxtpx:hr>86</gpxtpx:hr></gpxtpx:TrackPointExtension></extensions></trkpt><trkpt lat="4.722399" lon="-74.04613"><time>2026-09-13T20:23:20Z</time></trkpt><trkpt lat="4.722399" lon="-74.04613"><time>2026-09-13T20:23:21Z</time></trkpt><trkpt lat="4.722399" lon="-74.04613"><time>2026-09-13T20:23:22Z</time></trkpt><trkpt lat="4.722399" lon="-74.04613"><time>2026-09-13T20:23:23Z</time></trkpt><trkpt lat="4.722399" lon="-74.04613"><ele>2562.0</ele><time>2026-09-13T20:23:24Z</time><extensions><gpxtpx:TrackPointExtension><gpxtpx:hr>89</gpxtpx:hr></gpxtpx:TrackPointExtension></extensions></trkpt><trkpt lat="4.722399" lon="-74.04613"><time>2026-09-13T20:23:25Z</time></trkpt><trkpt lat="4.722399" lon="-74.04613"><time>2026-09-13T20:23:26Z</time></trkpt><trkpt lat="4.722399" lon="-74.04613"><time>2026-09-13T20:23:27Z</time></trkpt><trkpt lat="4.722399" lon="-74.04613"><time>2026-09-13T20:23:28Z</time></trkpt><trkpt lat="4.722399" lon="-74.04613"><ele>2561.6</ele><time>2026-09-13T20:23:29Z</time><extensions><gpxtpx:TrackPointExtension><gpxtpx:hr>87</gpxtpx:hr></gpxtpx:TrackPointExtension></extensions></trkpt><trkpt lat="4.722399" lon="-74.04613"><time>2026-09-13T20:23:30Z</time></trkpt><trkpt lat="4.722399" lon="-74.04613"><time>2026-09-13T20:23:31Z</time></trkpt><trkpt lat="4.722399" lon="-74.04613"><time>2026-09-13T20:23:32Z</time></trkpt><trkpt lat="4.722399" lon="-74.04613"><time>2026-09-13T20:23:33Z</time></trkpt><trkpt lat="4.722399" lon="-74.04613"><ele>2561.5</ele><time>2026-09-13T20:23:34Z</time><extensions><gpxtpx:TrackPointExtension><gpxtpx:hr>88</gpxtpx:hr></gpxtpx:TrackPointExtension></extensions></trkpt><trkpt lat="4.722399" lon="-74.04613"><time>2026-09-13T20:23:35Z</time></trkpt><trkpt lat="4.722399" lon="-74.04613"><time>2026-09-13T20:23:36Z</time></trkpt><trkpt lat="4.722399" lon="-74.04613"><time>2026-09-13T20:23:37Z</time></trkpt><trkpt lat="4.722399" lon="-74.04613"><time>2026-09-13T20:23:38Z</time></trkpt><trkpt lat="4.722399" lon="-74.04613"><ele>2561.3</ele><time>2026-09-13T20:23:39Z</time><extensions><gpxtpx:TrackPointExtension><gpxtpx:hr>87</gpxtpx:hr></gpxtpx:TrackPointExtension></extensions></trkpt><trkpt lat="4.722399" lon="-74.04613"><time>2026-09-13T20:23:40Z</time></trkpt><trkpt lat="4.722399" lon="-74.04613"><time>2026-09-13T20:23:41Z</time></trkpt><trkpt lat="4.722399" lon="-74.04613"><time>2026-09-13T20:23:42Z</time></trkpt><trkpt lat="4.722399" lon="-74.04613"><time>2026-09-13T20:23:43Z</time></trkpt><trkpt lat="4.722399" lon="-74.04613"><ele>2561.2</ele><time>2026-09-13T20:23:44Z</time><extensions><gpxtpx:TrackPointExtension><gpxtpx:hr>87</gpxtpx:hr><gpxtpx:cad>84</gpxtpx:cad></gpxtpx:TrackPointExtension></extensions></trkpt><trkpt lat="4.722399" lon="-74.04613"><time>2026-09-13T20:23:45Z</time></trkpt><trkpt lat="4.722399" lon="-74.04613"><time>2026-09-13T20:23:46Z</time></trkpt><trkpt lat="4.722399" lon="-74.04613"><time>2026-09-13T20:23:47Z</time></trkpt><trkpt lat="4.722399" lon="-74.04613"><time>2026-09-13T20:23:48Z</time></trkpt><trkpt lat="4.722399" lon="-74.04613"><ele>2561.2</ele><time>2026-09-13T20:23:49Z</time><extensions><gpxtpx:TrackPointExtension><gpxtpx:hr>84</gpxtpx:hr><gpxtpx:cad>91</gpxtpx:cad></gpxtpx:TrackPointExtension></extensions></trkpt><trkpt lat="4.722399" lon="-74.04613"><time>2026-09-13T20:23:50Z</time></trkpt><trkpt lat="4.722399" lon="-74.04613"><time>2026-09-13T20:23:51Z</time></trkpt><trkpt lat="4.722399" lon="-74.04613"><time>2026-09-13T20:23:52Z</time></trkpt><trkpt lat="4.722399" lon="-74.04613"><time>2026-09-13T20:23:53Z</time></trkpt><trkpt lat="4.722399" lon="-74.04613"><ele>2561.2</ele><time>2026-09-13T20:23:54Z</time><extensions><gpxtpx:TrackPointExtension><gpxtpx:hr>85</gpxtpx:hr></gpxtpx:TrackPointExtension></extensions></trkpt><trkpt lat="4.722399" lon="-74.04613"><time>2026-09-13T20:23:55Z</time></trkpt><trkpt lat="4.722399" lon="-74.04613"><time>2026-09-13T20:23:56Z</time></trkpt><trkpt lat="4.722399" lon="-74.04613"><time>2026-09-13T20:23:57Z</time></trkpt><trkpt lat="4.722399" lon="-74.04613"><time>2026-09-13T20:23:58Z</time></trkpt><trkpt lat="4.722399" lon="-74.04613"><ele>2561.2</ele><time>2026-09-13T20:23:59Z</time><extensions><gpxtpx:TrackPointExtension><gpxtpx:hr>88</gpxtpx:hr></gpxtpx:TrackPointExtension></extensions></trkpt><trkpt lat="4.722399" lon="-74.04613"><time>2026-09-13T20:24:00Z</time></trkpt><trkpt lat="4.722399" lon="-74.04613"><time>2026-09-13T20:24:01Z</time></trkpt><trkpt lat="4.722399" lon="-74.04613"><time>2026-09-13T20:24:02Z</time></trkpt><trkpt lat="4.722399" lon="-74.04613"><time>2026-09-13T20:24:03Z</time></trkpt><trkpt lat="4.722399" lon="-74.04613"><ele>2561.3</ele><time>2026-09-13T20:24:04Z</time><extensions><gpxtpx:TrackPointExtension><gpxtpx:hr>84</gpxtpx:hr></gpxtpx:TrackPointExtension></extensions></trkpt><trkpt lat="4.722399" lon="-74.04613"><time>2026-09-13T20:24:05Z</time></trkpt><trkpt lat="4.722399" lon="-74.04613"><time>2026-09-13T20:24:06Z</time></trkpt><trkpt lat="4.722399" lon="-74.04613"><time>2026-09-13T20:24:07Z</time></trkpt><trkpt lat="4.722399" lon="-74.04613"><time>2026-09-13T20:24:08Z</time></trkpt><trkpt lat="4.722399" lon="-74.04613"><ele>2561.3</ele><time>2026-09-13T20:24:09Z</time><extensions><gpxtpx:TrackPointExtension><gpxtpx:hr>83</gpxtpx:hr><gpxtpx:cad>61</gpxtpx:cad></gpxtpx:TrackPointExtension></extensions></trkpt><trkpt lat="4.722399" lon="-74.04613"><time>2026-09-13T20:24:10Z</time></trkpt><trkpt lat="4.722399" lon="-74.04613"><time>2026-09-13T20:24:11Z</time></trkpt><trkpt lat="4.722399" lon="-74.04613"><time>2026-09-13T20:24:12Z</time></trkpt><trkpt lat="4.722399" lon="-74.04613"><time>2026-09-13T20:24:13Z</time></trkpt><trkpt lat="4.722399" lon="-74.04613"><ele>2561.3</ele><time>2026-09-13T20:24:14Z</time><extensions><gpxtpx:TrackPointExtension><gpxtpx:hr>85</gpxtpx:hr><gpxtpx:cad>84</gpxtpx:cad></gpxtpx:TrackPointExtension></extensions></trkpt><trkpt lat="4.722399" lon="-74.04613"><time>2026-09-13T20:24:15Z</time></trkpt><trkpt lat="4.722399" lon="-74.04613"><time>2026-09-13T20:24:16Z</time></trkpt><trkpt lat="4.722399" lon="-74.04613"><time>2026-09-13T20:24:17Z</time></trkpt><trkpt lat="4.722399" lon="-74.04613"><time>2026-09-13T20:24:18Z</time></trkpt><trkpt lat="4.722399" lon="-74.04613"><ele>2561.3</ele><time>2026-09-13T20:24:19Z</time><extensions><gpxtpx:TrackPointExtension><gpxtpx:hr>86</gpxtpx:hr><gpxtpx:cad>89</gpxtpx:cad></gpxtpx:TrackPointExtension></extensions></trkpt><trkpt lat="4.722399" lon="-74.04613"><time>2026-09-13T20:24:20Z</time></trkpt><trkpt lat="4.722399" lon="-74.04613"><time>2026-09-13T20:24:21Z</time></trkpt><trkpt lat="4.722399" lon="-74.04613"><time>2026-09-13T20:24:22Z</time></trkpt><trkpt lat="4.722399" lon="-74.04613"><time>2026-09-13T20:24:23Z</time></trkpt><trkpt lat="4.722399" lon="-74.04613"><ele>2561.4</ele><time>2026-09-13T20:24:24Z</time><extensions><gpxtpx:TrackPointExtension><gpxtpx:hr>82</gpxtpx:hr><gpxtpx:cad>85</gpxtpx:cad></gpxtpx:TrackPointExtension></extensions></trkpt><trkpt lat="4.722399" lon="-74.04613"><time>2026-09-13T20:24:25Z</time></trkpt><trkpt lat="4.722399" lon="-74.04613"><time>2026-09-13T20:24:26Z</time></trkpt><trkpt lat="4.722399" lon="-74.04613"><time>2026-09-13T20:24:27Z</time></trkpt><trkpt lat="4.722399" lon="-74.04613"><time>2026-09-13T20:24:28Z</time></trkpt><trkpt lat="4.722399" lon="-74.04613"><ele>2561.4</ele><time>2026-09-13T20:24:29Z</time><extensions><gpxtpx:TrackPointExtension><gpxtpx:hr>84</gpxtpx:hr></gpxtpx:TrackPointExtension></extensions></trkpt><trkpt lat="4.722399" lon="-74.04613"><time>2026-09-13T20:24:30Z</time></trkpt><trkpt lat="4.722399" lon="-74.04613"><time>2026-09-13T20:24:31Z</time></trkpt><trkpt lat="4.722399" lon="-74.04613"><time>2026-09-13T20:24:32Z</time></trkpt><trkpt lat="4.722399" lon="-74.04613"><time>2026-09-13T20:24:33Z</time></trkpt><trkpt lat="4.722399" lon="-74.04613"><ele>2561.4</ele><time>2026-09-13T20:24:34Z</time><extensions><gpxtpx:TrackPointExtension><gpxtpx:hr>86</gpxtpx:hr></gpxtpx:TrackPointExtension></extensions></trkpt><trkpt lat="4.722399" lon="-74.04613"><time>2026-09-13T20:24:35Z</time></trkpt><trkpt lat="4.722399" lon="-74.04613"><time>2026-09-13T20:24:36Z</time></trkpt><trkpt lat="4.722399" lon="-74.04613"><time>2026-09-13T20:24:37Z</time></trkpt><trkpt lat="4.722399" lon="-74.04613"><time>2026-09-13T20:24:38Z</time></trkpt><trkpt lat="4.722399" lon="-74.04613"><ele>2561.4</ele><time>2026-09-13T20:24:39Z</time><extensions><gpxtpx:TrackPointExtension><gpxtpx:hr>83</gpxtpx:hr></gpxtpx:TrackPointExtension></extensions></trkpt><trkpt lat="4.722399" lon="-74.04613"><time>2026-09-13T20:24:40Z</time></trkpt><trkpt lat="4.722399" lon="-74.04613"><time>2026-09-13T20:24:41Z</time></trkpt><trkpt lat="4.722399" lon="-74.04613"><time>2026-09-13T20:24:42Z</time></trkpt><trkpt lat="4.722399" lon="-74.04613"><time>2026-09-13T20:24:43Z</time></trkpt><trkpt lat="4.722399" lon="-74.04613"><ele>2561.3</ele><time>2026-09-13T20:24:44Z</time><extensions><gpxtpx:TrackPointExtension><gpxtpx:hr>80</gpxtpx:hr></gpxtpx:TrackPointExtension></extensions></trkpt><trkpt lat="4.722399" lon="-74.04613"><time>2026-09-13T20:24:45Z</time></trkpt><trkpt lat="4.722399" lon="-74.04613"><time>2026-09-13T20:24:46Z</time></trkpt><trkpt lat="4.722399" lon="-74.04613"><time>2026-09-13T20:24:47Z</time></trkpt><trkpt lat="4.722399" lon="-74.04613"><time>2026-09-13T20:24:48Z</time></trkpt><trkpt lat="4.722399" lon="-74.04613"><ele>2561.4</ele><time>2026-09-13T20:24:49Z</time><extensions><gpxtpx:TrackPointExtension><gpxtpx:hr>80</gpxtpx:hr></gpxtpx:TrackPointExtension></extensions></trkpt><trkpt lat="4.722399" lon="-74.04613"><time>2026-09-13T20:24:50Z</time></trkpt><trkpt lat="4.722399" lon="-74.04613"><time>2026-09-13T20:24:51Z</time></trkpt><trkpt lat="4.722399" lon="-74.04613"><time>2026-09-13T20:24:52Z</time></trkpt><trkpt lat="4.722399" lon="-74.04613"><time>2026-09-13T20:24:53Z</time></trkpt><trkpt lat="4.722399" lon="-74.04613"><ele>2561.4</ele><time>2026-09-13T20:24:54Z</time><extensions><gpxtpx:TrackPointExtension><gpxtpx:hr>84</gpxtpx:hr></gpxtpx:TrackPointExtension></extensions></trkpt><trkpt lat="4.722399" lon="-74.04613"><time>2026-09-13T20:24:55Z</time></trkpt><trkpt lat="4.722399" lon="-74.04613"><time>2026-09-13T20:24:56Z</time></trkpt><trkpt lat="4.722399" lon="-74.04613"><time>2026-09-13T20:24:57Z</time></trkpt><trkpt lat="4.722399" lon="-74.04613"><time>2026-09-13T20:24:58Z</time></trkpt><trkpt lat="4.722399" lon="-74.04613"><ele>2561.2</ele><time>2026-09-13T20:24:59Z</time><extensions><gpxtpx:TrackPointExtension><gpxtpx:hr>81</gpxtpx:hr></gpxtpx:TrackPointExtension></extensions></trkpt><trkpt lat="4.722399" lon="-74.04613"><time>2026-09-13T20:25:00Z</time></trkpt><trkpt lat="4.722399" lon="-74.04613"><time>2026-09-13T20:25:01Z</time></trkpt><trkpt lat="4.722399" lon="-74.04613"><time>2026-09-13T20:25:02Z</time></trkpt><trkpt lat="4.722399" lon="-74.04613"><time>2026-09-13T20:25:03Z</time></trkpt><trkpt lat="4.722399" lon="-74.04613"><ele>2561.2</ele><time>2026-09-13T20:25:04Z</time><extensions><gpxtpx:TrackPointExtension><gpxtpx:hr>81</gpxtpx:hr></gpxtpx:TrackPointExtension></extensions></trkpt><trkpt lat="4.722399" lon="-74.04613"><time>2026-09-13T20:25:05Z</time></trkpt><trkpt lat="4.722399" lon="-74.04613"><time>2026-09-13T20:25:06Z</time></trkpt><trkpt lat="4.722399" lon="-74.04613"><time>2026-09-13T20:25:07Z</time></trkpt><trkpt lat="4.722399" lon="-74.04613"><time>2026-09-13T20:25:08Z</time></trkpt><trkpt lat="4.722399" lon="-74.04613"><ele>2561.1</ele><time>2026-09-13T20:25:09Z</time><extensions><gpxtpx:TrackPointExtension><gpxtpx:hr>81</gpxtpx:hr></gpxtpx:TrackPointExtension></extensions></trkpt><trkpt lat="4.722399" lon="-74.04613"><time>2026-09-13T20:25:10Z</time></trkpt><trkpt lat="4.722399" lon="-74.04613"><time>2026-09-13T20:25:11Z</time></trkpt><trkpt lat="4.722399" lon="-74.04613"><time>2026-09-13T20:25:12Z</time></trkpt><trkpt lat="4.722399" lon="-74.04613"><time>2026-09-13T20:25:13Z</time></trkpt><trkpt lat="4.722399" lon="-74.04613"><ele>2561.1</ele><time>2026-09-13T20:25:14Z</time><extensions><gpxtpx:TrackPointExtension><gpxtpx:hr>81</gpxtpx:hr></gpxtpx:TrackPointExtension></extensions></trkpt><trkpt lat="4.722399" lon="-74.04613"><time>2026-09-13T20:25:15Z</time></trkpt><trkpt lat="4.722399" lon="-74.04613"><time>2026-09-13T20:25:16Z</time></trkpt><trkpt lat="4.722399" lon="-74.04613"><time>2026-09-13T20:25:17Z</time></trkpt><trkpt lat="4.722399" lon="-74.04613"><time>2026-09-13T20:25:18Z</time></trkpt><trkpt lat="4.722399" lon="-74.04613"><ele>2561.1</ele><time>2026-09-13T20:25:19Z</time><extensions><gpxtpx:TrackPointExtension><gpxtpx:hr>85</gpxtpx:hr><gpxtpx:cad>77</gpxtpx:cad></gpxtpx:TrackPointExtension></extensions></trkpt><trkpt lat="4.722399" lon="-74.04613"><time>2026-09-13T20:25:20Z</time></trkpt><trkpt lat="4.722399" lon="-74.04613"><time>2026-09-13T20:25:21Z</time></trkpt><trkpt lat="4.722399" lon="-74.04613"><time>2026-09-13T20:25:22Z</time></trkpt><trkpt lat="4.722399" lon="-74.04613"><time>2026-09-13T20:25:23Z</time></trkpt><trkpt lat="4.722399" lon="-74.04613"><ele>2561.0</ele><time>2026-09-13T20:25:24Z</time><extensions><gpxtpx:TrackPointExtension><gpxtpx:hr>82</gpxtpx:hr><gpxtpx:cad>83</gpxtpx:cad></gpxtpx:TrackPointExtension></extensions></trkpt><trkpt lat="4.722399" lon="-74.04613"><time>2026-09-13T20:25:25Z</time></trkpt><trkpt lat="4.722399" lon="-74.04613"><time>2026-09-13T20:25:26Z</time></trkpt><trkpt lat="4.722399" lon="-74.04613"><time>2026-09-13T20:25:27Z</time></trkpt><trkpt lat="4.722399" lon="-74.04613"><time>2026-09-13T20:25:28Z</time></trkpt><trkpt lat="4.722399" lon="-74.04613"><ele>2561.0</ele><time>2026-09-13T20:25:29Z</time><extensions><gpxtpx:TrackPointExtension><gpxtpx:hr>82</gpxtpx:hr><gpxtpx:cad>90</gpxtpx:cad></gpxtpx:TrackPointExtension></extensions></trkpt><trkpt lat="4.722399" lon="-74.04613"><time>2026-09-13T20:25:30Z</time></trkpt><trkpt lat="4.722399" lon="-74.04613"><time>2026-09-13T20:25:31Z</time></trkpt><trkpt lat="4.722399" lon="-74.04613"><time>2026-09-13T20:25:32Z</time></trkpt><trkpt lat="4.722399" lon="-74.04613"><time>2026-09-13T20:25:33Z</time></trkpt><trkpt lat="4.722399" lon="-74.04613"><ele>2561.1</ele><time>2026-09-13T20:25:34Z</time><extensions><gpxtpx:TrackPointExtension><gpxtpx:hr>83</gpxtpx:hr><gpxtpx:cad>91</gpxtpx:cad></gpxtpx:TrackPointExtension></extensions></trkpt><trkpt lat="4.722399" lon="-74.04613"><time>2026-09-13T20:25:35Z</time></trkpt><trkpt lat="4.722399" lon="-74.04613"><time>2026-09-13T20:25:36Z</time></trkpt><trkpt lat="4.722399" lon="-74.04613"><time>2026-09-13T20:25:37Z</time></trkpt><trkpt lat="4.722399" lon="-74.04613"><time>2026-09-13T20:25:38Z</time></trkpt><trkpt lat="4.722399" lon="-74.04613"><ele>2561.2</ele><time>2026-09-13T20:25:39Z</time><extensions><gpxtpx:TrackPointExtension><gpxtpx:hr>85</gpxtpx:hr><gpxtpx:cad>93</gpxtpx:cad></gpxtpx:TrackPointExtension></extensions></trkpt><trkpt lat="4.722399" lon="-74.04613"><time>2026-09-13T20:25:40Z</time></trkpt><trkpt lat="4.722399" lon="-74.04613"><time>2026-09-13T20:25:41Z</time></trkpt><trkpt lat="4.722399" lon="-74.04613"><time>2026-09-13T20:25:42Z</time></trkpt><trkpt lat="4.722399" lon="-74.04613"><time>2026-09-13T20:25:43Z</time></trkpt><trkpt lat="4.722399" lon="-74.04613"><ele>2561.3</ele><time>2026-09-13T20:25:44Z</time><extensions><gpxtpx:TrackPointExtension><gpxtpx:hr>85</gpxtpx:hr><gpxtpx:cad>87</gpxtpx:cad></gpxtpx:TrackPointExtension></extensions></trkpt><trkpt lat="4.722399" lon="-74.04613"><time>2026-09-13T20:25:45Z</time></trkpt><trkpt lat="4.722399" lon="-74.04613"><time>2026-09-13T20:25:46Z</time></trkpt><trkpt lat="4.722399" lon="-74.04613"><time>2026-09-13T20:25:47Z</time></trkpt><trkpt lat="4.722399" lon="-74.04613"><time>2026-09-13T20:25:48Z</time></trkpt><trkpt lat="4.722399" lon="-74.04613"><ele>2561.3</ele><time>2026-09-13T20:25:49Z</time><extensions><gpxtpx:TrackPointExtension><gpxtpx:hr>85</gpxtpx:hr><gpxtpx:cad>27</gpxtpx:cad></gpxtpx:TrackPointExtension></extensions></trkpt><trkpt lat="4.722399" lon="-74.04613"><time>2026-09-13T20:25:50Z</time></trkpt><trkpt lat="4.722399" lon="-74.04613"><time>2026-09-13T20:25:51Z</time></trkpt><trkpt lat="4.722399" lon="-74.04613"><time>2026-09-13T20:25:52Z</time></trkpt><trkpt lat="4.722399" lon="-74.04613"><time>2026-09-13T20:25:53Z</time></trkpt><trkpt lat="4.722399" lon="-74.04613"><ele>2561.4</ele><time>2026-09-13T20:25:54Z</time><extensions><gpxtpx:TrackPointExtension><gpxtpx:hr>87</gpxtpx:hr></gpxtpx:TrackPointExtension></extensions></trkpt><trkpt lat="4.722399" lon="-74.04613"><time>2026-09-13T20:25:55Z</time></trkpt><trkpt lat="4.722399" lon="-74.04613"><time>2026-09-13T20:25:56Z</time></trkpt><trkpt lat="4.722399" lon="-74.04613"><time>2026-09-13T20:25:57Z</time></trkpt><trkpt lat="4.722399" lon="-74.04613"><time>2026-09-13T20:25:58Z</time></trkpt><trkpt lat="4.722399" lon="-74.04613"><ele>2561.3</ele><time>2026-09-13T20:25:59Z</time><extensions><gpxtpx:TrackPointExtension><gpxtpx:hr>86</gpxtpx:hr><gpxtpx:cad>60</gpxtpx:cad></gpxtpx:TrackPointExtension></extensions></trkpt><trkpt lat="4.722399" lon="-74.04613"><time>2026-09-13T20:26:00Z</time></trkpt><trkpt lat="4.722399" lon="-74.04613"><time>2026-09-13T20:26:01Z</time></trkpt><trkpt lat="4.722399" lon="-74.04613"><time>2026-09-13T20:26:02Z</time></trkpt><trkpt lat="4.722399" lon="-74.04613"><time>2026-09-13T20:26:03Z</time></trkpt><trkpt lat="4.722399" lon="-74.04613"><ele>2561.3</ele><time>2026-09-13T20:26:04Z</time><extensions><gpxtpx:TrackPointExtension><gpxtpx:hr>85</gpxtpx:hr><gpxtpx:cad>84</gpxtpx:cad></gpxtpx:TrackPointExtension></extensions></trkpt><trkpt lat="4.722399" lon="-74.04613"><time>2026-09-13T20:26:05Z</time></trkpt><trkpt lat="4.722399" lon="-74.04613"><time>2026-09-13T20:26:06Z</time></trkpt><trkpt lat="4.722399" lon="-74.04613"><time>2026-09-13T20:26:07Z</time></trkpt><trkpt lat="4.722399" lon="-74.04613"><time>2026-09-13T20:26:08Z</time></trkpt><trkpt lat="4.722399" lon="-74.04613"><ele>2561.2</ele><time>2026-09-13T20:26:09Z</time><extensions><gpxtpx:TrackPointExtension><gpxtpx:hr>87</gpxtpx:hr><gpxtpx:cad>91</gpxtpx:cad></gpxtpx:TrackPointExtension></extensions></trkpt><trkpt lat="4.722399" lon="-74.04613"><time>2026-09-13T20:26:10Z</time></trkpt><trkpt lat="4.722399" lon="-74.04613"><time>2026-09-13T20:26:11Z</time></trkpt><trkpt lat="4.722399" lon="-74.04613"><time>2026-09-13T20:26:12Z</time></trkpt><trkpt lat="4.722399" lon="-74.04613"><time>2026-09-13T20:26:13Z</time></trkpt><trkpt lat="4.722399" lon="-74.04613"><ele>2561.1</ele><time>2026-09-13T20:26:14Z</time><extensions><gpxtpx:TrackPointExtension><gpxtpx:hr>87</gpxtpx:hr><gpxtpx:cad>98</gpxtpx:cad></gpxtpx:TrackPointExtension></extensions></trkpt><trkpt lat="4.722399" lon="-74.04613"><time>2026-09-13T20:26:15Z</time></trkpt><trkpt lat="4.722399" lon="-74.04613"><time>2026-09-13T20:26:16Z</time></trkpt><trkpt lat="4.722399" lon="-74.04613"><time>2026-09-13T20:26:17Z</time></trkpt><trkpt lat="4.722399" lon="-74.04613"><time>2026-09-13T20:26:18Z</time></trkpt><trkpt lat="4.722399" lon="-74.04613"><ele>2561.1</ele><time>2026-09-13T20:26:19Z</time><extensions><gpxtpx:TrackPointExtension><gpxtpx:hr>87</gpxtpx:hr><gpxtpx:cad>96</gpxtpx:cad></gpxtpx:TrackPointExtension></extensions></trkpt><trkpt lat="4.722399" lon="-74.04613"><time>2026-09-13T20:26:20Z</time></trkpt><trkpt lat="4.722399" lon="-74.04613"><time>2026-09-13T20:26:21Z</time></trkpt><trkpt lat="4.722399" lon="-74.04613"><time>2026-09-13T20:26:22Z</time></trkpt><trkpt lat="4.722399" lon="-74.04613"><time>2026-09-13T20:26:23Z</time></trkpt><trkpt lat="4.722399" lon="-74.04613"><ele>2561.2</ele><time>2026-09-13T20:26:24Z</time><extensions><gpxtpx:TrackPointExtension><gpxtpx:hr>87</gpxtpx:hr><gpxtpx:cad>92</gpxtpx:cad></gpxtpx:TrackPointExtension></extensions></trkpt><trkpt lat="4.722399" lon="-74.04613"><time>2026-09-13T20:26:25Z</time></trkpt><trkpt lat="4.722399" lon="-74.04613"><time>2026-09-13T20:26:26Z</time></trkpt><trkpt lat="4.722399" lon="-74.04613"><time>2026-09-13T20:26:27Z</time></trkpt><trkpt lat="4.722399" lon="-74.04613"><time>2026-09-13T20:26:28Z</time></trkpt><trkpt lat="4.722399" lon="-74.04613"><ele>2561.3</ele><time>2026-09-13T20:26:29Z</time><extensions><gpxtpx:TrackPointExtension><gpxtpx:hr>87</gpxtpx:hr><gpxtpx:cad>101</gpxtpx:cad></gpxtpx:TrackPointExtension></extensions></trkpt><trkpt lat="4.722399" lon="-74.04613"><time>2026-09-13T20:26:30Z</time></trkpt><trkpt lat="4.722399" lon="-74.04613"><time>2026-09-13T20:26:31Z</time></trkpt><trkpt lat="4.722399" lon="-74.04613"><time>2026-09-13T20:26:32Z</time></trkpt><trkpt lat="4.722399" lon="-74.04613"><time>2026-09-13T20:26:33Z</time></trkpt><trkpt lat="4.722399" lon="-74.04613"><ele>2561.3</ele><time>2026-09-13T20:26:34Z</time><extensions><gpxtpx:TrackPointExtension><gpxtpx:hr>86</gpxtpx:hr><gpxtpx:cad>102</gpxtpx:cad></gpxtpx:TrackPointExtension></extensions></trkpt><trkpt lat="4.722399" lon="-74.04613"><time>2026-09-13T20:26:35Z</time></trkpt><trkpt lat="4.722399" lon="-74.04613"><time>2026-09-13T20:26:36Z</time></trkpt><trkpt lat="4.722399" lon="-74.04613"><time>2026-09-13T20:26:37Z</time></trkpt><trkpt lat="4.722399" lon="-74.04613"><time>2026-09-13T20:26:38Z</time></trkpt><trkpt lat="4.722399" lon="-74.04613"><ele>2561.3</ele><time>2026-09-13T20:26:39Z</time><extensions><gpxtpx:TrackPointExtension><gpxtpx:hr>85</gpxtpx:hr><gpxtpx:cad>23</gpxtpx:cad></gpxtpx:TrackPointExtension></extensions></trkpt><trkpt lat="4.722399" lon="-74.04613"><time>2026-09-13T20:26:40Z</time></trkpt><trkpt lat="4.722399" lon="-74.04613"><time>2026-09-13T20:26:41Z</time></trkpt><trkpt lat="4.722399" lon="-74.04613"><time>2026-09-13T20:26:42Z</time></trkpt><trkpt lat="4.722399" lon="-74.04613"><time>2026-09-13T20:26:43Z</time></trkpt><trkpt lat="4.722399" lon="-74.04613"><ele>2561.5</ele><time>2026-09-13T20:26:44Z</time><extensions><gpxtpx:TrackPointExtension><gpxtpx:hr>83</gpxtpx:hr></gpxtpx:TrackPointExtension></extensions></trkpt><trkpt lat="4.722399" lon="-74.04613"><time>2026-09-13T20:26:45Z</time></trkpt><trkpt lat="4.722399" lon="-74.04613"><time>2026-09-13T20:26:46Z</time></trkpt><trkpt lat="4.722399" lon="-74.04613"><time>2026-09-13T20:26:47Z</time></trkpt><trkpt lat="4.722399" lon="-74.04613"><time>2026-09-13T20:26:48Z</time></trkpt><trkpt lat="4.722399" lon="-74.04613"><ele>2561.6</ele><time>2026-09-13T20:26:49Z</time><extensions><gpxtpx:TrackPointExtension><gpxtpx:hr>83</gpxtpx:hr><gpxtpx:cad>67</gpxtpx:cad></gpxtpx:TrackPointExtension></extensions></trkpt><trkpt lat="4.722399" lon="-74.04613"><time>2026-09-13T20:26:50Z</time></trkpt><trkpt lat="4.722399" lon="-74.04613"><time>2026-09-13T20:26:51Z</time></trkpt><trkpt lat="4.722399" lon="-74.04613"><time>2026-09-13T20:26:52Z</time></trkpt><trkpt lat="4.722399" lon="-74.04613"><time>2026-09-13T20:26:53Z</time></trkpt><trkpt lat="4.722399" lon="-74.04613"><ele>2561.7</ele><time>2026-09-13T20:26:54Z</time><extensions><gpxtpx:TrackPointExtension><gpxtpx:hr>85</gpxtpx:hr><gpxtpx:cad>103</gpxtpx:cad></gpxtpx:TrackPointExtension></extensions></trkpt><trkpt lat="4.722399" lon="-74.04613"><time>2026-09-13T20:26:55Z</time></trkpt><trkpt lat="4.722399" lon="-74.04613"><time>2026-09-13T20:26:56Z</time></trkpt><trkpt lat="4.722399" lon="-74.04613"><time>2026-09-13T20:26:57Z</time></trkpt><trkpt lat="4.722399" lon="-74.04613"><time>2026-09-13T20:26:58Z</time></trkpt><trkpt lat="4.722399" lon="-74.04613"><ele>2561.7</ele><time>2026-09-13T20:26:59Z</time><extensions><gpxtpx:TrackPointExtension><gpxtpx:hr>85</gpxtpx:hr><gpxtpx:cad>104</gpxtpx:cad></gpxtpx:TrackPointExtension></extensions></trkpt><trkpt lat="4.722399" lon="-74.04613"><time>2026-09-13T20:27:00Z</time></trkpt><trkpt lat="4.722399" lon="-74.04613"><time>2026-09-13T20:27:01Z</time></trkpt><trkpt lat="4.722399" lon="-74.04613"><time>2026-09-13T20:27:02Z</time></trkpt><trkpt lat="4.722399" lon="-74.04613"><time>2026-09-13T20:27:03Z</time></trkpt><trkpt lat="4.722399" lon="-74.04613"><ele>2561.8</ele><time>2026-09-13T20:27:04Z</time><extensions><gpxtpx:TrackPointExtension><gpxtpx:hr>85</gpxtpx:hr><gpxtpx:cad>95</gpxtpx:cad></gpxtpx:TrackPointExtension></extensions></trkpt><trkpt lat="4.722399" lon="-74.04613"><time>2026-09-13T20:27:05Z</time></trkpt><trkpt lat="4.722399" lon="-74.04613"><time>2026-09-13T20:27:06Z</time></trkpt><trkpt lat="4.722399" lon="-74.04613"><time>2026-09-13T20:27:07Z</time></trkpt><trkpt lat="4.722399" lon="-74.04613"><time>2026-09-13T20:27:08Z</time></trkpt><trkpt lat="4.722399" lon="-74.04613"><ele>2561.7</ele><time>2026-09-13T20:27:09Z</time><extensions><gpxtpx:TrackPointExtension><gpxtpx:hr>83</gpxtpx:hr><gpxtpx:cad>88</gpxtpx:cad></gpxtpx:TrackPointExtension></extensions></trkpt><trkpt lat="4.722399" lon="-74.04613"><time>2026-09-13T20:27:10Z</time></trkpt><trkpt lat="4.722399" lon="-74.04613"><time>2026-09-13T20:27:11Z</time></trkpt><trkpt lat="4.722399" lon="-74.04613"><time>2026-09-13T20:27:12Z</time></trkpt><trkpt lat="4.722399" lon="-74.04613"><time>2026-09-13T20:27:13Z</time></trkpt><trkpt lat="4.722399" lon="-74.04613"><ele>2561.5</ele><time>2026-09-13T20:27:14Z</time><extensions><gpxtpx:TrackPointExtension><gpxtpx:hr>84</gpxtpx:hr></gpxtpx:TrackPointExtension></extensions></trkpt><trkpt lat="4.722399" lon="-74.04613"><time>2026-09-13T20:27:15Z</time></trkpt><trkpt lat="4.722399" lon="-74.04613"><time>2026-09-13T20:27:16Z</time></trkpt><trkpt lat="4.722399" lon="-74.04613"><time>2026-09-13T20:27:17Z</time></trkpt><trkpt lat="4.722399" lon="-74.04613"><time>2026-09-13T20:27:18Z</time></trkpt><trkpt lat="4.722399" lon="-74.04613"><ele>2561.4</ele><time>2026-09-13T20:27:19Z</time><extensions><gpxtpx:TrackPointExtension><gpxtpx:hr>84</gpxtpx:hr><gpxtpx:cad>43</gpxtpx:cad></gpxtpx:TrackPointExtension></extensions></trkpt><trkpt lat="4.722399" lon="-74.04613"><time>2026-09-13T20:27:20Z</time></trkpt><trkpt lat="4.722399" lon="-74.04613"><time>2026-09-13T20:27:21Z</time></trkpt><trkpt lat="4.722399" lon="-74.04613"><time>2026-09-13T20:27:22Z</time></trkpt><trkpt lat="4.722399" lon="-74.04613"><time>2026-09-13T20:27:23Z</time></trkpt><trkpt lat="4.722399" lon="-74.04613"><ele>2561.3</ele><time>2026-09-13T20:27:24Z</time><extensions><gpxtpx:TrackPointExtension><gpxtpx:hr>85</gpxtpx:hr><gpxtpx:cad>89</gpxtpx:cad></gpxtpx:TrackPointExtension></extensions></trkpt><trkpt lat="4.722399" lon="-74.04613"><time>2026-09-13T20:27:25Z</time></trkpt><trkpt lat="4.722399" lon="-74.04613"><time>2026-09-13T20:27:26Z</time></trkpt><trkpt lat="4.722399" lon="-74.04613"><time>2026-09-13T20:27:27Z</time></trkpt><trkpt lat="4.722399" lon="-74.04613"><time>2026-09-13T20:27:28Z</time></trkpt><trkpt lat="4.722399" lon="-74.04613"><ele>2561.2</ele><time>2026-09-13T20:27:29Z</time><extensions><gpxtpx:TrackPointExtension><gpxtpx:hr>86</gpxtpx:hr></gpxtpx:TrackPointExtension></extensions></trkpt><trkpt lat="4.722399" lon="-74.04613"><time>2026-09-13T20:27:30Z</time></trkpt><trkpt lat="4.722399" lon="-74.04613"><time>2026-09-13T20:27:31Z</time></trkpt><trkpt lat="4.722399" lon="-74.04613"><time>2026-09-13T20:27:32Z</time></trkpt><trkpt lat="4.722399" lon="-74.04613"><time>2026-09-13T20:27:33Z</time></trkpt><trkpt lat="4.722399" lon="-74.04613"><ele>2561.2</ele><time>2026-09-13T20:27:34Z</time><extensions><gpxtpx:TrackPointExtension><gpxtpx:hr>88</gpxtpx:hr></gpxtpx:TrackPointExtension></extensions></trkpt><trkpt lat="4.722399" lon="-74.04613"><time>2026-09-13T20:27:35Z</time></trkpt><trkpt lat="4.722399" lon="-74.04613"><time>2026-09-13T20:27:36Z</time></trkpt><trkpt lat="4.722399" lon="-74.04613"><time>2026-09-13T20:27:37Z</time></trkpt><trkpt lat="4.722399" lon="-74.04613"><time>2026-09-13T20:27:38Z</time></trkpt><trkpt lat="4.722399" lon="-74.04613"><ele>2561.2</ele><time>2026-09-13T20:27:39Z</time><extensions><gpxtpx:TrackPointExtension><gpxtpx:hr>86</gpxtpx:hr><gpxtpx:cad>30</gpxtpx:cad></gpxtpx:TrackPointExtension></extensions></trkpt><trkpt lat="4.722399" lon="-74.04613"><time>2026-09-13T20:27:40Z</time></trkpt><trkpt lat="4.722399" lon="-74.04613"><time>2026-09-13T20:27:41Z</time></trkpt><trkpt lat="4.722399" lon="-74.04613"><time>2026-09-13T20:27:42Z</time></trkpt><trkpt lat="4.722399" lon="-74.04613"><time>2026-09-13T20:27:43Z</time></trkpt><trkpt lat="4.722399" lon="-74.04613"><ele>2561.3</ele><time>2026-09-13T20:27:44Z</time><extensions><gpxtpx:TrackPointExtension><gpxtpx:hr>82</gpxtpx:hr><gpxtpx:cad>80</gpxtpx:cad></gpxtpx:TrackPointExtension></extensions></trkpt><trkpt lat="4.722399" lon="-74.04613"><time>2026-09-13T20:27:45Z</time></trkpt><trkpt lat="4.722399" lon="-74.04613"><time>2026-09-13T20:27:46Z</time></trkpt><trkpt lat="4.722399" lon="-74.04613"><time>2026-09-13T20:27:47Z</time></trkpt><trkpt lat="4.722399" lon="-74.04613"><time>2026-09-13T20:27:48Z</time></trkpt><trkpt lat="4.722399" lon="-74.04613"><ele>2561.3</ele><time>2026-09-13T20:27:49Z</time><extensions><gpxtpx:TrackPointExtension><gpxtpx:hr>81</gpxtpx:hr><gpxtpx:cad>80</gpxtpx:cad></gpxtpx:TrackPointExtension></extensions></trkpt><trkpt lat="4.722399" lon="-74.04613"><time>2026-09-13T20:27:50Z</time></trkpt><trkpt lat="4.722399" lon="-74.04613"><time>2026-09-13T20:27:51Z</time></trkpt><trkpt lat="4.722399" lon="-74.04613"><time>2026-09-13T20:27:52Z</time></trkpt><trkpt lat="4.722399" lon="-74.04613"><time>2026-09-13T20:27:53Z</time></trkpt><trkpt lat="4.722399" lon="-74.04613"><ele>2561.2</ele><time>2026-09-13T20:27:54Z</time><extensions><gpxtpx:TrackPointExtension><gpxtpx:hr>81</gpxtpx:hr></gpxtpx:TrackPointExtension></extensions></trkpt><trkpt lat="4.722399" lon="-74.04613"><time>2026-09-13T20:27:55Z</time></trkpt><trkpt lat="4.722399" lon="-74.04613"><time>2026-09-13T20:27:56Z</time></trkpt><trkpt lat="4.722399" lon="-74.04613"><time>2026-09-13T20:27:57Z</time></trkpt><trkpt lat="4.722399" lon="-74.04613"><time>2026-09-13T20:27:58Z</time></trkpt><trkpt lat="4.722399" lon="-74.04613"><ele>2561.2</ele><time>2026-09-13T20:27:59Z</time><extensions><gpxtpx:TrackPointExtension><gpxtpx:hr>81</gpxtpx:hr></gpxtpx:TrackPointExtension></extensions></trkpt><trkpt lat="4.722399" lon="-74.04613"><time>2026-09-13T20:28:00Z</time></trkpt><trkpt lat="4.722399" lon="-74.04613"><time>2026-09-13T20:28:01Z</time></trkpt><trkpt lat="4.722399" lon="-74.04613"><time>2026-09-13T20:28:02Z</time></trkpt><trkpt lat="4.722399" lon="-74.04613"><time>2026-09-13T20:28:03Z</time></trkpt><trkpt lat="4.722399" lon="-74.04613"><ele>2561.2</ele><time>2026-09-13T20:28:04Z</time><extensions><gpxtpx:TrackPointExtension><gpxtpx:hr>82</gpxtpx:hr></gpxtpx:TrackPointExtension></extensions></trkpt><trkpt lat="4.722399" lon="-74.04613"><time>2026-09-13T20:28:05Z</time></trkpt><trkpt lat="4.722399" lon="-74.04613"><time>2026-09-13T20:28:06Z</time></trkpt><trkpt lat="4.722399" lon="-74.04613"><time>2026-09-13T20:28:07Z</time></trkpt><trkpt lat="4.722399" lon="-74.04613"><time>2026-09-13T20:28:08Z</time></trkpt><trkpt lat="4.722399" lon="-74.04613"><ele>2561.2</ele><time>2026-09-13T20:28:09Z</time><extensions><gpxtpx:TrackPointExtension><gpxtpx:hr>81</gpxtpx:hr></gpxtpx:TrackPointExtension></extensions></trkpt><trkpt lat="4.722399" lon="-74.04613"><time>2026-09-13T20:28:10Z</time></trkpt><trkpt lat="4.722399" lon="-74.04613"><time>2026-09-13T20:28:11Z</time></trkpt><trkpt lat="4.722399" lon="-74.04613"><time>2026-09-13T20:28:12Z</time></trkpt><trkpt lat="4.722399" lon="-74.04613"><time>2026-09-13T20:28:13Z</time></trkpt><trkpt lat="4.722399" lon="-74.04613"><ele>2561.2</ele><time>2026-09-13T20:28:14Z</time><extensions><gpxtpx:TrackPointExtension><gpxtpx:hr>81</gpxtpx:hr><gpxtpx:cad>79</gpxtpx:cad></gpxtpx:TrackPointExtension></extensions></trkpt><trkpt lat="4.722399" lon="-74.04613"><time>2026-09-13T20:28:15Z</time></trkpt><trkpt lat="4.722399" lon="-74.04613"><time>2026-09-13T20:28:17Z</time></trkpt><trkpt lat="4.722399" lon="-74.04613"><time>2026-09-13T20:28:18Z</time></trkpt><trkpt lat="4.722399" lon="-74.04613"><ele>2561.3</ele><time>2026-09-13T20:28:19Z</time><extensions><gpxtpx:TrackPointExtension><gpxtpx:hr>78</gpxtpx:hr><gpxtpx:cad>73</gpxtpx:cad></gpxtpx:TrackPointExtension></extensions></trkpt><trkpt lat="4.722399" lon="-74.04613"><time>2026-09-13T20:28:20Z</time></trkpt><trkpt lat="4.722399" lon="-74.04613"><time>2026-09-13T20:28:21Z</time></trkpt><trkpt lat="4.722399" lon="-74.04613"><time>2026-09-13T20:28:22Z</time></trkpt><trkpt lat="4.722399" lon="-74.04613"><time>2026-09-13T20:28:23Z</time></trkpt><trkpt lat="4.722399" lon="-74.04613"><ele>2561.5</ele><time>2026-09-13T20:28:24Z</time><extensions><gpxtpx:TrackPointExtension><gpxtpx:hr>78</gpxtpx:hr><gpxtpx:cad>77</gpxtpx:cad></gpxtpx:TrackPointExtension></extensions></trkpt><trkpt lat="4.722399" lon="-74.04613"><time>2026-09-13T20:28:25Z</time></trkpt><trkpt lat="4.722399" lon="-74.04613"><time>2026-09-13T20:28:26Z</time></trkpt><trkpt lat="4.722399" lon="-74.04613"><time>2026-09-13T20:28:27Z</time></trkpt><trkpt lat="4.722399" lon="-74.04613"><time>2026-09-13T20:28:28Z</time></trkpt><trkpt lat="4.722399" lon="-74.04613"><ele>2561.6</ele><time>2026-09-13T20:28:29Z</time><extensions><gpxtpx:TrackPointExtension><gpxtpx:hr>78</gpxtpx:hr><gpxtpx:cad>83</gpxtpx:cad></gpxtpx:TrackPointExtension></extensions></trkpt><trkpt lat="4.722399" lon="-74.04613"><time>2026-09-13T20:28:30Z</time></trkpt><trkpt lat="4.722399" lon="-74.04613"><time>2026-09-13T20:28:31Z</time></trkpt><trkpt lat="4.722399" lon="-74.04613"><time>2026-09-13T20:28:32Z</time></trkpt><trkpt lat="4.722399" lon="-74.04613"><time>2026-09-13T20:28:33Z</time></trkpt><trkpt lat="4.722399" lon="-74.04613"><ele>2561.5</ele><time>2026-09-13T20:28:34Z</time><extensions><gpxtpx:TrackPointExtension><gpxtpx:hr>76</gpxtpx:hr></gpxtpx:TrackPointExtension></extensions></trkpt><trkpt lat="4.722399" lon="-74.04613"><time>2026-09-13T20:28:35Z</time></trkpt><trkpt lat="4.722399" lon="-74.04613"><time>2026-09-13T20:28:36Z</time></trkpt><trkpt lat="4.722399" lon="-74.04613"><time>2026-09-13T20:28:37Z</time></trkpt><trkpt lat="4.722399" lon="-74.04613"><time>2026-09-13T20:28:38Z</time></trkpt><trkpt lat="4.722399" lon="-74.04613"><ele>2561.4</ele><time>2026-09-13T20:28:39Z</time><extensions><gpxtpx:TrackPointExtension><gpxtpx:hr>77</gpxtpx:hr></gpxtpx:TrackPointExtension></extensions></trkpt><trkpt lat="4.722399" lon="-74.04613"><time>2026-09-13T20:28:40Z</time></trkpt><trkpt lat="4.722399" lon="-74.04613"><time>2026-09-13T20:28:41Z</time></trkpt><trkpt lat="4.722399" lon="-74.04613"><time>2026-09-13T20:28:42Z</time></trkpt><trkpt lat="4.722399" lon="-74.04613"><time>2026-09-13T20:28:43Z</time></trkpt><trkpt lat="4.722399" lon="-74.04613"><ele>2561.4</ele><time>2026-09-13T20:28:44Z</time><extensions><gpxtpx:TrackPointExtension><gpxtpx:hr>78</gpxtpx:hr><gpxtpx:cad>93</gpxtpx:cad></gpxtpx:TrackPointExtension></extensions></trkpt><trkpt lat="4.722399" lon="-74.04613"><time>2026-09-13T20:28:45Z</time></trkpt><trkpt lat="4.722399" lon="-74.04613"><time>2026-09-13T20:28:46Z</time></trkpt><trkpt lat="4.722399" lon="-74.04613"><time>2026-09-13T20:28:47Z</time></trkpt><trkpt lat="4.722399" lon="-74.04613"><time>2026-09-13T20:28:48Z</time></trkpt><trkpt lat="4.722399" lon="-74.04613"><ele>2561.4</ele><time>2026-09-13T20:28:49Z</time><extensions><gpxtpx:TrackPointExtension><gpxtpx:hr>79</gpxtpx:hr><gpxtpx:cad>94</gpxtpx:cad></gpxtpx:TrackPointExtension></extensions></trkpt><trkpt lat="4.722399" lon="-74.04613"><time>2026-09-13T20:28:50Z</time></trkpt><trkpt lat="4.722399" lon="-74.04613"><time>2026-09-13T20:28:51Z</time></trkpt><trkpt lat="4.722399" lon="-74.04613"><time>2026-09-13T20:28:52Z</time></trkpt><trkpt lat="4.722399" lon="-74.04613"><time>2026-09-13T20:28:53Z</time></trkpt><trkpt lat="4.722399" lon="-74.04613"><ele>2561.3</ele><time>2026-09-13T20:28:54Z</time><extensions><gpxtpx:TrackPointExtension><gpxtpx:hr>79</gpxtpx:hr><gpxtpx:cad>85</gpxtpx:cad></gpxtpx:TrackPointExtension></extensions></trkpt><trkpt lat="4.722399" lon="-74.04613"><time>2026-09-13T20:28:55Z</time></trkpt><trkpt lat="4.722399" lon="-74.04613"><time>2026-09-13T20:28:56Z</time></trkpt><trkpt lat="4.722399" lon="-74.04613"><time>2026-09-13T20:28:57Z</time></trkpt><trkpt lat="4.722399" lon="-74.04613"><time>2026-09-13T20:28:58Z</time></trkpt><trkpt lat="4.722399" lon="-74.04613"><ele>2561.3</ele><time>2026-09-13T20:28:59Z</time><extensions><gpxtpx:TrackPointExtension><gpxtpx:hr>78</gpxtpx:hr><gpxtpx:cad>81</gpxtpx:cad></gpxtpx:TrackPointExtension></extensions></trkpt><trkpt lat="4.722399" lon="-74.04613"><time>2026-09-13T20:29:00Z</time></trkpt><trkpt lat="4.722399" lon="-74.04613"><time>2026-09-13T20:29:01Z</time></trkpt><trkpt lat="4.722399" lon="-74.04613"><time>2026-09-13T20:29:02Z</time></trkpt><trkpt lat="4.722399" lon="-74.04613"><time>2026-09-13T20:29:03Z</time></trkpt><trkpt lat="4.722399" lon="-74.04613"><ele>2561.4</ele><time>2026-09-13T20:29:04Z</time><extensions><gpxtpx:TrackPointExtension><gpxtpx:hr>77</gpxtpx:hr></gpxtpx:TrackPointExtension></extensions></trkpt><trkpt lat="4.722399" lon="-74.04613"><time>2026-09-13T20:29:05Z</time></trkpt><trkpt lat="4.722399" lon="-74.04613"><time>2026-09-13T20:29:06Z</time></trkpt><trkpt lat="4.722399" lon="-74.04613"><time>2026-09-13T20:29:07Z</time></trkpt><trkpt lat="4.722399" lon="-74.04613"><time>2026-09-13T20:29:08Z</time></trkpt><trkpt lat="4.722399" lon="-74.04613"><ele>2561.4</ele><time>2026-09-13T20:29:09Z</time><extensions><gpxtpx:TrackPointExtension><gpxtpx:hr>76</gpxtpx:hr></gpxtpx:TrackPointExtension></extensions></trkpt><trkpt lat="4.722399" lon="-74.04613"><time>2026-09-13T20:29:10Z</time></trkpt><trkpt lat="4.722399" lon="-74.04613"><time>2026-09-13T20:29:11Z</time></trkpt><trkpt lat="4.722399" lon="-74.04613"><time>2026-09-13T20:29:12Z</time></trkpt><trkpt lat="4.722399" lon="-74.04613"><time>2026-09-13T20:29:13Z</time></trkpt><trkpt lat="4.722399" lon="-74.04613"><ele>2561.4</ele><time>2026-09-13T20:29:14Z</time><extensions><gpxtpx:TrackPointExtension><gpxtpx:hr>77</gpxtpx:hr><gpxtpx:cad>85</gpxtpx:cad></gpxtpx:TrackPointExtension></extensions></trkpt><trkpt lat="4.722399" lon="-74.04613"><time>2026-09-13T20:29:15Z</time></trkpt><trkpt lat="4.722399" lon="-74.04613"><time>2026-09-13T20:29:16Z</time></trkpt><trkpt lat="4.722399" lon="-74.04613"><time>2026-09-13T20:29:17Z</time></trkpt><trkpt lat="4.722399" lon="-74.04613"><time>2026-09-13T20:29:18Z</time></trkpt><trkpt lat="4.722399" lon="-74.04613"><ele>2561.4</ele><time>2026-09-13T20:29:19Z</time><extensions><gpxtpx:TrackPointExtension><gpxtpx:hr>79</gpxtpx:hr><gpxtpx:cad>94</gpxtpx:cad></gpxtpx:TrackPointExtension></extensions></trkpt><trkpt lat="4.722399" lon="-74.04613"><time>2026-09-13T20:29:20Z</time></trkpt><trkpt lat="4.722399" lon="-74.04613"><time>2026-09-13T20:29:21Z</time></trkpt><trkpt lat="4.722399" lon="-74.04613"><time>2026-09-13T20:29:22Z</time></trkpt><trkpt lat="4.722399" lon="-74.04613"><time>2026-09-13T20:29:23Z</time></trkpt><trkpt lat="4.722399" lon="-74.04613"><ele>2561.4</ele><time>2026-09-13T20:29:24Z</time><extensions><gpxtpx:TrackPointExtension><gpxtpx:hr>81</gpxtpx:hr><gpxtpx:cad>94</gpxtpx:cad></gpxtpx:TrackPointExtension></extensions></trkpt><trkpt lat="4.722399" lon="-74.04613"><time>2026-09-13T20:29:25Z</time></trkpt><trkpt lat="4.722399" lon="-74.04613"><time>2026-09-13T20:29:26Z</time></trkpt><trkpt lat="4.722399" lon="-74.04613"><time>2026-09-13T20:29:27Z</time></trkpt><trkpt lat="4.722399" lon="-74.04613"><time>2026-09-13T20:29:28Z</time></trkpt><trkpt lat="4.722399" lon="-74.04613"><ele>2561.5</ele><time>2026-09-13T20:29:29Z</time><extensions><gpxtpx:TrackPointExtension><gpxtpx:hr>81</gpxtpx:hr><gpxtpx:cad>104</gpxtpx:cad></gpxtpx:TrackPointExtension></extensions></trkpt><trkpt lat="4.722399" lon="-74.04613"><time>2026-09-13T20:29:30Z</time></trkpt><trkpt lat="4.722399" lon="-74.04613"><time>2026-09-13T20:29:31Z</time></trkpt><trkpt lat="4.722399" lon="-74.04613"><time>2026-09-13T20:29:32Z</time></trkpt><trkpt lat="4.722399" lon="-74.04613"><time>2026-09-13T20:29:33Z</time></trkpt><trkpt lat="4.722399" lon="-74.04613"><ele>2561.5</ele><time>2026-09-13T20:29:34Z</time><extensions><gpxtpx:TrackPointExtension><gpxtpx:hr>81</gpxtpx:hr></gpxtpx:TrackPointExtension></extensions></trkpt><trkpt lat="4.722399" lon="-74.04613"><time>2026-09-13T20:29:35Z</time></trkpt><trkpt lat="4.722399" lon="-74.04613"><time>2026-09-13T20:29:36Z</time></trkpt><trkpt lat="4.722399" lon="-74.04613"><time>2026-09-13T20:29:37Z</time></trkpt><trkpt lat="4.722399" lon="-74.04613"><time>2026-09-13T20:29:38Z</time></trkpt><trkpt lat="4.722399" lon="-74.04613"><ele>2561.5</ele><time>2026-09-13T20:29:39Z</time><extensions><gpxtpx:TrackPointExtension><gpxtpx:hr>81</gpxtpx:hr></gpxtpx:TrackPointExtension></extensions></trkpt><trkpt lat="4.722399" lon="-74.04613"><time>2026-09-13T20:29:40Z</time></trkpt><trkpt lat="4.722399" lon="-74.04613"><time>2026-09-13T20:29:41Z</time></trkpt><trkpt lat="4.722399" lon="-74.04613"><time>2026-09-13T20:29:42Z</time></trkpt><trkpt lat="4.722399" lon="-74.04613"><time>2026-09-13T20:29:43Z</time></trkpt><trkpt lat="4.722399" lon="-74.04613"><ele>2561.5</ele><time>2026-09-13T20:29:44Z</time><extensions><gpxtpx:TrackPointExtension><gpxtpx:hr>83</gpxtpx:hr></gpxtpx:TrackPointExtension></extensions></trkpt><trkpt lat="4.722399" lon="-74.04613"><time>2026-09-13T20:29:45Z</time></trkpt><trkpt lat="4.722399" lon="-74.04613"><time>2026-09-13T20:29:46Z</time></trkpt><trkpt lat="4.722399" lon="-74.04613"><time>2026-09-13T20:29:47Z</time></trkpt><trkpt lat="4.722399" lon="-74.04613"><time>2026-09-13T20:29:48Z</time></trkpt><trkpt lat="4.722399" lon="-74.04613"><time>2026-09-13T20:29:49Z</time></trkpt><trkpt lat="4.722399" lon="-74.04613"><ele>2561.5</ele><time>2026-09-13T20:29:50Z</time><extensions><gpxtpx:TrackPointExtension><gpxtpx:hr>83</gpxtpx:hr></gpxtpx:TrackPointExtension></extensions></trkpt><trkpt lat="4.722399" lon="-74.04613"><time>2026-09-13T20:29:51Z</time></trkpt><trkpt lat="4.722399" lon="-74.04613"><time>2026-09-13T20:29:52Z</time></trkpt><trkpt lat="4.722399" lon="-74.04613"><time>2026-09-13T20:29:53Z</time></trkpt><trkpt lat="4.722399" lon="-74.04613"><time>2026-09-13T20:29:54Z</time></trkpt><trkpt lat="4.722399" lon="-74.04613"><ele>2561.5</ele><time>2026-09-13T20:29:55Z</time><extensions><gpxtpx:TrackPointExtension><gpxtpx:hr>85</gpxtpx:hr></gpxtpx:TrackPointExtension></extensions></trkpt><trkpt lat="4.722399" lon="-74.04613"><time>2026-09-13T20:29:56Z</time></trkpt><trkpt lat="4.722399" lon="-74.04613"><time>2026-09-13T20:29:57Z</time></trkpt><trkpt lat="4.722399" lon="-74.04613"><time>2026-09-13T20:29:58Z</time></trkpt><trkpt lat="4.722399" lon="-74.04613"><time>2026-09-13T20:29:59Z</time></trkpt><trkpt lat="4.722399" lon="-74.04613"><ele>2561.5</ele><time>2026-09-13T20:30:00Z</time><extensions><gpxtpx:TrackPointExtension><gpxtpx:hr>83</gpxtpx:hr><gpxtpx:cad>94</gpxtpx:cad></gpxtpx:TrackPointExtension></extensions></trkpt><trkpt lat="4.722399" lon="-74.04613"><time>2026-09-13T20:30:01Z</time></trkpt><trkpt lat="4.722399" lon="-74.04613"><time>2026-09-13T20:30:02Z</time></trkpt><trkpt lat="4.722399" lon="-74.04613"><time>2026-09-13T20:30:03Z</time></trkpt><trkpt lat="4.722399" lon="-74.04613"><time>2026-09-13T20:30:04Z</time></trkpt><trkpt lat="4.722399" lon="-74.04613"><ele>2561.8</ele><time>2026-09-13T20:30:05Z</time><extensions><gpxtpx:TrackPointExtension><gpxtpx:hr>81</gpxtpx:hr><gpxtpx:cad>102</gpxtpx:cad></gpxtpx:TrackPointExtension></extensions></trkpt><trkpt lat="4.722399" lon="-74.04613"><time>2026-09-13T20:30:06Z</time></trkpt><trkpt lat="4.722399" lon="-74.04613"><time>2026-09-13T20:30:07Z</time></trkpt><trkpt lat="4.722399" lon="-74.04613"><time>2026-09-13T20:30:08Z</time></trkpt><trkpt lat="4.722399" lon="-74.04613"><time>2026-09-13T20:30:09Z</time></trkpt><trkpt lat="4.722399" lon="-74.04613"><ele>2561.9</ele><time>2026-09-13T20:30:10Z</time><extensions><gpxtpx:TrackPointExtension><gpxtpx:hr>81</gpxtpx:hr></gpxtpx:TrackPointExtension></extensions></trkpt><trkpt lat="4.722399" lon="-74.04613"><time>2026-09-13T20:30:11Z</time></trkpt><trkpt lat="4.722399" lon="-74.04613"><time>2026-09-13T20:30:12Z</time></trkpt><trkpt lat="4.722399" lon="-74.04613"><time>2026-09-13T20:30:13Z</time></trkpt><trkpt lat="4.722399" lon="-74.04613"><time>2026-09-13T20:30:14Z</time></trkpt><trkpt lat="4.722399" lon="-74.04613"><ele>2562.0</ele><time>2026-09-13T20:30:15Z</time><extensions><gpxtpx:TrackPointExtension><gpxtpx:hr>81</gpxtpx:hr></gpxtpx:TrackPointExtension></extensions></trkpt><trkpt lat="4.722399" lon="-74.04613"><time>2026-09-13T20:30:16Z</time></trkpt><trkpt lat="4.722399" lon="-74.04613"><time>2026-09-13T20:30:17Z</time></trkpt><trkpt lat="4.722399" lon="-74.04613"><time>2026-09-13T20:30:18Z</time></trkpt><trkpt lat="4.722399" lon="-74.04613"><time>2026-09-13T20:30:19Z</time></trkpt><trkpt lat="4.722399" lon="-74.04613"><ele>2562.0</ele><time>2026-09-13T20:30:20Z</time><extensions><gpxtpx:TrackPointExtension><gpxtpx:hr>81</gpxtpx:hr></gpxtpx:TrackPointExtension></extensions></trkpt><trkpt lat="4.722399" lon="-74.04613"><time>2026-09-13T20:30:21Z</time></trkpt><trkpt lat="4.722399" lon="-74.04613"><time>2026-09-13T20:30:22Z</time></trkpt><trkpt lat="4.722399" lon="-74.04613"><time>2026-09-13T20:30:23Z</time></trkpt><trkpt lat="4.722399" lon="-74.04613"><time>2026-09-13T20:30:24Z</time></trkpt><trkpt lat="4.722399" lon="-74.04613"><ele>2562.0</ele><time>2026-09-13T20:30:25Z</time><extensions><gpxtpx:TrackPointExtension><gpxtpx:hr>81</gpxtpx:hr></gpxtpx:TrackPointExtension></extensions></trkpt><trkpt lat="4.722399" lon="-74.04613"><time>2026-09-13T20:30:26Z</time></trkpt><trkpt lat="4.722399" lon="-74.04613"><time>2026-09-13T20:30:27Z</time></trkpt><trkpt lat="4.722399" lon="-74.04613"><time>2026-09-13T20:30:28Z</time></trkpt><trkpt lat="4.722399" lon="-74.04613"><time>2026-09-13T20:30:29Z</time></trkpt><trkpt lat="4.722399" lon="-74.04613"><ele>2561.9</ele><time>2026-09-13T20:30:30Z</time><extensions><gpxtpx:TrackPointExtension><gpxtpx:hr>79</gpxtpx:hr></gpxtpx:TrackPointExtension></extensions></trkpt><trkpt lat="4.722399" lon="-74.04613"><time>2026-09-13T20:30:31Z</time></trkpt><trkpt lat="4.722399" lon="-74.04613"><time>2026-09-13T20:30:32Z</time></trkpt><trkpt lat="4.722399" lon="-74.04613"><time>2026-09-13T20:30:33Z</time></trkpt><trkpt lat="4.722399" lon="-74.04613"><time>2026-09-13T20:30:34Z</time></trkpt><trkpt lat="4.722399" lon="-74.04613"><ele>2561.9</ele><time>2026-09-13T20:30:35Z</time><extensions><gpxtpx:TrackPointExtension><gpxtpx:hr>78</gpxtpx:hr></gpxtpx:TrackPointExtension></extensions></trkpt><trkpt lat="4.722399" lon="-74.04613"><time>2026-09-13T20:30:36Z</time></trkpt><trkpt lat="4.722399" lon="-74.04613"><time>2026-09-13T20:30:37Z</time></trkpt><trkpt lat="4.722399" lon="-74.04613"><time>2026-09-13T20:30:38Z</time></trkpt><trkpt lat="4.722399" lon="-74.04613"><time>2026-09-13T20:30:39Z</time></trkpt><trkpt lat="4.722399" lon="-74.04613"><ele>2561.9</ele><time>2026-09-13T20:30:40Z</time><extensions><gpxtpx:TrackPointExtension><gpxtpx:hr>77</gpxtpx:hr></gpxtpx:TrackPointExtension></extensions></trkpt><trkpt lat="4.722399" lon="-74.04613"><time>2026-09-13T20:30:41Z</time></trkpt><trkpt lat="4.722399" lon="-74.04613"><time>2026-09-13T20:30:42Z</time></trkpt><trkpt lat="4.722399" lon="-74.04613"><time>2026-09-13T20:30:43Z</time></trkpt><trkpt lat="4.722399" lon="-74.04613"><time>2026-09-13T20:30:44Z</time></trkpt><trkpt lat="4.722399" lon="-74.04613"><ele>2561.9</ele><time>2026-09-13T20:30:45Z</time><extensions><gpxtpx:TrackPointExtension><gpxtpx:hr>77</gpxtpx:hr></gpxtpx:TrackPointExtension></extensions></trkpt><trkpt lat="4.722399" lon="-74.04613"><time>2026-09-13T20:30:46Z</time></trkpt><trkpt lat="4.722399" lon="-74.04613"><time>2026-09-13T20:30:47Z</time></trkpt><trkpt lat="4.722399" lon="-74.04613"><time>2026-09-13T20:30:48Z</time></trkpt><trkpt lat="4.722399" lon="-74.04613"><time>2026-09-13T20:30:49Z</time></trkpt><trkpt lat="4.722399" lon="-74.04613"><ele>2561.7</ele><time>2026-09-13T20:30:50Z</time><extensions><gpxtpx:TrackPointExtension><gpxtpx:hr>77</gpxtpx:hr></gpxtpx:TrackPointExtension></extensions></trkpt><trkpt lat="4.722399" lon="-74.04613"><time>2026-09-13T20:30:51Z</time></trkpt><trkpt lat="4.722399" lon="-74.04613"><time>2026-09-13T20:30:52Z</time></trkpt><trkpt lat="4.722399" lon="-74.04613"><time>2026-09-13T20:30:53Z</time></trkpt><trkpt lat="4.722399" lon="-74.04613"><time>2026-09-13T20:30:54Z</time></trkpt><trkpt lat="4.722399" lon="-74.04613"><ele>2561.6</ele><time>2026-09-13T20:30:55Z</time><extensions><gpxtpx:TrackPointExtension><gpxtpx:hr>78</gpxtpx:hr><gpxtpx:cad>85</gpxtpx:cad></gpxtpx:TrackPointExtension></extensions></trkpt><trkpt lat="4.722399" lon="-74.04613"><time>2026-09-13T20:30:56Z</time></trkpt><trkpt lat="4.722399" lon="-74.04613"><time>2026-09-13T20:30:57Z</time></trkpt><trkpt lat="4.722399" lon="-74.04613"><time>2026-09-13T20:30:58Z</time></trkpt><trkpt lat="4.722399" lon="-74.04613"><time>2026-09-13T20:30:59Z</time></trkpt><trkpt lat="4.722399" lon="-74.04613"><ele>2561.4</ele><time>2026-09-13T20:31:00Z</time><extensions><gpxtpx:TrackPointExtension><gpxtpx:hr>80</gpxtpx:hr><gpxtpx:cad>21</gpxtpx:cad></gpxtpx:TrackPointExtension></extensions></trkpt><trkpt lat="4.722399" lon="-74.04613"><time>2026-09-13T20:31:01Z</time></trkpt><trkpt lat="4.722399" lon="-74.04613"><time>2026-09-13T20:31:02Z</time></trkpt><trkpt lat="4.722399" lon="-74.04613"><time>2026-09-13T20:31:03Z</time></trkpt><trkpt lat="4.722399" lon="-74.04613"><time>2026-09-13T20:31:04Z</time></trkpt><trkpt lat="4.722399" lon="-74.04613"><ele>2561.5</ele><time>2026-09-13T20:31:05Z</time><extensions><gpxtpx:TrackPointExtension><gpxtpx:hr>79</gpxtpx:hr></gpxtpx:TrackPointExtension></extensions></trkpt><trkpt lat="4.722399" lon="-74.04613"><time>2026-09-13T20:31:06Z</time></trkpt><trkpt lat="4.722399" lon="-74.04613"><time>2026-09-13T20:31:07Z</time></trkpt><trkpt lat="4.722399" lon="-74.04613"><time>2026-09-13T20:31:08Z</time></trkpt><trkpt lat="4.722399" lon="-74.04613"><time>2026-09-13T20:31:09Z</time></trkpt><trkpt lat="4.722399" lon="-74.04613"><ele>2561.6</ele><time>2026-09-13T20:31:10Z</time><extensions><gpxtpx:TrackPointExtension><gpxtpx:hr>78</gpxtpx:hr></gpxtpx:TrackPointExtension></extensions></trkpt><trkpt lat="4.722399" lon="-74.04613"><time>2026-09-13T20:31:11Z</time></trkpt><trkpt lat="4.722399" lon="-74.04613"><time>2026-09-13T20:31:12Z</time></trkpt><trkpt lat="4.722399" lon="-74.04613"><time>2026-09-13T20:31:13Z</time></trkpt><trkpt lat="4.722399" lon="-74.04613"><time>2026-09-13T20:31:14Z</time></trkpt><trkpt lat="4.722399" lon="-74.04613"><ele>2561.7</ele><time>2026-09-13T20:31:15Z</time><extensions><gpxtpx:TrackPointExtension><gpxtpx:hr>78</gpxtpx:hr><gpxtpx:cad>89</gpxtpx:cad></gpxtpx:TrackPointExtension></extensions></trkpt><trkpt lat="4.722399" lon="-74.04613"><time>2026-09-13T20:31:16Z</time></trkpt><trkpt lat="4.722399" lon="-74.04613"><time>2026-09-13T20:31:17Z</time></trkpt><trkpt lat="4.722399" lon="-74.04613"><time>2026-09-13T20:31:18Z</time></trkpt><trkpt lat="4.722399" lon="-74.04613"><time>2026-09-13T20:31:19Z</time></trkpt><trkpt lat="4.722399" lon="-74.04613"><ele>2561.6</ele><time>2026-09-13T20:31:20Z</time><extensions><gpxtpx:TrackPointExtension><gpxtpx:hr>79</gpxtpx:hr><gpxtpx:cad>90</gpxtpx:cad></gpxtpx:TrackPointExtension></extensions></trkpt><trkpt lat="4.722399" lon="-74.04613"><time>2026-09-13T20:31:21Z</time></trkpt><trkpt lat="4.722399" lon="-74.04613"><time>2026-09-13T20:31:22Z</time></trkpt><trkpt lat="4.722399" lon="-74.04613"><time>2026-09-13T20:31:23Z</time></trkpt><trkpt lat="4.722399" lon="-74.04613"><time>2026-09-13T20:31:24Z</time></trkpt><trkpt lat="4.722399" lon="-74.04613"><ele>2561.6</ele><time>2026-09-13T20:31:25Z</time><extensions><gpxtpx:TrackPointExtension><gpxtpx:hr>80</gpxtpx:hr><gpxtpx:cad>85</gpxtpx:cad></gpxtpx:TrackPointExtension></extensions></trkpt><trkpt lat="4.722399" lon="-74.04613"><time>2026-09-13T20:31:26Z</time></trkpt><trkpt lat="4.722399" lon="-74.04613"><time>2026-09-13T20:31:27Z</time></trkpt><trkpt lat="4.722399" lon="-74.04613"><time>2026-09-13T20:31:28Z</time></trkpt><trkpt lat="4.722399" lon="-74.04613"><time>2026-09-13T20:31:29Z</time></trkpt><trkpt lat="4.722399" lon="-74.04613"><ele>2561.5</ele><time>2026-09-13T20:31:30Z</time><extensions><gpxtpx:TrackPointExtension><gpxtpx:hr>81</gpxtpx:hr><gpxtpx:cad>84</gpxtpx:cad></gpxtpx:TrackPointExtension></extensions></trkpt><trkpt lat="4.722399" lon="-74.04613"><time>2026-09-13T20:31:31Z</time></trkpt><trkpt lat="4.722399" lon="-74.04613"><time>2026-09-13T20:31:32Z</time></trkpt><trkpt lat="4.722399" lon="-74.04613"><time>2026-09-13T20:31:33Z</time></trkpt><trkpt lat="4.722399" lon="-74.04613"><time>2026-09-13T20:31:34Z</time></trkpt><trkpt lat="4.722399" lon="-74.04613"><ele>2561.5</ele><time>2026-09-13T20:31:35Z</time><extensions><gpxtpx:TrackPointExtension><gpxtpx:hr>82</gpxtpx:hr><gpxtpx:cad>81</gpxtpx:cad></gpxtpx:TrackPointExtension></extensions></trkpt><trkpt lat="4.722399" lon="-74.04613"><time>2026-09-13T20:31:36Z</time></trkpt><trkpt lat="4.722399" lon="-74.04613"><time>2026-09-13T20:31:37Z</time></trkpt><trkpt lat="4.722399" lon="-74.04613"><time>2026-09-13T20:31:38Z</time></trkpt><trkpt lat="4.722399" lon="-74.04613"><time>2026-09-13T20:31:39Z</time></trkpt><trkpt lat="4.722399" lon="-74.04613"><ele>2561.5</ele><time>2026-09-13T20:31:40Z</time><extensions><gpxtpx:TrackPointExtension><gpxtpx:hr>82</gpxtpx:hr><gpxtpx:cad>88</gpxtpx:cad></gpxtpx:TrackPointExtension></extensions></trkpt><trkpt lat="4.722399" lon="-74.04613"><time>2026-09-13T20:31:41Z</time></trkpt><trkpt lat="4.722399" lon="-74.04613"><time>2026-09-13T20:31:42Z</time></trkpt><trkpt lat="4.722399" lon="-74.04613"><time>2026-09-13T20:31:43Z</time></trkpt><trkpt lat="4.722399" lon="-74.04613"><time>2026-09-13T20:31:44Z</time></trkpt><trkpt lat="4.722399" lon="-74.04613"><ele>2561.4</ele><time>2026-09-13T20:31:45Z</time><extensions><gpxtpx:TrackPointExtension><gpxtpx:hr>83</gpxtpx:hr><gpxtpx:cad>97</gpxtpx:cad></gpxtpx:TrackPointExtension></extensions></trkpt><trkpt lat="4.722399" lon="-74.04613"><time>2026-09-13T20:31:46Z</time></trkpt><trkpt lat="4.722399" lon="-74.04613"><time>2026-09-13T20:31:47Z</time></trkpt><trkpt lat="4.722399" lon="-74.04613"><time>2026-09-13T20:31:48Z</time></trkpt><trkpt lat="4.722399" lon="-74.04613"><time>2026-09-13T20:31:49Z</time></trkpt><trkpt lat="4.722399" lon="-74.04613"><ele>2561.4</ele><time>2026-09-13T20:31:50Z</time><extensions><gpxtpx:TrackPointExtension><gpxtpx:hr>85</gpxtpx:hr></gpxtpx:TrackPointExtension></extensions></trkpt><trkpt lat="4.722399" lon="-74.04613"><time>2026-09-13T20:31:51Z</time></trkpt><trkpt lat="4.722399" lon="-74.04613"><time>2026-09-13T20:31:52Z</time></trkpt><trkpt lat="4.722399" lon="-74.04613"><time>2026-09-13T20:31:53Z</time></trkpt><trkpt lat="4.722399" lon="-74.04613"><time>2026-09-13T20:31:54Z</time></trkpt><trkpt lat="4.722399" lon="-74.04613"><ele>2561.5</ele><time>2026-09-13T20:31:55Z</time><extensions><gpxtpx:TrackPointExtension><gpxtpx:hr>85</gpxtpx:hr></gpxtpx:TrackPointExtension></extensions></trkpt><trkpt lat="4.722399" lon="-74.04613"><time>2026-09-13T20:31:56Z</time></trkpt><trkpt lat="4.722399" lon="-74.04613"><time>2026-09-13T20:31:57Z</time></trkpt><trkpt lat="4.722399" lon="-74.04613"><time>2026-09-13T20:31:58Z</time></trkpt><trkpt lat="4.722399" lon="-74.04613"><time>2026-09-13T20:31:59Z</time></trkpt><trkpt lat="4.722399" lon="-74.04613"><ele>2561.6</ele><time>2026-09-13T20:32:00Z</time><extensions><gpxtpx:TrackPointExtension><gpxtpx:hr>85</gpxtpx:hr></gpxtpx:TrackPointExtension></extensions></trkpt><trkpt lat="4.722399" lon="-74.04613"><time>2026-09-13T20:32:01Z</time></trkpt><trkpt lat="4.722399" lon="-74.04613"><time>2026-09-13T20:32:02Z</time></trkpt><trkpt lat="4.722399" lon="-74.04613"><time>2026-09-13T20:32:03Z</time></trkpt><trkpt lat="4.722399" lon="-74.04613"><time>2026-09-13T20:32:04Z</time></trkpt><trkpt lat="4.722399" lon="-74.04613"><ele>2561.6</ele><time>2026-09-13T20:32:05Z</time><extensions><gpxtpx:TrackPointExtension><gpxtpx:hr>85</gpxtpx:hr></gpxtpx:TrackPointExtension></extensions></trkpt><trkpt lat="4.722399" lon="-74.04613"><time>2026-09-13T20:32:06Z</time></trkpt><trkpt lat="4.722399" lon="-74.04613"><time>2026-09-13T20:32:07Z</time></trkpt><trkpt lat="4.722399" lon="-74.04613"><time>2026-09-13T20:32:08Z</time></trkpt><trkpt lat="4.722399" lon="-74.04613"><time>2026-09-13T20:32:09Z</time></trkpt><trkpt lat="4.722399" lon="-74.04613"><ele>2561.6</ele><time>2026-09-13T20:32:10Z</time><extensions><gpxtpx:TrackPointExtension><gpxtpx:hr>85</gpxtpx:hr></gpxtpx:TrackPointExtension></extensions></trkpt><trkpt lat="4.722399" lon="-74.04613"><time>2026-09-13T20:32:11Z</time></trkpt><trkpt lat="4.722399" lon="-74.04613"><time>2026-09-13T20:32:12Z</time></trkpt><trkpt lat="4.722399" lon="-74.04613"><time>2026-09-13T20:32:13Z</time></trkpt><trkpt lat="4.722399" lon="-74.04613"><time>2026-09-13T20:32:14Z</time></trkpt><trkpt lat="4.722399" lon="-74.04613"><ele>2561.4</ele><time>2026-09-13T20:32:15Z</time><extensions><gpxtpx:TrackPointExtension><gpxtpx:hr>83</gpxtpx:hr><gpxtpx:cad>84</gpxtpx:cad></gpxtpx:TrackPointExtension></extensions></trkpt><trkpt lat="4.722399" lon="-74.04613"><time>2026-09-13T20:32:16Z</time></trkpt><trkpt lat="4.722399" lon="-74.04613"><time>2026-09-13T20:32:17Z</time></trkpt><trkpt lat="4.722399" lon="-74.04613"><time>2026-09-13T20:32:18Z</time></trkpt><trkpt lat="4.722399" lon="-74.04613"><time>2026-09-13T20:32:19Z</time></trkpt><trkpt lat="4.722399" lon="-74.04613"><ele>2561.3</ele><time>2026-09-13T20:32:20Z</time><extensions><gpxtpx:TrackPointExtension><gpxtpx:hr>84</gpxtpx:hr><gpxtpx:cad>89</gpxtpx:cad></gpxtpx:TrackPointExtension></extensions></trkpt><trkpt lat="4.722399" lon="-74.04613"><time>2026-09-13T20:32:21Z</time></trkpt><trkpt lat="4.722399" lon="-74.04613"><time>2026-09-13T20:32:22Z</time></trkpt><trkpt lat="4.722399" lon="-74.04613"><time>2026-09-13T20:32:23Z</time></trkpt><trkpt lat="4.722399" lon="-74.04613"><time>2026-09-13T20:32:24Z</time></trkpt><trkpt lat="4.722399" lon="-74.04613"><ele>2561.3</ele><time>2026-09-13T20:32:25Z</time><extensions><gpxtpx:TrackPointExtension><gpxtpx:hr>84</gpxtpx:hr><gpxtpx:cad>88</gpxtpx:cad></gpxtpx:TrackPointExtension></extensions></trkpt><trkpt lat="4.722399" lon="-74.04613"><time>2026-09-13T20:32:26Z</time></trkpt><trkpt lat="4.722399" lon="-74.04613"><time>2026-09-13T20:32:27Z</time></trkpt><trkpt lat="4.722399" lon="-74.04613"><time>2026-09-13T20:32:28Z</time></trkpt><trkpt lat="4.722399" lon="-74.04613"><time>2026-09-13T20:32:29Z</time></trkpt><trkpt lat="4.722399" lon="-74.04613"><ele>2561.6</ele><time>2026-09-13T20:32:30Z</time><extensions><gpxtpx:TrackPointExtension><gpxtpx:hr>84</gpxtpx:hr><gpxtpx:cad>81</gpxtpx:cad></gpxtpx:TrackPointExtension></extensions></trkpt><trkpt lat="4.722399" lon="-74.04613"><time>2026-09-13T20:32:31Z</time></trkpt><trkpt lat="4.722399" lon="-74.04613"><time>2026-09-13T20:32:32Z</time></trkpt><trkpt lat="4.722399" lon="-74.04613"><time>2026-09-13T20:32:33Z</time></trkpt><trkpt lat="4.722399" lon="-74.04613"><time>2026-09-13T20:32:34Z</time></trkpt><trkpt lat="4.722399" lon="-74.04613"><ele>2561.7</ele><time>2026-09-13T20:32:35Z</time><extensions><gpxtpx:TrackPointExtension><gpxtpx:hr>83</gpxtpx:hr><gpxtpx:cad>76</gpxtpx:cad></gpxtpx:TrackPointExtension></extensions></trkpt><trkpt lat="4.722399" lon="-74.04613"><time>2026-09-13T20:32:36Z</time></trkpt><trkpt lat="4.722399" lon="-74.04613"><time>2026-09-13T20:32:37Z</time></trkpt><trkpt lat="4.722399" lon="-74.04613"><time>2026-09-13T20:32:38Z</time></trkpt><trkpt lat="4.722399" lon="-74.04613"><time>2026-09-13T20:32:39Z</time></trkpt><trkpt lat="4.722399" lon="-74.04613"><ele>2561.7</ele><time>2026-09-13T20:32:40Z</time><extensions><gpxtpx:TrackPointExtension><gpxtpx:hr>84</gpxtpx:hr><gpxtpx:cad>28</gpxtpx:cad></gpxtpx:TrackPointExtension></extensions></trkpt><trkpt lat="4.722399" lon="-74.04613"><time>2026-09-13T20:32:41Z</time></trkpt><trkpt lat="4.722399" lon="-74.04613"><time>2026-09-13T20:32:42Z</time></trkpt><trkpt lat="4.722399" lon="-74.04613"><time>2026-09-13T20:32:43Z</time></trkpt><trkpt lat="4.722399" lon="-74.04613"><time>2026-09-13T20:32:44Z</time></trkpt><trkpt lat="4.722399" lon="-74.04613"><ele>2561.7</ele><time>2026-09-13T20:32:45Z</time><extensions><gpxtpx:TrackPointExtension><gpxtpx:hr>85</gpxtpx:hr></gpxtpx:TrackPointExtension></extensions></trkpt><trkpt lat="4.722399" lon="-74.04613"><time>2026-09-13T20:32:46Z</time></trkpt><trkpt lat="4.722399" lon="-74.04613"><time>2026-09-13T20:32:47Z</time></trkpt><trkpt lat="4.722399" lon="-74.04613"><time>2026-09-13T20:32:48Z</time></trkpt><trkpt lat="4.722399" lon="-74.04613"><time>2026-09-13T20:32:49Z</time></trkpt><trkpt lat="4.722399" lon="-74.04613"><ele>2561.6</ele><time>2026-09-13T20:32:50Z</time><extensions><gpxtpx:TrackPointExtension><gpxtpx:hr>88</gpxtpx:hr></gpxtpx:TrackPointExtension></extensions></trkpt><trkpt lat="4.722399" lon="-74.04613"><time>2026-09-13T20:32:51Z</time></trkpt><trkpt lat="4.722399" lon="-74.04613"><time>2026-09-13T20:32:52Z</time></trkpt><trkpt lat="4.722399" lon="-74.04613"><time>2026-09-13T20:32:53Z</time></trkpt><trkpt lat="4.722399" lon="-74.04613"><time>2026-09-13T20:32:54Z</time></trkpt><trkpt lat="4.722399" lon="-74.04613"><ele>2561.7</ele><time>2026-09-13T20:32:55Z</time><extensions><gpxtpx:TrackPointExtension><gpxtpx:hr>85</gpxtpx:hr></gpxtpx:TrackPointExtension></extensions></trkpt><trkpt lat="4.722399" lon="-74.04613"><time>2026-09-13T20:32:56Z</time></trkpt><trkpt lat="4.722399" lon="-74.04613"><time>2026-09-13T20:32:57Z</time></trkpt><trkpt lat="4.722399" lon="-74.04613"><time>2026-09-13T20:32:58Z</time></trkpt><trkpt lat="4.722399" lon="-74.04613"><time>2026-09-13T20:32:59Z</time></trkpt><trkpt lat="4.722399" lon="-74.04613"><ele>2561.9</ele><time>2026-09-13T20:33:00Z</time><extensions><gpxtpx:TrackPointExtension><gpxtpx:hr>83</gpxtpx:hr></gpxtpx:TrackPointExtension></extensions></trkpt><trkpt lat="4.722399" lon="-74.04613"><time>2026-09-13T20:33:01Z</time></trkpt><trkpt lat="4.722399" lon="-74.04613"><time>2026-09-13T20:33:02Z</time></trkpt><trkpt lat="4.722399" lon="-74.04613"><time>2026-09-13T20:33:03Z</time></trkpt><trkpt lat="4.722399" lon="-74.04613"><time>2026-09-13T20:33:04Z</time></trkpt><trkpt lat="4.722399" lon="-74.04613"><ele>2561.9</ele><time>2026-09-13T20:33:05Z</time><extensions><gpxtpx:TrackPointExtension><gpxtpx:hr>84</gpxtpx:hr></gpxtpx:TrackPointExtension></extensions></trkpt><trkpt lat="4.722399" lon="-74.04613"><time>2026-09-13T20:33:06Z</time></trkpt><trkpt lat="4.722399" lon="-74.04613"><time>2026-09-13T20:33:07Z</time></trkpt><trkpt lat="4.722399" lon="-74.04613"><time>2026-09-13T20:33:08Z</time></trkpt><trkpt lat="4.722399" lon="-74.04613"><time>2026-09-13T20:33:09Z</time></trkpt><trkpt lat="4.722399" lon="-74.04613"><ele>2561.8</ele><time>2026-09-13T20:33:10Z</time><extensions><gpxtpx:TrackPointExtension><gpxtpx:hr>84</gpxtpx:hr></gpxtpx:TrackPointExtension></extensions></trkpt><trkpt lat="4.722399" lon="-74.04613"><time>2026-09-13T20:33:11Z</time></trkpt><trkpt lat="4.722399" lon="-74.04613"><time>2026-09-13T20:33:12Z</time></trkpt><trkpt lat="4.722399" lon="-74.04613"><time>2026-09-13T20:33:13Z</time></trkpt><trkpt lat="4.722399" lon="-74.04613"><time>2026-09-13T20:33:14Z</time></trkpt><trkpt lat="4.722399" lon="-74.04613"><ele>2561.9</ele><time>2026-09-13T20:33:15Z</time><extensions><gpxtpx:TrackPointExtension><gpxtpx:hr>81</gpxtpx:hr><gpxtpx:cad>25</gpxtpx:cad></gpxtpx:TrackPointExtension></extensions></trkpt><trkpt lat="4.722399" lon="-74.04613"><time>2026-09-13T20:33:16Z</time></trkpt><trkpt lat="4.722399" lon="-74.04613"><time>2026-09-13T20:33:17Z</time></trkpt><trkpt lat="4.722399" lon="-74.04613"><time>2026-09-13T20:33:18Z</time></trkpt><trkpt lat="4.722399" lon="-74.04613"><time>2026-09-13T20:33:19Z</time></trkpt><trkpt lat="4.722399" lon="-74.04613"><ele>2562.1</ele><time>2026-09-13T20:33:20Z</time><extensions><gpxtpx:TrackPointExtension><gpxtpx:hr>82</gpxtpx:hr><gpxtpx:cad>90</gpxtpx:cad></gpxtpx:TrackPointExtension></extensions></trkpt><trkpt lat="4.722399" lon="-74.04613"><time>2026-09-13T20:33:21Z</time></trkpt><trkpt lat="4.722399" lon="-74.04613"><time>2026-09-13T20:33:22Z</time></trkpt><trkpt lat="4.722399" lon="-74.04613"><time>2026-09-13T20:33:23Z</time></trkpt><trkpt lat="4.722399" lon="-74.04613"><time>2026-09-13T20:33:24Z</time></trkpt><trkpt lat="4.722399" lon="-74.04613"><ele>2562.2</ele><time>2026-09-13T20:33:25Z</time><extensions><gpxtpx:TrackPointExtension><gpxtpx:hr>82</gpxtpx:hr></gpxtpx:TrackPointExtension></extensions></trkpt><trkpt lat="4.722399" lon="-74.04613"><time>2026-09-13T20:33:26Z</time></trkpt><trkpt lat="4.722399" lon="-74.04613"><time>2026-09-13T20:33:27Z</time></trkpt><trkpt lat="4.722399" lon="-74.04613"><time>2026-09-13T20:33:28Z</time></trkpt><trkpt lat="4.722399" lon="-74.04613"><time>2026-09-13T20:33:29Z</time></trkpt><trkpt lat="4.722399" lon="-74.04613"><ele>2562.2</ele><time>2026-09-13T20:33:30Z</time><extensions><gpxtpx:TrackPointExtension><gpxtpx:hr>84</gpxtpx:hr></gpxtpx:TrackPointExtension></extensions></trkpt><trkpt lat="4.722399" lon="-74.04613"><time>2026-09-13T20:33:31Z</time></trkpt><trkpt lat="4.722399" lon="-74.04613"><time>2026-09-13T20:33:32Z</time></trkpt><trkpt lat="4.722399" lon="-74.04613"><time>2026-09-13T20:33:33Z</time></trkpt><trkpt lat="4.722399" lon="-74.04613"><time>2026-09-13T20:33:34Z</time></trkpt><trkpt lat="4.722399" lon="-74.04613"><ele>2562.1</ele><time>2026-09-13T20:33:35Z</time><extensions><gpxtpx:TrackPointExtension><gpxtpx:hr>80</gpxtpx:hr></gpxtpx:TrackPointExtension></extensions></trkpt><trkpt lat="4.722399" lon="-74.04613"><time>2026-09-13T20:33:36Z</time></trkpt><trkpt lat="4.722399" lon="-74.04613"><time>2026-09-13T20:33:37Z</time></trkpt><trkpt lat="4.722399" lon="-74.04613"><time>2026-09-13T20:33:38Z</time></trkpt><trkpt lat="4.722399" lon="-74.04613"><time>2026-09-13T20:33:39Z</time></trkpt><trkpt lat="4.722399" lon="-74.04613"><ele>2562.0</ele><time>2026-09-13T20:33:40Z</time><extensions><gpxtpx:TrackPointExtension><gpxtpx:hr>81</gpxtpx:hr></gpxtpx:TrackPointExtension></extensions></trkpt><trkpt lat="4.722399" lon="-74.04613"><time>2026-09-13T20:33:41Z</time></trkpt><trkpt lat="4.722399" lon="-74.04613"><time>2026-09-13T20:33:42Z</time></trkpt><trkpt lat="4.722399" lon="-74.04613"><time>2026-09-13T20:33:43Z</time></trkpt><trkpt lat="4.722399" lon="-74.04613"><time>2026-09-13T20:33:44Z</time></trkpt><trkpt lat="4.722399" lon="-74.04613"><ele>2561.9</ele><time>2026-09-13T20:33:45Z</time><extensions><gpxtpx:TrackPointExtension><gpxtpx:hr>81</gpxtpx:hr></gpxtpx:TrackPointExtension></extensions></trkpt><trkpt lat="4.722399" lon="-74.04613"><time>2026-09-13T20:33:46Z</time></trkpt><trkpt lat="4.722399" lon="-74.04613"><time>2026-09-13T20:33:47Z</time></trkpt><trkpt lat="4.722399" lon="-74.04613"><time>2026-09-13T20:33:48Z</time></trkpt><trkpt lat="4.722399" lon="-74.04613"><time>2026-09-13T20:33:49Z</time></trkpt><trkpt lat="4.722399" lon="-74.04613"><ele>2561.9</ele><time>2026-09-13T20:33:50Z</time><extensions><gpxtpx:TrackPointExtension><gpxtpx:hr>80</gpxtpx:hr></gpxtpx:TrackPointExtension></extensions></trkpt><trkpt lat="4.722399" lon="-74.04613"><time>2026-09-13T20:33:51Z</time></trkpt><trkpt lat="4.722399" lon="-74.04613"><time>2026-09-13T20:33:52Z</time></trkpt><trkpt lat="4.722399" lon="-74.04613"><time>2026-09-13T20:33:53Z</time></trkpt><trkpt lat="4.722399" lon="-74.04613"><time>2026-09-13T20:33:54Z</time></trkpt><trkpt lat="4.722399" lon="-74.04613"><ele>2561.9</ele><time>2026-09-13T20:33:55Z</time><extensions><gpxtpx:TrackPointExtension><gpxtpx:hr>80</gpxtpx:hr></gpxtpx:TrackPointExtension></extensions></trkpt><trkpt lat="4.722399" lon="-74.04613"><time>2026-09-13T20:33:56Z</time></trkpt><trkpt lat="4.722399" lon="-74.04613"><time>2026-09-13T20:33:57Z</time></trkpt><trkpt lat="4.722399" lon="-74.04613"><time>2026-09-13T20:33:58Z</time></trkpt><trkpt lat="4.722399" lon="-74.04613"><time>2026-09-13T20:33:59Z</time></trkpt><trkpt lat="4.722399" lon="-74.04613"><ele>2561.8</ele><time>2026-09-13T20:34:00Z</time><extensions><gpxtpx:TrackPointExtension><gpxtpx:hr>79</gpxtpx:hr></gpxtpx:TrackPointExtension></extensions></trkpt><trkpt lat="4.722399" lon="-74.04613"><time>2026-09-13T20:34:01Z</time></trkpt><trkpt lat="4.722399" lon="-74.04613"><time>2026-09-13T20:34:02Z</time></trkpt><trkpt lat="4.722399" lon="-74.04613"><time>2026-09-13T20:34:03Z</time></trkpt><trkpt lat="4.722399" lon="-74.04613"><time>2026-09-13T20:34:04Z</time></trkpt><trkpt lat="4.722399" lon="-74.04613"><ele>2561.7</ele><time>2026-09-13T20:34:05Z</time><extensions><gpxtpx:TrackPointExtension><gpxtpx:hr>80</gpxtpx:hr></gpxtpx:TrackPointExtension></extensions></trkpt><trkpt lat="4.722399" lon="-74.04613"><time>2026-09-13T20:34:06Z</time></trkpt><trkpt lat="4.722399" lon="-74.04613"><time>2026-09-13T20:34:07Z</time></trkpt><trkpt lat="4.722399" lon="-74.04613"><time>2026-09-13T20:34:08Z</time></trkpt><trkpt lat="4.722399" lon="-74.04613"><time>2026-09-13T20:34:09Z</time></trkpt><trkpt lat="4.722399" lon="-74.04613"><ele>2561.7</ele><time>2026-09-13T20:34:10Z</time><extensions><gpxtpx:TrackPointExtension><gpxtpx:hr>85</gpxtpx:hr></gpxtpx:TrackPointExtension></extensions></trkpt><trkpt lat="4.722399" lon="-74.04613"><time>2026-09-13T20:34:11Z</time></trkpt><trkpt lat="4.722399" lon="-74.04613"><time>2026-09-13T20:34:12Z</time></trkpt><trkpt lat="4.722399" lon="-74.04613"><time>2026-09-13T20:34:13Z</time></trkpt><trkpt lat="4.722399" lon="-74.04613"><time>2026-09-13T20:34:14Z</time></trkpt><trkpt lat="4.722399" lon="-74.04613"><ele>2561.8</ele><time>2026-09-13T20:34:15Z</time><extensions><gpxtpx:TrackPointExtension><gpxtpx:hr>87</gpxtpx:hr></gpxtpx:TrackPointExtension></extensions></trkpt><trkpt lat="4.722399" lon="-74.04613"><time>2026-09-13T20:34:16Z</time></trkpt><trkpt lat="4.722399" lon="-74.04613"><time>2026-09-13T20:34:17Z</time></trkpt><trkpt lat="4.722399" lon="-74.04613"><time>2026-09-13T20:34:18Z</time></trkpt><trkpt lat="4.722399" lon="-74.04613"><time>2026-09-13T20:34:19Z</time></trkpt><trkpt lat="4.722399" lon="-74.04613"><ele>2561.8</ele><time>2026-09-13T20:34:20Z</time><extensions><gpxtpx:TrackPointExtension><gpxtpx:hr>83</gpxtpx:hr></gpxtpx:TrackPointExtension></extensions></trkpt><trkpt lat="4.722399" lon="-74.04613"><time>2026-09-13T20:34:21Z</time></trkpt><trkpt lat="4.722399" lon="-74.04613"><time>2026-09-13T20:34:22Z</time></trkpt><trkpt lat="4.722399" lon="-74.04613"><time>2026-09-13T20:34:23Z</time></trkpt><trkpt lat="4.722399" lon="-74.04613"><time>2026-09-13T20:34:24Z</time></trkpt><trkpt lat="4.722399" lon="-74.04613"><ele>2561.7</ele><time>2026-09-13T20:34:25Z</time><extensions><gpxtpx:TrackPointExtension><gpxtpx:hr>79</gpxtpx:hr></gpxtpx:TrackPointExtension></extensions></trkpt><trkpt lat="4.722399" lon="-74.04613"><time>2026-09-13T20:34:26Z</time></trkpt><trkpt lat="4.722399" lon="-74.04613"><time>2026-09-13T20:34:27Z</time></trkpt><trkpt lat="4.722399" lon="-74.04613"><time>2026-09-13T20:34:28Z</time></trkpt><trkpt lat="4.722399" lon="-74.04613"><time>2026-09-13T20:34:29Z</time></trkpt><trkpt lat="4.722399" lon="-74.04613"><ele>2561.5</ele><time>2026-09-13T20:34:30Z</time><extensions><gpxtpx:TrackPointExtension><gpxtpx:hr>80</gpxtpx:hr></gpxtpx:TrackPointExtension></extensions></trkpt><trkpt lat="4.722399" lon="-74.04613"><time>2026-09-13T20:34:31Z</time></trkpt><trkpt lat="4.722399" lon="-74.04613"><time>2026-09-13T20:34:32Z</time></trkpt><trkpt lat="4.722399" lon="-74.04613"><time>2026-09-13T20:34:33Z</time></trkpt><trkpt lat="4.722399" lon="-74.04613"><time>2026-09-13T20:34:34Z</time></trkpt><trkpt lat="4.722399" lon="-74.04613"><ele>2561.6</ele><time>2026-09-13T20:34:35Z</time><extensions><gpxtpx:TrackPointExtension><gpxtpx:hr>79</gpxtpx:hr></gpxtpx:TrackPointExtension></extensions></trkpt><trkpt lat="4.722399" lon="-74.04613"><time>2026-09-13T20:34:36Z</time></trkpt><trkpt lat="4.722399" lon="-74.04613"><time>2026-09-13T20:34:37Z</time></trkpt><trkpt lat="4.722399" lon="-74.04613"><time>2026-09-13T20:34:38Z</time></trkpt><trkpt lat="4.722399" lon="-74.04613"><time>2026-09-13T20:34:39Z</time></trkpt><trkpt lat="4.722399" lon="-74.04613"><ele>2561.7</ele><time>2026-09-13T20:34:40Z</time><extensions><gpxtpx:TrackPointExtension><gpxtpx:hr>80</gpxtpx:hr></gpxtpx:TrackPointExtension></extensions></trkpt><trkpt lat="4.722399" lon="-74.04613"><time>2026-09-13T20:34:41Z</time></trkpt><trkpt lat="4.722399" lon="-74.04613"><time>2026-09-13T20:34:42Z</time></trkpt><trkpt lat="4.722399" lon="-74.04613"><time>2026-09-13T20:34:43Z</time></trkpt><trkpt lat="4.722399" lon="-74.04613"><time>2026-09-13T20:34:44Z</time></trkpt><trkpt lat="4.722399" lon="-74.04613"><ele>2562.0</ele><time>2026-09-13T20:34:45Z</time><extensions><gpxtpx:TrackPointExtension><gpxtpx:hr>84</gpxtpx:hr></gpxtpx:TrackPointExtension></extensions></trkpt><trkpt lat="4.722399" lon="-74.04613"><time>2026-09-13T20:34:46Z</time></trkpt><trkpt lat="4.722399" lon="-74.04613"><time>2026-09-13T20:34:47Z</time></trkpt><trkpt lat="4.722399" lon="-74.04613"><time>2026-09-13T20:34:48Z</time></trkpt><trkpt lat="4.722399" lon="-74.04613"><time>2026-09-13T20:34:49Z</time></trkpt><trkpt lat="4.722399" lon="-74.04613"><ele>2562.5</ele><time>2026-09-13T20:34:50Z</time><extensions><gpxtpx:TrackPointExtension><gpxtpx:hr>89</gpxtpx:hr></gpxtpx:TrackPointExtension></extensions></trkpt><trkpt lat="4.722399" lon="-74.04613"><time>2026-09-13T20:34:51Z</time></trkpt><trkpt lat="4.722399" lon="-74.04613"><time>2026-09-13T20:34:52Z</time></trkpt><trkpt lat="4.722399" lon="-74.04613"><time>2026-09-13T20:34:53Z</time></trkpt><trkpt lat="4.722399" lon="-74.04613"><time>2026-09-13T20:34:54Z</time></trkpt><trkpt lat="4.722399" lon="-74.04613"><ele>2562.7</ele><time>2026-09-13T20:34:55Z</time><extensions><gpxtpx:TrackPointExtension><gpxtpx:hr>89</gpxtpx:hr></gpxtpx:TrackPointExtension></extensions></trkpt><trkpt lat="4.722399" lon="-74.04613"><time>2026-09-13T20:34:56Z</time></trkpt><trkpt lat="4.722399" lon="-74.04613"><time>2026-09-13T20:34:57Z</time></trkpt><trkpt lat="4.722399" lon="-74.04613"><time>2026-09-13T20:34:58Z</time></trkpt><trkpt lat="4.722399" lon="-74.04613"><time>2026-09-13T20:34:59Z</time></trkpt><trkpt lat="4.722399" lon="-74.04613"><ele>2562.8</ele><time>2026-09-13T20:35:00Z</time><extensions><gpxtpx:TrackPointExtension><gpxtpx:hr>87</gpxtpx:hr></gpxtpx:TrackPointExtension></extensions></trkpt><trkpt lat="4.722399" lon="-74.04613"><time>2026-09-13T20:35:01Z</time></trkpt><trkpt lat="4.722399" lon="-74.04613"><time>2026-09-13T20:35:02Z</time></trkpt><trkpt lat="4.722399" lon="-74.04613"><time>2026-09-13T20:35:03Z</time></trkpt><trkpt lat="4.722399" lon="-74.04613"><time>2026-09-13T20:35:04Z</time></trkpt><trkpt lat="4.722399" lon="-74.04613"><ele>2562.7</ele><time>2026-09-13T20:35:05Z</time><extensions><gpxtpx:TrackPointExtension><gpxtpx:hr>91</gpxtpx:hr></gpxtpx:TrackPointExtension></extensions></trkpt><trkpt lat="4.722399" lon="-74.04613"><time>2026-09-13T20:35:06Z</time></trkpt><trkpt lat="4.722399" lon="-74.04613"><time>2026-09-13T20:35:07Z</time></trkpt><trkpt lat="4.722399" lon="-74.04613"><time>2026-09-13T20:35:08Z</time></trkpt><trkpt lat="4.722399" lon="-74.04613"><time>2026-09-13T20:35:09Z</time></trkpt><trkpt lat="4.722399" lon="-74.04613"><ele>2562.7</ele><time>2026-09-13T20:35:10Z</time><extensions><gpxtpx:TrackPointExtension><gpxtpx:hr>93</gpxtpx:hr></gpxtpx:TrackPointExtension></extensions></trkpt><trkpt lat="4.722399" lon="-74.04613"><time>2026-09-13T20:35:11Z</time></trkpt><trkpt lat="4.722399" lon="-74.04613"><time>2026-09-13T20:35:12Z</time></trkpt><trkpt lat="4.722399" lon="-74.04613"><time>2026-09-13T20:35:13Z</time></trkpt><trkpt lat="4.722399" lon="-74.04613"><time>2026-09-13T20:35:14Z</time></trkpt><trkpt lat="4.722399" lon="-74.04613"><ele>2562.7</ele><time>2026-09-13T20:35:15Z</time><extensions><gpxtpx:TrackPointExtension><gpxtpx:hr>94</gpxtpx:hr></gpxtpx:TrackPointExtension></extensions></trkpt><trkpt lat="4.722399" lon="-74.04613"><time>2026-09-13T20:35:16Z</time></trkpt><trkpt lat="4.722399" lon="-74.04613"><time>2026-09-13T20:35:17Z</time></trkpt><trkpt lat="4.722399" lon="-74.04613"><time>2026-09-13T20:35:18Z</time></trkpt><trkpt lat="4.722399" lon="-74.04613"><time>2026-09-13T20:35:19Z</time></trkpt><trkpt lat="4.722399" lon="-74.04613"><ele>2562.7</ele><time>2026-09-13T20:35:20Z</time><extensions><gpxtpx:TrackPointExtension><gpxtpx:hr>91</gpxtpx:hr></gpxtpx:TrackPointExtension></extensions></trkpt><trkpt lat="4.722399" lon="-74.04613"><time>2026-09-13T20:35:21Z</time></trkpt><trkpt lat="4.722399" lon="-74.04613"><time>2026-09-13T20:35:22Z</time></trkpt><trkpt lat="4.722399" lon="-74.04613"><time>2026-09-13T20:35:23Z</time></trkpt><trkpt lat="4.722399" lon="-74.04613"><time>2026-09-13T20:35:24Z</time></trkpt><trkpt lat="4.722399" lon="-74.04613"><ele>2562.7</ele><time>2026-09-13T20:35:25Z</time><extensions><gpxtpx:TrackPointExtension><gpxtpx:hr>90</gpxtpx:hr></gpxtpx:TrackPointExtension></extensions></trkpt><trkpt lat="4.722399" lon="-74.04613"><time>2026-09-13T20:35:26Z</time></trkpt><trkpt lat="4.722399" lon="-74.04613"><time>2026-09-13T20:35:27Z</time></trkpt><trkpt lat="4.722399" lon="-74.04613"><time>2026-09-13T20:35:28Z</time></trkpt><trkpt lat="4.722399" lon="-74.04613"><time>2026-09-13T20:35:29Z</time></trkpt><trkpt lat="4.722399" lon="-74.04613"><ele>2562.7</ele><time>2026-09-13T20:35:30Z</time><extensions><gpxtpx:TrackPointExtension><gpxtpx:hr>87</gpxtpx:hr></gpxtpx:TrackPointExtension></extensions></trkpt><trkpt lat="4.722399" lon="-74.04613"><time>2026-09-13T20:35:31Z</time></trkpt><trkpt lat="4.722399" lon="-74.04613"><time>2026-09-13T20:35:32Z</time></trkpt><trkpt lat="4.722399" lon="-74.04613"><time>2026-09-13T20:35:33Z</time></trkpt><trkpt lat="4.722399" lon="-74.04613"><time>2026-09-13T20:35:34Z</time></trkpt><trkpt lat="4.722399" lon="-74.04613"><ele>2562.8</ele><time>2026-09-13T20:35:35Z</time><extensions><gpxtpx:TrackPointExtension><gpxtpx:hr>87</gpxtpx:hr></gpxtpx:TrackPointExtension></extensions></trkpt><trkpt lat="4.722399" lon="-74.04613"><time>2026-09-13T20:35:36Z</time></trkpt><trkpt lat="4.722399" lon="-74.04613"><time>2026-09-13T20:35:37Z</time></trkpt><trkpt lat="4.722399" lon="-74.04613"><time>2026-09-13T20:35:38Z</time></trkpt><trkpt lat="4.722399" lon="-74.04613"><time>2026-09-13T20:35:39Z</time></trkpt><trkpt lat="4.722399" lon="-74.04613"><ele>2562.9</ele><time>2026-09-13T20:35:40Z</time><extensions><gpxtpx:TrackPointExtension><gpxtpx:hr>87</gpxtpx:hr></gpxtpx:TrackPointExtension></extensions></trkpt><trkpt lat="4.722399" lon="-74.04613"><time>2026-09-13T20:35:41Z</time></trkpt><trkpt lat="4.722399" lon="-74.04613"><time>2026-09-13T20:35:42Z</time></trkpt><trkpt lat="4.722399" lon="-74.04613"><time>2026-09-13T20:35:43Z</time></trkpt><trkpt lat="4.722399" lon="-74.04613"><time>2026-09-13T20:35:44Z</time></trkpt><trkpt lat="4.722399" lon="-74.04613"><ele>2563.0</ele><time>2026-09-13T20:35:45Z</time><extensions><gpxtpx:TrackPointExtension><gpxtpx:hr>86</gpxtpx:hr><gpxtpx:cad>91</gpxtpx:cad></gpxtpx:TrackPointExtension></extensions></trkpt><trkpt lat="4.722399" lon="-74.04613"><time>2026-09-13T20:35:46Z</time></trkpt><trkpt lat="4.722399" lon="-74.04613"><time>2026-09-13T20:35:47Z</time></trkpt><trkpt lat="4.722399" lon="-74.04613"><time>2026-09-13T20:35:48Z</time></trkpt><trkpt lat="4.722399" lon="-74.04613"><time>2026-09-13T20:35:49Z</time></trkpt><trkpt lat="4.722399" lon="-74.04613"><ele>2562.9</ele><time>2026-09-13T20:35:50Z</time><extensions><gpxtpx:TrackPointExtension><gpxtpx:hr>85</gpxtpx:hr><gpxtpx:cad>93</gpxtpx:cad></gpxtpx:TrackPointExtension></extensions></trkpt><trkpt lat="4.722399" lon="-74.04613"><time>2026-09-13T20:35:51Z</time></trkpt><trkpt lat="4.722399" lon="-74.04613"><time>2026-09-13T20:35:52Z</time></trkpt><trkpt lat="4.722399" lon="-74.04613"><time>2026-09-13T20:35:53Z</time></trkpt><trkpt lat="4.722399" lon="-74.04613"><time>2026-09-13T20:35:54Z</time></trkpt><trkpt lat="4.722399" lon="-74.04613"><ele>2562.9</ele><time>2026-09-13T20:35:55Z</time><extensions><gpxtpx:TrackPointExtension><gpxtpx:hr>84</gpxtpx:hr></gpxtpx:TrackPointExtension></extensions></trkpt><trkpt lat="4.722399" lon="-74.04613"><time>2026-09-13T20:35:56Z</time></trkpt><trkpt lat="4.722399" lon="-74.04613"><time>2026-09-13T20:35:57Z</time></trkpt><trkpt lat="4.722399" lon="-74.04613"><time>2026-09-13T20:35:58Z</time></trkpt><trkpt lat="4.722399" lon="-74.04613"><time>2026-09-13T20:35:59Z</time></trkpt><trkpt lat="4.722399" lon="-74.04613"><ele>2562.8</ele><time>2026-09-13T20:36:00Z</time><extensions><gpxtpx:TrackPointExtension><gpxtpx:hr>81</gpxtpx:hr></gpxtpx:TrackPointExtension></extensions></trkpt><trkpt lat="4.722399" lon="-74.04613"><time>2026-09-13T20:36:01Z</time></trkpt><trkpt lat="4.722399" lon="-74.04613"><time>2026-09-13T20:36:02Z</time></trkpt><trkpt lat="4.722399" lon="-74.04613"><time>2026-09-13T20:36:03Z</time></trkpt><trkpt lat="4.722399" lon="-74.04613"><time>2026-09-13T20:36:04Z</time></trkpt><trkpt lat="4.722399" lon="-74.04613"><ele>2562.7</ele><time>2026-09-13T20:36:05Z</time><extensions><gpxtpx:TrackPointExtension><gpxtpx:hr>78</gpxtpx:hr></gpxtpx:TrackPointExtension></extensions></trkpt><trkpt lat="4.722399" lon="-74.04613"><time>2026-09-13T20:36:06Z</time></trkpt><trkpt lat="4.722399" lon="-74.04613"><time>2026-09-13T20:36:07Z</time></trkpt><trkpt lat="4.722399" lon="-74.04613"><time>2026-09-13T20:36:08Z</time></trkpt><trkpt lat="4.722399" lon="-74.04613"><time>2026-09-13T20:36:09Z</time></trkpt><trkpt lat="4.722399" lon="-74.04613"><ele>2562.6</ele><time>2026-09-13T20:36:10Z</time><extensions><gpxtpx:TrackPointExtension><gpxtpx:hr>77</gpxtpx:hr></gpxtpx:TrackPointExtension></extensions></trkpt><trkpt lat="4.722399" lon="-74.04613"><time>2026-09-13T20:36:11Z</time></trkpt><trkpt lat="4.722399" lon="-74.04613"><time>2026-09-13T20:36:12Z</time></trkpt><trkpt lat="4.722399" lon="-74.04613"><time>2026-09-13T20:36:13Z</time></trkpt><trkpt lat="4.722399" lon="-74.04613"><time>2026-09-13T20:36:14Z</time></trkpt><trkpt lat="4.722399" lon="-74.04613"><ele>2562.2</ele><time>2026-09-13T20:36:15Z</time><extensions><gpxtpx:TrackPointExtension><gpxtpx:hr>76</gpxtpx:hr></gpxtpx:TrackPointExtension></extensions></trkpt><trkpt lat="4.722399" lon="-74.04613"><time>2026-09-13T20:36:16Z</time></trkpt><trkpt lat="4.722399" lon="-74.04613"><time>2026-09-13T20:36:17Z</time></trkpt><trkpt lat="4.722399" lon="-74.04613"><time>2026-09-13T20:36:18Z</time></trkpt><trkpt lat="4.722399" lon="-74.04613"><time>2026-09-13T20:36:19Z</time></trkpt><trkpt lat="4.722399" lon="-74.04613"><ele>2561.8</ele><time>2026-09-13T20:36:20Z</time><extensions><gpxtpx:TrackPointExtension><gpxtpx:hr>75</gpxtpx:hr></gpxtpx:TrackPointExtension></extensions></trkpt><trkpt lat="4.722399" lon="-74.04613"><time>2026-09-13T20:36:21Z</time></trkpt><trkpt lat="4.722399" lon="-74.04613"><time>2026-09-13T20:36:22Z</time></trkpt><trkpt lat="4.722399" lon="-74.04613"><time>2026-09-13T20:36:23Z</time></trkpt><trkpt lat="4.722399" lon="-74.04613"><time>2026-09-13T20:36:24Z</time></trkpt><trkpt lat="4.722399" lon="-74.04613"><ele>2561.8</ele><time>2026-09-13T20:36:25Z</time><extensions><gpxtpx:TrackPointExtension><gpxtpx:hr>76</gpxtpx:hr></gpxtpx:TrackPointExtension></extensions></trkpt><trkpt lat="4.722399" lon="-74.04613"><time>2026-09-13T20:36:26Z</time></trkpt><trkpt lat="4.722399" lon="-74.04613"><time>2026-09-13T20:36:27Z</time></trkpt><trkpt lat="4.722399" lon="-74.04613"><time>2026-09-13T20:36:28Z</time></trkpt><trkpt lat="4.722399" lon="-74.04613"><time>2026-09-13T20:36:29Z</time></trkpt><trkpt lat="4.722399" lon="-74.04613"><ele>2562.2</ele><time>2026-09-13T20:36:30Z</time><extensions><gpxtpx:TrackPointExtension><gpxtpx:hr>79</gpxtpx:hr></gpxtpx:TrackPointExtension></extensions></trkpt><trkpt lat="4.722399" lon="-74.04613"><time>2026-09-13T20:36:31Z</time></trkpt><trkpt lat="4.722399" lon="-74.04613"><time>2026-09-13T20:36:32Z</time></trkpt><trkpt lat="4.722399" lon="-74.04613"><time>2026-09-13T20:36:33Z</time></trkpt><trkpt lat="4.722399" lon="-74.04613"><time>2026-09-13T20:36:34Z</time></trkpt><trkpt lat="4.722399" lon="-74.04613"><ele>2562.7</ele><time>2026-09-13T20:36:35Z</time><extensions><gpxtpx:TrackPointExtension><gpxtpx:hr>80</gpxtpx:hr><gpxtpx:cad>67</gpxtpx:cad></gpxtpx:TrackPointExtension></extensions></trkpt><trkpt lat="4.722399" lon="-74.04613"><time>2026-09-13T20:36:36Z</time></trkpt><trkpt lat="4.722399" lon="-74.04613"><time>2026-09-13T20:36:37Z</time></trkpt><trkpt lat="4.722399" lon="-74.04613"><time>2026-09-13T20:36:38Z</time></trkpt><trkpt lat="4.722399" lon="-74.04613"><time>2026-09-13T20:36:39Z</time></trkpt><trkpt lat="4.722399" lon="-74.04613"><ele>2562.9</ele><time>2026-09-13T20:36:40Z</time><extensions><gpxtpx:TrackPointExtension><gpxtpx:hr>81</gpxtpx:hr><gpxtpx:cad>102</gpxtpx:cad></gpxtpx:TrackPointExtension></extensions></trkpt><trkpt lat="4.722399" lon="-74.04613"><time>2026-09-13T20:36:41Z</time></trkpt><trkpt lat="4.722399" lon="-74.04613"><time>2026-09-13T20:36:42Z</time></trkpt><trkpt lat="4.722399" lon="-74.04613"><time>2026-09-13T20:36:43Z</time></trkpt><trkpt lat="4.722399" lon="-74.04613"><time>2026-09-13T20:36:44Z</time></trkpt><trkpt lat="4.722399" lon="-74.04613"><ele>2563.0</ele><time>2026-09-13T20:36:45Z</time><extensions><gpxtpx:TrackPointExtension><gpxtpx:hr>84</gpxtpx:hr><gpxtpx:cad>71</gpxtpx:cad></gpxtpx:TrackPointExtension></extensions></trkpt><trkpt lat="4.722399" lon="-74.04613"><time>2026-09-13T20:36:46Z</time></trkpt><trkpt lat="4.722399" lon="-74.04613"><time>2026-09-13T20:36:47Z</time></trkpt><trkpt lat="4.722399" lon="-74.04613"><time>2026-09-13T20:36:48Z</time></trkpt><trkpt lat="4.722399" lon="-74.04613"><time>2026-09-13T20:36:49Z</time></trkpt><trkpt lat="4.722399" lon="-74.04613"><ele>2563.0</ele><time>2026-09-13T20:36:50Z</time><extensions><gpxtpx:TrackPointExtension><gpxtpx:hr>81</gpxtpx:hr></gpxtpx:TrackPointExtension></extensions></trkpt><trkpt lat="4.722399" lon="-74.04613"><time>2026-09-13T20:36:51Z</time></trkpt><trkpt lat="4.722399" lon="-74.04613"><time>2026-09-13T20:36:52Z</time></trkpt><trkpt lat="4.722399" lon="-74.04613"><time>2026-09-13T20:36:53Z</time></trkpt><trkpt lat="4.722399" lon="-74.04613"><time>2026-09-13T20:36:54Z</time></trkpt><trkpt lat="4.722399" lon="-74.04613"><ele>2563.1</ele><time>2026-09-13T20:36:55Z</time><extensions><gpxtpx:TrackPointExtension><gpxtpx:hr>82</gpxtpx:hr><gpxtpx:cad>70</gpxtpx:cad></gpxtpx:TrackPointExtension></extensions></trkpt><trkpt lat="4.722399" lon="-74.04613"><time>2026-09-13T20:36:56Z</time></trkpt><trkpt lat="4.722399" lon="-74.04613"><time>2026-09-13T20:36:57Z</time></trkpt><trkpt lat="4.722399" lon="-74.04613"><time>2026-09-13T20:36:58Z</time></trkpt><trkpt lat="4.722399" lon="-74.04613"><time>2026-09-13T20:36:59Z</time></trkpt><trkpt lat="4.722399" lon="-74.04613"><ele>2563.3</ele><time>2026-09-13T20:37:00Z</time><extensions><gpxtpx:TrackPointExtension><gpxtpx:hr>81</gpxtpx:hr><gpxtpx:cad>98</gpxtpx:cad></gpxtpx:TrackPointExtension></extensions></trkpt><trkpt lat="4.722399" lon="-74.04613"><time>2026-09-13T20:37:01Z</time></trkpt><trkpt lat="4.722399" lon="-74.04613"><time>2026-09-13T20:37:02Z</time></trkpt><trkpt lat="4.722399" lon="-74.04613"><time>2026-09-13T20:37:03Z</time></trkpt><trkpt lat="4.722399" lon="-74.04613"><time>2026-09-13T20:37:04Z</time></trkpt><trkpt lat="4.722399" lon="-74.04613"><ele>2563.4</ele><time>2026-09-13T20:37:05Z</time><extensions><gpxtpx:TrackPointExtension><gpxtpx:hr>80</gpxtpx:hr><gpxtpx:cad>98</gpxtpx:cad></gpxtpx:TrackPointExtension></extensions></trkpt><trkpt lat="4.722399" lon="-74.04613"><time>2026-09-13T20:37:06Z</time></trkpt><trkpt lat="4.722399" lon="-74.04613"><time>2026-09-13T20:37:07Z</time></trkpt><trkpt lat="4.722399" lon="-74.04613"><time>2026-09-13T20:37:08Z</time></trkpt><trkpt lat="4.722399" lon="-74.04613"><time>2026-09-13T20:37:09Z</time></trkpt><trkpt lat="4.722399" lon="-74.04613"><ele>2563.4</ele><time>2026-09-13T20:37:10Z</time><extensions><gpxtpx:TrackPointExtension><gpxtpx:hr>79</gpxtpx:hr><gpxtpx:cad>99</gpxtpx:cad></gpxtpx:TrackPointExtension></extensions></trkpt><trkpt lat="4.722399" lon="-74.04613"><time>2026-09-13T20:37:11Z</time></trkpt><trkpt lat="4.722399" lon="-74.04613"><time>2026-09-13T20:37:12Z</time></trkpt><trkpt lat="4.722399" lon="-74.04613"><time>2026-09-13T20:37:13Z</time></trkpt><trkpt lat="4.722399" lon="-74.04613"><time>2026-09-13T20:37:14Z</time></trkpt><trkpt lat="4.722399" lon="-74.04613"><ele>2563.3</ele><time>2026-09-13T20:37:15Z</time><extensions><gpxtpx:TrackPointExtension><gpxtpx:hr>79</gpxtpx:hr><gpxtpx:cad>99</gpxtpx:cad></gpxtpx:TrackPointExtension></extensions></trkpt><trkpt lat="4.722399" lon="-74.04613"><time>2026-09-13T20:37:16Z</time></trkpt><trkpt lat="4.722399" lon="-74.04613"><time>2026-09-13T20:37:17Z</time></trkpt><trkpt lat="4.722399" lon="-74.04613"><time>2026-09-13T20:37:18Z</time></trkpt><trkpt lat="4.722399" lon="-74.04613"><time>2026-09-13T20:37:19Z</time></trkpt><trkpt lat="4.722399" lon="-74.04613"><ele>2563.3</ele><time>2026-09-13T20:37:20Z</time><extensions><gpxtpx:TrackPointExtension><gpxtpx:hr>78</gpxtpx:hr><gpxtpx:cad>94</gpxtpx:cad></gpxtpx:TrackPointExtension></extensions></trkpt><trkpt lat="4.722399" lon="-74.04613"><time>2026-09-13T20:37:21Z</time></trkpt><trkpt lat="4.722399" lon="-74.04613"><time>2026-09-13T20:37:22Z</time></trkpt><trkpt lat="4.722399" lon="-74.04613"><time>2026-09-13T20:37:23Z</time></trkpt><trkpt lat="4.722399" lon="-74.04613"><time>2026-09-13T20:37:24Z</time></trkpt><trkpt lat="4.722399" lon="-74.04613"><ele>2563.3</ele><time>2026-09-13T20:37:25Z</time><extensions><gpxtpx:TrackPointExtension><gpxtpx:hr>77</gpxtpx:hr></gpxtpx:TrackPointExtension></extensions></trkpt><trkpt lat="4.722399" lon="-74.04613"><time>2026-09-13T20:37:26Z</time></trkpt><trkpt lat="4.722399" lon="-74.04613"><time>2026-09-13T20:37:27Z</time></trkpt><trkpt lat="4.722399" lon="-74.04613"><time>2026-09-13T20:37:28Z</time></trkpt><trkpt lat="4.722399" lon="-74.04613"><time>2026-09-13T20:37:29Z</time></trkpt><trkpt lat="4.722399" lon="-74.04613"><ele>2563.4</ele><time>2026-09-13T20:37:30Z</time><extensions><gpxtpx:TrackPointExtension><gpxtpx:hr>77</gpxtpx:hr></gpxtpx:TrackPointExtension></extensions></trkpt><trkpt lat="4.722399" lon="-74.04613"><time>2026-09-13T20:37:31Z</time></trkpt><trkpt lat="4.722399" lon="-74.04613"><time>2026-09-13T20:37:32Z</time></trkpt><trkpt lat="4.722399" lon="-74.04613"><time>2026-09-13T20:37:33Z</time></trkpt><trkpt lat="4.722399" lon="-74.04613"><time>2026-09-13T20:37:34Z</time></trkpt><trkpt lat="4.722399" lon="-74.04613"><ele>2563.4</ele><time>2026-09-13T20:37:35Z</time><extensions><gpxtpx:TrackPointExtension><gpxtpx:hr>76</gpxtpx:hr></gpxtpx:TrackPointExtension></extensions></trkpt><trkpt lat="4.722399" lon="-74.04613"><time>2026-09-13T20:37:36Z</time></trkpt><trkpt lat="4.722399" lon="-74.04613"><time>2026-09-13T20:37:37Z</time></trkpt><trkpt lat="4.722399" lon="-74.04613"><time>2026-09-13T20:37:38Z</time></trkpt><trkpt lat="4.722399" lon="-74.04613"><time>2026-09-13T20:37:39Z</time></trkpt><trkpt lat="4.722399" lon="-74.04613"><ele>2563.3</ele><time>2026-09-13T20:37:40Z</time><extensions><gpxtpx:TrackPointExtension><gpxtpx:hr>78</gpxtpx:hr><gpxtpx:cad>84</gpxtpx:cad></gpxtpx:TrackPointExtension></extensions></trkpt><trkpt lat="4.722399" lon="-74.04613"><time>2026-09-13T20:37:41Z</time></trkpt><trkpt lat="4.722399" lon="-74.04613"><time>2026-09-13T20:37:42Z</time></trkpt><trkpt lat="4.722399" lon="-74.04613"><time>2026-09-13T20:37:43Z</time></trkpt><trkpt lat="4.722399" lon="-74.04613"><time>2026-09-13T20:37:44Z</time></trkpt><trkpt lat="4.722399" lon="-74.04613"><ele>2563.3</ele><time>2026-09-13T20:37:45Z</time><extensions><gpxtpx:TrackPointExtension><gpxtpx:hr>79</gpxtpx:hr><gpxtpx:cad>90</gpxtpx:cad></gpxtpx:TrackPointExtension></extensions></trkpt><trkpt lat="4.722399" lon="-74.04613"><time>2026-09-13T20:37:46Z</time></trkpt><trkpt lat="4.722399" lon="-74.04613"><time>2026-09-13T20:37:47Z</time></trkpt><trkpt lat="4.722399" lon="-74.04613"><time>2026-09-13T20:37:48Z</time></trkpt><trkpt lat="4.722399" lon="-74.04613"><time>2026-09-13T20:37:49Z</time></trkpt><trkpt lat="4.722399" lon="-74.04613"><ele>2563.2</ele><time>2026-09-13T20:37:50Z</time><extensions><gpxtpx:TrackPointExtension><gpxtpx:hr>77</gpxtpx:hr><gpxtpx:cad>63</gpxtpx:cad></gpxtpx:TrackPointExtension></extensions></trkpt><trkpt lat="4.722399" lon="-74.04613"><time>2026-09-13T20:37:51Z</time></trkpt><trkpt lat="4.722399" lon="-74.04613"><time>2026-09-13T20:37:52Z</time></trkpt><trkpt lat="4.722399" lon="-74.04613"><time>2026-09-13T20:37:53Z</time></trkpt><trkpt lat="4.722399" lon="-74.04613"><time>2026-09-13T20:37:54Z</time></trkpt><trkpt lat="4.722399" lon="-74.04613"><ele>2563.2</ele><time>2026-09-13T20:37:55Z</time><extensions><gpxtpx:TrackPointExtension><gpxtpx:hr>77</gpxtpx:hr><gpxtpx:cad>62</gpxtpx:cad></gpxtpx:TrackPointExtension></extensions></trkpt><trkpt lat="4.722399" lon="-74.04613"><time>2026-09-13T20:37:56Z</time></trkpt><trkpt lat="4.722399" lon="-74.04613"><time>2026-09-13T20:37:57Z</time></trkpt><trkpt lat="4.722399" lon="-74.04613"><time>2026-09-13T20:37:58Z</time></trkpt><trkpt lat="4.722399" lon="-74.04613"><time>2026-09-13T20:37:59Z</time></trkpt><trkpt lat="4.722399" lon="-74.04613"><ele>2563.1</ele><time>2026-09-13T20:38:00Z</time><extensions><gpxtpx:TrackPointExtension><gpxtpx:hr>77</gpxtpx:hr><gpxtpx:cad>99</gpxtpx:cad></gpxtpx:TrackPointExtension></extensions></trkpt><trkpt lat="4.722399" lon="-74.04613"><time>2026-09-13T20:38:01Z</time></trkpt><trkpt lat="4.722399" lon="-74.04613"><time>2026-09-13T20:38:02Z</time></trkpt><trkpt lat="4.722399" lon="-74.04613"><time>2026-09-13T20:38:03Z</time></trkpt><trkpt lat="4.722399" lon="-74.04613"><time>2026-09-13T20:38:04Z</time></trkpt><trkpt lat="4.722399" lon="-74.04613"><ele>2563.2</ele><time>2026-09-13T20:38:05Z</time><extensions><gpxtpx:TrackPointExtension><gpxtpx:hr>75</gpxtpx:hr></gpxtpx:TrackPointExtension></extensions></trkpt><trkpt lat="4.722399" lon="-74.04613"><time>2026-09-13T20:38:06Z</time></trkpt><trkpt lat="4.722399" lon="-74.04613"><time>2026-09-13T20:38:07Z</time></trkpt><trkpt lat="4.722399" lon="-74.04613"><time>2026-09-13T20:38:08Z</time></trkpt><trkpt lat="4.722399" lon="-74.04613"><time>2026-09-13T20:38:09Z</time></trkpt><trkpt lat="4.722399" lon="-74.04613"><ele>2563.2</ele><time>2026-09-13T20:38:10Z</time><extensions><gpxtpx:TrackPointExtension><gpxtpx:hr>72</gpxtpx:hr></gpxtpx:TrackPointExtension></extensions></trkpt><trkpt lat="4.722399" lon="-74.04613"><time>2026-09-13T20:38:11Z</time></trkpt><trkpt lat="4.722399" lon="-74.04613"><time>2026-09-13T20:38:12Z</time></trkpt><trkpt lat="4.722399" lon="-74.04613"><time>2026-09-13T20:38:13Z</time></trkpt><trkpt lat="4.722399" lon="-74.04613"><time>2026-09-13T20:38:14Z</time></trkpt><trkpt lat="4.722399" lon="-74.04613"><ele>2563.3</ele><time>2026-09-13T20:38:15Z</time><extensions><gpxtpx:TrackPointExtension><gpxtpx:hr>71</gpxtpx:hr></gpxtpx:TrackPointExtension></extensions></trkpt><trkpt lat="4.722399" lon="-74.04613"><time>2026-09-13T20:38:16Z</time></trkpt><trkpt lat="4.722399" lon="-74.04613"><time>2026-09-13T20:38:17Z</time></trkpt><trkpt lat="4.722399" lon="-74.04613"><time>2026-09-13T20:38:18Z</time></trkpt><trkpt lat="4.722399" lon="-74.04613"><time>2026-09-13T20:38:19Z</time></trkpt><trkpt lat="4.722399" lon="-74.04613"><ele>2563.3</ele><time>2026-09-13T20:38:20Z</time><extensions><gpxtpx:TrackPointExtension><gpxtpx:hr>72</gpxtpx:hr></gpxtpx:TrackPointExtension></extensions></trkpt><trkpt lat="4.722399" lon="-74.04613"><time>2026-09-13T20:38:21Z</time></trkpt><trkpt lat="4.722399" lon="-74.04613"><time>2026-09-13T20:38:22Z</time></trkpt><trkpt lat="4.722399" lon="-74.04613"><time>2026-09-13T20:38:23Z</time></trkpt><trkpt lat="4.722399" lon="-74.04613"><time>2026-09-13T20:38:24Z</time></trkpt><trkpt lat="4.722399" lon="-74.04613"><ele>2563.2</ele><time>2026-09-13T20:38:25Z</time><extensions><gpxtpx:TrackPointExtension><gpxtpx:hr>72</gpxtpx:hr></gpxtpx:TrackPointExtension></extensions></trkpt><trkpt lat="4.722399" lon="-74.04613"><time>2026-09-13T20:38:26Z</time></trkpt><trkpt lat="4.722399" lon="-74.04613"><time>2026-09-13T20:38:27Z</time></trkpt><trkpt lat="4.722399" lon="-74.04613"><time>2026-09-13T20:38:28Z</time></trkpt><trkpt lat="4.722399" lon="-74.04613"><time>2026-09-13T20:38:29Z</time></trkpt><trkpt lat="4.722399" lon="-74.04613"><ele>2563.2</ele><time>2026-09-13T20:38:30Z</time><extensions><gpxtpx:TrackPointExtension><gpxtpx:hr>72</gpxtpx:hr></gpxtpx:TrackPointExtension></extensions></trkpt><trkpt lat="4.722399" lon="-74.04613"><time>2026-09-13T20:38:31Z</time></trkpt><trkpt lat="4.722399" lon="-74.04613"><time>2026-09-13T20:38:32Z</time></trkpt><trkpt lat="4.722399" lon="-74.04613"><time>2026-09-13T20:38:33Z</time></trkpt><trkpt lat="4.722399" lon="-74.04613"><time>2026-09-13T20:38:34Z</time></trkpt><trkpt lat="4.722399" lon="-74.04613"><ele>2563.2</ele><time>2026-09-13T20:38:35Z</time><extensions><gpxtpx:TrackPointExtension><gpxtpx:hr>72</gpxtpx:hr></gpxtpx:TrackPointExtension></extensions></trkpt><trkpt lat="4.722399" lon="-74.04613"><time>2026-09-13T20:38:36Z</time></trkpt><trkpt lat="4.722399" lon="-74.04613"><time>2026-09-13T20:38:37Z</time></trkpt><trkpt lat="4.722399" lon="-74.04613"><time>2026-09-13T20:38:38Z</time></trkpt><trkpt lat="4.722399" lon="-74.04613"><time>2026-09-13T20:38:39Z</time></trkpt><trkpt lat="4.722399" lon="-74.04613"><ele>2563.2</ele><time>2026-09-13T20:38:40Z</time><extensions><gpxtpx:TrackPointExtension><gpxtpx:hr>72</gpxtpx:hr></gpxtpx:TrackPointExtension></extensions></trkpt><trkpt lat="4.722399" lon="-74.04613"><time>2026-09-13T20:38:41Z</time></trkpt><trkpt lat="4.722399" lon="-74.04613"><time>2026-09-13T20:38:42Z</time></trkpt><trkpt lat="4.722399" lon="-74.04613"><time>2026-09-13T20:38:43Z</time></trkpt><trkpt lat="4.722399" lon="-74.04613"><time>2026-09-13T20:38:44Z</time></trkpt><trkpt lat="4.722399" lon="-74.04613"><ele>2563.3</ele><time>2026-09-13T20:38:45Z</time><extensions><gpxtpx:TrackPointExtension><gpxtpx:hr>72</gpxtpx:hr><gpxtpx:cad>81</gpxtpx:cad></gpxtpx:TrackPointExtension></extensions></trkpt><trkpt lat="4.722399" lon="-74.04613"><time>2026-09-13T20:38:46Z</time></trkpt><trkpt lat="4.722399" lon="-74.04613"><time>2026-09-13T20:38:47Z</time></trkpt><trkpt lat="4.722399" lon="-74.04613"><time>2026-09-13T20:38:48Z</time></trkpt><trkpt lat="4.722399" lon="-74.04613"><time>2026-09-13T20:38:49Z</time></trkpt><trkpt lat="4.722399" lon="-74.04613"><ele>2563.2</ele><time>2026-09-13T20:38:50Z</time><extensions><gpxtpx:TrackPointExtension><gpxtpx:hr>72</gpxtpx:hr></gpxtpx:TrackPointExtension></extensions></trkpt><trkpt lat="4.722399" lon="-74.04613"><time>2026-09-13T20:38:51Z</time></trkpt><trkpt lat="4.722399" lon="-74.04613"><time>2026-09-13T20:38:52Z</time></trkpt><trkpt lat="4.722399" lon="-74.04613"><time>2026-09-13T20:38:53Z</time></trkpt><trkpt lat="4.722399" lon="-74.04613"><time>2026-09-13T20:38:54Z</time></trkpt><trkpt lat="4.722399" lon="-74.04613"><ele>2563.2</ele><time>2026-09-13T20:38:55Z</time><extensions><gpxtpx:TrackPointExtension><gpxtpx:hr>71</gpxtpx:hr></gpxtpx:TrackPointExtension></extensions></trkpt><trkpt lat="4.722399" lon="-74.04613"><time>2026-09-13T20:38:56Z</time></trkpt><trkpt lat="4.722399" lon="-74.04613"><time>2026-09-13T20:38:57Z</time></trkpt><trkpt lat="4.722399" lon="-74.04613"><time>2026-09-13T20:38:58Z</time></trkpt><trkpt lat="4.722399" lon="-74.04613"><time>2026-09-13T20:38:59Z</time></trkpt><trkpt lat="4.722399" lon="-74.04613"><ele>2563.2</ele><time>2026-09-13T20:39:00Z</time><extensions><gpxtpx:TrackPointExtension><gpxtpx:hr>71</gpxtpx:hr></gpxtpx:TrackPointExtension></extensions></trkpt><trkpt lat="4.722399" lon="-74.04613"><time>2026-09-13T20:39:01Z</time></trkpt><trkpt lat="4.722399" lon="-74.04613"><time>2026-09-13T20:39:02Z</time></trkpt><trkpt lat="4.722399" lon="-74.04613"><time>2026-09-13T20:39:03Z</time></trkpt><trkpt lat="4.722399" lon="-74.04613"><time>2026-09-13T20:39:04Z</time></trkpt><trkpt lat="4.722399" lon="-74.04613"><ele>2563.3</ele><time>2026-09-13T20:39:05Z</time><extensions><gpxtpx:TrackPointExtension><gpxtpx:hr>72</gpxtpx:hr></gpxtpx:TrackPointExtension></extensions></trkpt><trkpt lat="4.722399" lon="-74.04613"><time>2026-09-13T20:39:06Z</time></trkpt><trkpt lat="4.722399" lon="-74.04613"><time>2026-09-13T20:39:07Z</time></trkpt><trkpt lat="4.722399" lon="-74.04613"><time>2026-09-13T20:39:08Z</time></trkpt><trkpt lat="4.722399" lon="-74.04613"><time>2026-09-13T20:39:09Z</time></trkpt><trkpt lat="4.722399" lon="-74.04613"><ele>2563.3</ele><time>2026-09-13T20:39:10Z</time><extensions><gpxtpx:TrackPointExtension><gpxtpx:hr>74</gpxtpx:hr></gpxtpx:TrackPointExtension></extensions></trkpt><trkpt lat="4.722399" lon="-74.04613"><time>2026-09-13T20:39:11Z</time></trkpt><trkpt lat="4.722399" lon="-74.04613"><time>2026-09-13T20:39:12Z</time></trkpt><trkpt lat="4.722399" lon="-74.04613"><time>2026-09-13T20:39:13Z</time></trkpt><trkpt lat="4.722399" lon="-74.04613"><time>2026-09-13T20:39:14Z</time></trkpt><trkpt lat="4.722399" lon="-74.04613"><ele>2563.5</ele><time>2026-09-13T20:39:15Z</time><extensions><gpxtpx:TrackPointExtension><gpxtpx:hr>75</gpxtpx:hr></gpxtpx:TrackPointExtension></extensions></trkpt><trkpt lat="4.722399" lon="-74.04613"><time>2026-09-13T20:39:16Z</time></trkpt><trkpt lat="4.722399" lon="-74.04613"><time>2026-09-13T20:39:17Z</time></trkpt><trkpt lat="4.722399" lon="-74.04613"><time>2026-09-13T20:39:18Z</time></trkpt><trkpt lat="4.722399" lon="-74.04613"><time>2026-09-13T20:39:19Z</time></trkpt><trkpt lat="4.722399" lon="-74.04613"><ele>2563.6</ele><time>2026-09-13T20:39:20Z</time><extensions><gpxtpx:TrackPointExtension><gpxtpx:hr>76</gpxtpx:hr></gpxtpx:TrackPointExtension></extensions></trkpt><trkpt lat="4.722399" lon="-74.04613"><time>2026-09-13T20:39:21Z</time></trkpt><trkpt lat="4.722399" lon="-74.04613"><time>2026-09-13T20:39:22Z</time></trkpt><trkpt lat="4.722399" lon="-74.04613"><time>2026-09-13T20:39:23Z</time></trkpt><trkpt lat="4.722399" lon="-74.04613"><time>2026-09-13T20:39:24Z</time></trkpt><trkpt lat="4.722399" lon="-74.04613"><ele>2563.5</ele><time>2026-09-13T20:39:25Z</time><extensions><gpxtpx:TrackPointExtension><gpxtpx:hr>79</gpxtpx:hr></gpxtpx:TrackPointExtension></extensions></trkpt><trkpt lat="4.722399" lon="-74.04613"><time>2026-09-13T20:39:26Z</time></trkpt><trkpt lat="4.722399" lon="-74.04613"><time>2026-09-13T20:39:27Z</time></trkpt><trkpt lat="4.722399" lon="-74.04613"><time>2026-09-13T20:39:28Z</time></trkpt><trkpt lat="4.722399" lon="-74.04613"><time>2026-09-13T20:39:29Z</time></trkpt><trkpt lat="4.722399" lon="-74.04613"><ele>2563.2</ele><time>2026-09-13T20:39:30Z</time><extensions><gpxtpx:TrackPointExtension><gpxtpx:hr>79</gpxtpx:hr></gpxtpx:TrackPointExtension></extensions></trkpt><trkpt lat="4.722399" lon="-74.04613"><time>2026-09-13T20:39:31Z</time></trkpt><trkpt lat="4.722399" lon="-74.04613"><time>2026-09-13T20:39:32Z</time></trkpt><trkpt lat="4.722399" lon="-74.04613"><time>2026-09-13T20:39:33Z</time></trkpt><trkpt lat="4.722399" lon="-74.04613"><time>2026-09-13T20:39:34Z</time></trkpt><trkpt lat="4.722399" lon="-74.04613"><ele>2563.1</ele><time>2026-09-13T20:39:35Z</time><extensions><gpxtpx:TrackPointExtension><gpxtpx:hr>79</gpxtpx:hr></gpxtpx:TrackPointExtension></extensions></trkpt><trkpt lat="4.722399" lon="-74.04613"><time>2026-09-13T20:39:36Z</time></trkpt><trkpt lat="4.722399" lon="-74.04613"><time>2026-09-13T20:39:37Z</time></trkpt><trkpt lat="4.722399" lon="-74.04613"><time>2026-09-13T20:39:38Z</time></trkpt><trkpt lat="4.722399" lon="-74.04613"><time>2026-09-13T20:39:39Z</time></trkpt><trkpt lat="4.722399" lon="-74.04613"><ele>2563.1</ele><time>2026-09-13T20:39:40Z</time><extensions><gpxtpx:TrackPointExtension><gpxtpx:hr>79</gpxtpx:hr></gpxtpx:TrackPointExtension></extensions></trkpt><trkpt lat="4.722399" lon="-74.04613"><time>2026-09-13T20:39:41Z</time></trkpt><trkpt lat="4.722399" lon="-74.04613"><time>2026-09-13T20:39:42Z</time></trkpt><trkpt lat="4.722399" lon="-74.04613"><time>2026-09-13T20:39:43Z</time></trkpt><trkpt lat="4.722399" lon="-74.04613"><time>2026-09-13T20:39:44Z</time></trkpt><trkpt lat="4.722399" lon="-74.04613"><ele>2563.1</ele><time>2026-09-13T20:39:45Z</time><extensions><gpxtpx:TrackPointExtension><gpxtpx:hr>75</gpxtpx:hr></gpxtpx:TrackPointExtension></extensions></trkpt><trkpt lat="4.722399" lon="-74.04613"><time>2026-09-13T20:39:46Z</time></trkpt><trkpt lat="4.722399" lon="-74.04613"><time>2026-09-13T20:39:47Z</time></trkpt><trkpt lat="4.722399" lon="-74.04613"><time>2026-09-13T20:39:48Z</time></trkpt><trkpt lat="4.722399" lon="-74.04613"><time>2026-09-13T20:39:49Z</time></trkpt><trkpt lat="4.722399" lon="-74.04613"><ele>2563.1</ele><time>2026-09-13T20:39:50Z</time><extensions><gpxtpx:TrackPointExtension><gpxtpx:hr>74</gpxtpx:hr></gpxtpx:TrackPointExtension></extensions></trkpt><trkpt lat="4.722399" lon="-74.04613"><time>2026-09-13T20:39:51Z</time></trkpt><trkpt lat="4.722399" lon="-74.04613"><time>2026-09-13T20:39:52Z</time></trkpt><trkpt lat="4.722399" lon="-74.04613"><time>2026-09-13T20:39:53Z</time></trkpt><trkpt lat="4.722399" lon="-74.04613"><time>2026-09-13T20:39:54Z</time></trkpt><trkpt lat="4.722399" lon="-74.04613"><ele>2563.1</ele><time>2026-09-13T20:39:55Z</time><extensions><gpxtpx:TrackPointExtension><gpxtpx:hr>74</gpxtpx:hr></gpxtpx:TrackPointExtension></extensions></trkpt><trkpt lat="4.722399" lon="-74.04613"><time>2026-09-13T20:39:56Z</time></trkpt><trkpt lat="4.722399" lon="-74.04613"><time>2026-09-13T20:39:57Z</time></trkpt><trkpt lat="4.722399" lon="-74.04613"><time>2026-09-13T20:39:58Z</time></trkpt><trkpt lat="4.722399" lon="-74.04613"><time>2026-09-13T20:39:59Z</time></trkpt><trkpt lat="4.722399" lon="-74.04613"><ele>2563.2</ele><time>2026-09-13T20:40:00Z</time><extensions><gpxtpx:TrackPointExtension><gpxtpx:hr>74</gpxtpx:hr></gpxtpx:TrackPointExtension></extensions></trkpt><trkpt lat="4.722399" lon="-74.04613"><time>2026-09-13T20:40:01Z</time></trkpt><trkpt lat="4.722399" lon="-74.04613"><time>2026-09-13T20:40:02Z</time></trkpt><trkpt lat="4.722399" lon="-74.04613"><time>2026-09-13T20:40:03Z</time></trkpt><trkpt lat="4.722399" lon="-74.04613"><time>2026-09-13T20:40:04Z</time></trkpt><trkpt lat="4.722399" lon="-74.04613"><ele>2563.1</ele><time>2026-09-13T20:40:05Z</time><extensions><gpxtpx:TrackPointExtension><gpxtpx:hr>76</gpxtpx:hr></gpxtpx:TrackPointExtension></extensions></trkpt><trkpt lat="4.722399" lon="-74.04613"><time>2026-09-13T20:40:06Z</time></trkpt><trkpt lat="4.722399" lon="-74.04613"><time>2026-09-13T20:40:07Z</time></trkpt><trkpt lat="4.722399" lon="-74.04613"><time>2026-09-13T20:40:08Z</time></trkpt><trkpt lat="4.722399" lon="-74.04613"><time>2026-09-13T20:40:09Z</time></trkpt><trkpt lat="4.722399" lon="-74.04613"><ele>2563.0</ele><time>2026-09-13T20:40:10Z</time><extensions><gpxtpx:TrackPointExtension><gpxtpx:hr>76</gpxtpx:hr></gpxtpx:TrackPointExtension></extensions></trkpt><trkpt lat="4.722399" lon="-74.04613"><time>2026-09-13T20:40:11Z</time></trkpt><trkpt lat="4.722399" lon="-74.04613"><time>2026-09-13T20:40:12Z</time></trkpt><trkpt lat="4.722399" lon="-74.04613"><time>2026-09-13T20:40:13Z</time></trkpt><trkpt lat="4.722399" lon="-74.04613"><time>2026-09-13T20:40:14Z</time></trkpt><trkpt lat="4.722399" lon="-74.04613"><ele>2562.8</ele><time>2026-09-13T20:40:15Z</time><extensions><gpxtpx:TrackPointExtension><gpxtpx:hr>74</gpxtpx:hr></gpxtpx:TrackPointExtension></extensions></trkpt><trkpt lat="4.722399" lon="-74.04613"><time>2026-09-13T20:40:16Z</time></trkpt><trkpt lat="4.722399" lon="-74.04613"><time>2026-09-13T20:40:17Z</time></trkpt><trkpt lat="4.722399" lon="-74.04613"><time>2026-09-13T20:40:18Z</time></trkpt><trkpt lat="4.722399" lon="-74.04613"><time>2026-09-13T20:40:19Z</time></trkpt><trkpt lat="4.722399" lon="-74.04613"><ele>2562.5</ele><time>2026-09-13T20:40:20Z</time><extensions><gpxtpx:TrackPointExtension><gpxtpx:hr>72</gpxtpx:hr></gpxtpx:TrackPointExtension></extensions></trkpt><trkpt lat="4.722399" lon="-74.04613"><time>2026-09-13T20:40:21Z</time></trkpt><trkpt lat="4.722399" lon="-74.04613"><time>2026-09-13T20:40:22Z</time></trkpt><trkpt lat="4.722399" lon="-74.04613"><time>2026-09-13T20:40:23Z</time></trkpt><trkpt lat="4.722399" lon="-74.04613"><time>2026-09-13T20:40:24Z</time></trkpt><trkpt lat="4.722399" lon="-74.04613"><ele>2562.5</ele><time>2026-09-13T20:40:25Z</time><extensions><gpxtpx:TrackPointExtension><gpxtpx:hr>73</gpxtpx:hr></gpxtpx:TrackPointExtension></extensions></trkpt><trkpt lat="4.722399" lon="-74.04613"><time>2026-09-13T20:40:26Z</time></trkpt><trkpt lat="4.722399" lon="-74.04613"><time>2026-09-13T20:40:27Z</time></trkpt><trkpt lat="4.722399" lon="-74.04613"><time>2026-09-13T20:40:28Z</time></trkpt><trkpt lat="4.722399" lon="-74.04613"><time>2026-09-13T20:40:29Z</time></trkpt><trkpt lat="4.722399" lon="-74.04613"><ele>2562.4</ele><time>2026-09-13T20:40:30Z</time><extensions><gpxtpx:TrackPointExtension><gpxtpx:hr>72</gpxtpx:hr></gpxtpx:TrackPointExtension></extensions></trkpt><trkpt lat="4.722399" lon="-74.04613"><time>2026-09-13T20:40:31Z</time></trkpt><trkpt lat="4.722399" lon="-74.04613"><time>2026-09-13T20:40:32Z</time></trkpt><trkpt lat="4.722399" lon="-74.04613"><time>2026-09-13T20:40:33Z</time></trkpt><trkpt lat="4.722399" lon="-74.04613"><time>2026-09-13T20:40:34Z</time></trkpt><trkpt lat="4.722399" lon="-74.04613"><ele>2562.4</ele><time>2026-09-13T20:40:35Z</time><extensions><gpxtpx:TrackPointExtension><gpxtpx:hr>73</gpxtpx:hr></gpxtpx:TrackPointExtension></extensions></trkpt><trkpt lat="4.722399" lon="-74.04613"><time>2026-09-13T20:40:36Z</time></trkpt><trkpt lat="4.722399" lon="-74.04613"><time>2026-09-13T20:40:37Z</time></trkpt><trkpt lat="4.722399" lon="-74.04613"><time>2026-09-13T20:40:38Z</time></trkpt><trkpt lat="4.722399" lon="-74.04613"><time>2026-09-13T20:40:39Z</time></trkpt><trkpt lat="4.722399" lon="-74.04613"><ele>2562.4</ele><time>2026-09-13T20:40:40Z</time><extensions><gpxtpx:TrackPointExtension><gpxtpx:hr>73</gpxtpx:hr></gpxtpx:TrackPointExtension></extensions></trkpt><trkpt lat="4.722399" lon="-74.04613"><time>2026-09-13T20:40:41Z</time></trkpt><trkpt lat="4.722399" lon="-74.04613"><time>2026-09-13T20:40:42Z</time></trkpt><trkpt lat="4.722399" lon="-74.04613"><time>2026-09-13T20:40:43Z</time></trkpt><trkpt lat="4.722399" lon="-74.04613"><time>2026-09-13T20:40:44Z</time></trkpt><trkpt lat="4.722399" lon="-74.04613"><ele>2562.5</ele><time>2026-09-13T20:40:45Z</time><extensions><gpxtpx:TrackPointExtension><gpxtpx:hr>71</gpxtpx:hr></gpxtpx:TrackPointExtension></extensions></trkpt><trkpt lat="4.722399" lon="-74.04613"><time>2026-09-13T20:40:46Z</time></trkpt><trkpt lat="4.722399" lon="-74.04613"><time>2026-09-13T20:40:47Z</time></trkpt><trkpt lat="4.722399" lon="-74.04613"><time>2026-09-13T20:40:48Z</time></trkpt><trkpt lat="4.722399" lon="-74.04613"><time>2026-09-13T20:40:49Z</time></trkpt><trkpt lat="4.722399" lon="-74.04613"><ele>2562.6</ele><time>2026-09-13T20:40:50Z</time><extensions><gpxtpx:TrackPointExtension><gpxtpx:hr>71</gpxtpx:hr></gpxtpx:TrackPointExtension></extensions></trkpt><trkpt lat="4.722399" lon="-74.04613"><time>2026-09-13T20:40:51Z</time></trkpt><trkpt lat="4.722399" lon="-74.04613"><time>2026-09-13T20:40:52Z</time></trkpt><trkpt lat="4.722399" lon="-74.04613"><time>2026-09-13T20:40:53Z</time></trkpt><trkpt lat="4.722399" lon="-74.04613"><time>2026-09-13T20:40:54Z</time></trkpt><trkpt lat="4.722399" lon="-74.04613"><ele>2562.6</ele><time>2026-09-13T20:40:55Z</time><extensions><gpxtpx:TrackPointExtension><gpxtpx:hr>73</gpxtpx:hr></gpxtpx:TrackPointExtension></extensions></trkpt><trkpt lat="4.722399" lon="-74.04613"><time>2026-09-13T20:40:56Z</time></trkpt><trkpt lat="4.722399" lon="-74.04613"><time>2026-09-13T20:40:57Z</time></trkpt><trkpt lat="4.722399" lon="-74.04613"><time>2026-09-13T20:40:58Z</time></trkpt><trkpt lat="4.722399" lon="-74.04613"><time>2026-09-13T20:40:59Z</time></trkpt><trkpt lat="4.722399" lon="-74.04613"><ele>2562.6</ele><time>2026-09-13T20:41:00Z</time><extensions><gpxtpx:TrackPointExtension><gpxtpx:hr>75</gpxtpx:hr><gpxtpx:cad>77</gpxtpx:cad></gpxtpx:TrackPointExtension></extensions></trkpt><trkpt lat="4.722399" lon="-74.04613"><time>2026-09-13T20:41:01Z</time></trkpt><trkpt lat="4.722399" lon="-74.04613"><time>2026-09-13T20:41:02Z</time></trkpt><trkpt lat="4.722399" lon="-74.04613"><time>2026-09-13T20:41:03Z</time></trkpt><trkpt lat="4.722399" lon="-74.04613"><time>2026-09-13T20:41:04Z</time></trkpt><trkpt lat="4.722399" lon="-74.04613"><ele>2562.6</ele><time>2026-09-13T20:41:05Z</time><extensions><gpxtpx:TrackPointExtension><gpxtpx:hr>76</gpxtpx:hr><gpxtpx:cad>96</gpxtpx:cad></gpxtpx:TrackPointExtension></extensions></trkpt><trkpt lat="4.722399" lon="-74.04613"><time>2026-09-13T20:41:06Z</time></trkpt><trkpt lat="4.722399" lon="-74.04613"><time>2026-09-13T20:41:07Z</time></trkpt><trkpt lat="4.722399" lon="-74.04613"><time>2026-09-13T20:41:08Z</time></trkpt><trkpt lat="4.722399" lon="-74.04613"><time>2026-09-13T20:41:09Z</time></trkpt><trkpt lat="4.722399" lon="-74.04613"><ele>2562.6</ele><time>2026-09-13T20:41:10Z</time><extensions><gpxtpx:TrackPointExtension><gpxtpx:hr>76</gpxtpx:hr><gpxtpx:cad>91</gpxtpx:cad></gpxtpx:TrackPointExtension></extensions></trkpt><trkpt lat="4.722399" lon="-74.04613"><time>2026-09-13T20:41:11Z</time></trkpt><trkpt lat="4.722399" lon="-74.04613"><time>2026-09-13T20:41:12Z</time></trkpt><trkpt lat="4.722399" lon="-74.04613"><time>2026-09-13T20:41:13Z</time></trkpt><trkpt lat="4.722399" lon="-74.04613"><time>2026-09-13T20:41:14Z</time></trkpt><trkpt lat="4.722399" lon="-74.04613"><ele>2562.6</ele><time>2026-09-13T20:41:15Z</time><extensions><gpxtpx:TrackPointExtension><gpxtpx:hr>76</gpxtpx:hr><gpxtpx:cad>89</gpxtpx:cad></gpxtpx:TrackPointExtension></extensions></trkpt><trkpt lat="4.722399" lon="-74.04613"><time>2026-09-13T20:41:16Z</time></trkpt><trkpt lat="4.722399" lon="-74.04613"><time>2026-09-13T20:41:17Z</time></trkpt><trkpt lat="4.722399" lon="-74.04613"><time>2026-09-13T20:41:18Z</time></trkpt><trkpt lat="4.722399" lon="-74.04613"><time>2026-09-13T20:41:19Z</time></trkpt><trkpt lat="4.722399" lon="-74.04613"><ele>2562.7</ele><time>2026-09-13T20:41:20Z</time><extensions><gpxtpx:TrackPointExtension><gpxtpx:hr>76</gpxtpx:hr><gpxtpx:cad>88</gpxtpx:cad></gpxtpx:TrackPointExtension></extensions></trkpt><trkpt lat="4.722399" lon="-74.04613"><time>2026-09-13T20:41:21Z</time></trkpt><trkpt lat="4.722399" lon="-74.04613"><time>2026-09-13T20:41:22Z</time></trkpt><trkpt lat="4.722399" lon="-74.04613"><time>2026-09-13T20:41:23Z</time></trkpt><trkpt lat="4.722399" lon="-74.04613"><time>2026-09-13T20:41:24Z</time></trkpt><trkpt lat="4.722399" lon="-74.04613"><ele>2562.8</ele><time>2026-09-13T20:41:25Z</time><extensions><gpxtpx:TrackPointExtension><gpxtpx:hr>77</gpxtpx:hr><gpxtpx:cad>83</gpxtpx:cad></gpxtpx:TrackPointExtension></extensions></trkpt><trkpt lat="4.722399" lon="-74.04613"><time>2026-09-13T20:41:26Z</time></trkpt><trkpt lat="4.722399" lon="-74.04613"><time>2026-09-13T20:41:27Z</time></trkpt><trkpt lat="4.722399" lon="-74.04613"><time>2026-09-13T20:41:28Z</time></trkpt><trkpt lat="4.722399" lon="-74.04613"><time>2026-09-13T20:41:29Z</time></trkpt><trkpt lat="4.722399" lon="-74.04613"><ele>2563.0</ele><time>2026-09-13T20:41:30Z</time><extensions><gpxtpx:TrackPointExtension><gpxtpx:hr>80</gpxtpx:hr><gpxtpx:cad>89</gpxtpx:cad></gpxtpx:TrackPointExtension></extensions></trkpt><trkpt lat="4.722399" lon="-74.04613"><time>2026-09-13T20:41:31Z</time></trkpt><trkpt lat="4.722399" lon="-74.04613"><time>2026-09-13T20:41:32Z</time></trkpt><trkpt lat="4.722399" lon="-74.04613"><time>2026-09-13T20:41:33Z</time></trkpt><trkpt lat="4.722399" lon="-74.04613"><time>2026-09-13T20:41:34Z</time></trkpt><trkpt lat="4.722399" lon="-74.04613"><ele>2563.1</ele><time>2026-09-13T20:41:35Z</time><extensions><gpxtpx:TrackPointExtension><gpxtpx:hr>83</gpxtpx:hr><gpxtpx:cad>99</gpxtpx:cad></gpxtpx:TrackPointExtension></extensions></trkpt><trkpt lat="4.722399" lon="-74.04613"><time>2026-09-13T20:41:36Z</time></trkpt><trkpt lat="4.722399" lon="-74.04613"><time>2026-09-13T20:41:37Z</time></trkpt><trkpt lat="4.722399" lon="-74.04613"><time>2026-09-13T20:41:38Z</time></trkpt><trkpt lat="4.722399" lon="-74.04613"><time>2026-09-13T20:41:39Z</time></trkpt><trkpt lat="4.722399" lon="-74.04613"><ele>2563.2</ele><time>2026-09-13T20:41:40Z</time><extensions><gpxtpx:TrackPointExtension><gpxtpx:hr>86</gpxtpx:hr><gpxtpx:cad>103</gpxtpx:cad></gpxtpx:TrackPointExtension></extensions></trkpt><trkpt lat="4.722399" lon="-74.04613"><time>2026-09-13T20:41:41Z</time></trkpt><trkpt lat="4.722399" lon="-74.04613"><time>2026-09-13T20:41:42Z</time></trkpt><trkpt lat="4.722409" lon="-74.04615"><time>2026-09-13T20:41:43Z</time></trkpt><trkpt lat="4.722419" lon="-74.046165"><time>2026-09-13T20:41:44Z</time></trkpt><trkpt lat="4.72243" lon="-74.04618"><ele>2563.3</ele><time>2026-09-13T20:41:45Z</time><extensions><gpxtpx:TrackPointExtension><gpxtpx:hr>89</gpxtpx:hr><gpxtpx:cad>102</gpxtpx:cad></gpxtpx:TrackPointExtension></extensions></trkpt><trkpt lat="4.72244" lon="-74.0462"><time>2026-09-13T20:41:46Z</time></trkpt><trkpt lat="4.72245" lon="-74.04622"><time>2026-09-13T20:41:47Z</time></trkpt><trkpt lat="4.72246" lon="-74.046234"><time>2026-09-13T20:41:48Z</time></trkpt><trkpt lat="4.722473" lon="-74.04624"><time>2026-09-13T20:41:49Z</time></trkpt><trkpt lat="4.722485" lon="-74.04625"><ele>2563.2</ele><time>2026-09-13T20:41:50Z</time><extensions><gpxtpx:TrackPointExtension><gpxtpx:hr>90</gpxtpx:hr></gpxtpx:TrackPointExtension></extensions></trkpt><trkpt lat="4.722493" lon="-74.04626"><time>2026-09-13T20:41:51Z</time></trkpt><trkpt lat="4.722502" lon="-74.046265"><time>2026-09-13T20:41:52Z</time></trkpt><trkpt lat="4.72251" lon="-74.046265"><time>2026-09-13T20:41:53Z</time></trkpt><trkpt lat="4.72252" lon="-74.046265"><time>2026-09-13T20:41:54Z</time></trkpt><trkpt lat="4.722527" lon="-74.046265"><ele>2563.1</ele><time>2026-09-13T20:41:55Z</time><extensions><gpxtpx:TrackPointExtension><gpxtpx:hr>88</gpxtpx:hr><gpxtpx:cad>102</gpxtpx:cad></gpxtpx:TrackPointExtension></extensions></trkpt><trkpt lat="4.722537" lon="-74.046265"><time>2026-09-13T20:41:56Z</time></trkpt><trkpt lat="4.722546" lon="-74.046265"><time>2026-09-13T20:41:57Z</time></trkpt><trkpt lat="4.722556" lon="-74.04626"><time>2026-09-13T20:41:58Z</time></trkpt><trkpt lat="4.722567" lon="-74.04626"><time>2026-09-13T20:41:59Z</time></trkpt><trkpt lat="4.722579" lon="-74.04625"><ele>2563.1</ele><time>2026-09-13T20:42:00Z</time><extensions><gpxtpx:TrackPointExtension><gpxtpx:hr>85</gpxtpx:hr><gpxtpx:cad>106</gpxtpx:cad></gpxtpx:TrackPointExtension></extensions></trkpt><trkpt lat="4.722591" lon="-74.04625"><time>2026-09-13T20:42:01Z</time></trkpt><trkpt lat="4.722602" lon="-74.04625"><time>2026-09-13T20:42:02Z</time></trkpt><trkpt lat="4.722611" lon="-74.04624"><time>2026-09-13T20:42:03Z</time></trkpt><trkpt lat="4.72262" lon="-74.04624"><time>2026-09-13T20:42:04Z</time></trkpt><trkpt lat="4.722628" lon="-74.046234"><ele>2563.1</ele><time>2026-09-13T20:42:05Z</time><extensions><gpxtpx:TrackPointExtension><gpxtpx:hr>83</gpxtpx:hr><gpxtpx:cad>103</gpxtpx:cad></gpxtpx:TrackPointExtension></extensions></trkpt><trkpt lat="4.722635" lon="-74.046234"><time>2026-09-13T20:42:06Z</time></trkpt><trkpt lat="4.722643" lon="-74.04624"><time>2026-09-13T20:42:07Z</time></trkpt><trkpt lat="4.722652" lon="-74.046234"><time>2026-09-13T20:42:08Z</time></trkpt><trkpt lat="4.72266" lon="-74.046234"><time>2026-09-13T20:42:09Z</time></trkpt><trkpt lat="4.72267" lon="-74.04623"><ele>2563.2</ele><time>2026-09-13T20:42:10Z</time><extensions><gpxtpx:TrackPointExtension><gpxtpx:hr>82</gpxtpx:hr><gpxtpx:cad>103</gpxtpx:cad></gpxtpx:TrackPointExtension></extensions></trkpt><trkpt lat="4.722682" lon="-74.04622"><time>2026-09-13T20:42:11Z</time></trkpt><trkpt lat="4.722692" lon="-74.04622"><time>2026-09-13T20:42:12Z</time></trkpt><trkpt lat="4.722703" lon="-74.04622"><time>2026-09-13T20:42:13Z</time></trkpt><trkpt lat="4.722713" lon="-74.04623"><time>2026-09-13T20:42:14Z</time></trkpt><trkpt lat="4.722721" lon="-74.04622"><ele>2563.3</ele><time>2026-09-13T20:42:15Z</time><extensions><gpxtpx:TrackPointExtension><gpxtpx:hr>81</gpxtpx:hr><gpxtpx:cad>104</gpxtpx:cad></gpxtpx:TrackPointExtension></extensions></trkpt><trkpt lat="4.722732" lon="-74.04622"><time>2026-09-13T20:42:16Z</time></trkpt><trkpt lat="4.722742" lon="-74.04622"><time>2026-09-13T20:42:17Z</time></trkpt><trkpt lat="4.722752" lon="-74.04621"><time>2026-09-13T20:42:18Z</time></trkpt><trkpt lat="4.722761" lon="-74.04621"><time>2026-09-13T20:42:19Z</time></trkpt><trkpt lat="4.722772" lon="-74.04621"><ele>2563.4</ele><time>2026-09-13T20:42:20Z</time><extensions><gpxtpx:TrackPointExtension><gpxtpx:hr>82</gpxtpx:hr><gpxtpx:cad>104</gpxtpx:cad></gpxtpx:TrackPointExtension></extensions></trkpt><trkpt lat="4.722785" lon="-74.04621"><time>2026-09-13T20:42:21Z</time></trkpt><trkpt lat="4.722789" lon="-74.0462"><time>2026-09-13T20:42:22Z</time></trkpt><trkpt lat="4.7228" lon="-74.04621"><time>2026-09-13T20:42:23Z</time></trkpt><trkpt lat="4.722813" lon="-74.0462"><time>2026-09-13T20:42:24Z</time></trkpt><trkpt lat="4.722824" lon="-74.0462"><ele>2563.4</ele><time>2026-09-13T20:42:25Z</time><extensions><gpxtpx:TrackPointExtension><gpxtpx:hr>81</gpxtpx:hr><gpxtpx:cad>103</gpxtpx:cad></gpxtpx:TrackPointExtension></extensions></trkpt><trkpt lat="4.722843" lon="-74.04622"><time>2026-09-13T20:42:26Z</time></trkpt><trkpt lat="4.722859" lon="-74.04622"><time>2026-09-13T20:42:27Z</time></trkpt><trkpt lat="4.722865" lon="-74.04623"><time>2026-09-13T20:42:28Z</time></trkpt><trkpt lat="4.722874" lon="-74.04623"><time>2026-09-13T20:42:29Z</time></trkpt><trkpt lat="4.722885" lon="-74.04623"><ele>2563.2</ele><time>2026-09-13T20:42:30Z</time><extensions><gpxtpx:TrackPointExtension><gpxtpx:hr>83</gpxtpx:hr><gpxtpx:cad>107</gpxtpx:cad></gpxtpx:TrackPointExtension></extensions></trkpt><trkpt lat="4.722897" lon="-74.04623"><time>2026-09-13T20:42:31Z</time></trkpt><trkpt lat="4.722907" lon="-74.04623"><time>2026-09-13T20:42:32Z</time></trkpt><trkpt lat="4.722917" lon="-74.04623"><time>2026-09-13T20:42:33Z</time></trkpt><trkpt lat="4.722924" lon="-74.04623"><time>2026-09-13T20:42:34Z</time></trkpt><trkpt lat="4.722937" lon="-74.04622"><ele>2562.9</ele><time>2026-09-13T20:42:35Z</time><extensions><gpxtpx:TrackPointExtension><gpxtpx:hr>85</gpxtpx:hr><gpxtpx:cad>109</gpxtpx:cad></gpxtpx:TrackPointExtension></extensions></trkpt><trkpt lat="4.722949" lon="-74.04622"><time>2026-09-13T20:42:36Z</time></trkpt><trkpt lat="4.72296" lon="-74.04622"><time>2026-09-13T20:42:37Z</time></trkpt><trkpt lat="4.722968" lon="-74.04622"><time>2026-09-13T20:42:38Z</time></trkpt><trkpt lat="4.722983" lon="-74.04621"><time>2026-09-13T20:42:39Z</time></trkpt><trkpt lat="4.722996" lon="-74.04621"><ele>2562.9</ele><time>2026-09-13T20:42:40Z</time><extensions><gpxtpx:TrackPointExtension><gpxtpx:hr>85</gpxtpx:hr><gpxtpx:cad>111</gpxtpx:cad></gpxtpx:TrackPointExtension></extensions></trkpt><trkpt lat="4.723003" lon="-74.0462"><time>2026-09-13T20:42:41Z</time></trkpt><trkpt lat="4.723011" lon="-74.0462"><time>2026-09-13T20:42:42Z</time></trkpt><trkpt lat="4.723021" lon="-74.046196"><time>2026-09-13T20:42:43Z</time></trkpt><trkpt lat="4.723031" lon="-74.046196"><time>2026-09-13T20:42:44Z</time></trkpt><trkpt lat="4.723041" lon="-74.04619"><ele>2562.8</ele><time>2026-09-13T20:42:45Z</time><extensions><gpxtpx:TrackPointExtension><gpxtpx:hr>84</gpxtpx:hr><gpxtpx:cad>110</gpxtpx:cad></gpxtpx:TrackPointExtension></extensions></trkpt><trkpt lat="4.723051" lon="-74.04619"><time>2026-09-13T20:42:46Z</time></trkpt><trkpt lat="4.723062" lon="-74.04618"><time>2026-09-13T20:42:47Z</time></trkpt><trkpt lat="4.723074" lon="-74.04618"><time>2026-09-13T20:42:48Z</time></trkpt><trkpt lat="4.723087" lon="-74.04618"><time>2026-09-13T20:42:49Z</time></trkpt><trkpt lat="4.723097" lon="-74.04618"><ele>2562.9</ele><time>2026-09-13T20:42:50Z</time><extensions><gpxtpx:TrackPointExtension><gpxtpx:hr>84</gpxtpx:hr><gpxtpx:cad>111</gpxtpx:cad></gpxtpx:TrackPointExtension></extensions></trkpt><trkpt lat="4.723113" lon="-74.04617"><time>2026-09-13T20:42:51Z</time></trkpt><trkpt lat="4.723125" lon="-74.04617"><time>2026-09-13T20:42:52Z</time></trkpt><trkpt lat="4.723136" lon="-74.04617"><time>2026-09-13T20:42:53Z</time></trkpt><trkpt lat="4.723147" lon="-74.046165"><time>2026-09-13T20:42:54Z</time></trkpt><trkpt lat="4.723156" lon="-74.046165"><ele>2563.0</ele><time>2026-09-13T20:42:55Z</time><extensions><gpxtpx:TrackPointExtension><gpxtpx:hr>83</gpxtpx:hr><gpxtpx:cad>111</gpxtpx:cad></gpxtpx:TrackPointExtension></extensions></trkpt><trkpt lat="4.723165" lon="-74.046165"><time>2026-09-13T20:42:56Z</time></trkpt><trkpt lat="4.723177" lon="-74.046165"><time>2026-09-13T20:42:57Z</time></trkpt><trkpt lat="4.723185" lon="-74.04616"><time>2026-09-13T20:42:58Z</time></trkpt><trkpt lat="4.723192" lon="-74.04615"><time>2026-09-13T20:42:59Z</time></trkpt><trkpt lat="4.723203" lon="-74.04615"><ele>2563.0</ele><time>2026-09-13T20:43:00Z</time><extensions><gpxtpx:TrackPointExtension><gpxtpx:hr>84</gpxtpx:hr><gpxtpx:cad>112</gpxtpx:cad></gpxtpx:TrackPointExtension></extensions></trkpt><trkpt lat="4.723215" lon="-74.04614"><time>2026-09-13T20:43:01Z</time></trkpt><trkpt lat="4.723224" lon="-74.046135"><time>2026-09-13T20:43:02Z</time></trkpt><trkpt lat="4.723234" lon="-74.04612"><time>2026-09-13T20:43:03Z</time></trkpt><trkpt lat="4.723247" lon="-74.04611"><time>2026-09-13T20:43:04Z</time></trkpt><trkpt lat="4.723256" lon="-74.04611"><ele>2562.9</ele><time>2026-09-13T20:43:05Z</time><extensions><gpxtpx:TrackPointExtension><gpxtpx:hr>84</gpxtpx:hr><gpxtpx:cad>111</gpxtpx:cad></gpxtpx:TrackPointExtension></extensions></trkpt><trkpt lat="4.723266" lon="-74.04611"><time>2026-09-13T20:43:06Z</time></trkpt><trkpt lat="4.723279" lon="-74.04611"><time>2026-09-13T20:43:07Z</time></trkpt><trkpt lat="4.723294" lon="-74.04611"><time>2026-09-13T20:43:08Z</time></trkpt><trkpt lat="4.723308" lon="-74.04612"><time>2026-09-13T20:43:09Z</time></trkpt><trkpt lat="4.723318" lon="-74.04611"><ele>2562.9</ele><time>2026-09-13T20:43:10Z</time><extensions><gpxtpx:TrackPointExtension><gpxtpx:hr>83</gpxtpx:hr><gpxtpx:cad>111</gpxtpx:cad></gpxtpx:TrackPointExtension></extensions></trkpt><trkpt lat="4.723328" lon="-74.04611"><time>2026-09-13T20:43:11Z</time></trkpt><trkpt lat="4.723338" lon="-74.046104"><time>2026-09-13T20:43:12Z</time></trkpt><trkpt lat="4.723348" lon="-74.046104"><time>2026-09-13T20:43:13Z</time></trkpt><trkpt lat="4.723358" lon="-74.046104"><time>2026-09-13T20:43:14Z</time></trkpt><trkpt lat="4.723366" lon="-74.046104"><ele>2562.8</ele><time>2026-09-13T20:43:15Z</time><extensions><gpxtpx:TrackPointExtension><gpxtpx:hr>84</gpxtpx:hr><gpxtpx:cad>117</gpxtpx:cad></gpxtpx:TrackPointExtension></extensions></trkpt><trkpt lat="4.723375" lon="-74.046104"><time>2026-09-13T20:43:16Z</time></trkpt><trkpt lat="4.723384" lon="-74.046104"><time>2026-09-13T20:43:17Z</time></trkpt><trkpt lat="4.723401" lon="-74.0461"><time>2026-09-13T20:43:18Z</time></trkpt><trkpt lat="4.723413" lon="-74.0461"><time>2026-09-13T20:43:19Z</time></trkpt><trkpt lat="4.723424" lon="-74.0461"><ele>2562.6</ele><time>2026-09-13T20:43:20Z</time><extensions><gpxtpx:TrackPointExtension><gpxtpx:hr>85</gpxtpx:hr><gpxtpx:cad>116</gpxtpx:cad></gpxtpx:TrackPointExtension></extensions></trkpt><trkpt lat="4.72343" lon="-74.0461"><time>2026-09-13T20:43:21Z</time></trkpt><trkpt lat="4.72344" lon="-74.0461"><time>2026-09-13T20:43:22Z</time></trkpt><trkpt lat="4.723447" lon="-74.0461"><time>2026-09-13T20:43:23Z</time></trkpt><trkpt lat="4.723455" lon="-74.0461"><time>2026-09-13T20:43:24Z</time></trkpt><trkpt lat="4.723466" lon="-74.0461"><ele>2562.6</ele><time>2026-09-13T20:43:25Z</time><extensions><gpxtpx:TrackPointExtension><gpxtpx:hr>86</gpxtpx:hr><gpxtpx:cad>108</gpxtpx:cad></gpxtpx:TrackPointExtension></extensions></trkpt><trkpt lat="4.723479" lon="-74.04609"><time>2026-09-13T20:43:26Z</time></trkpt><trkpt lat="4.723489" lon="-74.04609"><time>2026-09-13T20:43:27Z</time></trkpt><trkpt lat="4.7235" lon="-74.04609"><time>2026-09-13T20:43:28Z</time></trkpt><trkpt lat="4.723511" lon="-74.04609"><time>2026-09-13T20:43:29Z</time></trkpt><trkpt lat="4.723522" lon="-74.04608"><ele>2562.7</ele><time>2026-09-13T20:43:30Z</time><extensions><gpxtpx:TrackPointExtension><gpxtpx:hr>86</gpxtpx:hr><gpxtpx:cad>107</gpxtpx:cad></gpxtpx:TrackPointExtension></extensions></trkpt><trkpt lat="4.723532" lon="-74.04608"><time>2026-09-13T20:43:31Z</time></trkpt><trkpt lat="4.723546" lon="-74.04608"><time>2026-09-13T20:43:32Z</time></trkpt><trkpt lat="4.723558" lon="-74.04609"><time>2026-09-13T20:43:33Z</time></trkpt><trkpt lat="4.723572" lon="-74.04609"><time>2026-09-13T20:43:34Z</time></trkpt><trkpt lat="4.723581" lon="-74.04608"><ele>2562.9</ele><time>2026-09-13T20:43:35Z</time><extensions><gpxtpx:TrackPointExtension><gpxtpx:hr>85</gpxtpx:hr><gpxtpx:cad>111</gpxtpx:cad></gpxtpx:TrackPointExtension></extensions></trkpt><trkpt lat="4.723593" lon="-74.04608"><time>2026-09-13T20:43:36Z</time></trkpt><trkpt lat="4.723599" lon="-74.04608"><time>2026-09-13T20:43:37Z</time></trkpt><trkpt lat="4.723615" lon="-74.046074"><time>2026-09-13T20:43:38Z</time></trkpt><trkpt lat="4.723619" lon="-74.046074"><time>2026-09-13T20:43:39Z</time></trkpt><trkpt lat="4.723632" lon="-74.046074"><ele>2562.9</ele><time>2026-09-13T20:43:40Z</time><extensions><gpxtpx:TrackPointExtension><gpxtpx:hr>85</gpxtpx:hr><gpxtpx:cad>113</gpxtpx:cad></gpxtpx:TrackPointExtension></extensions></trkpt><trkpt lat="4.723646" lon="-74.046074"><time>2026-09-13T20:43:41Z</time></trkpt><trkpt lat="4.723658" lon="-74.04607"><time>2026-09-13T20:43:42Z</time></trkpt><trkpt lat="4.723669" lon="-74.04607"><time>2026-09-13T20:43:43Z</time></trkpt><trkpt lat="4.723684" lon="-74.04606"><time>2026-09-13T20:43:44Z</time></trkpt><trkpt lat="4.723698" lon="-74.04605"><ele>2563.0</ele><time>2026-09-13T20:43:45Z</time><extensions><gpxtpx:TrackPointExtension><gpxtpx:hr>86</gpxtpx:hr><gpxtpx:cad>111</gpxtpx:cad></gpxtpx:TrackPointExtension></extensions></trkpt><trkpt lat="4.723713" lon="-74.046036"><time>2026-09-13T20:43:46Z</time></trkpt><trkpt lat="4.723728" lon="-74.04603"><time>2026-09-13T20:43:47Z</time></trkpt><trkpt lat="4.723743" lon="-74.04601"><time>2026-09-13T20:43:48Z</time></trkpt><trkpt lat="4.723758" lon="-74.046005"><time>2026-09-13T20:43:49Z</time></trkpt><trkpt lat="4.723772" lon="-74.04599"><ele>2563.0</ele><time>2026-09-13T20:43:50Z</time><extensions><gpxtpx:TrackPointExtension><gpxtpx:hr>83</gpxtpx:hr><gpxtpx:cad>109</gpxtpx:cad></gpxtpx:TrackPointExtension></extensions></trkpt><trkpt lat="4.723772" lon="-74.04599"><time>2026-09-13T20:43:51Z</time></trkpt><trkpt lat="4.723772" lon="-74.04599"><time>2026-09-13T20:43:52Z</time></trkpt><trkpt lat="4.723772" lon="-74.04599"><time>2026-09-13T20:43:53Z</time></trkpt><trkpt lat="4.723772" lon="-74.04599"><time>2026-09-13T20:43:54Z</time></trkpt><trkpt lat="4.723772" lon="-74.04599"><ele>2563.0</ele><time>2026-09-13T20:43:55Z</time><extensions><gpxtpx:TrackPointExtension><gpxtpx:hr>82</gpxtpx:hr><gpxtpx:cad>106</gpxtpx:cad></gpxtpx:TrackPointExtension></extensions></trkpt><trkpt lat="4.723772" lon="-74.04599"><time>2026-09-13T20:43:56Z</time></trkpt><trkpt lat="4.723772" lon="-74.04599"><time>2026-09-13T20:43:57Z</time></trkpt><trkpt lat="4.723772" lon="-74.04599"><time>2026-09-13T20:43:58Z</time></trkpt><trkpt lat="4.723772" lon="-74.04599"><time>2026-09-13T20:43:59Z</time></trkpt><trkpt lat="4.723772" lon="-74.04599"><ele>2562.9</ele><time>2026-09-13T20:44:00Z</time><extensions><gpxtpx:TrackPointExtension><gpxtpx:hr>82</gpxtpx:hr><gpxtpx:cad>103</gpxtpx:cad></gpxtpx:TrackPointExtension></extensions></trkpt><trkpt lat="4.723772" lon="-74.04599"><time>2026-09-13T20:44:01Z</time></trkpt><trkpt lat="4.723772" lon="-74.04599"><time>2026-09-13T20:44:02Z</time></trkpt><trkpt lat="4.723772" lon="-74.04599"><time>2026-09-13T20:44:03Z</time></trkpt><trkpt lat="4.723772" lon="-74.04599"><time>2026-09-13T20:44:04Z</time></trkpt><trkpt lat="4.723772" lon="-74.04599"><ele>2562.8</ele><time>2026-09-13T20:44:05Z</time><extensions><gpxtpx:TrackPointExtension><gpxtpx:hr>80</gpxtpx:hr><gpxtpx:cad>95</gpxtpx:cad></gpxtpx:TrackPointExtension></extensions></trkpt><trkpt lat="4.723772" lon="-74.04599"><time>2026-09-13T20:44:06Z</time></trkpt><trkpt lat="4.723772" lon="-74.04599"><time>2026-09-13T20:44:07Z</time></trkpt><trkpt lat="4.723772" lon="-74.04599"><time>2026-09-13T20:44:08Z</time></trkpt><trkpt lat="4.723772" lon="-74.04599"><time>2026-09-13T20:44:09Z</time></trkpt><trkpt lat="4.723772" lon="-74.04599"><ele>2562.8</ele><time>2026-09-13T20:44:10Z</time><extensions><gpxtpx:TrackPointExtension><gpxtpx:hr>80</gpxtpx:hr><gpxtpx:cad>93</gpxtpx:cad></gpxtpx:TrackPointExtension></extensions></trkpt><trkpt lat="4.723772" lon="-74.04599"><time>2026-09-13T20:44:11Z</time></trkpt><trkpt lat="4.723772" lon="-74.04599"><time>2026-09-13T20:44:12Z</time></trkpt><trkpt lat="4.723772" lon="-74.04599"><time>2026-09-13T20:44:13Z</time></trkpt><trkpt lat="4.723772" lon="-74.04599"><time>2026-09-13T20:44:14Z</time></trkpt><trkpt lat="4.723772" lon="-74.04599"><ele>2562.9</ele><time>2026-09-13T20:44:15Z</time><extensions><gpxtpx:TrackPointExtension><gpxtpx:hr>81</gpxtpx:hr></gpxtpx:TrackPointExtension></extensions></trkpt><trkpt lat="4.723772" lon="-74.04599"><time>2026-09-13T20:44:16Z</time></trkpt><trkpt lat="4.723772" lon="-74.04599"><time>2026-09-13T20:44:17Z</time></trkpt><trkpt lat="4.723772" lon="-74.04599"><time>2026-09-13T20:44:18Z</time></trkpt><trkpt lat="4.723772" lon="-74.04599"><time>2026-09-13T20:44:19Z</time></trkpt><trkpt lat="4.723772" lon="-74.04599"><ele>2563.0</ele><time>2026-09-13T20:44:20Z</time><extensions><gpxtpx:TrackPointExtension><gpxtpx:hr>81</gpxtpx:hr></gpxtpx:TrackPointExtension></extensions></trkpt><trkpt lat="4.723772" lon="-74.04599"><time>2026-09-13T20:44:21Z</time></trkpt><trkpt lat="4.723772" lon="-74.04599"><time>2026-09-13T20:44:22Z</time></trkpt><trkpt lat="4.723772" lon="-74.04599"><time>2026-09-13T20:44:23Z</time></trkpt><trkpt lat="4.723772" lon="-74.04599"><time>2026-09-13T20:44:24Z</time></trkpt><trkpt lat="4.723772" lon="-74.04599"><ele>2563.0</ele><time>2026-09-13T20:44:25Z</time><extensions><gpxtpx:TrackPointExtension><gpxtpx:hr>82</gpxtpx:hr></gpxtpx:TrackPointExtension></extensions></trkpt><trkpt lat="4.723772" lon="-74.04599"><time>2026-09-13T20:44:26Z</time></trkpt><trkpt lat="4.723772" lon="-74.04599"><time>2026-09-13T20:44:27Z</time></trkpt><trkpt lat="4.723772" lon="-74.04599"><time>2026-09-13T20:44:28Z</time></trkpt><trkpt lat="4.723772" lon="-74.04599"><time>2026-09-13T20:44:29Z</time></trkpt><trkpt lat="4.723772" lon="-74.04599"><ele>2563.0</ele><time>2026-09-13T20:44:30Z</time><extensions><gpxtpx:TrackPointExtension><gpxtpx:hr>82</gpxtpx:hr></gpxtpx:TrackPointExtension></extensions></trkpt><trkpt lat="4.723772" lon="-74.04599"><time>2026-09-13T20:44:31Z</time></trkpt><trkpt lat="4.723772" lon="-74.04599"><time>2026-09-13T20:44:32Z</time></trkpt><trkpt lat="4.723772" lon="-74.04599"><time>2026-09-13T20:44:33Z</time></trkpt><trkpt lat="4.723772" lon="-74.04599"><time>2026-09-13T20:44:34Z</time></trkpt><trkpt lat="4.723772" lon="-74.04599"><ele>2562.9</ele><time>2026-09-13T20:44:35Z</time><extensions><gpxtpx:TrackPointExtension><gpxtpx:hr>83</gpxtpx:hr><gpxtpx:cad>55</gpxtpx:cad></gpxtpx:TrackPointExtension></extensions></trkpt><trkpt lat="4.723772" lon="-74.04599"><time>2026-09-13T20:44:36Z</time></trkpt><trkpt lat="4.723772" lon="-74.04599"><time>2026-09-13T20:44:37Z</time></trkpt><trkpt lat="4.723772" lon="-74.04599"><time>2026-09-13T20:44:38Z</time></trkpt><trkpt lat="4.723772" lon="-74.04599"><time>2026-09-13T20:44:39Z</time></trkpt><trkpt lat="4.723772" lon="-74.04599"><ele>2562.9</ele><time>2026-09-13T20:44:40Z</time><extensions><gpxtpx:TrackPointExtension><gpxtpx:hr>82</gpxtpx:hr></gpxtpx:TrackPointExtension></extensions></trkpt><trkpt lat="4.723772" lon="-74.04599"><time>2026-09-13T20:44:41Z</time></trkpt><trkpt lat="4.723772" lon="-74.04599"><time>2026-09-13T20:44:42Z</time></trkpt><trkpt lat="4.723772" lon="-74.04599"><time>2026-09-13T20:44:43Z</time></trkpt><trkpt lat="4.723772" lon="-74.04599"><time>2026-09-13T20:44:44Z</time></trkpt><trkpt lat="4.723772" lon="-74.04599"><ele>2562.9</ele><time>2026-09-13T20:44:45Z</time><extensions><gpxtpx:TrackPointExtension><gpxtpx:hr>84</gpxtpx:hr><gpxtpx:cad>95</gpxtpx:cad></gpxtpx:TrackPointExtension></extensions></trkpt><trkpt lat="4.723772" lon="-74.04599"><time>2026-09-13T20:44:46Z</time></trkpt><trkpt lat="4.723772" lon="-74.04599"><time>2026-09-13T20:44:47Z</time></trkpt><trkpt lat="4.723772" lon="-74.04599"><time>2026-09-13T20:44:48Z</time></trkpt><trkpt lat="4.723772" lon="-74.04599"><time>2026-09-13T20:44:49Z</time></trkpt><trkpt lat="4.723772" lon="-74.04599"><ele>2562.9</ele><time>2026-09-13T20:44:50Z</time><extensions><gpxtpx:TrackPointExtension><gpxtpx:hr>85</gpxtpx:hr></gpxtpx:TrackPointExtension></extensions></trkpt><trkpt lat="4.723772" lon="-74.04599"><time>2026-09-13T20:44:51Z</time></trkpt><trkpt lat="4.723772" lon="-74.04599"><time>2026-09-13T20:44:52Z</time></trkpt><trkpt lat="4.723772" lon="-74.04599"><time>2026-09-13T20:44:53Z</time></trkpt><trkpt lat="4.723772" lon="-74.04599"><time>2026-09-13T20:44:54Z</time></trkpt><trkpt lat="4.723772" lon="-74.04599"><ele>2562.9</ele><time>2026-09-13T20:44:55Z</time><extensions><gpxtpx:TrackPointExtension><gpxtpx:hr>87</gpxtpx:hr></gpxtpx:TrackPointExtension></extensions></trkpt><trkpt lat="4.723772" lon="-74.04599"><time>2026-09-13T20:44:56Z</time></trkpt><trkpt lat="4.723772" lon="-74.04599"><time>2026-09-13T20:44:57Z</time></trkpt><trkpt lat="4.723772" lon="-74.04599"><time>2026-09-13T20:44:58Z</time></trkpt><trkpt lat="4.723772" lon="-74.04599"><time>2026-09-13T20:44:59Z</time></trkpt><trkpt lat="4.723772" lon="-74.04599"><ele>2562.7</ele><time>2026-09-13T20:45:00Z</time><extensions><gpxtpx:TrackPointExtension><gpxtpx:hr>87</gpxtpx:hr></gpxtpx:TrackPointExtension></extensions></trkpt><trkpt lat="4.723772" lon="-74.04599"><time>2026-09-13T20:45:01Z</time></trkpt><trkpt lat="4.723772" lon="-74.04599"><time>2026-09-13T20:45:02Z</time></trkpt><trkpt lat="4.723772" lon="-74.04599"><time>2026-09-13T20:45:03Z</time></trkpt><trkpt lat="4.723772" lon="-74.04599"><time>2026-09-13T20:45:04Z</time></trkpt><trkpt lat="4.723772" lon="-74.04599"><ele>2562.4</ele><time>2026-09-13T20:45:05Z</time><extensions><gpxtpx:TrackPointExtension><gpxtpx:hr>89</gpxtpx:hr></gpxtpx:TrackPointExtension></extensions></trkpt><trkpt lat="4.723772" lon="-74.04599"><time>2026-09-13T20:45:06Z</time></trkpt><trkpt lat="4.723772" lon="-74.04599"><time>2026-09-13T20:45:07Z</time></trkpt><trkpt lat="4.723772" lon="-74.04599"><time>2026-09-13T20:45:08Z</time></trkpt><trkpt lat="4.723772" lon="-74.04599"><time>2026-09-13T20:45:09Z</time></trkpt><trkpt lat="4.723772" lon="-74.04599"><ele>2562.4</ele><time>2026-09-13T20:45:10Z</time><extensions><gpxtpx:TrackPointExtension><gpxtpx:hr>87</gpxtpx:hr></gpxtpx:TrackPointExtension></extensions></trkpt><trkpt lat="4.723772" lon="-74.04599"><time>2026-09-13T20:45:11Z</time></trkpt><trkpt lat="4.723772" lon="-74.04599"><time>2026-09-13T20:45:12Z</time></trkpt><trkpt lat="4.723772" lon="-74.04599"><time>2026-09-13T20:45:13Z</time></trkpt><trkpt lat="4.723772" lon="-74.04599"><time>2026-09-13T20:45:14Z</time></trkpt><trkpt lat="4.723772" lon="-74.04599"><ele>2562.4</ele><time>2026-09-13T20:45:15Z</time><extensions><gpxtpx:TrackPointExtension><gpxtpx:hr>89</gpxtpx:hr></gpxtpx:TrackPointExtension></extensions></trkpt><trkpt lat="4.723772" lon="-74.04599"><time>2026-09-13T20:45:16Z</time></trkpt><trkpt lat="4.723772" lon="-74.04599"><time>2026-09-13T20:45:17Z</time></trkpt><trkpt lat="4.723772" lon="-74.04599"><time>2026-09-13T20:45:18Z</time></trkpt><trkpt lat="4.723772" lon="-74.04599"><time>2026-09-13T20:45:19Z</time></trkpt><trkpt lat="4.723772" lon="-74.04599"><ele>2562.7</ele><time>2026-09-13T20:45:20Z</time><extensions><gpxtpx:TrackPointExtension><gpxtpx:hr>88</gpxtpx:hr></gpxtpx:TrackPointExtension></extensions></trkpt><trkpt lat="4.723772" lon="-74.04599"><time>2026-09-13T20:45:21Z</time></trkpt><trkpt lat="4.723772" lon="-74.04599"><time>2026-09-13T20:45:22Z</time></trkpt><trkpt lat="4.723772" lon="-74.04599"><time>2026-09-13T20:45:23Z</time></trkpt><trkpt lat="4.723772" lon="-74.04599"><time>2026-09-13T20:45:24Z</time></trkpt><trkpt lat="4.723772" lon="-74.04599"><ele>2562.7</ele><time>2026-09-13T20:45:25Z</time><extensions><gpxtpx:TrackPointExtension><gpxtpx:hr>87</gpxtpx:hr></gpxtpx:TrackPointExtension></extensions></trkpt><trkpt lat="4.723772" lon="-74.04599"><time>2026-09-13T20:45:26Z</time></trkpt><trkpt lat="4.723772" lon="-74.04599"><time>2026-09-13T20:45:27Z</time></trkpt><trkpt lat="4.723772" lon="-74.04599"><time>2026-09-13T20:45:28Z</time></trkpt><trkpt lat="4.723772" lon="-74.04599"><time>2026-09-13T20:45:29Z</time></trkpt><trkpt lat="4.723772" lon="-74.04599"><ele>2562.7</ele><time>2026-09-13T20:45:30Z</time><extensions><gpxtpx:TrackPointExtension><gpxtpx:hr>85</gpxtpx:hr></gpxtpx:TrackPointExtension></extensions></trkpt><trkpt lat="4.723772" lon="-74.04599"><time>2026-09-13T20:45:31Z</time></trkpt><trkpt lat="4.723772" lon="-74.04599"><time>2026-09-13T20:45:32Z</time></trkpt><trkpt lat="4.723772" lon="-74.04599"><time>2026-09-13T20:45:33Z</time></trkpt><trkpt lat="4.723772" lon="-74.04599"><time>2026-09-13T20:45:34Z</time></trkpt><trkpt lat="4.723772" lon="-74.04599"><ele>2562.8</ele><time>2026-09-13T20:45:35Z</time><extensions><gpxtpx:TrackPointExtension><gpxtpx:hr>84</gpxtpx:hr></gpxtpx:TrackPointExtension></extensions></trkpt><trkpt lat="4.723772" lon="-74.04599"><time>2026-09-13T20:45:36Z</time></trkpt><trkpt lat="4.723772" lon="-74.04599"><time>2026-09-13T20:45:37Z</time></trkpt><trkpt lat="4.723772" lon="-74.04599"><time>2026-09-13T20:45:38Z</time></trkpt><trkpt lat="4.723772" lon="-74.04599"><time>2026-09-13T20:45:39Z</time></trkpt><trkpt lat="4.723772" lon="-74.04599"><ele>2562.8</ele><time>2026-09-13T20:45:40Z</time><extensions><gpxtpx:TrackPointExtension><gpxtpx:hr>82</gpxtpx:hr></gpxtpx:TrackPointExtension></extensions></trkpt><trkpt lat="4.723772" lon="-74.04599"><time>2026-09-13T20:45:41Z</time></trkpt><trkpt lat="4.723772" lon="-74.04599"><time>2026-09-13T20:45:42Z</time></trkpt><trkpt lat="4.723772" lon="-74.04599"><time>2026-09-13T20:45:43Z</time></trkpt><trkpt lat="4.723772" lon="-74.04599"><time>2026-09-13T20:45:44Z</time></trkpt><trkpt lat="4.723772" lon="-74.04599"><ele>2562.9</ele><time>2026-09-13T20:45:45Z</time><extensions><gpxtpx:TrackPointExtension><gpxtpx:hr>80</gpxtpx:hr></gpxtpx:TrackPointExtension></extensions></trkpt><trkpt lat="4.723772" lon="-74.04599"><time>2026-09-13T20:45:46Z</time></trkpt><trkpt lat="4.723772" lon="-74.04599"><time>2026-09-13T20:45:47Z</time></trkpt><trkpt lat="4.723772" lon="-74.04599"><time>2026-09-13T20:45:48Z</time></trkpt><trkpt lat="4.723772" lon="-74.04599"><time>2026-09-13T20:45:49Z</time></trkpt><trkpt lat="4.723772" lon="-74.04599"><ele>2562.9</ele><time>2026-09-13T20:45:50Z</time><extensions><gpxtpx:TrackPointExtension><gpxtpx:hr>80</gpxtpx:hr></gpxtpx:TrackPointExtension></extensions></trkpt><trkpt lat="4.723772" lon="-74.04599"><time>2026-09-13T20:45:51Z</time></trkpt><trkpt lat="4.723772" lon="-74.04599"><time>2026-09-13T20:45:52Z</time></trkpt><trkpt lat="4.723772" lon="-74.04599"><time>2026-09-13T20:45:53Z</time></trkpt><trkpt lat="4.723772" lon="-74.04599"><time>2026-09-13T20:45:54Z</time></trkpt><trkpt lat="4.723772" lon="-74.04599"><ele>2562.8</ele><time>2026-09-13T20:45:55Z</time><extensions><gpxtpx:TrackPointExtension><gpxtpx:hr>81</gpxtpx:hr><gpxtpx:cad>81</gpxtpx:cad></gpxtpx:TrackPointExtension></extensions></trkpt><trkpt lat="4.723772" lon="-74.04599"><time>2026-09-13T20:45:56Z</time></trkpt><trkpt lat="4.723772" lon="-74.04599"><time>2026-09-13T20:45:57Z</time></trkpt><trkpt lat="4.723772" lon="-74.04599"><time>2026-09-13T20:45:58Z</time></trkpt><trkpt lat="4.723772" lon="-74.04599"><time>2026-09-13T20:45:59Z</time></trkpt><trkpt lat="4.723772" lon="-74.04599"><ele>2562.8</ele><time>2026-09-13T20:46:00Z</time><extensions><gpxtpx:TrackPointExtension><gpxtpx:hr>82</gpxtpx:hr><gpxtpx:cad>91</gpxtpx:cad></gpxtpx:TrackPointExtension></extensions></trkpt><trkpt lat="4.723772" lon="-74.04599"><time>2026-09-13T20:46:01Z</time></trkpt><trkpt lat="4.723772" lon="-74.04599"><time>2026-09-13T20:46:02Z</time></trkpt><trkpt lat="4.723772" lon="-74.04599"><time>2026-09-13T20:46:03Z</time></trkpt><trkpt lat="4.723772" lon="-74.04599"><time>2026-09-13T20:46:04Z</time></trkpt><trkpt lat="4.723772" lon="-74.04599"><ele>2562.8</ele><time>2026-09-13T20:46:05Z</time><extensions><gpxtpx:TrackPointExtension><gpxtpx:hr>84</gpxtpx:hr><gpxtpx:cad>90</gpxtpx:cad></gpxtpx:TrackPointExtension></extensions></trkpt><trkpt lat="4.723772" lon="-74.04599"><time>2026-09-13T20:46:06Z</time></trkpt><trkpt lat="4.723772" lon="-74.04599"><time>2026-09-13T20:46:07Z</time></trkpt><trkpt lat="4.723772" lon="-74.04599"><time>2026-09-13T20:46:08Z</time></trkpt><trkpt lat="4.723772" lon="-74.04599"><time>2026-09-13T20:46:09Z</time></trkpt><trkpt lat="4.723772" lon="-74.04599"><ele>2562.8</ele><time>2026-09-13T20:46:10Z</time><extensions><gpxtpx:TrackPointExtension><gpxtpx:hr>81</gpxtpx:hr><gpxtpx:cad>89</gpxtpx:cad></gpxtpx:TrackPointExtension></extensions></trkpt><trkpt lat="4.723772" lon="-74.04599"><time>2026-09-13T20:46:11Z</time></trkpt><trkpt lat="4.723772" lon="-74.04599"><time>2026-09-13T20:46:12Z</time></trkpt><trkpt lat="4.723772" lon="-74.04599"><time>2026-09-13T20:46:13Z</time></trkpt><trkpt lat="4.723772" lon="-74.04599"><time>2026-09-13T20:46:14Z</time></trkpt><trkpt lat="4.723772" lon="-74.04599"><ele>2562.8</ele><time>2026-09-13T20:46:15Z</time><extensions><gpxtpx:TrackPointExtension><gpxtpx:hr>80</gpxtpx:hr><gpxtpx:cad>97</gpxtpx:cad></gpxtpx:TrackPointExtension></extensions></trkpt><trkpt lat="4.723772" lon="-74.04599"><time>2026-09-13T20:46:16Z</time></trkpt><trkpt lat="4.723772" lon="-74.04599"><time>2026-09-13T20:46:17Z</time></trkpt><trkpt lat="4.723772" lon="-74.04599"><time>2026-09-13T20:46:18Z</time></trkpt><trkpt lat="4.723772" lon="-74.04599"><time>2026-09-13T20:46:19Z</time></trkpt><trkpt lat="4.723772" lon="-74.04599"><ele>2562.8</ele><time>2026-09-13T20:46:20Z</time><extensions><gpxtpx:TrackPointExtension><gpxtpx:hr>79</gpxtpx:hr><gpxtpx:cad>81</gpxtpx:cad></gpxtpx:TrackPointExtension></extensions></trkpt><trkpt lat="4.723772" lon="-74.04599"><time>2026-09-13T20:46:21Z</time></trkpt><trkpt lat="4.723772" lon="-74.04599"><time>2026-09-13T20:46:22Z</time></trkpt><trkpt lat="4.723772" lon="-74.04599"><time>2026-09-13T20:46:23Z</time></trkpt><trkpt lat="4.723772" lon="-74.04599"><time>2026-09-13T20:46:24Z</time></trkpt><trkpt lat="4.723772" lon="-74.04599"><ele>2562.8</ele><time>2026-09-13T20:46:25Z</time><extensions><gpxtpx:TrackPointExtension><gpxtpx:hr>78</gpxtpx:hr><gpxtpx:cad>73</gpxtpx:cad></gpxtpx:TrackPointExtension></extensions></trkpt><trkpt lat="4.723772" lon="-74.04599"><time>2026-09-13T20:46:26Z</time></trkpt><trkpt lat="4.723772" lon="-74.04599"><time>2026-09-13T20:46:27Z</time></trkpt><trkpt lat="4.723772" lon="-74.04599"><time>2026-09-13T20:46:28Z</time></trkpt><trkpt lat="4.723772" lon="-74.04599"><time>2026-09-13T20:46:29Z</time></trkpt><trkpt lat="4.723772" lon="-74.04599"><ele>2562.8</ele><time>2026-09-13T20:46:30Z</time><extensions><gpxtpx:TrackPointExtension><gpxtpx:hr>77</gpxtpx:hr><gpxtpx:cad>82</gpxtpx:cad></gpxtpx:TrackPointExtension></extensions></trkpt><trkpt lat="4.723772" lon="-74.04599"><time>2026-09-13T20:46:31Z</time></trkpt><trkpt lat="4.723772" lon="-74.04599"><time>2026-09-13T20:46:32Z</time></trkpt><trkpt lat="4.723772" lon="-74.04599"><time>2026-09-13T20:46:33Z</time></trkpt><trkpt lat="4.723772" lon="-74.04599"><time>2026-09-13T20:46:34Z</time></trkpt><trkpt lat="4.723772" lon="-74.04599"><ele>2562.8</ele><time>2026-09-13T20:46:35Z</time><extensions><gpxtpx:TrackPointExtension><gpxtpx:hr>78</gpxtpx:hr><gpxtpx:cad>87</gpxtpx:cad></gpxtpx:TrackPointExtension></extensions></trkpt><trkpt lat="4.723772" lon="-74.04599"><time>2026-09-13T20:46:36Z</time></trkpt><trkpt lat="4.723772" lon="-74.04599"><time>2026-09-13T20:46:37Z</time></trkpt><trkpt lat="4.723772" lon="-74.04599"><time>2026-09-13T20:46:38Z</time></trkpt><trkpt lat="4.723772" lon="-74.04599"><time>2026-09-13T20:46:39Z</time></trkpt><trkpt lat="4.723772" lon="-74.04599"><ele>2562.8</ele><time>2026-09-13T20:46:40Z</time><extensions><gpxtpx:TrackPointExtension><gpxtpx:hr>79</gpxtpx:hr><gpxtpx:cad>86</gpxtpx:cad></gpxtpx:TrackPointExtension></extensions></trkpt><trkpt lat="4.723772" lon="-74.04599"><time>2026-09-13T20:46:41Z</time></trkpt><trkpt lat="4.723772" lon="-74.04599"><time>2026-09-13T20:46:42Z</time></trkpt><trkpt lat="4.723772" lon="-74.04599"><time>2026-09-13T20:46:43Z</time></trkpt><trkpt lat="4.723772" lon="-74.04599"><time>2026-09-13T20:46:44Z</time></trkpt><trkpt lat="4.723772" lon="-74.04599"><ele>2562.8</ele><time>2026-09-13T20:46:45Z</time><extensions><gpxtpx:TrackPointExtension><gpxtpx:hr>80</gpxtpx:hr><gpxtpx:cad>82</gpxtpx:cad></gpxtpx:TrackPointExtension></extensions></trkpt><trkpt lat="4.723772" lon="-74.04599"><time>2026-09-13T20:46:46Z</time></trkpt><trkpt lat="4.723772" lon="-74.04599"><time>2026-09-13T20:46:47Z</time></trkpt><trkpt lat="4.723772" lon="-74.04599"><time>2026-09-13T20:46:48Z</time></trkpt><trkpt lat="4.723772" lon="-74.04599"><time>2026-09-13T20:46:49Z</time></trkpt><trkpt lat="4.723772" lon="-74.04599"><ele>2562.9</ele><time>2026-09-13T20:46:50Z</time><extensions><gpxtpx:TrackPointExtension><gpxtpx:hr>83</gpxtpx:hr><gpxtpx:cad>31</gpxtpx:cad></gpxtpx:TrackPointExtension></extensions></trkpt><trkpt lat="4.723772" lon="-74.04599"><time>2026-09-13T20:46:51Z</time></trkpt><trkpt lat="4.723772" lon="-74.04599"><time>2026-09-13T20:46:52Z</time></trkpt><trkpt lat="4.723772" lon="-74.04599"><time>2026-09-13T20:46:53Z</time></trkpt><trkpt lat="4.723772" lon="-74.04599"><time>2026-09-13T20:46:54Z</time></trkpt><trkpt lat="4.723772" lon="-74.04599"><ele>2562.9</ele><time>2026-09-13T20:46:55Z</time><extensions><gpxtpx:TrackPointExtension><gpxtpx:hr>85</gpxtpx:hr></gpxtpx:TrackPointExtension></extensions></trkpt><trkpt lat="4.723772" lon="-74.04599"><time>2026-09-13T20:46:56Z</time></trkpt><trkpt lat="4.723772" lon="-74.04599"><time>2026-09-13T20:46:57Z</time></trkpt><trkpt lat="4.723772" lon="-74.04599"><time>2026-09-13T20:46:58Z</time></trkpt><trkpt lat="4.723772" lon="-74.04599"><time>2026-09-13T20:46:59Z</time></trkpt><trkpt lat="4.723772" lon="-74.04599"><ele>2563.0</ele><time>2026-09-13T20:47:00Z</time><extensions><gpxtpx:TrackPointExtension><gpxtpx:hr>86</gpxtpx:hr></gpxtpx:TrackPointExtension></extensions></trkpt><trkpt lat="4.723772" lon="-74.04599"><time>2026-09-13T20:47:01Z</time></trkpt><trkpt lat="4.723772" lon="-74.04599"><time>2026-09-13T20:47:02Z</time></trkpt><trkpt lat="4.723772" lon="-74.04599"><time>2026-09-13T20:47:03Z</time></trkpt><trkpt lat="4.723772" lon="-74.04599"><time>2026-09-13T20:47:04Z</time></trkpt><trkpt lat="4.723772" lon="-74.04599"><ele>2563.0</ele><time>2026-09-13T20:47:05Z</time><extensions><gpxtpx:TrackPointExtension><gpxtpx:hr>83</gpxtpx:hr></gpxtpx:TrackPointExtension></extensions></trkpt><trkpt lat="4.723772" lon="-74.04599"><time>2026-09-13T20:47:06Z</time></trkpt><trkpt lat="4.723772" lon="-74.04599"><time>2026-09-13T20:47:07Z</time></trkpt><trkpt lat="4.723772" lon="-74.04599"><time>2026-09-13T20:47:08Z</time></trkpt><trkpt lat="4.723772" lon="-74.04599"><time>2026-09-13T20:47:09Z</time></trkpt><trkpt lat="4.723772" lon="-74.04599"><ele>2563.0</ele><time>2026-09-13T20:47:10Z</time><extensions><gpxtpx:TrackPointExtension><gpxtpx:hr>82</gpxtpx:hr></gpxtpx:TrackPointExtension></extensions></trkpt><trkpt lat="4.723772" lon="-74.04599"><time>2026-09-13T20:47:11Z</time></trkpt><trkpt lat="4.723772" lon="-74.04599"><time>2026-09-13T20:47:12Z</time></trkpt><trkpt lat="4.723772" lon="-74.04599"><time>2026-09-13T20:47:13Z</time></trkpt><trkpt lat="4.723772" lon="-74.04599"><time>2026-09-13T20:47:14Z</time></trkpt><trkpt lat="4.723772" lon="-74.04599"><ele>2563.0</ele><time>2026-09-13T20:47:15Z</time><extensions><gpxtpx:TrackPointExtension><gpxtpx:hr>82</gpxtpx:hr></gpxtpx:TrackPointExtension></extensions></trkpt><trkpt lat="4.723772" lon="-74.04599"><time>2026-09-13T20:47:16Z</time></trkpt><trkpt lat="4.723772" lon="-74.04599"><time>2026-09-13T20:47:17Z</time></trkpt><trkpt lat="4.723772" lon="-74.04599"><time>2026-09-13T20:47:18Z</time></trkpt><trkpt lat="4.723772" lon="-74.04599"><time>2026-09-13T20:47:19Z</time></trkpt><trkpt lat="4.723772" lon="-74.04599"><ele>2563.1</ele><time>2026-09-13T20:47:20Z</time><extensions><gpxtpx:TrackPointExtension><gpxtpx:hr>82</gpxtpx:hr></gpxtpx:TrackPointExtension></extensions></trkpt><trkpt lat="4.723772" lon="-74.04599"><time>2026-09-13T20:47:21Z</time></trkpt><trkpt lat="4.723772" lon="-74.04599"><time>2026-09-13T20:47:22Z</time></trkpt><trkpt lat="4.723772" lon="-74.04599"><time>2026-09-13T20:47:23Z</time></trkpt><trkpt lat="4.723772" lon="-74.04599"><time>2026-09-13T20:47:24Z</time></trkpt><trkpt lat="4.723772" lon="-74.04599"><ele>2563.1</ele><time>2026-09-13T20:47:25Z</time><extensions><gpxtpx:TrackPointExtension><gpxtpx:hr>83</gpxtpx:hr><gpxtpx:cad>88</gpxtpx:cad></gpxtpx:TrackPointExtension></extensions></trkpt><trkpt lat="4.723772" lon="-74.04599"><time>2026-09-13T20:47:26Z</time></trkpt><trkpt lat="4.723772" lon="-74.04599"><time>2026-09-13T20:47:27Z</time></trkpt><trkpt lat="4.723772" lon="-74.04599"><time>2026-09-13T20:47:28Z</time></trkpt><trkpt lat="4.723772" lon="-74.04599"><time>2026-09-13T20:47:29Z</time></trkpt><trkpt lat="4.723772" lon="-74.04599"><ele>2563.2</ele><time>2026-09-13T20:47:30Z</time><extensions><gpxtpx:TrackPointExtension><gpxtpx:hr>81</gpxtpx:hr><gpxtpx:cad>95</gpxtpx:cad></gpxtpx:TrackPointExtension></extensions></trkpt><trkpt lat="4.723772" lon="-74.04599"><time>2026-09-13T20:47:31Z</time></trkpt><trkpt lat="4.723772" lon="-74.04599"><time>2026-09-13T20:47:32Z</time></trkpt><trkpt lat="4.723772" lon="-74.04599"><time>2026-09-13T20:47:33Z</time></trkpt><trkpt lat="4.723772" lon="-74.04599"><time>2026-09-13T20:47:34Z</time></trkpt><trkpt lat="4.723772" lon="-74.04599"><ele>2563.0</ele><time>2026-09-13T20:47:35Z</time><extensions><gpxtpx:TrackPointExtension><gpxtpx:hr>81</gpxtpx:hr><gpxtpx:cad>92</gpxtpx:cad></gpxtpx:TrackPointExtension></extensions></trkpt><trkpt lat="4.723772" lon="-74.04599"><time>2026-09-13T20:47:36Z</time></trkpt><trkpt lat="4.723772" lon="-74.04599"><time>2026-09-13T20:47:37Z</time></trkpt><trkpt lat="4.723772" lon="-74.04599"><time>2026-09-13T20:47:38Z</time></trkpt><trkpt lat="4.723772" lon="-74.04599"><time>2026-09-13T20:47:39Z</time></trkpt><trkpt lat="4.723772" lon="-74.04599"><ele>2562.9</ele><time>2026-09-13T20:47:40Z</time><extensions><gpxtpx:TrackPointExtension><gpxtpx:hr>80</gpxtpx:hr><gpxtpx:cad>90</gpxtpx:cad></gpxtpx:TrackPointExtension></extensions></trkpt><trkpt lat="4.723772" lon="-74.04599"><time>2026-09-13T20:47:41Z</time></trkpt><trkpt lat="4.723772" lon="-74.04599"><time>2026-09-13T20:47:42Z</time></trkpt><trkpt lat="4.723772" lon="-74.04599"><time>2026-09-13T20:47:43Z</time></trkpt><trkpt lat="4.723772" lon="-74.04599"><time>2026-09-13T20:47:44Z</time></trkpt><trkpt lat="4.723772" lon="-74.04599"><ele>2562.7</ele><time>2026-09-13T20:47:45Z</time><extensions><gpxtpx:TrackPointExtension><gpxtpx:hr>78</gpxtpx:hr><gpxtpx:cad>90</gpxtpx:cad></gpxtpx:TrackPointExtension></extensions></trkpt><trkpt lat="4.723772" lon="-74.04599"><time>2026-09-13T20:47:46Z</time></trkpt><trkpt lat="4.723772" lon="-74.04599"><time>2026-09-13T20:47:47Z</time></trkpt><trkpt lat="4.723772" lon="-74.04599"><time>2026-09-13T20:47:48Z</time></trkpt><trkpt lat="4.723772" lon="-74.04599"><time>2026-09-13T20:47:49Z</time></trkpt><trkpt lat="4.723772" lon="-74.04599"><ele>2562.6</ele><time>2026-09-13T20:47:50Z</time><extensions><gpxtpx:TrackPointExtension><gpxtpx:hr>76</gpxtpx:hr><gpxtpx:cad>97</gpxtpx:cad></gpxtpx:TrackPointExtension></extensions></trkpt><trkpt lat="4.723772" lon="-74.04599"><time>2026-09-13T20:47:51Z</time></trkpt><trkpt lat="4.723772" lon="-74.04599"><time>2026-09-13T20:47:52Z</time></trkpt><trkpt lat="4.723772" lon="-74.04599"><time>2026-09-13T20:47:53Z</time></trkpt><trkpt lat="4.723772" lon="-74.04599"><time>2026-09-13T20:47:54Z</time></trkpt><trkpt lat="4.723772" lon="-74.04599"><ele>2562.6</ele><time>2026-09-13T20:47:55Z</time><extensions><gpxtpx:TrackPointExtension><gpxtpx:hr>79</gpxtpx:hr><gpxtpx:cad>99</gpxtpx:cad></gpxtpx:TrackPointExtension></extensions></trkpt><trkpt lat="4.723772" lon="-74.04599"><time>2026-09-13T20:47:56Z</time></trkpt><trkpt lat="4.723772" lon="-74.04599"><time>2026-09-13T20:47:57Z</time></trkpt><trkpt lat="4.723772" lon="-74.04599"><time>2026-09-13T20:47:58Z</time></trkpt><trkpt lat="4.723772" lon="-74.04599"><time>2026-09-13T20:47:59Z</time></trkpt><trkpt lat="4.723772" lon="-74.04599"><ele>2562.8</ele><time>2026-09-13T20:48:00Z</time><extensions><gpxtpx:TrackPointExtension><gpxtpx:hr>80</gpxtpx:hr></gpxtpx:TrackPointExtension></extensions></trkpt><trkpt lat="4.723772" lon="-74.04599"><time>2026-09-13T20:48:01Z</time></trkpt><trkpt lat="4.723772" lon="-74.04599"><time>2026-09-13T20:48:02Z</time></trkpt><trkpt lat="4.723772" lon="-74.04599"><time>2026-09-13T20:48:03Z</time></trkpt><trkpt lat="4.723772" lon="-74.04599"><time>2026-09-13T20:48:04Z</time></trkpt><trkpt lat="4.723772" lon="-74.04599"><ele>2562.9</ele><time>2026-09-13T20:48:05Z</time><extensions><gpxtpx:TrackPointExtension><gpxtpx:hr>82</gpxtpx:hr></gpxtpx:TrackPointExtension></extensions></trkpt><trkpt lat="4.723772" lon="-74.04599"><time>2026-09-13T20:48:06Z</time></trkpt><trkpt lat="4.723772" lon="-74.04599"><time>2026-09-13T20:48:07Z</time></trkpt><trkpt lat="4.723772" lon="-74.04599"><time>2026-09-13T20:48:08Z</time></trkpt><trkpt lat="4.723772" lon="-74.04599"><time>2026-09-13T20:48:09Z</time></trkpt><trkpt lat="4.723772" lon="-74.04599"><ele>2562.9</ele><time>2026-09-13T20:48:10Z</time><extensions><gpxtpx:TrackPointExtension><gpxtpx:hr>86</gpxtpx:hr></gpxtpx:TrackPointExtension></extensions></trkpt><trkpt lat="4.723772" lon="-74.04599"><time>2026-09-13T20:48:11Z</time></trkpt><trkpt lat="4.723772" lon="-74.04599"><time>2026-09-13T20:48:12Z</time></trkpt><trkpt lat="4.723772" lon="-74.04599"><time>2026-09-13T20:48:13Z</time></trkpt><trkpt lat="4.723772" lon="-74.04599"><time>2026-09-13T20:48:14Z</time></trkpt><trkpt lat="4.723772" lon="-74.04599"><ele>2562.8</ele><time>2026-09-13T20:48:15Z</time><extensions><gpxtpx:TrackPointExtension><gpxtpx:hr>86</gpxtpx:hr></gpxtpx:TrackPointExtension></extensions></trkpt><trkpt lat="4.723772" lon="-74.04599"><time>2026-09-13T20:48:16Z</time></trkpt><trkpt lat="4.723772" lon="-74.04599"><time>2026-09-13T20:48:17Z</time></trkpt><trkpt lat="4.723772" lon="-74.04599"><time>2026-09-13T20:48:18Z</time></trkpt><trkpt lat="4.723772" lon="-74.04599"><time>2026-09-13T20:48:19Z</time></trkpt><trkpt lat="4.723772" lon="-74.04599"><ele>2562.7</ele><time>2026-09-13T20:48:20Z</time><extensions><gpxtpx:TrackPointExtension><gpxtpx:hr>87</gpxtpx:hr></gpxtpx:TrackPointExtension></extensions></trkpt><trkpt lat="4.723772" lon="-74.04599"><time>2026-09-13T20:48:21Z</time></trkpt><trkpt lat="4.723772" lon="-74.04599"><time>2026-09-13T20:48:22Z</time></trkpt><trkpt lat="4.723772" lon="-74.04599"><time>2026-09-13T20:48:23Z</time></trkpt><trkpt lat="4.723772" lon="-74.04599"><time>2026-09-13T20:48:24Z</time></trkpt><trkpt lat="4.723772" lon="-74.04599"><ele>2562.7</ele><time>2026-09-13T20:48:25Z</time><extensions><gpxtpx:TrackPointExtension><gpxtpx:hr>84</gpxtpx:hr><gpxtpx:cad>90</gpxtpx:cad></gpxtpx:TrackPointExtension></extensions></trkpt><trkpt lat="4.723772" lon="-74.04599"><time>2026-09-13T20:48:26Z</time></trkpt><trkpt lat="4.723772" lon="-74.04599"><time>2026-09-13T20:48:27Z</time></trkpt><trkpt lat="4.723772" lon="-74.04599"><time>2026-09-13T20:48:28Z</time></trkpt><trkpt lat="4.723772" lon="-74.04599"><time>2026-09-13T20:48:29Z</time></trkpt><trkpt lat="4.723772" lon="-74.04599"><ele>2562.7</ele><time>2026-09-13T20:48:30Z</time><extensions><gpxtpx:TrackPointExtension><gpxtpx:hr>85</gpxtpx:hr><gpxtpx:cad>94</gpxtpx:cad></gpxtpx:TrackPointExtension></extensions></trkpt><trkpt lat="4.723772" lon="-74.04599"><time>2026-09-13T20:48:31Z</time></trkpt><trkpt lat="4.723772" lon="-74.04599"><time>2026-09-13T20:48:32Z</time></trkpt><trkpt lat="4.723772" lon="-74.04599"><time>2026-09-13T20:48:33Z</time></trkpt><trkpt lat="4.723772" lon="-74.04599"><time>2026-09-13T20:48:34Z</time></trkpt><trkpt lat="4.723772" lon="-74.04599"><ele>2562.9</ele><time>2026-09-13T20:48:35Z</time><extensions><gpxtpx:TrackPointExtension><gpxtpx:hr>87</gpxtpx:hr><gpxtpx:cad>107</gpxtpx:cad></gpxtpx:TrackPointExtension></extensions></trkpt><trkpt lat="4.723772" lon="-74.04599"><time>2026-09-13T20:48:36Z</time></trkpt><trkpt lat="4.723772" lon="-74.04599"><time>2026-09-13T20:48:37Z</time></trkpt><trkpt lat="4.723772" lon="-74.04599"><time>2026-09-13T20:48:38Z</time></trkpt><trkpt lat="4.723772" lon="-74.04599"><time>2026-09-13T20:48:39Z</time></trkpt><trkpt lat="4.723772" lon="-74.04599"><ele>2563.0</ele><time>2026-09-13T20:48:40Z</time><extensions><gpxtpx:TrackPointExtension><gpxtpx:hr>88</gpxtpx:hr><gpxtpx:cad>98</gpxtpx:cad></gpxtpx:TrackPointExtension></extensions></trkpt><trkpt lat="4.723772" lon="-74.04599"><time>2026-09-13T20:48:41Z</time></trkpt><trkpt lat="4.723772" lon="-74.04599"><time>2026-09-13T20:48:42Z</time></trkpt><trkpt lat="4.723772" lon="-74.04599"><time>2026-09-13T20:48:43Z</time></trkpt><trkpt lat="4.723772" lon="-74.04599"><time>2026-09-13T20:48:44Z</time></trkpt><trkpt lat="4.723772" lon="-74.04599"><ele>2563.7</ele><time>2026-09-13T20:48:45Z</time><extensions><gpxtpx:TrackPointExtension><gpxtpx:hr>91</gpxtpx:hr><gpxtpx:cad>96</gpxtpx:cad></gpxtpx:TrackPointExtension></extensions></trkpt><trkpt lat="4.723772" lon="-74.04599"><time>2026-09-13T20:48:46Z</time></trkpt><trkpt lat="4.723772" lon="-74.04599"><time>2026-09-13T20:48:47Z</time></trkpt><trkpt lat="4.723772" lon="-74.04599"><time>2026-09-13T20:48:48Z</time></trkpt><trkpt lat="4.723772" lon="-74.04599"><time>2026-09-13T20:48:49Z</time></trkpt><trkpt lat="4.723772" lon="-74.04599"><ele>2564.6</ele><time>2026-09-13T20:48:50Z</time><extensions><gpxtpx:TrackPointExtension><gpxtpx:hr>94</gpxtpx:hr><gpxtpx:cad>91</gpxtpx:cad></gpxtpx:TrackPointExtension></extensions></trkpt><trkpt lat="4.723772" lon="-74.04599"><time>2026-09-13T20:48:51Z</time></trkpt><trkpt lat="4.723772" lon="-74.04599"><time>2026-09-13T20:48:52Z</time></trkpt><trkpt lat="4.723772" lon="-74.04599"><time>2026-09-13T20:48:53Z</time></trkpt><trkpt lat="4.723772" lon="-74.04599"><time>2026-09-13T20:48:54Z</time></trkpt><trkpt lat="4.723772" lon="-74.04599"><ele>2565.0</ele><time>2026-09-13T20:48:55Z</time><extensions><gpxtpx:TrackPointExtension><gpxtpx:hr>99</gpxtpx:hr><gpxtpx:cad>86</gpxtpx:cad></gpxtpx:TrackPointExtension></extensions></trkpt><trkpt lat="4.723772" lon="-74.04599"><time>2026-09-13T20:48:56Z</time></trkpt><trkpt lat="4.723772" lon="-74.04599"><time>2026-09-13T20:48:57Z</time></trkpt><trkpt lat="4.723772" lon="-74.04599"><time>2026-09-13T20:48:58Z</time></trkpt><trkpt lat="4.723772" lon="-74.04599"><time>2026-09-13T20:48:59Z</time></trkpt><trkpt lat="4.723772" lon="-74.04599"><ele>2565.7</ele><time>2026-09-13T20:49:00Z</time><extensions><gpxtpx:TrackPointExtension><gpxtpx:hr>101</gpxtpx:hr><gpxtpx:cad>103</gpxtpx:cad></gpxtpx:TrackPointExtension></extensions></trkpt><trkpt lat="4.723772" lon="-74.04599"><time>2026-09-13T20:49:01Z</time></trkpt><trkpt lat="4.723772" lon="-74.04599"><time>2026-09-13T20:49:02Z</time></trkpt><trkpt lat="4.723772" lon="-74.04599"><time>2026-09-13T20:49:03Z</time></trkpt><trkpt lat="4.723772" lon="-74.04599"><time>2026-09-13T20:49:04Z</time></trkpt><trkpt lat="4.723772" lon="-74.04599"><ele>2566.0</ele><time>2026-09-13T20:49:05Z</time><extensions><gpxtpx:TrackPointExtension><gpxtpx:hr>101</gpxtpx:hr><gpxtpx:cad>115</gpxtpx:cad></gpxtpx:TrackPointExtension></extensions></trkpt><trkpt lat="4.723772" lon="-74.04599"><time>2026-09-13T20:49:06Z</time></trkpt><trkpt lat="4.723772" lon="-74.04599"><time>2026-09-13T20:49:07Z</time></trkpt><trkpt lat="4.723772" lon="-74.04599"><time>2026-09-13T20:49:08Z</time></trkpt><trkpt lat="4.723772" lon="-74.04599"><time>2026-09-13T20:49:09Z</time></trkpt><trkpt lat="4.723772" lon="-74.04599"><ele>2566.1</ele><time>2026-09-13T20:49:10Z</time><extensions><gpxtpx:TrackPointExtension><gpxtpx:hr>102</gpxtpx:hr><gpxtpx:cad>110</gpxtpx:cad></gpxtpx:TrackPointExtension></extensions></trkpt><trkpt lat="4.723772" lon="-74.04599"><time>2026-09-13T20:49:11Z</time></trkpt><trkpt lat="4.723772" lon="-74.04599"><time>2026-09-13T20:49:12Z</time></trkpt><trkpt lat="4.723772" lon="-74.04599"><time>2026-09-13T20:49:13Z</time></trkpt><trkpt lat="4.723772" lon="-74.04599"><time>2026-09-13T20:49:14Z</time></trkpt><trkpt lat="4.723772" lon="-74.04599"><ele>2566.0</ele><time>2026-09-13T20:49:15Z</time><extensions><gpxtpx:TrackPointExtension><gpxtpx:hr>100</gpxtpx:hr><gpxtpx:cad>111</gpxtpx:cad></gpxtpx:TrackPointExtension></extensions></trkpt><trkpt lat="4.723772" lon="-74.04599"><time>2026-09-13T20:49:16Z</time></trkpt><trkpt lat="4.723772" lon="-74.04599"><time>2026-09-13T20:49:17Z</time></trkpt><trkpt lat="4.723772" lon="-74.04599"><time>2026-09-13T20:49:18Z</time></trkpt><trkpt lat="4.723772" lon="-74.04599"><time>2026-09-13T20:49:19Z</time></trkpt><trkpt lat="4.723772" lon="-74.04599"><ele>2565.8</ele><time>2026-09-13T20:49:20Z</time><extensions><gpxtpx:TrackPointExtension><gpxtpx:hr>98</gpxtpx:hr><gpxtpx:cad>109</gpxtpx:cad></gpxtpx:TrackPointExtension></extensions></trkpt><trkpt lat="4.723772" lon="-74.04599"><time>2026-09-13T20:49:21Z</time></trkpt><trkpt lat="4.723772" lon="-74.04599"><time>2026-09-13T20:49:22Z</time></trkpt><trkpt lat="4.723772" lon="-74.04599"><time>2026-09-13T20:49:23Z</time></trkpt><trkpt lat="4.723772" lon="-74.04599"><time>2026-09-13T20:49:24Z</time></trkpt><trkpt lat="4.723772" lon="-74.04599"><ele>2565.7</ele><time>2026-09-13T20:49:25Z</time><extensions><gpxtpx:TrackPointExtension><gpxtpx:hr>97</gpxtpx:hr><gpxtpx:cad>103</gpxtpx:cad></gpxtpx:TrackPointExtension></extensions></trkpt><trkpt lat="4.723772" lon="-74.04599"><time>2026-09-13T20:49:26Z</time></trkpt><trkpt lat="4.723772" lon="-74.04599"><time>2026-09-13T20:49:27Z</time></trkpt><trkpt lat="4.723772" lon="-74.04599"><time>2026-09-13T20:49:28Z</time></trkpt><trkpt lat="4.723772" lon="-74.04599"><time>2026-09-13T20:49:29Z</time></trkpt><trkpt lat="4.723772" lon="-74.04599"><ele>2565.6</ele><time>2026-09-13T20:49:30Z</time><extensions><gpxtpx:TrackPointExtension><gpxtpx:hr>93</gpxtpx:hr><gpxtpx:cad>95</gpxtpx:cad></gpxtpx:TrackPointExtension></extensions></trkpt><trkpt lat="4.723772" lon="-74.04599"><time>2026-09-13T20:49:31Z</time></trkpt><trkpt lat="4.723772" lon="-74.04599"><time>2026-09-13T20:49:32Z</time></trkpt><trkpt lat="4.723772" lon="-74.04599"><time>2026-09-13T20:49:33Z</time></trkpt><trkpt lat="4.723772" lon="-74.04599"><time>2026-09-13T20:49:34Z</time></trkpt><trkpt lat="4.723772" lon="-74.04599"><ele>2565.5</ele><time>2026-09-13T20:49:35Z</time><extensions><gpxtpx:TrackPointExtension><gpxtpx:hr>93</gpxtpx:hr><gpxtpx:cad>89</gpxtpx:cad></gpxtpx:TrackPointExtension></extensions></trkpt><trkpt lat="4.723772" lon="-74.04599"><time>2026-09-13T20:49:36Z</time></trkpt><trkpt lat="4.723772" lon="-74.04599"><time>2026-09-13T20:49:37Z</time></trkpt><trkpt lat="4.723772" lon="-74.04599"><time>2026-09-13T20:49:38Z</time></trkpt><trkpt lat="4.723772" lon="-74.04599"><time>2026-09-13T20:49:39Z</time></trkpt><trkpt lat="4.723772" lon="-74.04599"><ele>2565.5</ele><time>2026-09-13T20:49:40Z</time><extensions><gpxtpx:TrackPointExtension><gpxtpx:hr>93</gpxtpx:hr><gpxtpx:cad>98</gpxtpx:cad></gpxtpx:TrackPointExtension></extensions></trkpt><trkpt lat="4.723772" lon="-74.04599"><time>2026-09-13T20:49:41Z</time></trkpt><trkpt lat="4.723772" lon="-74.04599"><time>2026-09-13T20:49:42Z</time></trkpt><trkpt lat="4.723772" lon="-74.04599"><time>2026-09-13T20:49:43Z</time></trkpt><trkpt lat="4.723772" lon="-74.04599"><time>2026-09-13T20:49:44Z</time></trkpt><trkpt lat="4.723772" lon="-74.04599"><ele>2565.6</ele><time>2026-09-13T20:49:45Z</time><extensions><gpxtpx:TrackPointExtension><gpxtpx:hr>91</gpxtpx:hr></gpxtpx:TrackPointExtension></extensions></trkpt><trkpt lat="4.723772" lon="-74.04599"><time>2026-09-13T20:49:46Z</time></trkpt><trkpt lat="4.723772" lon="-74.04599"><time>2026-09-13T20:49:47Z</time></trkpt><trkpt lat="4.723772" lon="-74.04599"><time>2026-09-13T20:49:48Z</time></trkpt><trkpt lat="4.723772" lon="-74.04599"><time>2026-09-13T20:49:49Z</time></trkpt><trkpt lat="4.723772" lon="-74.04599"><ele>2565.6</ele><time>2026-09-13T20:49:50Z</time><extensions><gpxtpx:TrackPointExtension><gpxtpx:hr>84</gpxtpx:hr></gpxtpx:TrackPointExtension></extensions></trkpt><trkpt lat="4.723772" lon="-74.04599"><time>2026-09-13T20:49:51Z</time></trkpt><trkpt lat="4.723772" lon="-74.04599"><time>2026-09-13T20:49:52Z</time></trkpt><trkpt lat="4.723772" lon="-74.04599"><time>2026-09-13T20:49:53Z</time></trkpt><trkpt lat="4.723772" lon="-74.04599"><time>2026-09-13T20:49:54Z</time></trkpt><trkpt lat="4.723772" lon="-74.04599"><ele>2565.6</ele><time>2026-09-13T20:49:55Z</time><extensions><gpxtpx:TrackPointExtension><gpxtpx:hr>81</gpxtpx:hr></gpxtpx:TrackPointExtension></extensions></trkpt><trkpt lat="4.723772" lon="-74.04599"><time>2026-09-13T20:49:56Z</time></trkpt><trkpt lat="4.723772" lon="-74.04599"><time>2026-09-13T20:49:57Z</time></trkpt><trkpt lat="4.723772" lon="-74.04599"><time>2026-09-13T20:49:58Z</time></trkpt><trkpt lat="4.723772" lon="-74.04599"><time>2026-09-13T20:49:59Z</time></trkpt><trkpt lat="4.723772" lon="-74.04599"><ele>2565.6</ele><time>2026-09-13T20:50:00Z</time><extensions><gpxtpx:TrackPointExtension><gpxtpx:hr>82</gpxtpx:hr><gpxtpx:cad>77</gpxtpx:cad></gpxtpx:TrackPointExtension></extensions></trkpt><trkpt lat="4.723772" lon="-74.04599"><time>2026-09-13T20:50:01Z</time></trkpt><trkpt lat="4.723772" lon="-74.04599"><time>2026-09-13T20:50:02Z</time></trkpt><trkpt lat="4.723772" lon="-74.04599"><time>2026-09-13T20:50:03Z</time></trkpt><trkpt lat="4.723772" lon="-74.04599"><time>2026-09-13T20:50:04Z</time></trkpt><trkpt lat="4.723772" lon="-74.04599"><ele>2565.8</ele><time>2026-09-13T20:50:05Z</time><extensions><gpxtpx:TrackPointExtension><gpxtpx:hr>84</gpxtpx:hr><gpxtpx:cad>107</gpxtpx:cad></gpxtpx:TrackPointExtension></extensions></trkpt><trkpt lat="4.723772" lon="-74.04599"><time>2026-09-13T20:50:06Z</time></trkpt><trkpt lat="4.723772" lon="-74.04599"><time>2026-09-13T20:50:07Z</time></trkpt><trkpt lat="4.723772" lon="-74.04599"><time>2026-09-13T20:50:08Z</time></trkpt><trkpt lat="4.723772" lon="-74.04599"><time>2026-09-13T20:50:09Z</time></trkpt><trkpt lat="4.723772" lon="-74.04599"><ele>2565.8</ele><time>2026-09-13T20:50:10Z</time><extensions><gpxtpx:TrackPointExtension><gpxtpx:hr>85</gpxtpx:hr><gpxtpx:cad>99</gpxtpx:cad></gpxtpx:TrackPointExtension></extensions></trkpt><trkpt lat="4.723772" lon="-74.04599"><time>2026-09-13T20:50:11Z</time></trkpt><trkpt lat="4.723772" lon="-74.04599"><time>2026-09-13T20:50:12Z</time></trkpt><trkpt lat="4.723772" lon="-74.04599"><time>2026-09-13T20:50:13Z</time></trkpt><trkpt lat="4.723772" lon="-74.04599"><time>2026-09-13T20:50:14Z</time></trkpt><trkpt lat="4.723772" lon="-74.04599"><ele>2565.9</ele><time>2026-09-13T20:50:15Z</time><extensions><gpxtpx:TrackPointExtension><gpxtpx:hr>82</gpxtpx:hr><gpxtpx:cad>91</gpxtpx:cad></gpxtpx:TrackPointExtension></extensions></trkpt><trkpt lat="4.723772" lon="-74.04599"><time>2026-09-13T20:50:16Z</time></trkpt><trkpt lat="4.723772" lon="-74.04599"><time>2026-09-13T20:50:17Z</time></trkpt><trkpt lat="4.723772" lon="-74.04599"><time>2026-09-13T20:50:18Z</time></trkpt><trkpt lat="4.723772" lon="-74.04599"><time>2026-09-13T20:50:19Z</time></trkpt><trkpt lat="4.723772" lon="-74.04599"><ele>2566.0</ele><time>2026-09-13T20:50:20Z</time><extensions><gpxtpx:TrackPointExtension><gpxtpx:hr>78</gpxtpx:hr><gpxtpx:cad>87</gpxtpx:cad></gpxtpx:TrackPointExtension></extensions></trkpt><trkpt lat="4.723772" lon="-74.04599"><time>2026-09-13T20:50:21Z</time></trkpt><trkpt lat="4.723772" lon="-74.04599"><time>2026-09-13T20:50:22Z</time></trkpt><trkpt lat="4.723772" lon="-74.04599"><time>2026-09-13T20:50:23Z</time></trkpt><trkpt lat="4.723772" lon="-74.04599"><time>2026-09-13T20:50:24Z</time></trkpt><trkpt lat="4.723772" lon="-74.04599"><ele>2566.0</ele><time>2026-09-13T20:50:25Z</time><extensions><gpxtpx:TrackPointExtension><gpxtpx:hr>79</gpxtpx:hr><gpxtpx:cad>80</gpxtpx:cad></gpxtpx:TrackPointExtension></extensions></trkpt><trkpt lat="4.723772" lon="-74.04599"><time>2026-09-13T20:50:26Z</time></trkpt><trkpt lat="4.723772" lon="-74.04599"><time>2026-09-13T20:50:27Z</time></trkpt><trkpt lat="4.723772" lon="-74.04599"><time>2026-09-13T20:50:28Z</time></trkpt><trkpt lat="4.723772" lon="-74.04599"><time>2026-09-13T20:50:29Z</time></trkpt><trkpt lat="4.723772" lon="-74.04599"><ele>2566.0</ele><time>2026-09-13T20:50:30Z</time><extensions><gpxtpx:TrackPointExtension><gpxtpx:hr>78</gpxtpx:hr></gpxtpx:TrackPointExtension></extensions></trkpt><trkpt lat="4.723772" lon="-74.04599"><time>2026-09-13T20:50:31Z</time></trkpt><trkpt lat="4.723772" lon="-74.04599"><time>2026-09-13T20:50:32Z</time></trkpt><trkpt lat="4.723772" lon="-74.04599"><time>2026-09-13T20:50:33Z</time></trkpt><trkpt lat="4.723772" lon="-74.04599"><time>2026-09-13T20:50:34Z</time></trkpt><trkpt lat="4.723772" lon="-74.04599"><ele>2566.1</ele><time>2026-09-13T20:50:35Z</time><extensions><gpxtpx:TrackPointExtension><gpxtpx:hr>79</gpxtpx:hr><gpxtpx:cad>66</gpxtpx:cad></gpxtpx:TrackPointExtension></extensions></trkpt><trkpt lat="4.723772" lon="-74.04599"><time>2026-09-13T20:50:36Z</time></trkpt><trkpt lat="4.723772" lon="-74.04599"><time>2026-09-13T20:50:37Z</time></trkpt><trkpt lat="4.723772" lon="-74.04599"><time>2026-09-13T20:50:38Z</time></trkpt><trkpt lat="4.723772" lon="-74.04599"><time>2026-09-13T20:50:39Z</time></trkpt><trkpt lat="4.723772" lon="-74.04599"><ele>2566.1</ele><time>2026-09-13T20:50:40Z</time><extensions><gpxtpx:TrackPointExtension><gpxtpx:hr>81</gpxtpx:hr><gpxtpx:cad>90</gpxtpx:cad></gpxtpx:TrackPointExtension></extensions></trkpt><trkpt lat="4.723772" lon="-74.04599"><time>2026-09-13T20:50:41Z</time></trkpt><trkpt lat="4.723772" lon="-74.04599"><time>2026-09-13T20:50:42Z</time></trkpt><trkpt lat="4.723772" lon="-74.04599"><time>2026-09-13T20:50:43Z</time></trkpt><trkpt lat="4.723772" lon="-74.04599"><time>2026-09-13T20:50:44Z</time></trkpt><trkpt lat="4.723772" lon="-74.04599"><ele>2566.0</ele><time>2026-09-13T20:50:45Z</time><extensions><gpxtpx:TrackPointExtension><gpxtpx:hr>81</gpxtpx:hr></gpxtpx:TrackPointExtension></extensions></trkpt><trkpt lat="4.723772" lon="-74.04599"><time>2026-09-13T20:50:46Z</time></trkpt><trkpt lat="4.723772" lon="-74.04599"><time>2026-09-13T20:50:47Z</time></trkpt><trkpt lat="4.723772" lon="-74.04599"><time>2026-09-13T20:50:48Z</time></trkpt><trkpt lat="4.723772" lon="-74.04599"><time>2026-09-13T20:50:49Z</time></trkpt><trkpt lat="4.723772" lon="-74.04599"><ele>2565.7</ele><time>2026-09-13T20:50:50Z</time><extensions><gpxtpx:TrackPointExtension><gpxtpx:hr>79</gpxtpx:hr><gpxtpx:cad>89</gpxtpx:cad></gpxtpx:TrackPointExtension></extensions></trkpt><trkpt lat="4.723772" lon="-74.04599"><time>2026-09-13T20:50:51Z</time></trkpt><trkpt lat="4.723772" lon="-74.04599"><time>2026-09-13T20:50:52Z</time></trkpt><trkpt lat="4.723772" lon="-74.04599"><time>2026-09-13T20:50:53Z</time></trkpt><trkpt lat="4.723772" lon="-74.04599"><time>2026-09-13T20:50:54Z</time></trkpt><trkpt lat="4.723772" lon="-74.04599"><ele>2565.6</ele><time>2026-09-13T20:50:55Z</time><extensions><gpxtpx:TrackPointExtension><gpxtpx:hr>75</gpxtpx:hr><gpxtpx:cad>92</gpxtpx:cad></gpxtpx:TrackPointExtension></extensions></trkpt><trkpt lat="4.723772" lon="-74.04599"><time>2026-09-13T20:50:56Z</time></trkpt><trkpt lat="4.723772" lon="-74.04599"><time>2026-09-13T20:50:57Z</time></trkpt><trkpt lat="4.723772" lon="-74.04599"><time>2026-09-13T20:50:58Z</time></trkpt><trkpt lat="4.723772" lon="-74.04599"><time>2026-09-13T20:50:59Z</time></trkpt><trkpt lat="4.723772" lon="-74.04599"><ele>2565.6</ele><time>2026-09-13T20:51:00Z</time><extensions><gpxtpx:TrackPointExtension><gpxtpx:hr>73</gpxtpx:hr><gpxtpx:cad>102</gpxtpx:cad></gpxtpx:TrackPointExtension></extensions></trkpt><trkpt lat="4.723772" lon="-74.04599"><time>2026-09-13T20:51:01Z</time></trkpt><trkpt lat="4.723772" lon="-74.04599"><time>2026-09-13T20:51:02Z</time></trkpt><trkpt lat="4.723772" lon="-74.04599"><time>2026-09-13T20:51:03Z</time></trkpt><trkpt lat="4.723772" lon="-74.04599"><time>2026-09-13T20:51:04Z</time></trkpt><trkpt lat="4.723772" lon="-74.04599"><ele>2565.4</ele><time>2026-09-13T20:51:05Z</time><extensions><gpxtpx:TrackPointExtension><gpxtpx:hr>73</gpxtpx:hr><gpxtpx:cad>109</gpxtpx:cad></gpxtpx:TrackPointExtension></extensions></trkpt><trkpt lat="4.723772" lon="-74.04599"><time>2026-09-13T20:51:06Z</time></trkpt><trkpt lat="4.723772" lon="-74.04599"><time>2026-09-13T20:51:07Z</time></trkpt><trkpt lat="4.723772" lon="-74.04599"><time>2026-09-13T20:51:08Z</time></trkpt><trkpt lat="4.723772" lon="-74.04599"><time>2026-09-13T20:51:09Z</time></trkpt><trkpt lat="4.723772" lon="-74.04599"><ele>2565.2</ele><time>2026-09-13T20:51:10Z</time><extensions><gpxtpx:TrackPointExtension><gpxtpx:hr>76</gpxtpx:hr><gpxtpx:cad>109</gpxtpx:cad></gpxtpx:TrackPointExtension></extensions></trkpt><trkpt lat="4.723772" lon="-74.04599"><time>2026-09-13T20:51:11Z</time></trkpt><trkpt lat="4.723772" lon="-74.04599"><time>2026-09-13T20:51:12Z</time></trkpt><trkpt lat="4.723772" lon="-74.04599"><time>2026-09-13T20:51:13Z</time></trkpt><trkpt lat="4.723772" lon="-74.04599"><time>2026-09-13T20:51:14Z</time></trkpt><trkpt lat="4.723772" lon="-74.04599"><ele>2564.4</ele><time>2026-09-13T20:51:15Z</time><extensions><gpxtpx:TrackPointExtension><gpxtpx:hr>79</gpxtpx:hr><gpxtpx:cad>105</gpxtpx:cad></gpxtpx:TrackPointExtension></extensions></trkpt><trkpt lat="4.723772" lon="-74.04599"><time>2026-09-13T20:51:16Z</time></trkpt><trkpt lat="4.723772" lon="-74.04599"><time>2026-09-13T20:51:17Z</time></trkpt><trkpt lat="4.723772" lon="-74.04599"><time>2026-09-13T20:51:18Z</time></trkpt><trkpt lat="4.723772" lon="-74.04599"><time>2026-09-13T20:51:19Z</time></trkpt><trkpt lat="4.723772" lon="-74.04599"><ele>2563.3</ele><time>2026-09-13T20:51:20Z</time><extensions><gpxtpx:TrackPointExtension><gpxtpx:hr>77</gpxtpx:hr><gpxtpx:cad>84</gpxtpx:cad></gpxtpx:TrackPointExtension></extensions></trkpt><trkpt lat="4.723772" lon="-74.04599"><time>2026-09-13T20:51:21Z</time></trkpt><trkpt lat="4.723772" lon="-74.04599"><time>2026-09-13T20:51:22Z</time></trkpt><trkpt lat="4.723772" lon="-74.04599"><time>2026-09-13T20:51:23Z</time></trkpt><trkpt lat="4.723772" lon="-74.04599"><time>2026-09-13T20:51:24Z</time></trkpt><trkpt lat="4.723772" lon="-74.04599"><ele>2562.9</ele><time>2026-09-13T20:51:25Z</time><extensions><gpxtpx:TrackPointExtension><gpxtpx:hr>77</gpxtpx:hr><gpxtpx:cad>95</gpxtpx:cad></gpxtpx:TrackPointExtension></extensions></trkpt><trkpt lat="4.723772" lon="-74.04599"><time>2026-09-13T20:51:26Z</time></trkpt><trkpt lat="4.723772" lon="-74.04599"><time>2026-09-13T20:51:27Z</time></trkpt><trkpt lat="4.723772" lon="-74.04599"><time>2026-09-13T20:51:28Z</time></trkpt><trkpt lat="4.723772" lon="-74.04599"><time>2026-09-13T20:51:29Z</time></trkpt><trkpt lat="4.723772" lon="-74.04599"><ele>2562.3</ele><time>2026-09-13T20:51:30Z</time><extensions><gpxtpx:TrackPointExtension><gpxtpx:hr>77</gpxtpx:hr><gpxtpx:cad>101</gpxtpx:cad></gpxtpx:TrackPointExtension></extensions></trkpt><trkpt lat="4.723772" lon="-74.04599"><time>2026-09-13T20:51:31Z</time></trkpt><trkpt lat="4.723772" lon="-74.04599"><time>2026-09-13T20:51:32Z</time></trkpt><trkpt lat="4.723772" lon="-74.04599"><time>2026-09-13T20:51:33Z</time></trkpt><trkpt lat="4.72379" lon="-74.046"><time>2026-09-13T20:51:34Z</time></trkpt><trkpt lat="4.723807" lon="-74.046005"><ele>2562.1</ele><time>2026-09-13T20:51:35Z</time><extensions><gpxtpx:TrackPointExtension><gpxtpx:hr>76</gpxtpx:hr><gpxtpx:cad>100</gpxtpx:cad></gpxtpx:TrackPointExtension></extensions></trkpt><trkpt lat="4.723824" lon="-74.046005"><time>2026-09-13T20:51:36Z</time></trkpt><trkpt lat="4.723841" lon="-74.04601"><time>2026-09-13T20:51:37Z</time></trkpt><trkpt lat="4.723859" lon="-74.04602"><time>2026-09-13T20:51:38Z</time></trkpt><trkpt lat="4.723876" lon="-74.04603"><time>2026-09-13T20:51:39Z</time></trkpt><trkpt lat="4.723893" lon="-74.046036"><ele>2562.1</ele><time>2026-09-13T20:51:40Z</time><extensions><gpxtpx:TrackPointExtension><gpxtpx:hr>74</gpxtpx:hr><gpxtpx:cad>99</gpxtpx:cad></gpxtpx:TrackPointExtension></extensions></trkpt><trkpt lat="4.72391" lon="-74.046036"><time>2026-09-13T20:51:41Z</time></trkpt><trkpt lat="4.723912" lon="-74.046036"><time>2026-09-13T20:51:42Z</time></trkpt><trkpt lat="4.723909" lon="-74.04604"><time>2026-09-13T20:51:43Z</time></trkpt><trkpt lat="4.723915" lon="-74.04604"><time>2026-09-13T20:51:44Z</time></trkpt><trkpt lat="4.723916" lon="-74.04604"><ele>2562.0</ele><time>2026-09-13T20:51:45Z</time><extensions><gpxtpx:TrackPointExtension><gpxtpx:hr>73</gpxtpx:hr><gpxtpx:cad>97</gpxtpx:cad></gpxtpx:TrackPointExtension></extensions></trkpt><trkpt lat="4.723921" lon="-74.046036"><time>2026-09-13T20:51:46Z</time></trkpt><trkpt lat="4.723924" lon="-74.046036"><time>2026-09-13T20:51:47Z</time></trkpt><trkpt lat="4.723935" lon="-74.04602"><time>2026-09-13T20:51:48Z</time></trkpt><trkpt lat="4.723944" lon="-74.04601"><time>2026-09-13T20:51:49Z</time></trkpt><trkpt lat="4.723948" lon="-74.046"><ele>2561.9</ele><time>2026-09-13T20:51:50Z</time><extensions><gpxtpx:TrackPointExtension><gpxtpx:hr>75</gpxtpx:hr><gpxtpx:cad>100</gpxtpx:cad></gpxtpx:TrackPointExtension></extensions></trkpt><trkpt lat="4.723953" lon="-74.04598"><time>2026-09-13T20:51:51Z</time></trkpt><trkpt lat="4.723971" lon="-74.04598"><time>2026-09-13T20:51:52Z</time></trkpt><trkpt lat="4.723984" lon="-74.04597"><time>2026-09-13T20:51:53Z</time></trkpt><trkpt lat="4.723984" lon="-74.04596"><time>2026-09-13T20:51:54Z</time></trkpt><trkpt lat="4.723982" lon="-74.04595"><ele>2561.9</ele><time>2026-09-13T20:51:55Z</time><extensions><gpxtpx:TrackPointExtension><gpxtpx:hr>73</gpxtpx:hr><gpxtpx:cad>100</gpxtpx:cad></gpxtpx:TrackPointExtension></extensions></trkpt><trkpt lat="4.723975" lon="-74.04595"><time>2026-09-13T20:51:56Z</time></trkpt><trkpt lat="4.72398" lon="-74.04595"><time>2026-09-13T20:51:57Z</time></trkpt><trkpt lat="4.723988" lon="-74.045944"><time>2026-09-13T20:51:58Z</time></trkpt><trkpt lat="4.724001" lon="-74.04594"><time>2026-09-13T20:51:59Z</time></trkpt><trkpt lat="4.724" lon="-74.04594"><ele>2562.0</ele><time>2026-09-13T20:52:00Z</time><extensions><gpxtpx:TrackPointExtension><gpxtpx:hr>72</gpxtpx:hr><gpxtpx:cad>97</gpxtpx:cad></gpxtpx:TrackPointExtension></extensions></trkpt><trkpt lat="4.724005" lon="-74.04593"><time>2026-09-13T20:52:01Z</time></trkpt><trkpt lat="4.724007" lon="-74.04592"><time>2026-09-13T20:52:02Z</time></trkpt><trkpt lat="4.724017" lon="-74.04592"><time>2026-09-13T20:52:03Z</time></trkpt><trkpt lat="4.724029" lon="-74.04591"><time>2026-09-13T20:52:04Z</time></trkpt><trkpt lat="4.724045" lon="-74.04591"><ele>2562.0</ele><time>2026-09-13T20:52:05Z</time><extensions><gpxtpx:TrackPointExtension><gpxtpx:hr>72</gpxtpx:hr><gpxtpx:cad>105</gpxtpx:cad></gpxtpx:TrackPointExtension></extensions></trkpt><trkpt lat="4.724055" lon="-74.04592"><time>2026-09-13T20:52:06Z</time></trkpt><trkpt lat="4.724061" lon="-74.04592"><time>2026-09-13T20:52:07Z</time></trkpt><trkpt lat="4.724075" lon="-74.04592"><time>2026-09-13T20:52:08Z</time></trkpt><trkpt lat="4.724084" lon="-74.04591"><time>2026-09-13T20:52:09Z</time></trkpt><trkpt lat="4.724085" lon="-74.045906"><ele>2562.0</ele><time>2026-09-13T20:52:10Z</time><extensions><gpxtpx:TrackPointExtension><gpxtpx:hr>75</gpxtpx:hr><gpxtpx:cad>106</gpxtpx:cad></gpxtpx:TrackPointExtension></extensions></trkpt><trkpt lat="4.724059" lon="-74.04588"><time>2026-09-13T20:52:11Z</time></trkpt><trkpt lat="4.724048" lon="-74.045876"><time>2026-09-13T20:52:12Z</time></trkpt><trkpt lat="4.724044" lon="-74.04587"><time>2026-09-13T20:52:13Z</time></trkpt><trkpt lat="4.724043" lon="-74.04586"><time>2026-09-13T20:52:14Z</time></trkpt><trkpt lat="4.724059" lon="-74.04586"><ele>2562.0</ele><time>2026-09-13T20:52:15Z</time><extensions><gpxtpx:TrackPointExtension><gpxtpx:hr>77</gpxtpx:hr><gpxtpx:cad>79</gpxtpx:cad></gpxtpx:TrackPointExtension></extensions></trkpt><trkpt lat="4.724063" lon="-74.04586"><time>2026-09-13T20:52:16Z</time></trkpt><trkpt lat="4.724067" lon="-74.04586"><time>2026-09-13T20:52:17Z</time></trkpt><trkpt lat="4.724078" lon="-74.04585"><time>2026-09-13T20:52:18Z</time></trkpt><trkpt lat="4.724075" lon="-74.04585"><time>2026-09-13T20:52:19Z</time></trkpt><trkpt lat="4.724073" lon="-74.04585"><ele>2562.0</ele><time>2026-09-13T20:52:20Z</time><extensions><gpxtpx:TrackPointExtension><gpxtpx:hr>79</gpxtpx:hr></gpxtpx:TrackPointExtension></extensions></trkpt><trkpt lat="4.724065" lon="-74.04586"><time>2026-09-13T20:52:21Z</time></trkpt><trkpt lat="4.724079" lon="-74.04587"><time>2026-09-13T20:52:22Z</time></trkpt><trkpt lat="4.724077" lon="-74.04587"><time>2026-09-13T20:52:23Z</time></trkpt><trkpt lat="4.724079" lon="-74.04586"><time>2026-09-13T20:52:24Z</time></trkpt><trkpt lat="4.724083" lon="-74.04587"><ele>2562.0</ele><time>2026-09-13T20:52:25Z</time><extensions><gpxtpx:TrackPointExtension><gpxtpx:hr>80</gpxtpx:hr></gpxtpx:TrackPointExtension></extensions></trkpt><trkpt lat="4.724095" lon="-74.04586"><time>2026-09-13T20:52:26Z</time></trkpt><trkpt lat="4.724096" lon="-74.04586"><time>2026-09-13T20:52:27Z</time></trkpt><trkpt lat="4.724103" lon="-74.04587"><time>2026-09-13T20:52:28Z</time></trkpt><trkpt lat="4.72411" lon="-74.04587"><time>2026-09-13T20:52:29Z</time></trkpt><trkpt lat="4.724115" lon="-74.04587"><ele>2561.9</ele><time>2026-09-13T20:52:30Z</time><extensions><gpxtpx:TrackPointExtension><gpxtpx:hr>82</gpxtpx:hr><gpxtpx:cad>81</gpxtpx:cad></gpxtpx:TrackPointExtension></extensions></trkpt><trkpt lat="4.724118" lon="-74.04586"><time>2026-09-13T20:52:31Z</time></trkpt><trkpt lat="4.724135" lon="-74.04586"><time>2026-09-13T20:52:32Z</time></trkpt><trkpt lat="4.724144" lon="-74.04586"><time>2026-09-13T20:52:33Z</time></trkpt><trkpt lat="4.724158" lon="-74.04586"><time>2026-09-13T20:52:34Z</time></trkpt><trkpt lat="4.724169" lon="-74.04585"><ele>2561.7</ele><time>2026-09-13T20:52:35Z</time><extensions><gpxtpx:TrackPointExtension><gpxtpx:hr>84</gpxtpx:hr><gpxtpx:cad>95</gpxtpx:cad></gpxtpx:TrackPointExtension></extensions></trkpt><trkpt lat="4.724169" lon="-74.045845"><time>2026-09-13T20:52:36Z</time></trkpt><trkpt lat="4.724177" lon="-74.04584"><time>2026-09-13T20:52:37Z</time></trkpt><trkpt lat="4.724186" lon="-74.04583"><time>2026-09-13T20:52:38Z</time></trkpt><trkpt lat="4.724197" lon="-74.04583"><time>2026-09-13T20:52:39Z</time></trkpt><trkpt lat="4.724199" lon="-74.04583"><ele>2561.7</ele><time>2026-09-13T20:52:40Z</time><extensions><gpxtpx:TrackPointExtension><gpxtpx:hr>82</gpxtpx:hr><gpxtpx:cad>95</gpxtpx:cad></gpxtpx:TrackPointExtension></extensions></trkpt><trkpt lat="4.724229" lon="-74.04584"><time>2026-09-13T20:52:41Z</time></trkpt><trkpt lat="4.724253" lon="-74.04584"><time>2026-09-13T20:52:42Z</time></trkpt><trkpt lat="4.724301" lon="-74.04583"><time>2026-09-13T20:52:43Z</time></trkpt><trkpt lat="4.724313" lon="-74.04583"><time>2026-09-13T20:52:44Z</time></trkpt><trkpt lat="4.724327" lon="-74.04583"><ele>2561.6</ele><time>2026-09-13T20:52:45Z</time><extensions><gpxtpx:TrackPointExtension><gpxtpx:hr>84</gpxtpx:hr><gpxtpx:cad>96</gpxtpx:cad></gpxtpx:TrackPointExtension></extensions></trkpt><trkpt lat="4.72434" lon="-74.04582"><time>2026-09-13T20:52:46Z</time></trkpt><trkpt lat="4.724352" lon="-74.04582"><time>2026-09-13T20:52:47Z</time></trkpt><trkpt lat="4.724363" lon="-74.04582"><time>2026-09-13T20:52:48Z</time></trkpt><trkpt lat="4.724374" lon="-74.045815"><time>2026-09-13T20:52:49Z</time></trkpt><trkpt lat="4.724386" lon="-74.045815"><ele>2561.6</ele><time>2026-09-13T20:52:50Z</time><extensions><gpxtpx:TrackPointExtension><gpxtpx:hr>85</gpxtpx:hr><gpxtpx:cad>96</gpxtpx:cad></gpxtpx:TrackPointExtension></extensions></trkpt><trkpt lat="4.724396" lon="-74.04581"><time>2026-09-13T20:52:51Z</time></trkpt><trkpt lat="4.724407" lon="-74.04581"><time>2026-09-13T20:52:52Z</time></trkpt><trkpt lat="4.724417" lon="-74.0458"><time>2026-09-13T20:52:53Z</time></trkpt><trkpt lat="4.724358" lon="-74.045815"><time>2026-09-13T20:52:54Z</time></trkpt><trkpt lat="4.724357" lon="-74.04581"><ele>2561.6</ele><time>2026-09-13T20:52:55Z</time><extensions><gpxtpx:TrackPointExtension><gpxtpx:hr>85</gpxtpx:hr><gpxtpx:cad>95</gpxtpx:cad></gpxtpx:TrackPointExtension></extensions></trkpt><trkpt lat="4.724356" lon="-74.04581"><time>2026-09-13T20:52:56Z</time></trkpt><trkpt lat="4.72439" lon="-74.045746"><time>2026-09-13T20:52:57Z</time></trkpt><trkpt lat="4.72438" lon="-74.045746"><ele>2561.7</ele><time>2026-09-13T20:53:24Z</time></trkpt><trkpt lat="4.724389" lon="-74.04577"><ele>2561.9</ele><time>2026-09-13T20:53:25Z</time><extensions><gpxtpx:TrackPointExtension><gpxtpx:hr>85</gpxtpx:hr><gpxtpx:cad>95</gpxtpx:cad></gpxtpx:TrackPointExtension></extensions></trkpt><trkpt lat="4.724355" lon="-74.04578"><ele>2561.8</ele><time>2026-09-13T20:53:26Z</time></trkpt><trkpt lat="4.724295" lon="-74.04579"><ele>2561.7</ele><time>2026-09-13T20:53:27Z</time></trkpt><trkpt lat="4.724292" lon="-74.045784"><ele>2561.6</ele><time>2026-09-13T20:53:28Z</time></trkpt><trkpt lat="4.724258" lon="-74.045784"><ele>2561.6</ele><time>2026-09-13T20:53:29Z</time></trkpt><trkpt lat="4.724236" lon="-74.045784"><ele>2561.6</ele><time>2026-09-13T20:53:30Z</time><extensions><gpxtpx:TrackPointExtension><gpxtpx:hr>84</gpxtpx:hr><gpxtpx:cad>90</gpxtpx:cad></gpxtpx:TrackPointExtension></extensions></trkpt><trkpt lat="4.724263" lon="-74.0458"><time>2026-09-13T20:53:31Z</time></trkpt><trkpt lat="4.724285" lon="-74.0458"><time>2026-09-13T20:53:32Z</time></trkpt><trkpt lat="4.724354" lon="-74.045815"><time>2026-09-13T20:53:33Z</time></trkpt><trkpt lat="4.724349" lon="-74.045815"><time>2026-09-13T20:53:34Z</time></trkpt><trkpt lat="4.724343" lon="-74.04582"><ele>2561.5</ele><time>2026-09-13T20:53:35Z</time><extensions><gpxtpx:TrackPointExtension><gpxtpx:hr>84</gpxtpx:hr><gpxtpx:cad>108</gpxtpx:cad></gpxtpx:TrackPointExtension></extensions></trkpt><trkpt lat="4.724325" lon="-74.04582"><time>2026-09-13T20:53:36Z</time></trkpt><trkpt lat="4.724325" lon="-74.04582"><time>2026-09-13T20:53:37Z</time></trkpt><trkpt lat="4.724344" lon="-74.04583"><time>2026-09-13T20:53:38Z</time></trkpt><trkpt lat="4.724344" lon="-74.04583"><time>2026-09-13T20:53:39Z</time></trkpt><trkpt lat="4.724383" lon="-74.04581"><ele>2561.3</ele><time>2026-09-13T20:53:40Z</time><extensions><gpxtpx:TrackPointExtension><gpxtpx:hr>83</gpxtpx:hr><gpxtpx:cad>106</gpxtpx:cad></gpxtpx:TrackPointExtension></extensions></trkpt><trkpt lat="4.724383" lon="-74.04581"><time>2026-09-13T20:53:41Z</time></trkpt><trkpt lat="4.724383" lon="-74.04581"><time>2026-09-13T20:53:42Z</time></trkpt><trkpt lat="4.724393" lon="-74.045845"><time>2026-09-13T20:53:43Z</time></trkpt><trkpt lat="4.724314" lon="-74.045876"><time>2026-09-13T20:53:44Z</time></trkpt><trkpt lat="4.724251" lon="-74.045876"><ele>2561.0</ele><time>2026-09-13T20:53:45Z</time><extensions><gpxtpx:TrackPointExtension><gpxtpx:hr>80</gpxtpx:hr><gpxtpx:cad>89</gpxtpx:cad></gpxtpx:TrackPointExtension></extensions></trkpt><trkpt lat="4.724184" lon="-74.04589"><time>2026-09-13T20:53:46Z</time></trkpt><trkpt lat="4.724144" lon="-74.04588"><time>2026-09-13T20:53:47Z</time></trkpt><trkpt lat="4.724116" lon="-74.045876"><time>2026-09-13T20:53:48Z</time></trkpt><trkpt lat="4.724102" lon="-74.04587"><time>2026-09-13T20:53:49Z</time></trkpt><trkpt lat="4.724115" lon="-74.045906"><ele>2561.1</ele><time>2026-09-13T20:53:50Z</time><extensions><gpxtpx:TrackPointExtension><gpxtpx:hr>81</gpxtpx:hr></gpxtpx:TrackPointExtension></extensions></trkpt><trkpt lat="4.724089" lon="-74.04592"><time>2026-09-13T20:53:51Z</time></trkpt><trkpt lat="4.724083" lon="-74.04593"><time>2026-09-13T20:53:52Z</time></trkpt><trkpt lat="4.724083" lon="-74.04593"><time>2026-09-13T20:53:53Z</time></trkpt><trkpt lat="4.724083" lon="-74.04593"><time>2026-09-13T20:53:54Z</time></trkpt><trkpt lat="4.724096" lon="-74.045944"><ele>2561.2</ele><time>2026-09-13T20:53:55Z</time><extensions><gpxtpx:TrackPointExtension><gpxtpx:hr>86</gpxtpx:hr></gpxtpx:TrackPointExtension></extensions></trkpt><trkpt lat="4.720166" lon="-74.04581"><time>2026-09-13T20:53:56Z</time></trkpt><trkpt lat="4.720166" lon="-74.04581"><time>2026-09-13T20:53:57Z</time></trkpt><trkpt lat="4.720166" lon="-74.04581"><ele>2562.3</ele><time>2026-09-13T21:20:45Z</time></trkpt><trkpt lat="4.720166" lon="-74.04581"><ele>2562.4</ele><time>2026-09-13T21:20:46Z</time></trkpt><trkpt lat="4.720166" lon="-74.04581"><ele>2562.4</ele><time>2026-09-13T21:20:47Z</time></trkpt><trkpt lat="4.720166" lon="-74.04581"><ele>2562.4</ele><time>2026-09-13T21:20:48Z</time></trkpt><trkpt lat="4.720166" lon="-74.04581"><ele>2562.2</ele><time>2026-09-13T21:20:49Z</time></trkpt><trkpt lat="4.720166" lon="-74.04581"><ele>2562.1</ele><time>2026-09-13T21:20:50Z</time></trkpt><trkpt lat="4.720166" lon="-74.04581"><ele>2562.1</ele><time>2026-09-13T21:20:51Z</time></trkpt><trkpt lat="4.720166" lon="-74.04581"><ele>2562.1</ele><time>2026-09-13T21:20:52Z</time></trkpt><trkpt lat="4.720166" lon="-74.04581"><ele>2562.1</ele><time>2026-09-13T21:20:53Z</time></trkpt><trkpt lat="4.720166" lon="-74.04581"><ele>2562.1</ele><time>2026-09-13T21:20:54Z</time></trkpt><trkpt lat="4.720166" lon="-74.04581"><ele>2562.2</ele><time>2026-09-13T21:20:55Z</time></trkpt><trkpt lat="4.720166" lon="-74.04581"><ele>2562.2</ele><time>2026-09-13T21:20:56Z</time></trkpt><trkpt lat="4.720166" lon="-74.04581"><ele>2562.2</ele><time>2026-09-13T21:20:57Z</time></trkpt><trkpt lat="4.720166" lon="-74.04581"><ele>2562.3</ele><time>2026-09-13T21:20:58Z</time></trkpt><trkpt lat="4.720166" lon="-74.04581"><ele>2562.3</ele><time>2026-09-13T21:20:59Z</time></trkpt><trkpt lat="4.720166" lon="-74.04581"><ele>2562.3</ele><time>2026-09-13T21:21:00Z</time></trkpt><trkpt lat="4.720166" lon="-74.04581"><ele>2562.2</ele><time>2026-09-13T21:21:01Z</time></trkpt><trkpt lat="4.720166" lon="-74.04581"><ele>2562.4</ele><time>2026-09-13T21:21:02Z</time></trkpt><trkpt lat="4.720166" lon="-74.04581"><ele>2562.5</ele><time>2026-09-13T21:21:03Z</time></trkpt><trkpt lat="4.720166" lon="-74.04581"><ele>2562.6</ele><time>2026-09-13T21:21:04Z</time></trkpt><trkpt lat="4.720166" lon="-74.04581"><ele>2562.5</ele><time>2026-09-13T21:21:05Z</time></trkpt><trkpt lat="4.720166" lon="-74.04581"><ele>2562.4</ele><time>2026-09-13T21:21:06Z</time></trkpt><trkpt lat="4.720166" lon="-74.04581"><ele>2562.3</ele><time>2026-09-13T21:21:07Z</time></trkpt><trkpt lat="4.720166" lon="-74.04581"><ele>2562.3</ele><time>2026-09-13T21:21:08Z</time></trkpt><trkpt lat="4.720166" lon="-74.04581"><ele>2562.4</ele><time>2026-09-13T21:21:09Z</time></trkpt><trkpt lat="4.720166" lon="-74.04581"><ele>2562.4</ele><time>2026-09-13T21:21:10Z</time></trkpt><trkpt lat="4.720166" lon="-74.04581"><ele>2562.5</ele><time>2026-09-13T21:21:11Z</time></trkpt><trkpt lat="4.720166" lon="-74.04581"><ele>2562.5</ele><time>2026-09-13T21:21:12Z</time></trkpt><trkpt lat="4.720166" lon="-74.04581"><ele>2562.4</ele><time>2026-09-13T21:21:13Z</time></trkpt><trkpt lat="4.720166" lon="-74.04581"><ele>2562.3</ele><time>2026-09-13T21:21:14Z</time></trkpt><trkpt lat="4.720166" lon="-74.04581"><ele>2562.2</ele><time>2026-09-13T21:21:15Z</time></trkpt><trkpt lat="4.720166" lon="-74.04581"><ele>2562.2</ele><time>2026-09-13T21:21:16Z</time></trkpt><trkpt lat="4.720166" lon="-74.04581"><ele>2562.2</ele><time>2026-09-13T21:21:17Z</time></trkpt><trkpt lat="4.720166" lon="-74.04581"><ele>2562.3</ele><time>2026-09-13T21:21:18Z</time></trkpt><trkpt lat="4.720166" lon="-74.04581"><ele>2562.3</ele><time>2026-09-13T21:21:19Z</time></trkpt><trkpt lat="4.720166" lon="-74.04581"><ele>2562.4</ele><time>2026-09-13T21:21:20Z</time></trkpt><trkpt lat="4.720166" lon="-74.04581"><ele>2562.4</ele><time>2026-09-13T21:21:21Z</time></trkpt><trkpt lat="4.720166" lon="-74.04581"><ele>2562.4</ele><time>2026-09-13T21:21:22Z</time></trkpt><trkpt lat="4.720166" lon="-74.04581"><ele>2562.3</ele><time>2026-09-13T21:21:23Z</time></trkpt><trkpt lat="4.720166" lon="-74.04581"><ele>2562.3</ele><time>2026-09-13T21:21:24Z</time></trkpt><trkpt lat="4.720166" lon="-74.04581"><ele>2562.2</ele><time>2026-09-13T21:21:25Z</time></trkpt><trkpt lat="4.720166" lon="-74.04581"><ele>2562.4</ele><time>2026-09-13T21:21:26Z</time></trkpt><trkpt lat="4.720166" lon="-74.04581"><ele>2562.4</ele><time>2026-09-13T21:21:27Z</time></trkpt><trkpt lat="4.720166" lon="-74.04581"><ele>2562.5</ele><time>2026-09-13T21:21:28Z</time></trkpt><trkpt lat="4.720166" lon="-74.04581"><ele>2562.4</ele><time>2026-09-13T21:21:29Z</time></trkpt><trkpt lat="4.720166" lon="-74.04581"><ele>2562.4</ele><time>2026-09-13T21:21:30Z</time></trkpt><trkpt lat="4.720166" lon="-74.04581"><ele>2562.2</ele><time>2026-09-13T21:21:31Z</time></trkpt><trkpt lat="4.720166" lon="-74.04581"><ele>2562.2</ele><time>2026-09-13T21:21:32Z</time></trkpt><trkpt lat="4.720166" lon="-74.04581"><ele>2562.1</ele><time>2026-09-13T21:21:33Z</time></trkpt><trkpt lat="4.720166" lon="-74.04581"><ele>2562.1</ele><time>2026-09-13T21:21:34Z</time></trkpt><trkpt lat="4.720166" lon="-74.04581"><ele>2562.1</ele><time>2026-09-13T21:21:35Z</time></trkpt><trkpt lat="4.720166" lon="-74.04581"><ele>2562.1</ele><time>2026-09-13T21:21:36Z</time></trkpt><trkpt lat="4.720166" lon="-74.04581"><ele>2562.1</ele><time>2026-09-13T21:21:37Z</time></trkpt><trkpt lat="4.720166" lon="-74.04581"><ele>2562.0</ele><time>2026-09-13T21:21:38Z</time></trkpt><trkpt lat="4.720166" lon="-74.04581"><time>2026-09-13T21:21:39Z</time></trkpt><trkpt lat="4.720166" lon="-74.04581"><time>2026-09-13T21:21:40Z</time></trkpt><trkpt lat="4.720166" lon="-74.04581"><time>2026-09-13T21:21:41Z</time></trkpt><trkpt lat="4.720166" lon="-74.04581"><time>2026-09-13T21:21:42Z</time></trkpt><trkpt lat="4.720166" lon="-74.04581"><time>2026-09-13T21:21:43Z</time></trkpt><trkpt lat="4.720166" lon="-74.04581"><time>2026-09-13T21:21:44Z</time></trkpt><trkpt lat="4.720166" lon="-74.04581"><time>2026-09-13T21:21:45Z</time></trkpt><trkpt lat="4.720166" lon="-74.04581"><time>2026-09-13T21:21:46Z</time></trkpt><trkpt lat="4.720166" lon="-74.04581"><time>2026-09-13T21:21:47Z</time></trkpt><trkpt lat="4.720166" lon="-74.04581"><time>2026-09-13T21:21:48Z</time></trkpt><trkpt lat="4.720166" lon="-74.04581"><time>2026-09-13T21:21:49Z</time></trkpt><trkpt lat="4.720166" lon="-74.04581"><time>2026-09-13T21:21:50Z</time></trkpt><trkpt lat="4.720166" lon="-74.04581"><time>2026-09-13T21:21:51Z</time></trkpt><trkpt lat="4.720166" lon="-74.04581"><time>2026-09-13T21:21:52Z</time></trkpt><trkpt lat="4.720166" lon="-74.04581"><time>2026-09-13T21:21:53Z</time></trkpt><trkpt lat="4.720166" lon="-74.04581"><time>2026-09-13T21:21:54Z</time></trkpt><trkpt lat="4.720166" lon="-74.04581"><time>2026-09-13T21:21:55Z</time></trkpt><trkpt lat="4.720166" lon="-74.04581"><time>2026-09-13T21:21:56Z</time></trkpt><trkpt lat="4.720166" lon="-74.04581"><time>2026-09-13T21:21:57Z</time></trkpt><trkpt lat="4.720166" lon="-74.04581"><time>2026-09-13T21:21:58Z</time></trkpt><trkpt lat="4.720166" lon="-74.04581"><time>2026-09-13T21:21:59Z</time></trkpt><trkpt lat="4.720166" lon="-74.04581"><time>2026-09-13T21:22:00Z</time></trkpt><trkpt lat="4.720166" lon="-74.04581"><time>2026-09-13T21:22:01Z</time></trkpt><trkpt lat="4.720166" lon="-74.04581"><time>2026-09-13T21:22:02Z</time></trkpt><trkpt lat="4.720166" lon="-74.04581"><time>2026-09-13T21:22:03Z</time></trkpt><trkpt lat="4.720166" lon="-74.04581"><time>2026-09-13T21:22:04Z</time></trkpt><trkpt lat="4.720166" lon="-74.04581"><time>2026-09-13T21:22:05Z</time></trkpt><trkpt lat="4.720166" lon="-74.04581"><time>2026-09-13T21:22:06Z</time></trkpt><trkpt lat="4.720166" lon="-74.04581"><time>2026-09-13T21:22:07Z</time></trkpt><trkpt lat="4.720166" lon="-74.04581"><time>2026-09-13T21:22:08Z</time></trkpt><trkpt lat="4.720166" lon="-74.04581"><time>2026-09-13T21:22:09Z</time></trkpt><trkpt lat="4.720166" lon="-74.04581"><time>2026-09-13T21:22:10Z</time></trkpt><trkpt lat="4.720166" lon="-74.04581"><time>2026-09-13T21:22:11Z</time></trkpt><trkpt lat="4.720166" lon="-74.04581"><time>2026-09-13T21:22:12Z</time></trkpt><trkpt lat="4.720166" lon="-74.04581"><time>2026-09-13T21:22:13Z</time></trkpt><trkpt lat="4.720166" lon="-74.04581"><time>2026-09-13T21:22:14Z</time></trkpt><trkpt lat="4.720166" lon="-74.04581"><time>2026-09-13T21:22:15Z</time></trkpt><trkpt lat="4.720166" lon="-74.04581"><time>2026-09-13T21:22:16Z</time></trkpt><trkpt lat="4.720166" lon="-74.04581"><time>2026-09-13T21:22:17Z</time></trkpt><trkpt lat="4.720166" lon="-74.04581"><time>2026-09-13T21:22:18Z</time></trkpt><trkpt lat="4.720166" lon="-74.04581"><time>2026-09-13T21:22:19Z</time></trkpt><trkpt lat="4.720166" lon="-74.04581"><time>2026-09-13T21:22:20Z</time></trkpt><trkpt lat="4.720166" lon="-74.04581"><time>2026-09-13T21:22:21Z</time></trkpt><trkpt lat="4.720166" lon="-74.04581"><time>2026-09-13T21:22:22Z</time></trkpt><trkpt lat="4.720166" lon="-74.04581"><time>2026-09-13T21:22:23Z</time></trkpt><trkpt lat="4.720166" lon="-74.04581"><time>2026-09-13T21:22:24Z</time></trkpt><trkpt lat="4.720166" lon="-74.04581"><time>2026-09-13T21:22:25Z</time></trkpt><trkpt lat="4.720166" lon="-74.04581"><time>2026-09-13T21:22:26Z</time></trkpt><trkpt lat="4.720166" lon="-74.04581"><time>2026-09-13T21:22:27Z</time></trkpt><trkpt lat="4.720166" lon="-74.04581"><time>2026-09-13T21:22:28Z</time></trkpt><trkpt lat="4.720166" lon="-74.04581"><time>2026-09-13T21:22:29Z</time></trkpt><trkpt lat="4.720166" lon="-74.04581"><time>2026-09-13T21:22:30Z</time></trkpt><trkpt lat="4.720166" lon="-74.04581"><time>2026-09-13T21:22:31Z</time></trkpt><trkpt lat="4.720166" lon="-74.04581"><time>2026-09-13T21:22:32Z</time></trkpt><trkpt lat="4.720166" lon="-74.04581"><time>2026-09-13T21:22:33Z</time></trkpt><trkpt lat="4.720166" lon="-74.04581"><time>2026-09-13T21:22:34Z</time></trkpt><trkpt lat="4.720166" lon="-74.04581"><time>2026-09-13T21:22:35Z</time></trkpt><trkpt lat="4.720166" lon="-74.04581"><time>2026-09-13T21:22:36Z</time></trkpt><trkpt lat="4.720166" lon="-74.04581"><time>2026-09-13T21:22:37Z</time></trkpt><trkpt lat="4.720166" lon="-74.04581"><time>2026-09-13T21:22:38Z</time></trkpt><trkpt lat="4.720166" lon="-74.04581"><time>2026-09-13T21:22:39Z</time></trkpt><trkpt lat="4.720166" lon="-74.04581"><time>2026-09-13T21:22:40Z</time></trkpt><trkpt lat="4.720166" lon="-74.04581"><time>2026-09-13T21:22:41Z</time></trkpt><trkpt lat="4.720166" lon="-74.04581"><time>2026-09-13T21:22:42Z</time></trkpt><trkpt lat="4.720166" lon="-74.04581"><time>2026-09-13T21:22:43Z</time></trkpt><trkpt lat="4.720166" lon="-74.04581"><time>2026-09-13T21:22:44Z</time></trkpt><trkpt lat="4.720166" lon="-74.04581"><time>2026-09-13T21:22:45Z</time></trkpt><trkpt lat="4.720166" lon="-74.04581"><time>2026-09-13T21:22:46Z</time></trkpt><trkpt lat="4.720166" lon="-74.04581"><time>2026-09-13T21:22:47Z</time></trkpt><trkpt lat="4.720166" lon="-74.04581"><time>2026-09-13T21:22:48Z</time></trkpt><trkpt lat="4.720166" lon="-74.04581"><time>2026-09-13T21:22:49Z</time></trkpt><trkpt lat="4.720166" lon="-74.04581"><time>2026-09-13T21:22:50Z</time></trkpt><trkpt lat="4.720166" lon="-74.04581"><time>2026-09-13T21:22:51Z</time></trkpt><trkpt lat="4.720166" lon="-74.04581"><time>2026-09-13T21:22:52Z</time></trkpt><trkpt lat="4.720166" lon="-74.04581"><time>2026-09-13T21:22:53Z</time></trkpt><trkpt lat="4.720166" lon="-74.04581"><time>2026-09-13T21:22:54Z</time></trkpt><trkpt lat="4.720166" lon="-74.04581"><time>2026-09-13T21:22:55Z</time></trkpt><trkpt lat="4.720166" lon="-74.04581"><time>2026-09-13T21:22:56Z</time></trkpt><trkpt lat="4.720166" lon="-74.04581"><time>2026-09-13T21:22:57Z</time></trkpt><trkpt lat="4.720166" lon="-74.04581"><time>2026-09-13T21:22:58Z</time></trkpt><trkpt lat="4.720166" lon="-74.04581"><time>2026-09-13T21:22:59Z</time></trkpt><trkpt lat="4.720166" lon="-74.04581"><time>2026-09-13T21:23:00Z</time></trkpt><trkpt lat="4.720166" lon="-74.04581"><time>2026-09-13T21:23:01Z</time></trkpt><trkpt lat="4.720166" lon="-74.04581"><time>2026-09-13T21:23:02Z</time></trkpt><trkpt lat="4.720166" lon="-74.04581"><time>2026-09-13T21:23:03Z</time></trkpt><trkpt lat="4.720166" lon="-74.04581"><time>2026-09-13T21:23:04Z</time></trkpt><trkpt lat="4.720166" lon="-74.04581"><time>2026-09-13T21:23:05Z</time></trkpt><trkpt lat="4.720166" lon="-74.04581"><time>2026-09-13T21:23:06Z</time></trkpt><trkpt lat="4.720166" lon="-74.04581"><time>2026-09-13T21:23:07Z</time></trkpt><trkpt lat="4.720166" lon="-74.04581"><time>2026-09-13T21:23:08Z</time></trkpt><trkpt lat="4.720166" lon="-74.04581"><time>2026-09-13T21:23:09Z</time></trkpt><trkpt lat="4.720166" lon="-74.04581"><time>2026-09-13T21:23:10Z</time></trkpt><trkpt lat="4.720166" lon="-74.04581"><time>2026-09-13T21:23:11Z</time></trkpt><trkpt lat="4.720166" lon="-74.04581"><time>2026-09-13T21:23:12Z</time></trkpt><trkpt lat="4.720166" lon="-74.04581"><time>2026-09-13T21:23:13Z</time></trkpt><trkpt lat="4.720166" lon="-74.04581"><time>2026-09-13T21:23:14Z</time></trkpt><trkpt lat="4.720166" lon="-74.04581"><time>2026-09-13T21:23:15Z</time></trkpt><trkpt lat="4.720166" lon="-74.04581"><time>2026-09-13T21:23:16Z</time></trkpt><trkpt lat="4.720166" lon="-74.04581"><time>2026-09-13T21:23:17Z</time></trkpt><trkpt lat="4.720166" lon="-74.04581"><time>2026-09-13T21:23:18Z</time></trkpt><trkpt lat="4.720166" lon="-74.04581"><time>2026-09-13T21:23:19Z</time></trkpt><trkpt lat="4.720166" lon="-74.04581"><time>2026-09-13T21:23:20Z</time></trkpt><trkpt lat="4.720166" lon="-74.04581"><time>2026-09-13T21:23:21Z</time></trkpt><trkpt lat="4.720166" lon="-74.04581"><time>2026-09-13T21:23:22Z</time></trkpt><trkpt lat="4.720166" lon="-74.04581"><time>2026-09-13T21:23:23Z</time></trkpt><trkpt lat="4.720166" lon="-74.04581"><time>2026-09-13T21:23:24Z</time></trkpt><trkpt lat="4.720166" lon="-74.04581"><time>2026-09-13T21:23:25Z</time></trkpt><trkpt lat="4.720166" lon="-74.04581"><time>2026-09-13T21:23:26Z</time></trkpt><trkpt lat="4.720166" lon="-74.04581"><time>2026-09-13T21:23:27Z</time></trkpt><trkpt lat="4.720166" lon="-74.04581"><time>2026-09-13T21:23:28Z</time></trkpt><trkpt lat="4.720166" lon="-74.04581"><time>2026-09-13T21:23:29Z</time></trkpt><trkpt lat="4.720166" lon="-74.04581"><time>2026-09-13T21:23:30Z</time></trkpt><trkpt lat="4.720166" lon="-74.04581"><time>2026-09-13T21:23:31Z</time></trkpt><trkpt lat="4.720166" lon="-74.04581"><time>2026-09-13T21:23:32Z</time></trkpt><trkpt lat="4.720166" lon="-74.04581"><time>2026-09-13T21:23:33Z</time></trkpt><trkpt lat="4.720166" lon="-74.04581"><time>2026-09-13T21:23:34Z</time></trkpt><trkpt lat="4.720166" lon="-74.04581"><time>2026-09-13T21:23:35Z</time></trkpt><trkpt lat="4.720166" lon="-74.04581"><time>2026-09-13T21:23:36Z</time></trkpt><trkpt lat="4.720166" lon="-74.04581"><time>2026-09-13T21:23:37Z</time></trkpt><trkpt lat="4.720166" lon="-74.04581"><time>2026-09-13T21:23:38Z</time></trkpt><trkpt lat="4.720166" lon="-74.04581"><time>2026-09-13T21:23:39Z</time></trkpt><trkpt lat="4.720166" lon="-74.04581"><time>2026-09-13T21:23:40Z</time></trkpt><trkpt lat="4.720166" lon="-74.04581"><time>2026-09-13T21:23:41Z</time></trkpt><trkpt lat="4.720166" lon="-74.04581"><time>2026-09-13T21:23:42Z</time></trkpt><trkpt lat="4.720166" lon="-74.04581"><time>2026-09-13T21:23:43Z</time></trkpt><trkpt lat="4.720166" lon="-74.04581"><time>2026-09-13T21:23:44Z</time></trkpt><trkpt lat="4.720166" lon="-74.04581"><time>2026-09-13T21:23:45Z</time></trkpt><trkpt lat="4.720166" lon="-74.04581"><time>2026-09-13T21:23:46Z</time></trkpt><trkpt lat="4.720166" lon="-74.04581"><time>2026-09-13T21:23:47Z</time></trkpt><trkpt lat="4.720166" lon="-74.04581"><time>2026-09-13T21:23:48Z</time></trkpt><trkpt lat="4.720166" lon="-74.04581"><time>2026-09-13T21:23:49Z</time></trkpt><trkpt lat="4.720166" lon="-74.04581"><time>2026-09-13T21:23:50Z</time></trkpt><trkpt lat="4.720166" lon="-74.04581"><time>2026-09-13T21:23:51Z</time></trkpt><trkpt lat="4.720166" lon="-74.04581"><time>2026-09-13T21:23:52Z</time></trkpt><trkpt lat="4.720166" lon="-74.04581"><time>2026-09-13T21:23:53Z</time></trkpt><trkpt lat="4.720166" lon="-74.04581"><time>2026-09-13T21:23:54Z</time></trkpt><trkpt lat="4.720166" lon="-74.04581"><time>2026-09-13T21:23:55Z</time></trkpt><trkpt lat="4.720166" lon="-74.04581"><time>2026-09-13T21:23:56Z</time></trkpt><trkpt lat="4.720166" lon="-74.04581"><time>2026-09-13T21:23:57Z</time></trkpt><trkpt lat="4.720166" lon="-74.04581"><time>2026-09-13T21:23:58Z</time></trkpt><trkpt lat="4.720166" lon="-74.04581"><time>2026-09-13T21:23:59Z</time></trkpt><trkpt lat="4.720166" lon="-74.04581"><time>2026-09-13T21:24:00Z</time></trkpt><trkpt lat="4.720166" lon="-74.04581"><time>2026-09-13T21:24:01Z</time></trkpt><trkpt lat="4.720166" lon="-74.04581"><time>2026-09-13T21:24:02Z</time></trkpt><trkpt lat="4.720166" lon="-74.04581"><time>2026-09-13T21:24:03Z</time></trkpt><trkpt lat="4.720166" lon="-74.04581"><time>2026-09-13T21:24:04Z</time></trkpt><trkpt lat="4.720166" lon="-74.04581"><time>2026-09-13T21:24:05Z</time></trkpt><trkpt lat="4.720166" lon="-74.04581"><time>2026-09-13T21:24:06Z</time></trkpt><trkpt lat="4.720166" lon="-74.04581"><time>2026-09-13T21:24:07Z</time></trkpt><trkpt lat="4.720166" lon="-74.04581"><time>2026-09-13T21:24:08Z</time></trkpt><trkpt lat="4.720166" lon="-74.04581"><time>2026-09-13T21:24:09Z</time></trkpt><trkpt lat="4.720166" lon="-74.04581"><time>2026-09-13T21:24:10Z</time></trkpt><trkpt lat="4.720166" lon="-74.04581"><time>2026-09-13T21:24:11Z</time></trkpt><trkpt lat="4.720166" lon="-74.04581"><time>2026-09-13T21:24:12Z</time></trkpt><trkpt lat="4.720166" lon="-74.04581"><time>2026-09-13T21:24:13Z</time></trkpt><trkpt lat="4.720166" lon="-74.04581"><time>2026-09-13T21:24:14Z</time></trkpt><trkpt lat="4.720166" lon="-74.04581"><time>2026-09-13T21:24:15Z</time></trkpt><trkpt lat="4.720166" lon="-74.04581"><time>2026-09-13T21:24:16Z</time></trkpt><trkpt lat="4.720166" lon="-74.04581"><time>2026-09-13T21:24:17Z</time></trkpt><trkpt lat="4.720166" lon="-74.04581"><time>2026-09-13T21:24:18Z</time></trkpt><trkpt lat="4.720166" lon="-74.04581"><time>2026-09-13T21:24:19Z</time></trkpt><trkpt lat="4.720166" lon="-74.04581"><time>2026-09-13T21:24:20Z</time></trkpt><trkpt lat="4.720166" lon="-74.04581"><time>2026-09-13T21:24:21Z</time></trkpt><trkpt lat="4.720166" lon="-74.04581"><time>2026-09-13T21:24:22Z</time></trkpt><trkpt lat="4.720166" lon="-74.04581"><time>2026-09-13T21:24:23Z</time></trkpt><trkpt lat="4.720166" lon="-74.04581"><time>2026-09-13T21:24:24Z</time></trkpt><trkpt lat="4.720166" lon="-74.04581"><time>2026-09-13T21:24:25Z</time></trkpt><trkpt lat="4.720166" lon="-74.04581"><time>2026-09-13T21:24:26Z</time></trkpt><trkpt lat="4.720166" lon="-74.04581"><time>2026-09-13T21:24:27Z</time></trkpt><trkpt lat="4.720166" lon="-74.04581"><time>2026-09-13T21:24:28Z</time></trkpt><trkpt lat="4.720166" lon="-74.04581"><time>2026-09-13T21:24:29Z</time></trkpt><trkpt lat="4.720166" lon="-74.04581"><time>2026-09-13T21:24:30Z</time></trkpt><trkpt lat="4.720166" lon="-74.04581"><time>2026-09-13T21:24:31Z</time></trkpt><trkpt lat="4.720166" lon="-74.04581"><time>2026-09-13T21:24:32Z</time></trkpt><trkpt lat="4.720166" lon="-74.04581"><time>2026-09-13T21:24:33Z</time></trkpt><trkpt lat="4.720166" lon="-74.04581"><time>2026-09-13T21:24:34Z</time></trkpt><trkpt lat="4.720166" lon="-74.04581"><time>2026-09-13T21:24:35Z</time></trkpt><trkpt lat="4.720166" lon="-74.04581"><time>2026-09-13T21:24:36Z</time></trkpt><trkpt lat="4.720166" lon="-74.04581"><time>2026-09-13T21:24:37Z</time></trkpt><trkpt lat="4.720166" lon="-74.04581"><time>2026-09-13T21:24:38Z</time></trkpt><trkpt lat="4.720166" lon="-74.04581"><time>2026-09-13T21:24:39Z</time></trkpt><trkpt lat="4.720166" lon="-74.04581"><time>2026-09-13T21:24:40Z</time></trkpt><trkpt lat="4.720166" lon="-74.04581"><time>2026-09-13T21:24:41Z</time></trkpt><trkpt lat="4.720166" lon="-74.04581"><time>2026-09-13T21:24:42Z</time></trkpt><trkpt lat="4.720166" lon="-74.04581"><time>2026-09-13T21:24:43Z</time></trkpt><trkpt lat="4.720166" lon="-74.04581"><time>2026-09-13T21:24:44Z</time></trkpt><trkpt lat="4.720166" lon="-74.04581"><time>2026-09-13T21:24:45Z</time></trkpt><trkpt lat="4.720166" lon="-74.04581"><time>2026-09-13T21:24:46Z</time></trkpt><trkpt lat="4.720166" lon="-74.04581"><time>2026-09-13T21:24:47Z</time></trkpt><trkpt lat="4.720166" lon="-74.04581"><time>2026-09-13T21:24:48Z</time></trkpt><trkpt lat="4.720166" lon="-74.04581"><time>2026-09-13T21:24:49Z</time></trkpt><trkpt lat="4.720166" lon="-74.04581"><time>2026-09-13T21:24:50Z</time></trkpt><trkpt lat="4.720166" lon="-74.04581"><time>2026-09-13T21:24:51Z</time></trkpt><trkpt lat="4.720166" lon="-74.04581"><time>2026-09-13T21:24:52Z</time></trkpt><trkpt lat="4.720166" lon="-74.04581"><time>2026-09-13T21:24:53Z</time></trkpt><trkpt lat="4.720166" lon="-74.04581"><time>2026-09-13T21:24:54Z</time></trkpt><trkpt lat="4.720166" lon="-74.04581"><time>2026-09-13T21:24:55Z</time></trkpt><trkpt lat="4.720166" lon="-74.04581"><time>2026-09-13T21:24:56Z</time></trkpt><trkpt lat="4.720166" lon="-74.04581"><time>2026-09-13T21:24:57Z</time></trkpt><trkpt lat="4.720166" lon="-74.04581"><time>2026-09-13T21:24:58Z</time></trkpt><trkpt lat="4.720166" lon="-74.04581"><time>2026-09-13T21:24:59Z</time></trkpt><trkpt lat="4.720166" lon="-74.04581"><time>2026-09-13T21:25:00Z</time></trkpt><trkpt lat="4.720166" lon="-74.04581"><time>2026-09-13T21:25:01Z</time></trkpt><trkpt lat="4.720166" lon="-74.04581"><time>2026-09-13T21:25:02Z</time></trkpt><trkpt lat="4.720166" lon="-74.04581"><time>2026-09-13T21:25:03Z</time></trkpt><trkpt lat="4.720166" lon="-74.04581"><time>2026-09-13T21:25:04Z</time></trkpt><trkpt lat="4.720166" lon="-74.04581"><time>2026-09-13T21:25:05Z</time></trkpt><trkpt lat="4.720166" lon="-74.04581"><time>2026-09-13T21:25:06Z</time></trkpt><trkpt lat="4.720166" lon="-74.04581"><time>2026-09-13T21:25:07Z</time></trkpt><trkpt lat="4.720166" lon="-74.04581"><time>2026-09-13T21:25:08Z</time></trkpt><trkpt lat="4.720166" lon="-74.04581"><time>2026-09-13T21:25:09Z</time></trkpt><trkpt lat="4.720166" lon="-74.04581"><time>2026-09-13T21:25:10Z</time></trkpt><trkpt lat="4.720166" lon="-74.04581"><time>2026-09-13T21:25:11Z</time></trkpt><trkpt lat="4.720166" lon="-74.04581"><time>2026-09-13T21:25:12Z</time></trkpt><trkpt lat="4.720166" lon="-74.04581"><time>2026-09-13T21:25:13Z</time></trkpt><trkpt lat="4.720166" lon="-74.04581"><time>2026-09-13T21:25:14Z</time></trkpt><trkpt lat="4.720166" lon="-74.04581"><time>2026-09-13T21:25:15Z</time></trkpt><trkpt lat="4.720166" lon="-74.04581"><time>2026-09-13T21:25:16Z</time></trkpt><trkpt lat="4.720166" lon="-74.04581"><time>2026-09-13T21:25:17Z</time></trkpt><trkpt lat="4.720166" lon="-74.04581"><time>2026-09-13T21:25:18Z</time></trkpt><trkpt lat="4.720166" lon="-74.04581"><ele>2562.0</ele><time>2026-09-13T21:25:19Z</time><extensions><gpxtpx:TrackPointExtension><gpxtpx:hr>72</gpxtpx:hr></gpxtpx:TrackPointExtension></extensions></trkpt><trkpt lat="4.720166" lon="-74.04581"><time>2026-09-13T21:25:20Z</time></trkpt><trkpt lat="4.720166" lon="-74.04581"><time>2026-09-13T21:25:21Z</time></trkpt><trkpt lat="4.720166" lon="-74.04581"><time>2026-09-13T21:25:22Z</time></trkpt><trkpt lat="4.720166" lon="-74.04581"><time>2026-09-13T21:25:23Z</time></trkpt><trkpt lat="4.720166" lon="-74.04581"><ele>2562.0</ele><time>2026-09-13T21:25:24Z</time><extensions><gpxtpx:TrackPointExtension><gpxtpx:hr>71</gpxtpx:hr></gpxtpx:TrackPointExtension></extensions></trkpt><trkpt lat="4.720166" lon="-74.04581"><time>2026-09-13T21:25:25Z</time></trkpt><trkpt lat="4.720166" lon="-74.04581"><time>2026-09-13T21:25:26Z</time></trkpt><trkpt lat="4.720166" lon="-74.04581"><time>2026-09-13T21:25:27Z</time></trkpt><trkpt lat="4.720166" lon="-74.04581"><time>2026-09-13T21:25:28Z</time></trkpt><trkpt lat="4.720166" lon="-74.04581"><ele>2562.1</ele><time>2026-09-13T21:25:29Z</time><extensions><gpxtpx:TrackPointExtension><gpxtpx:hr>68</gpxtpx:hr></gpxtpx:TrackPointExtension></extensions></trkpt><trkpt lat="4.720166" lon="-74.04581"><time>2026-09-13T21:25:30Z</time></trkpt><trkpt lat="4.720166" lon="-74.04581"><time>2026-09-13T21:25:31Z</time></trkpt><trkpt lat="4.720166" lon="-74.04581"><time>2026-09-13T21:25:32Z</time></trkpt><trkpt lat="4.720166" lon="-74.04581"><time>2026-09-13T21:25:33Z</time></trkpt><trkpt lat="4.720166" lon="-74.04581"><ele>2562.1</ele><time>2026-09-13T21:25:34Z</time><extensions><gpxtpx:TrackPointExtension><gpxtpx:hr>66</gpxtpx:hr></gpxtpx:TrackPointExtension></extensions></trkpt><trkpt lat="4.720166" lon="-74.04581"><time>2026-09-13T21:25:35Z</time></trkpt><trkpt lat="4.720166" lon="-74.04581"><time>2026-09-13T21:25:36Z</time></trkpt><trkpt lat="4.720166" lon="-74.04581"><time>2026-09-13T21:25:37Z</time></trkpt><trkpt lat="4.720166" lon="-74.04581"><time>2026-09-13T21:25:38Z</time></trkpt><trkpt lat="4.720166" lon="-74.04581"><ele>2562.1</ele><time>2026-09-13T21:25:39Z</time><extensions><gpxtpx:TrackPointExtension><gpxtpx:hr>64</gpxtpx:hr></gpxtpx:TrackPointExtension></extensions></trkpt><trkpt lat="4.720166" lon="-74.04581"><time>2026-09-13T21:25:40Z</time></trkpt><trkpt lat="4.720166" lon="-74.04581"><time>2026-09-13T21:25:41Z</time></trkpt><trkpt lat="4.720166" lon="-74.04581"><time>2026-09-13T21:25:42Z</time></trkpt><trkpt lat="4.720166" lon="-74.04581"><time>2026-09-13T21:25:43Z</time></trkpt><trkpt lat="4.720166" lon="-74.04581"><ele>2562.2</ele><time>2026-09-13T21:25:44Z</time><extensions><gpxtpx:TrackPointExtension><gpxtpx:hr>64</gpxtpx:hr></gpxtpx:TrackPointExtension></extensions></trkpt><trkpt lat="4.720166" lon="-74.04581"><time>2026-09-13T21:25:45Z</time></trkpt><trkpt lat="4.720166" lon="-74.04581"><time>2026-09-13T21:25:46Z</time></trkpt><trkpt lat="4.720166" lon="-74.04581"><time>2026-09-13T21:25:47Z</time></trkpt><trkpt lat="4.720166" lon="-74.04581"><time>2026-09-13T21:25:48Z</time></trkpt><trkpt lat="4.720166" lon="-74.04581"><ele>2562.2</ele><time>2026-09-13T21:25:49Z</time><extensions><gpxtpx:TrackPointExtension><gpxtpx:hr>66</gpxtpx:hr></gpxtpx:TrackPointExtension></extensions></trkpt><trkpt lat="4.720166" lon="-74.04581"><time>2026-09-13T21:25:50Z</time></trkpt><trkpt lat="4.720166" lon="-74.04581"><time>2026-09-13T21:25:51Z</time></trkpt><trkpt lat="4.720166" lon="-74.04581"><time>2026-09-13T21:25:52Z</time></trkpt><trkpt lat="4.720166" lon="-74.04581"><time>2026-09-13T21:25:53Z</time></trkpt><trkpt lat="4.720166" lon="-74.04581"><ele>2562.2</ele><time>2026-09-13T21:25:54Z</time><extensions><gpxtpx:TrackPointExtension><gpxtpx:hr>67</gpxtpx:hr></gpxtpx:TrackPointExtension></extensions></trkpt></trkseg></trk></gpx>