<?xml version='1.0' encoding='UTF-8' standalone='yes' ?><TrainingCenterDatabase xsi:schemaLocation="http://www.garmin.com/xmlschemas/TrainingCenterDatabase/v2 http://www.garmin.com/xmlschemas/TrainingCenterDatabasev2.xsd" xmlns:ns5="http://www.garmin.com/xmlschemas/ActivityGoals/v1" xmlns:ns3="http://www.garmin.com/xmlschemas/ActivityExtension/v2" xmlns:ns2="http://www.garmin.com/xmlschemas/UserProfile/v2" xmlns="http://www.garmin.com/xmlschemas/TrainingCenterDatabase/v2" xmlns:xsi="http://www.w3.org/2001/XMLSchema-instance" xmlns:ns4="http://www.garmin.com/xmlschemas/ProfileExtension/v1"><Activities><Activity Sport="WALKING"><Id>2026-09-13T20:01:04Z</Id><Lap StartTime="2026-09-13T20:01:04Z"><TotalTimeSeconds>3480</TotalTimeSeconds><DistanceMeters>2040.0</DistanceMeters><Calories>74</Calories><MaximumSpeed>0.0</MaximumSpeed><AverageHeartRateBpm><Value>84</Value></AverageHeartRateBpm><MaximumHeartRateBpm><Value>102</Value></MaximumHeartRateBpm><Intensity>Active</Intensity><TriggerMethod>Manual</TriggerMethod><Track><Trackpoint><Time>2026-09-13T20:10:18Z</Time><Position><LatitudeDegrees>4.730005</LatitudeDegrees><LongitudeDegrees>-74.04504</LongitudeDegrees></Position><AltitudeMeters>2561.2</AltitudeMeters><HeartRateBpm><Value>92</Value></HeartRateBpm><Cadence>52</Cadence></Trackpoint><Trackpoint><Time>2026-09-13T20:10:19Z</Time><Position><LatitudeDegrees>4.729993</LatitudeDegrees><LongitudeDegrees>-74.04506</LongitudeDegrees></Position><AltitudeMeters>2561.2</AltitudeMeters><HeartRateBpm><Value>93</Value></HeartRateBpm><Cadence>51</Cadence></Trackpoint><Trackpoint><Time>2026-09-13T20:10:20Z</Time><Position><LatitudeDegrees>4.729979</LatitudeDegrees><LongitudeDegrees>-74.045074</LongitudeDegrees></Position><AltitudeMeters>2561.2</AltitudeMeters><HeartRateBpm><Value>93</Value></HeartRateBpm><Cadence>51</Cadence></Trackpoint><Trackpoint><Time>2026-09-13T20:10:21Z</Time><Position><LatitudeDegrees>4.72996</LatitudeDegrees><LongitudeDegrees>-74.04508</LongitudeDegrees></Position><AltitudeMeters>2561.2</AltitudeMeters><HeartRateBpm><Value>93</Value></HeartRateBpm><Cadence>52</Cadence></Trackpoint><Trackpoint><Time>2026-09-13T20:10:22Z</Time><Position><LatitudeDegrees>4.729947</LatitudeDegrees><LongitudeDegrees>-74.04508</LongitudeDegrees></Position><AltitudeMeters>2561.2</AltitudeMeters><HeartRateBpm><Value>94</Value></HeartRateBpm><Cadence>52</Cadence></Trackpoint><Trackpoint><Time>2026-09-13T20:10:23Z</Time><Position><LatitudeDegrees>4.72993</LatitudeDegrees><LongitudeDegrees>-74.04508</LongitudeDegrees></Position><AltitudeMeters>2561.3</AltitudeMeters><HeartRateBpm><Value>94</Value></HeartRateBpm><Cadence>53</Cadence></Trackpoint><Trackpoint><Time>2026-09-13T20:10:24Z</Time><Position><LatitudeDegrees>4.72992</LatitudeDegrees><LongitudeDegrees>-74.045074</LongitudeDegrees></Position><AltitudeMeters>2561.3</AltitudeMeters><HeartRateBpm><Value>95</Value></HeartRateBpm><Cadence>53</Cadence></Trackpoint><Trackpoint><Time>2026-09-13T20:10:25Z</Time><Position><LatitudeDegrees>4.729904</LatitudeDegrees><LongitudeDegrees>-74.04508</LongitudeDegrees></Position><AltitudeMeters>2561.4</AltitudeMeters><HeartRateBpm><Value>94</Value></HeartRateBpm><Cadence>53</Cadence></Trackpoint><Trackpoint><Time>2026-09-13T20:10:26Z</Time><Position><LatitudeDegrees>4.729889</LatitudeDegrees><LongitudeDegrees>-74.04508</LongitudeDegrees></Position><AltitudeMeters>2561.2</AltitudeMeters><HeartRateBpm><Value>94</Value></HeartRateBpm><Cadence>53</Cadence></Trackpoint><Trackpoint><Time>2026-09-13T20:10:27Z</Time><Position><LatitudeDegrees>4.729881</LatitudeDegrees><LongitudeDegrees>-74.04508</LongitudeDegrees></Position><AltitudeMeters>2561.2</AltitudeMeters><HeartRateBpm><Value>93</Value></HeartRateBpm><Cadence>53</Cadence></Trackpoint><Trackpoint><Time>2026-09-13T20:10:28Z</Time><Position><LatitudeDegrees>4.729869</LatitudeDegrees><LongitudeDegrees>-74.04509</LongitudeDegrees></Position><AltitudeMeters>2561.1</AltitudeMeters><HeartRateBpm><Value>93</Value></HeartRateBpm><Cadence>53</Cadence></Trackpoint><Trackpoint><Time>2026-09-13T20:10:29Z</Time><Position><LatitudeDegrees>4.729859</LatitudeDegrees><LongitudeDegrees>-74.04508</LongitudeDegrees></Position><AltitudeMeters>2561.1</AltitudeMeters><HeartRateBpm><Value>93</Value></HeartRateBpm><Cadence>54</Cadence></Trackpoint><Trackpoint><Time>2026-09-13T20:10:30Z</Time><Position><LatitudeDegrees>4.729852</LatitudeDegrees><LongitudeDegrees>-74.04509</LongitudeDegrees></Position><AltitudeMeters>2561.2</AltitudeMeters><HeartRateBpm><Value>92</Value></HeartRateBpm><Cadence>53</Cadence></Trackpoint><Trackpoint><Time>2026-09-13T20:10:31Z</Time><Position><LatitudeDegrees>4.729846</LatitudeDegrees><LongitudeDegrees>-74.04509</LongitudeDegrees></Position><AltitudeMeters>2561.2</AltitudeMeters><HeartRateBpm><Value>92</Value></HeartRateBpm><Cadence>53</Cadence></Trackpoint><Trackpoint><Time>2026-09-13T20:10:32Z</Time><Position><LatitudeDegrees>4.729841</LatitudeDegrees><LongitudeDegrees>-74.04509</LongitudeDegrees></Position><AltitudeMeters>2561.2</AltitudeMeters><HeartRateBpm><Value>91</Value></HeartRateBpm><Cadence>53</Cadence></Trackpoint><Trackpoint><Time>2026-09-13T20:10:33Z</Time><Position><LatitudeDegrees>4.729839</LatitudeDegrees><LongitudeDegrees>-74.04509</LongitudeDegrees></Position><AltitudeMeters>2561.2</AltitudeMeters><HeartRateBpm><Value>91</Value></HeartRateBpm><Cadence>53</Cadence></Trackpoint><Trackpoint><Time>2026-09-13T20:10:34Z</Time><Position><LatitudeDegrees>4.72984</LatitudeDegrees><LongitudeDegrees>-74.0451</LongitudeDegrees></Position><AltitudeMeters>2561.2</AltitudeMeters><HeartRateBpm><Value>91</Value></HeartRateBpm><Cadence>53</Cadence></Trackpoint><Trackpoint><Time>2026-09-13T20:10:35Z</Time><Position><LatitudeDegrees>4.72984</LatitudeDegrees><LongitudeDegrees>-74.0451</LongitudeDegrees></Position><AltitudeMeters>2561.2</AltitudeMeters><HeartRateBpm><Value>91</Value></HeartRateBpm><Cadence>51</Cadence></Trackpoint><Trackpoint><Time>2026-09-13T20:10:36Z</Time><Position><LatitudeDegrees>4.72984</LatitudeDegrees><LongitudeDegrees>-74.0451</LongitudeDegrees></Position><AltitudeMeters>2561.2</AltitudeMeters><HeartRateBpm><Value>91</Value></HeartRateBpm><Cadence>49</Cadence></Trackpoint><Trackpoint><Time>2026-09-13T20:10:37Z</Time><Position><LatitudeDegrees>4.72984</LatitudeDegrees><LongitudeDegrees>-74.0451</LongitudeDegrees></Position><AltitudeMeters>2561.5</AltitudeMeters><HeartRateBpm><Value>91</Value></HeartRateBpm><Cadence>47</Cadence></Trackpoint><Trackpoint><Time>2026-09-13T20:10:38Z</Time><Position><LatitudeDegrees>4.72984</LatitudeDegrees><LongitudeDegrees>-74.0451</LongitudeDegrees></Position><AltitudeMeters>2561.8</AltitudeMeters><HeartRateBpm><Value>91</Value></HeartRateBpm><Cadence>45</Cadence></Trackpoint><Trackpoint><Time>2026-09-13T20:10:39Z</Time><Position><LatitudeDegrees>4.72984</LatitudeDegrees><LongitudeDegrees>-74.0451</LongitudeDegrees></Position><AltitudeMeters>2561.8</AltitudeMeters><HeartRateBpm><Value>92</Value></HeartRateBpm><Cadence>43</Cadence></Trackpoint><Trackpoint><Time>2026-09-13T20:10:40Z</Time><Position><LatitudeDegrees>4.72984</LatitudeDegrees><LongitudeDegrees>-74.0451</LongitudeDegrees></Position><AltitudeMeters>2561.8</AltitudeMeters><HeartRateBpm><Value>92</Value></HeartRateBpm><Cadence>43</Cadence></Trackpoint><Trackpoint><Time>2026-09-13T20:10:41Z</Time><Position><LatitudeDegrees>4.72984</LatitudeDegrees><LongitudeDegrees>-74.0451</LongitudeDegrees></Position><AltitudeMeters>2561.8</AltitudeMeters><HeartRateBpm><Value>92</Value></HeartRateBpm><Cadence>43</Cadence></Trackpoint><Trackpoint><Time>2026-09-13T20:10:42Z</Time><Position><LatitudeDegrees>4.72984</LatitudeDegrees><LongitudeDegrees>-74.0451</LongitudeDegrees></Position><AltitudeMeters>2561.9</AltitudeMeters><HeartRateBpm><Value>92</Value></HeartRateBpm><Cadence>44</Cadence></Trackpoint><Trackpoint><Time>2026-09-13T20:10:43Z</Time><Position><LatitudeDegrees>4.72984</LatitudeDegrees><LongitudeDegrees>-74.0451</LongitudeDegrees></Position><AltitudeMeters>2561.9</AltitudeMeters><HeartRateBpm><Value>92</Value></HeartRateBpm><Cadence>44</Cadence></Trackpoint><Trackpoint><Time>2026-09-13T20:10:44Z</Time><Position><LatitudeDegrees>4.72984</LatitudeDegrees><LongitudeDegrees>-74.0451</LongitudeDegrees></Position><AltitudeMeters>2561.9</AltitudeMeters><HeartRateBpm><Value>93</Value></HeartRateBpm><Cadence>44</Cadence></Trackpoint><Trackpoint><Time>2026-09-13T20:10:45Z</Time><Position><LatitudeDegrees>4.72984</LatitudeDegrees><LongitudeDegrees>-74.0451</LongitudeDegrees></Position><AltitudeMeters>2561.9</AltitudeMeters><HeartRateBpm><Value>92</Value></HeartRateBpm><Cadence>44</Cadence></Trackpoint><Trackpoint><Time>2026-09-13T20:10:46Z</Time><Position><LatitudeDegrees>4.72984</LatitudeDegrees><LongitudeDegrees>-74.0451</LongitudeDegrees></Position><AltitudeMeters>2561.9</AltitudeMeters><HeartRateBpm><Value>92</Value></HeartRateBpm><Cadence>45</Cadence></Trackpoint><Trackpoint><Time>2026-09-13T20:10:47Z</Time><Position><LatitudeDegrees>4.72984</LatitudeDegrees><LongitudeDegrees>-74.0451</LongitudeDegrees></Position><AltitudeMeters>2561.8</AltitudeMeters><HeartRateBpm><Value>92</Value></HeartRateBpm><Cadence>45</Cadence></Trackpoint><Trackpoint><Time>2026-09-13T20:10:48Z</Time><Position><LatitudeDegrees>4.72984</LatitudeDegrees><LongitudeDegrees>-74.0451</LongitudeDegrees></Position><AltitudeMeters>2561.8</AltitudeMeters><HeartRateBpm><Value>92</Value></HeartRateBpm><Cadence>45</Cadence></Trackpoint><Trackpoint><Time>2026-09-13T20:10:49Z</Time><Position><LatitudeDegrees>4.72984</LatitudeDegrees><LongitudeDegrees>-74.0451</LongitudeDegrees></Position><AltitudeMeters>2561.7</AltitudeMeters><HeartRateBpm><Value>92</Value></HeartRateBpm><Cadence>45</Cadence></Trackpoint><Trackpoint><Time>2026-09-13T20:10:50Z</Time><Position><LatitudeDegrees>4.72984</LatitudeDegrees><LongitudeDegrees>-74.0451</LongitudeDegrees></Position><AltitudeMeters>2561.7</AltitudeMeters><HeartRateBpm><Value>91</Value></HeartRateBpm><Cadence>46</Cadence></Trackpoint><Trackpoint><Time>2026-09-13T20:10:51Z</Time><Position><LatitudeDegrees>4.72984</LatitudeDegrees><LongitudeDegrees>-74.0451</LongitudeDegrees></Position><AltitudeMeters>2561.6</AltitudeMeters><HeartRateBpm><Value>91</Value></HeartRateBpm><Cadence>46</Cadence></Trackpoint><Trackpoint><Time>2026-09-13T20:10:52Z</Time><Position><LatitudeDegrees>4.72984</LatitudeDegrees><LongitudeDegrees>-74.0451</LongitudeDegrees></Position><AltitudeMeters>2561.7</AltitudeMeters><HeartRateBpm><Value>90</Value></HeartRateBpm><Cadence>46</Cadence></Trackpoint><Trackpoint><Time>2026-09-13T20:10:53Z</Time><Position><LatitudeDegrees>4.72984</LatitudeDegrees><LongitudeDegrees>-74.0451</LongitudeDegrees></Position><AltitudeMeters>2561.7</AltitudeMeters><HeartRateBpm><Value>90</Value></HeartRateBpm><Cadence>46</Cadence></Trackpoint><Trackpoint><Time>2026-09-13T20:10:54Z</Time><Position><LatitudeDegrees>4.72984</LatitudeDegrees><LongitudeDegrees>-74.0451</LongitudeDegrees></Position><AltitudeMeters>2561.7</AltitudeMeters><HeartRateBpm><Value>90</Value></HeartRateBpm><Cadence>46</Cadence></Trackpoint><Trackpoint><Time>2026-09-13T20:10:55Z</Time><Position><LatitudeDegrees>4.72984</LatitudeDegrees><LongitudeDegrees>-74.0451</LongitudeDegrees></Position><AltitudeMeters>2561.7</AltitudeMeters><HeartRateBpm><Value>90</Value></HeartRateBpm><Cadence>47</Cadence></Trackpoint><Trackpoint><Time>2026-09-13T20:10:56Z</Time><Position><LatitudeDegrees>4.72984</LatitudeDegrees><LongitudeDegrees>-74.0451</LongitudeDegrees></Position><AltitudeMeters>2561.7</AltitudeMeters><HeartRateBpm><Value>91</Value></HeartRateBpm><Cadence>47</Cadence></Trackpoint><Trackpoint><Time>2026-09-13T20:10:57Z</Time><Position><LatitudeDegrees>4.72984</LatitudeDegrees><LongitudeDegrees>-74.0451</LongitudeDegrees></Position><AltitudeMeters>2561.7</AltitudeMeters><HeartRateBpm><Value>91</Value></HeartRateBpm><Cadence>47</Cadence></Trackpoint><Trackpoint><Time>2026-09-13T20:10:58Z</Time><Position><LatitudeDegrees>4.72984</LatitudeDegrees><LongitudeDegrees>-74.0451</LongitudeDegrees></Position><AltitudeMeters>2561.6</AltitudeMeters><HeartRateBpm><Value>92</Value></HeartRateBpm><Cadence>47</Cadence></Trackpoint><Trackpoint><Time>2026-09-13T20:10:59Z</Time><Position><LatitudeDegrees>4.72984</LatitudeDegrees><LongitudeDegrees>-74.0451</LongitudeDegrees></Position><AltitudeMeters>2561.6</AltitudeMeters><HeartRateBpm><Value>93</Value></HeartRateBpm><Cadence>48</Cadence></Trackpoint><Trackpoint><Time>2026-09-13T20:11:00Z</Time><Position><LatitudeDegrees>4.72984</LatitudeDegrees><LongitudeDegrees>-74.0451</LongitudeDegrees></Position><AltitudeMeters>2561.7</AltitudeMeters><HeartRateBpm><Value>93</Value></HeartRateBpm><Cadence>48</Cadence></Trackpoint><Trackpoint><Time>2026-09-13T20:11:01Z</Time><Position><LatitudeDegrees>4.72984</LatitudeDegrees><LongitudeDegrees>-74.0451</LongitudeDegrees></Position><AltitudeMeters>2561.8</AltitudeMeters><HeartRateBpm><Value>93</Value></HeartRateBpm><Cadence>48</Cadence></Trackpoint><Trackpoint><Time>2026-09-13T20:11:02Z</Time><Position><LatitudeDegrees>4.72984</LatitudeDegrees><LongitudeDegrees>-74.0451</LongitudeDegrees></Position><AltitudeMeters>2561.7</AltitudeMeters><HeartRateBpm><Value>93</Value></HeartRateBpm><Cadence>48</Cadence></Trackpoint><Trackpoint><Time>2026-09-13T20:11:03Z</Time><Position><LatitudeDegrees>4.72984</LatitudeDegrees><LongitudeDegrees>-74.0451</LongitudeDegrees></Position><AltitudeMeters>2561.6</AltitudeMeters><HeartRateBpm><Value>93</Value></HeartRateBpm><Cadence>48</Cadence></Trackpoint><Trackpoint><Time>2026-09-13T20:11:04Z</Time><Position><LatitudeDegrees>4.72984</LatitudeDegrees><LongitudeDegrees>-74.0451</LongitudeDegrees></Position><AltitudeMeters>2561.6</AltitudeMeters><HeartRateBpm><Value>94</Value></HeartRateBpm><Cadence>49</Cadence></Trackpoint><Trackpoint><Time>2026-09-13T20:11:05Z</Time><Position><LatitudeDegrees>4.72984</LatitudeDegrees><LongitudeDegrees>-74.0451</LongitudeDegrees></Position><AltitudeMeters>2561.6</AltitudeMeters><HeartRateBpm><Value>93</Value></HeartRateBpm><Cadence>49</Cadence></Trackpoint><Trackpoint><Time>2026-09-13T20:11:06Z</Time><Position><LatitudeDegrees>4.72984</LatitudeDegrees><LongitudeDegrees>-74.0451</LongitudeDegrees></Position><AltitudeMeters>2561.5</AltitudeMeters><HeartRateBpm><Value>93</Value></HeartRateBpm><Cadence>49</Cadence></Trackpoint><Trackpoint><Time>2026-09-13T20:11:07Z</Time><Position><LatitudeDegrees>4.72983</LatitudeDegrees><LongitudeDegrees>-74.0451</LongitudeDegrees></Position><AltitudeMeters>2561.4</AltitudeMeters><HeartRateBpm><Value>93</Value></HeartRateBpm><Cadence>49</Cadence></Trackpoint><Trackpoint><Time>2026-09-13T20:11:08Z</Time><Position><LatitudeDegrees>4.729818</LatitudeDegrees><LongitudeDegrees>-74.045105</LongitudeDegrees></Position><AltitudeMeters>2561.3</AltitudeMeters><HeartRateBpm><Value>93</Value></HeartRateBpm><Cadence>50</Cadence></Trackpoint><Trackpoint><Time>2026-09-13T20:11:09Z</Time><Position><LatitudeDegrees>4.729808</LatitudeDegrees><LongitudeDegrees>-74.045105</LongitudeDegrees></Position><AltitudeMeters>2561.2</AltitudeMeters><HeartRateBpm><Value>93</Value></HeartRateBpm><Cadence>50</Cadence></Trackpoint><Trackpoint><Time>2026-09-13T20:11:10Z</Time><Position><LatitudeDegrees>4.729795</LatitudeDegrees><LongitudeDegrees>-74.045105</LongitudeDegrees></Position><AltitudeMeters>2561.2</AltitudeMeters><HeartRateBpm><Value>92</Value></HeartRateBpm><Cadence>50</Cadence></Trackpoint><Trackpoint><Time>2026-09-13T20:11:11Z</Time><Position><LatitudeDegrees>4.729782</LatitudeDegrees><LongitudeDegrees>-74.045105</LongitudeDegrees></Position><AltitudeMeters>2561.2</AltitudeMeters><HeartRateBpm><Value>92</Value></HeartRateBpm><Cadence>50</Cadence></Trackpoint><Trackpoint><Time>2026-09-13T20:11:12Z</Time><Position><LatitudeDegrees>4.72977</LatitudeDegrees><LongitudeDegrees>-74.04511</LongitudeDegrees></Position><AltitudeMeters>2561.2</AltitudeMeters><HeartRateBpm><Value>92</Value></HeartRateBpm><Cadence>51</Cadence></Trackpoint><Trackpoint><Time>2026-09-13T20:11:13Z</Time><Position><LatitudeDegrees>4.729758</LatitudeDegrees><LongitudeDegrees>-74.04512</LongitudeDegrees></Position><AltitudeMeters>2561.2</AltitudeMeters><HeartRateBpm><Value>92</Value></HeartRateBpm><Cadence>51</Cadence></Trackpoint><Trackpoint><Time>2026-09-13T20:11:14Z</Time><Position><LatitudeDegrees>4.729743</LatitudeDegrees><LongitudeDegrees>-74.04513</LongitudeDegrees></Position><AltitudeMeters>2561.4</AltitudeMeters><HeartRateBpm><Value>92</Value></HeartRateBpm><Cadence>51</Cadence></Trackpoint><Trackpoint><Time>2026-09-13T20:11:15Z</Time><Position><LatitudeDegrees>4.729732</LatitudeDegrees><LongitudeDegrees>-74.045135</LongitudeDegrees></Position><AltitudeMeters>2561.5</AltitudeMeters><HeartRateBpm><Value>91</Value></HeartRateBpm><Cadence>52</Cadence></Trackpoint><Trackpoint><Time>2026-09-13T20:11:16Z</Time><Position><LatitudeDegrees>4.729715</LatitudeDegrees><LongitudeDegrees>-74.045135</LongitudeDegrees></Position><AltitudeMeters>2561.7</AltitudeMeters><HeartRateBpm><Value>91</Value></HeartRateBpm><Cadence>53</Cadence></Trackpoint><Trackpoint><Time>2026-09-13T20:11:17Z</Time><Position><LatitudeDegrees>4.729701</LatitudeDegrees><LongitudeDegrees>-74.045135</LongitudeDegrees></Position><AltitudeMeters>2561.9</AltitudeMeters><HeartRateBpm><Value>91</Value></HeartRateBpm><Cadence>54</Cadence></Trackpoint><Trackpoint><Time>2026-09-13T20:11:18Z</Time><Position><LatitudeDegrees>4.729684</LatitudeDegrees><LongitudeDegrees>-74.04514</LongitudeDegrees></Position><AltitudeMeters>2561.9</AltitudeMeters><HeartRateBpm><Value>91</Value></HeartRateBpm><Cadence>55</Cadence></Trackpoint><Trackpoint><Time>2026-09-13T20:11:19Z</Time><Position><LatitudeDegrees>4.729664</LatitudeDegrees><LongitudeDegrees>-74.04514</LongitudeDegrees></Position><AltitudeMeters>2561.9</AltitudeMeters><HeartRateBpm><Value>91</Value></HeartRateBpm><Cadence>56</Cadence></Trackpoint><Trackpoint><Time>2026-09-13T20:11:20Z</Time><Position><LatitudeDegrees>4.729641</LatitudeDegrees><LongitudeDegrees>-74.04515</LongitudeDegrees></Position><AltitudeMeters>2561.8</AltitudeMeters><HeartRateBpm><Value>91</Value></HeartRateBpm><Cadence>57</Cadence></Trackpoint><Trackpoint><Time>2026-09-13T20:11:21Z</Time><Position><LatitudeDegrees>4.72963</LatitudeDegrees><LongitudeDegrees>-74.04515</LongitudeDegrees></Position><AltitudeMeters>2561.7</AltitudeMeters><HeartRateBpm><Value>91</Value></HeartRateBpm><Cadence>57</Cadence></Trackpoint><Trackpoint><Time>2026-09-13T20:11:22Z</Time><Position><LatitudeDegrees>4.72962</LatitudeDegrees><LongitudeDegrees>-74.04515</LongitudeDegrees></Position><AltitudeMeters>2561.4</AltitudeMeters><HeartRateBpm><Value>91</Value></HeartRateBpm><Cadence>58</Cadence></Trackpoint><Trackpoint><Time>2026-09-13T20:11:23Z</Time><Position><LatitudeDegrees>4.729609</LatitudeDegrees><LongitudeDegrees>-74.04516</LongitudeDegrees></Position><AltitudeMeters>2561.4</AltitudeMeters><HeartRateBpm><Value>91</Value></HeartRateBpm><Cadence>58</Cadence></Trackpoint><Trackpoint><Time>2026-09-13T20:11:24Z</Time><Position><LatitudeDegrees>4.729603</LatitudeDegrees><LongitudeDegrees>-74.045166</LongitudeDegrees></Position><AltitudeMeters>2561.4</AltitudeMeters><HeartRateBpm><Value>92</Value></HeartRateBpm><Cadence>59</Cadence></Trackpoint><Trackpoint><Time>2026-09-13T20:11:25Z</Time><Position><LatitudeDegrees>4.729593</LatitudeDegrees><LongitudeDegrees>-74.04517</LongitudeDegrees></Position><AltitudeMeters>2561.4</AltitudeMeters><HeartRateBpm><Value>91</Value></HeartRateBpm><Cadence>59</Cadence></Trackpoint><Trackpoint><Time>2026-09-13T20:11:26Z</Time><Position><LatitudeDegrees>4.729583</LatitudeDegrees><LongitudeDegrees>-74.04518</LongitudeDegrees></Position><AltitudeMeters>2561.4</AltitudeMeters><HeartRateBpm><Value>91</Value></HeartRateBpm><Cadence>60</Cadence></Trackpoint><Trackpoint><Time>2026-09-13T20:11:27Z</Time><Position><LatitudeDegrees>4.729573</LatitudeDegrees><LongitudeDegrees>-74.04518</LongitudeDegrees></Position><AltitudeMeters>2561.4</AltitudeMeters><HeartRateBpm><Value>91</Value></HeartRateBpm><Cadence>60</Cadence></Trackpoint><Trackpoint><Time>2026-09-13T20:11:28Z</Time><Position><LatitudeDegrees>4.729562</LatitudeDegrees><LongitudeDegrees>-74.04519</LongitudeDegrees></Position><AltitudeMeters>2561.5</AltitudeMeters><HeartRateBpm><Value>91</Value></HeartRateBpm><Cadence>60</Cadence></Trackpoint><Trackpoint><Time>2026-09-13T20:11:29Z</Time><Position><LatitudeDegrees>4.72955</LatitudeDegrees><LongitudeDegrees>-74.04519</LongitudeDegrees></Position><AltitudeMeters>2561.6</AltitudeMeters><HeartRateBpm><Value>91</Value></HeartRateBpm><Cadence>61</Cadence></Trackpoint><Trackpoint><Time>2026-09-13T20:11:30Z</Time><Position><LatitudeDegrees>4.729534</LatitudeDegrees><LongitudeDegrees>-74.0452</LongitudeDegrees></Position><AltitudeMeters>2561.7</AltitudeMeters><HeartRateBpm><Value>91</Value></HeartRateBpm><Cadence>60</Cadence></Trackpoint><Trackpoint><Time>2026-09-13T20:11:31Z</Time><Position><LatitudeDegrees>4.729518</LatitudeDegrees><LongitudeDegrees>-74.0452</LongitudeDegrees></Position><AltitudeMeters>2561.9</AltitudeMeters><HeartRateBpm><Value>91</Value></HeartRateBpm><Cadence>60</Cadence></Trackpoint><Trackpoint><Time>2026-09-13T20:11:32Z</Time><Position><LatitudeDegrees>4.729502</LatitudeDegrees><LongitudeDegrees>-74.0452</LongitudeDegrees></Position><AltitudeMeters>2562.1</AltitudeMeters><HeartRateBpm><Value>91</Value></HeartRateBpm><Cadence>59</Cadence></Trackpoint><Trackpoint><Time>2026-09-13T20:11:33Z</Time><Position><LatitudeDegrees>4.729488</LatitudeDegrees><LongitudeDegrees>-74.045204</LongitudeDegrees></Position><AltitudeMeters>2562.1</AltitudeMeters><HeartRateBpm><Value>91</Value></HeartRateBpm><Cadence>59</Cadence></Trackpoint><Trackpoint><Time>2026-09-13T20:11:34Z</Time><Position><LatitudeDegrees>4.729474</LatitudeDegrees><LongitudeDegrees>-74.045204</LongitudeDegrees></Position><AltitudeMeters>2562.1</AltitudeMeters><HeartRateBpm><Value>91</Value></HeartRateBpm><Cadence>58</Cadence></Trackpoint><Trackpoint><Time>2026-09-13T20:11:35Z</Time><Position><LatitudeDegrees>4.72946</LatitudeDegrees><LongitudeDegrees>-74.045204</LongitudeDegrees></Position><AltitudeMeters>2562.0</AltitudeMeters><HeartRateBpm><Value>91</Value></HeartRateBpm><Cadence>58</Cadence></Trackpoint><Trackpoint><Time>2026-09-13T20:11:36Z</Time><Position><LatitudeDegrees>4.729454</LatitudeDegrees><LongitudeDegrees>-74.045204</LongitudeDegrees></Position><AltitudeMeters>2562.0</AltitudeMeters><HeartRateBpm><Value>91</Value></HeartRateBpm><Cadence>58</Cadence></Trackpoint><Trackpoint><Time>2026-09-13T20:11:37Z</Time><Position><LatitudeDegrees>4.729445</LatitudeDegrees><LongitudeDegrees>-74.045204</LongitudeDegrees></Position><AltitudeMeters>2562.0</AltitudeMeters><HeartRateBpm><Value>91</Value></HeartRateBpm><Cadence>57</Cadence></Trackpoint><Trackpoint><Time>2026-09-13T20:11:38Z</Time><Position><LatitudeDegrees>4.729438</LatitudeDegrees><LongitudeDegrees>-74.045204</LongitudeDegrees></Position><AltitudeMeters>2562.1</AltitudeMeters><HeartRateBpm><Value>91</Value></HeartRateBpm><Cadence>57</Cadence></Trackpoint><Trackpoint><Time>2026-09-13T20:11:39Z</Time><Position><LatitudeDegrees>4.729434</LatitudeDegrees><LongitudeDegrees>-74.045204</LongitudeDegrees></Position><AltitudeMeters>2562.1</AltitudeMeters><HeartRateBpm><Value>91</Value></HeartRateBpm><Cadence>57</Cadence></Trackpoint><Trackpoint><Time>2026-09-13T20:11:40Z</Time><Position><LatitudeDegrees>4.729419</LatitudeDegrees><LongitudeDegrees>-74.04521</LongitudeDegrees></Position><AltitudeMeters>2562.1</AltitudeMeters><HeartRateBpm><Value>91</Value></HeartRateBpm><Cadence>56</Cadence></Trackpoint><Trackpoint><Time>2026-09-13T20:11:41Z</Time><Position><LatitudeDegrees>4.729413</LatitudeDegrees><LongitudeDegrees>-74.04521</LongitudeDegrees></Position><AltitudeMeters>2561.9</AltitudeMeters><HeartRateBpm><Value>91</Value></HeartRateBpm><Cadence>56</Cadence></Trackpoint><Trackpoint><Time>2026-09-13T20:11:42Z</Time><Position><LatitudeDegrees>4.729403</LatitudeDegrees><LongitudeDegrees>-74.04521</LongitudeDegrees></Position><AltitudeMeters>2561.8</AltitudeMeters><HeartRateBpm><Value>91</Value></HeartRateBpm><Cadence>55</Cadence></Trackpoint><Trackpoint><Time>2026-09-13T20:11:43Z</Time><Position><LatitudeDegrees>4.72939</LatitudeDegrees><LongitudeDegrees>-74.04522</LongitudeDegrees></Position><AltitudeMeters>2561.8</AltitudeMeters><HeartRateBpm><Value>91</Value></HeartRateBpm><Cadence>54</Cadence></Trackpoint><Trackpoint><Time>2026-09-13T20:11:44Z</Time><Position><LatitudeDegrees>4.729378</LatitudeDegrees><LongitudeDegrees>-74.04522</LongitudeDegrees></Position><AltitudeMeters>2561.8</AltitudeMeters><HeartRateBpm><Value>91</Value></HeartRateBpm><Cadence>54</Cadence></Trackpoint><Trackpoint><Time>2026-09-13T20:11:45Z</Time><Position><LatitudeDegrees>4.729368</LatitudeDegrees><LongitudeDegrees>-74.04523</LongitudeDegrees></Position><AltitudeMeters>2561.9</AltitudeMeters><HeartRateBpm><Value>90</Value></HeartRateBpm><Cadence>54</Cadence></Trackpoint><Trackpoint><Time>2026-09-13T20:11:46Z</Time><Position><LatitudeDegrees>4.729357</LatitudeDegrees><LongitudeDegrees>-74.04523</LongitudeDegrees></Position><AltitudeMeters>2562.0</AltitudeMeters><HeartRateBpm><Value>90</Value></HeartRateBpm><Cadence>54</Cadence></Trackpoint><Trackpoint><Time>2026-09-13T20:11:47Z</Time><Position><LatitudeDegrees>4.729345</LatitudeDegrees><LongitudeDegrees>-74.04523</LongitudeDegrees></Position><AltitudeMeters>2562.1</AltitudeMeters><HeartRateBpm><Value>90</Value></HeartRateBpm><Cadence>54</Cadence></Trackpoint><Trackpoint><Time>2026-09-13T20:11:48Z</Time><Position><LatitudeDegrees>4.729332</LatitudeDegrees><LongitudeDegrees>-74.045235</LongitudeDegrees></Position><AltitudeMeters>2562.1</AltitudeMeters><HeartRateBpm><Value>90</Value></HeartRateBpm><Cadence>54</Cadence></Trackpoint><Trackpoint><Time>2026-09-13T20:11:49Z</Time><Position><LatitudeDegrees>4.729318</LatitudeDegrees><LongitudeDegrees>-74.04524</LongitudeDegrees></Position><AltitudeMeters>2562.1</AltitudeMeters><HeartRateBpm><Value>90</Value></HeartRateBpm><Cadence>55</Cadence></Trackpoint><Trackpoint><Time>2026-09-13T20:11:50Z</Time><Position><LatitudeDegrees>4.729304</LatitudeDegrees><LongitudeDegrees>-74.04524</LongitudeDegrees></Position><AltitudeMeters>2562.0</AltitudeMeters><HeartRateBpm><Value>90</Value></HeartRateBpm><Cadence>55</Cadence></Trackpoint><Trackpoint><Time>2026-09-13T20:11:51Z</Time><Position><LatitudeDegrees>4.729295</LatitudeDegrees><LongitudeDegrees>-74.04524</LongitudeDegrees></Position><AltitudeMeters>2561.9</AltitudeMeters><HeartRateBpm><Value>91</Value></HeartRateBpm><Cadence>55</Cadence></Trackpoint><Trackpoint><Time>2026-09-13T20:11:52Z</Time><Position><LatitudeDegrees>4.729284</LatitudeDegrees><LongitudeDegrees>-74.04525</LongitudeDegrees></Position><AltitudeMeters>2561.8</AltitudeMeters><HeartRateBpm><Value>91</Value></HeartRateBpm><Cadence>56</Cadence></Trackpoint><Trackpoint><Time>2026-09-13T20:11:53Z</Time><Position><LatitudeDegrees>4.729276</LatitudeDegrees><LongitudeDegrees>-74.04525</LongitudeDegrees></Position><AltitudeMeters>2561.7</AltitudeMeters><HeartRateBpm><Value>92</Value></HeartRateBpm><Cadence>56</Cadence></Trackpoint><Trackpoint><Time>2026-09-13T20:11:54Z</Time><Position><LatitudeDegrees>4.729266</LatitudeDegrees><LongitudeDegrees>-74.04525</LongitudeDegrees></Position><AltitudeMeters>2561.7</AltitudeMeters><HeartRateBpm><Value>93</Value></HeartRateBpm><Cadence>57</Cadence></Trackpoint><Trackpoint><Time>2026-09-13T20:11:55Z</Time><Position><LatitudeDegrees>4.729251</LatitudeDegrees><LongitudeDegrees>-74.04525</LongitudeDegrees></Position><AltitudeMeters>2561.7</AltitudeMeters><HeartRateBpm><Value>93</Value></HeartRateBpm><Cadence>57</Cadence></Trackpoint><Trackpoint><Time>2026-09-13T20:11:56Z</Time><Position><LatitudeDegrees>4.72924</LatitudeDegrees><LongitudeDegrees>-74.04526</LongitudeDegrees></Position><AltitudeMeters>2561.7</AltitudeMeters><HeartRateBpm><Value>93</Value></HeartRateBpm><Cadence>57</Cadence></Trackpoint><Trackpoint><Time>2026-09-13T20:11:57Z</Time><Position><LatitudeDegrees>4.729233</LatitudeDegrees><LongitudeDegrees>-74.04526</LongitudeDegrees></Position><AltitudeMeters>2561.6</AltitudeMeters><HeartRateBpm><Value>93</Value></HeartRateBpm><Cadence>57</Cadence></Trackpoint><Trackpoint><Time>2026-09-13T20:11:58Z</Time><Position><LatitudeDegrees>4.729225</LatitudeDegrees><LongitudeDegrees>-74.04526</LongitudeDegrees></Position><AltitudeMeters>2561.4</AltitudeMeters><HeartRateBpm><Value>93</Value></HeartRateBpm><Cadence>57</Cadence></Trackpoint><Trackpoint><Time>2026-09-13T20:11:59Z</Time><Position><LatitudeDegrees>4.729211</LatitudeDegrees><LongitudeDegrees>-74.04526</LongitudeDegrees></Position><AltitudeMeters>2561.4</AltitudeMeters><HeartRateBpm><Value>93</Value></HeartRateBpm><Cadence>58</Cadence></Trackpoint><Trackpoint><Time>2026-09-13T20:12:00Z</Time><Position><LatitudeDegrees>4.729201</LatitudeDegrees><LongitudeDegrees>-74.04526</LongitudeDegrees></Position><AltitudeMeters>2561.4</AltitudeMeters><HeartRateBpm><Value>93</Value></HeartRateBpm><Cadence>58</Cadence></Trackpoint><Trackpoint><Time>2026-09-13T20:12:01Z</Time><Position><LatitudeDegrees>4.729191</LatitudeDegrees><LongitudeDegrees>-74.04526</LongitudeDegrees></Position><AltitudeMeters>2561.5</AltitudeMeters><HeartRateBpm><Value>93</Value></HeartRateBpm><Cadence>58</Cadence></Trackpoint><Trackpoint><Time>2026-09-13T20:12:02Z</Time><Position><LatitudeDegrees>4.729177</LatitudeDegrees><LongitudeDegrees>-74.045265</LongitudeDegrees></Position><AltitudeMeters>2561.6</AltitudeMeters><HeartRateBpm><Value>94</Value></HeartRateBpm><Cadence>58</Cadence></Trackpoint><Trackpoint><Time>2026-09-13T20:12:03Z</Time><Position><LatitudeDegrees>4.729168</LatitudeDegrees><LongitudeDegrees>-74.04526</LongitudeDegrees></Position><AltitudeMeters>2561.6</AltitudeMeters><HeartRateBpm><Value>94</Value></HeartRateBpm><Cadence>58</Cadence></Trackpoint><Trackpoint><Time>2026-09-13T20:12:04Z</Time><Position><LatitudeDegrees>4.729158</LatitudeDegrees><LongitudeDegrees>-74.04526</LongitudeDegrees></Position><AltitudeMeters>2561.6</AltitudeMeters><HeartRateBpm><Value>95</Value></HeartRateBpm><Cadence>58</Cadence></Trackpoint><Trackpoint><Time>2026-09-13T20:12:05Z</Time><Position><LatitudeDegrees>4.729143</LatitudeDegrees><LongitudeDegrees>-74.045265</LongitudeDegrees></Position><AltitudeMeters>2561.6</AltitudeMeters><HeartRateBpm><Value>95</Value></HeartRateBpm><Cadence>58</Cadence></Trackpoint><Trackpoint><Time>2026-09-13T20:12:06Z</Time><Position><LatitudeDegrees>4.729126</LatitudeDegrees><LongitudeDegrees>-74.045265</LongitudeDegrees></Position><AltitudeMeters>2561.6</AltitudeMeters><HeartRateBpm><Value>96</Value></HeartRateBpm><Cadence>58</Cadence></Trackpoint><Trackpoint><Time>2026-09-13T20:12:07Z</Time><Position><LatitudeDegrees>4.729119</LatitudeDegrees><LongitudeDegrees>-74.045265</LongitudeDegrees></Position><AltitudeMeters>2561.8</AltitudeMeters><HeartRateBpm><Value>97</Value></HeartRateBpm><Cadence>57</Cadence></Trackpoint><Trackpoint><Time>2026-09-13T20:12:08Z</Time><Position><LatitudeDegrees>4.729106</LatitudeDegrees><LongitudeDegrees>-74.04527</LongitudeDegrees></Position><AltitudeMeters>2562.0</AltitudeMeters><HeartRateBpm><Value>98</Value></HeartRateBpm><Cadence>57</Cadence></Trackpoint><Trackpoint><Time>2026-09-13T20:12:09Z</Time><Position><LatitudeDegrees>4.729092</LatitudeDegrees><LongitudeDegrees>-74.04527</LongitudeDegrees></Position><AltitudeMeters>2562.1</AltitudeMeters><HeartRateBpm><Value>99</Value></HeartRateBpm><Cadence>57</Cadence></Trackpoint><Trackpoint><Time>2026-09-13T20:12:10Z</Time><Position><LatitudeDegrees>4.729077</LatitudeDegrees><LongitudeDegrees>-74.04527</LongitudeDegrees></Position><AltitudeMeters>2561.9</AltitudeMeters><HeartRateBpm><Value>98</Value></HeartRateBpm><Cadence>57</Cadence></Trackpoint><Trackpoint><Time>2026-09-13T20:12:11Z</Time><Position><LatitudeDegrees>4.729063</LatitudeDegrees><LongitudeDegrees>-74.04528</LongitudeDegrees></Position><AltitudeMeters>2561.6</AltitudeMeters><HeartRateBpm><Value>98</Value></HeartRateBpm><Cadence>57</Cadence></Trackpoint><Trackpoint><Time>2026-09-13T20:12:12Z</Time><Position><LatitudeDegrees>4.72905</LatitudeDegrees><LongitudeDegrees>-74.04528</LongitudeDegrees></Position><AltitudeMeters>2561.2</AltitudeMeters><HeartRateBpm><Value>98</Value></HeartRateBpm><Cadence>57</Cadence></Trackpoint><Trackpoint><Time>2026-09-13T20:12:13Z</Time><Position><LatitudeDegrees>4.729034</LatitudeDegrees><LongitudeDegrees>-74.04529</LongitudeDegrees></Position><AltitudeMeters>2561.1</AltitudeMeters><HeartRateBpm><Value>98</Value></HeartRateBpm><Cadence>57</Cadence></Trackpoint><Trackpoint><Time>2026-09-13T20:12:14Z</Time><Position><LatitudeDegrees>4.72902</LatitudeDegrees><LongitudeDegrees>-74.04529</LongitudeDegrees></Position><AltitudeMeters>2561.0</AltitudeMeters><HeartRateBpm><Value>98</Value></HeartRateBpm><Cadence>57</Cadence></Trackpoint><Trackpoint><Time>2026-09-13T20:12:15Z</Time><Position><LatitudeDegrees>4.729004</LatitudeDegrees><LongitudeDegrees>-74.045296</LongitudeDegrees></Position><AltitudeMeters>2560.9</AltitudeMeters><HeartRateBpm><Value>98</Value></HeartRateBpm><Cadence>57</Cadence></Trackpoint><Trackpoint><Time>2026-09-13T20:12:16Z</Time><Position><LatitudeDegrees>4.72899</LatitudeDegrees><LongitudeDegrees>-74.045296</LongitudeDegrees></Position><AltitudeMeters>2561.1</AltitudeMeters><HeartRateBpm><Value>98</Value></HeartRateBpm><Cadence>57</Cadence></Trackpoint><Trackpoint><Time>2026-09-13T20:12:17Z</Time><Position><LatitudeDegrees>4.728977</LatitudeDegrees><LongitudeDegrees>-74.0453</LongitudeDegrees></Position><AltitudeMeters>2561.2</AltitudeMeters><HeartRateBpm><Value>98</Value></HeartRateBpm><Cadence>57</Cadence></Trackpoint><Trackpoint><Time>2026-09-13T20:12:18Z</Time><Position><LatitudeDegrees>4.728963</LatitudeDegrees><LongitudeDegrees>-74.04531</LongitudeDegrees></Position><AltitudeMeters>2561.2</AltitudeMeters><HeartRateBpm><Value>98</Value></HeartRateBpm><Cadence>57</Cadence></Trackpoint><Trackpoint><Time>2026-09-13T20:12:19Z</Time><Position><LatitudeDegrees>4.728953</LatitudeDegrees><LongitudeDegrees>-74.04531</LongitudeDegrees></Position><AltitudeMeters>2561.2</AltitudeMeters><HeartRateBpm><Value>98</Value></HeartRateBpm><Cadence>57</Cadence></Trackpoint><Trackpoint><Time>2026-09-13T20:12:20Z</Time><Position><LatitudeDegrees>4.728939</LatitudeDegrees><LongitudeDegrees>-74.04531</LongitudeDegrees></Position><AltitudeMeters>2561.2</AltitudeMeters><HeartRateBpm><Value>97</Value></HeartRateBpm><Cadence>57</Cadence></Trackpoint><Trackpoint><Time>2026-09-13T20:12:21Z</Time><Position><LatitudeDegrees>4.728925</LatitudeDegrees><LongitudeDegrees>-74.04532</LongitudeDegrees></Position><AltitudeMeters>2561.2</AltitudeMeters><HeartRateBpm><Value>97</Value></HeartRateBpm><Cadence>56</Cadence></Trackpoint><Trackpoint><Time>2026-09-13T20:12:22Z</Time><Position><LatitudeDegrees>4.728913</LatitudeDegrees><LongitudeDegrees>-74.04532</LongitudeDegrees></Position><AltitudeMeters>2561.3</AltitudeMeters><HeartRateBpm><Value>96</Value></HeartRateBpm><Cadence>56</Cadence></Trackpoint><Trackpoint><Time>2026-09-13T20:12:23Z</Time><Position><LatitudeDegrees>4.728908</LatitudeDegrees><LongitudeDegrees>-74.04531</LongitudeDegrees></Position><AltitudeMeters>2561.4</AltitudeMeters><HeartRateBpm><Value>96</Value></HeartRateBpm><Cadence>56</Cadence></Trackpoint><Trackpoint><Time>2026-09-13T20:12:24Z</Time><Position><LatitudeDegrees>4.728902</LatitudeDegrees><LongitudeDegrees>-74.04531</LongitudeDegrees></Position><AltitudeMeters>2561.4</AltitudeMeters><HeartRateBpm><Value>96</Value></HeartRateBpm><Cadence>56</Cadence></Trackpoint><Trackpoint><Time>2026-09-13T20:12:25Z</Time><Position><LatitudeDegrees>4.728894</LatitudeDegrees><LongitudeDegrees>-74.0453</LongitudeDegrees></Position><AltitudeMeters>2561.5</AltitudeMeters><HeartRateBpm><Value>96</Value></HeartRateBpm><Cadence>56</Cadence></Trackpoint><Trackpoint><Time>2026-09-13T20:12:26Z</Time><Position><LatitudeDegrees>4.728883</LatitudeDegrees><LongitudeDegrees>-74.0453</LongitudeDegrees></Position><AltitudeMeters>2561.5</AltitudeMeters><HeartRateBpm><Value>96</Value></HeartRateBpm><Cadence>56</Cadence></Trackpoint><Trackpoint><Time>2026-09-13T20:12:27Z</Time><Position><LatitudeDegrees>4.728872</LatitudeDegrees><LongitudeDegrees>-74.04531</LongitudeDegrees></Position><AltitudeMeters>2561.6</AltitudeMeters><HeartRateBpm><Value>96</Value></HeartRateBpm><Cadence>56</Cadence></Trackpoint><Trackpoint><Time>2026-09-13T20:12:28Z</Time><Position><LatitudeDegrees>4.728864</LatitudeDegrees><LongitudeDegrees>-74.04531</LongitudeDegrees></Position><AltitudeMeters>2561.6</AltitudeMeters><HeartRateBpm><Value>96</Value></HeartRateBpm><Cadence>56</Cadence></Trackpoint><Trackpoint><Time>2026-09-13T20:12:29Z</Time><Position><LatitudeDegrees>4.728852</LatitudeDegrees><LongitudeDegrees>-74.04531</LongitudeDegrees></Position><AltitudeMeters>2561.6</AltitudeMeters><HeartRateBpm><Value>96</Value></HeartRateBpm><Cadence>57</Cadence></Trackpoint><Trackpoint><Time>2026-09-13T20:12:30Z</Time><Position><LatitudeDegrees>4.728844</LatitudeDegrees><LongitudeDegrees>-74.04531</LongitudeDegrees></Position><AltitudeMeters>2561.6</AltitudeMeters><HeartRateBpm><Value>96</Value></HeartRateBpm><Cadence>57</Cadence></Trackpoint><Trackpoint><Time>2026-09-13T20:12:31Z</Time><Position><LatitudeDegrees>4.728833</LatitudeDegrees><LongitudeDegrees>-74.04531</LongitudeDegrees></Position><AltitudeMeters>2561.6</AltitudeMeters><HeartRateBpm><Value>96</Value></HeartRateBpm><Cadence>57</Cadence></Trackpoint><Trackpoint><Time>2026-09-13T20:12:32Z</Time><Position><LatitudeDegrees>4.728822</LatitudeDegrees><LongitudeDegrees>-74.04531</LongitudeDegrees></Position><AltitudeMeters>2561.6</AltitudeMeters><HeartRateBpm><Value>96</Value></HeartRateBpm><Cadence>57</Cadence></Trackpoint><Trackpoint><Time>2026-09-13T20:12:33Z</Time><Position><LatitudeDegrees>4.728813</LatitudeDegrees><LongitudeDegrees>-74.04532</LongitudeDegrees></Position><AltitudeMeters>2561.8</AltitudeMeters><HeartRateBpm><Value>96</Value></HeartRateBpm><Cadence>58</Cadence></Trackpoint><Trackpoint><Time>2026-09-13T20:12:34Z</Time><Position><LatitudeDegrees>4.728804</LatitudeDegrees><LongitudeDegrees>-74.04532</LongitudeDegrees></Position><AltitudeMeters>2561.9</AltitudeMeters><HeartRateBpm><Value>96</Value></HeartRateBpm><Cadence>58</Cadence></Trackpoint><Trackpoint><Time>2026-09-13T20:12:35Z</Time><Position><LatitudeDegrees>4.728789</LatitudeDegrees><LongitudeDegrees>-74.04533</LongitudeDegrees></Position><AltitudeMeters>2562.0</AltitudeMeters><HeartRateBpm><Value>95</Value></HeartRateBpm><Cadence>58</Cadence></Trackpoint><Trackpoint><Time>2026-09-13T20:12:36Z</Time><Position><LatitudeDegrees>4.728774</LatitudeDegrees><LongitudeDegrees>-74.04533</LongitudeDegrees></Position><HeartRateBpm><Value>95</Value></HeartRateBpm><Cadence>58</Cadence></Trackpoint><Trackpoint><Time>2026-09-13T20:12:37Z</Time><Position><LatitudeDegrees>4.728759</LatitudeDegrees><LongitudeDegrees>-74.04533</LongitudeDegrees></Position><HeartRateBpm><Value>94</Value></HeartRateBpm><Cadence>57</Cadence></Trackpoint><Trackpoint><Time>2026-09-13T20:12:38Z</Time><Position><LatitudeDegrees>4.728748</LatitudeDegrees><LongitudeDegrees>-74.045334</LongitudeDegrees></Position><HeartRateBpm><Value>94</Value></HeartRateBpm><Cadence>57</Cadence></Trackpoint><Trackpoint><Time>2026-09-13T20:12:39Z</Time><Position><LatitudeDegrees>4.728738</LatitudeDegrees><LongitudeDegrees>-74.045334</LongitudeDegrees></Position><AltitudeMeters>2561.9</AltitudeMeters><HeartRateBpm><Value>94</Value></HeartRateBpm><Cadence>57</Cadence></Trackpoint><Trackpoint><Time>2026-09-13T20:12:40Z</Time><Position><LatitudeDegrees>4.728729</LatitudeDegrees><LongitudeDegrees>-74.045334</LongitudeDegrees></Position><HeartRateBpm><Value>94</Value></HeartRateBpm><Cadence>57</Cadence></Trackpoint><Trackpoint><Time>2026-09-13T20:12:41Z</Time><Position><LatitudeDegrees>4.728718</LatitudeDegrees><LongitudeDegrees>-74.045334</LongitudeDegrees></Position><HeartRateBpm><Value>94</Value></HeartRateBpm><Cadence>57</Cadence></Trackpoint><Trackpoint><Time>2026-09-13T20:12:42Z</Time><Position><LatitudeDegrees>4.728708</LatitudeDegrees><LongitudeDegrees>-74.04534</LongitudeDegrees></Position><HeartRateBpm><Value>94</Value></HeartRateBpm><Cadence>57</Cadence></Trackpoint><Trackpoint><Time>2026-09-13T20:12:43Z</Time><Position><LatitudeDegrees>4.728698</LatitudeDegrees><LongitudeDegrees>-74.04534</LongitudeDegrees></Position><HeartRateBpm><Value>94</Value></HeartRateBpm><Cadence>57</Cadence></Trackpoint><Trackpoint><Time>2026-09-13T20:12:44Z</Time><Position><LatitudeDegrees>4.728687</LatitudeDegrees><LongitudeDegrees>-74.04534</LongitudeDegrees></Position><AltitudeMeters>2561.7</AltitudeMeters><HeartRateBpm><Value>94</Value></HeartRateBpm><Cadence>57</Cadence></Trackpoint><Trackpoint><Time>2026-09-13T20:12:45Z</Time><Position><LatitudeDegrees>4.728676</LatitudeDegrees><LongitudeDegrees>-74.04534</LongitudeDegrees></Position><HeartRateBpm><Value>93</Value></HeartRateBpm><Cadence>57</Cadence></Trackpoint><Trackpoint><Time>2026-09-13T20:12:46Z</Time><Position><LatitudeDegrees>4.728663</LatitudeDegrees><LongitudeDegrees>-74.04534</LongitudeDegrees></Position><HeartRateBpm><Value>93</Value></HeartRateBpm><Cadence>57</Cadence></Trackpoint><Trackpoint><Time>2026-09-13T20:12:47Z</Time><Position><LatitudeDegrees>4.72865</LatitudeDegrees><LongitudeDegrees>-74.04534</LongitudeDegrees></Position><HeartRateBpm><Value>92</Value></HeartRateBpm><Cadence>57</Cadence></Trackpoint><Trackpoint><Time>2026-09-13T20:12:48Z</Time><Position><LatitudeDegrees>4.728637</LatitudeDegrees><LongitudeDegrees>-74.04534</LongitudeDegrees></Position><HeartRateBpm><Value>92</Value></HeartRateBpm><Cadence>57</Cadence></Trackpoint><Trackpoint><Time>2026-09-13T20:12:49Z</Time><Position><LatitudeDegrees>4.728623</LatitudeDegrees><LongitudeDegrees>-74.04534</LongitudeDegrees></Position><AltitudeMeters>2561.7</AltitudeMeters><HeartRateBpm><Value>92</Value></HeartRateBpm><Cadence>57</Cadence></Trackpoint><Trackpoint><Time>2026-09-13T20:12:50Z</Time><Position><LatitudeDegrees>4.728611</LatitudeDegrees><LongitudeDegrees>-74.04534</LongitudeDegrees></Position><HeartRateBpm><Value>92</Value></HeartRateBpm><Cadence>56</Cadence></Trackpoint><Trackpoint><Time>2026-09-13T20:12:51Z</Time><Position><LatitudeDegrees>4.728599</LatitudeDegrees><LongitudeDegrees>-74.04534</LongitudeDegrees></Position><HeartRateBpm><Value>92</Value></HeartRateBpm><Cadence>56</Cadence></Trackpoint><Trackpoint><Time>2026-09-13T20:12:52Z</Time><Position><LatitudeDegrees>4.728588</LatitudeDegrees><LongitudeDegrees>-74.04534</LongitudeDegrees></Position><HeartRateBpm><Value>92</Value></HeartRateBpm><Cadence>56</Cadence></Trackpoint><Trackpoint><Time>2026-09-13T20:12:53Z</Time><Position><LatitudeDegrees>4.728577</LatitudeDegrees><LongitudeDegrees>-74.04534</LongitudeDegrees></Position><HeartRateBpm><Value>92</Value></HeartRateBpm><Cadence>56</Cadence></Trackpoint><Trackpoint><Time>2026-09-13T20:12:54Z</Time><Position><LatitudeDegrees>4.728564</LatitudeDegrees><LongitudeDegrees>-74.04534</LongitudeDegrees></Position><AltitudeMeters>2561.7</AltitudeMeters><HeartRateBpm><Value>93</Value></HeartRateBpm><Cadence>56</Cadence></Trackpoint><Trackpoint><Time>2026-09-13T20:12:55Z</Time><Position><LatitudeDegrees>4.72855</LatitudeDegrees><LongitudeDegrees>-74.04534</LongitudeDegrees></Position><HeartRateBpm><Value>93</Value></HeartRateBpm><Cadence>55</Cadence></Trackpoint><Trackpoint><Time>2026-09-13T20:12:56Z</Time><Position><LatitudeDegrees>4.728542</LatitudeDegrees><LongitudeDegrees>-74.04535</LongitudeDegrees></Position><HeartRateBpm><Value>93</Value></HeartRateBpm><Cadence>54</Cadence></Trackpoint><Trackpoint><Time>2026-09-13T20:12:57Z</Time><Position><LatitudeDegrees>4.728531</LatitudeDegrees><LongitudeDegrees>-74.04536</LongitudeDegrees></Position><HeartRateBpm><Value>93</Value></HeartRateBpm><Cadence>53</Cadence></Trackpoint><Trackpoint><Time>2026-09-13T20:12:58Z</Time><Position><LatitudeDegrees>4.728518</LatitudeDegrees><LongitudeDegrees>-74.04536</LongitudeDegrees></Position><HeartRateBpm><Value>93</Value></HeartRateBpm><Cadence>52</Cadence></Trackpoint><Trackpoint><Time>2026-09-13T20:12:59Z</Time><Position><LatitudeDegrees>4.7285</LatitudeDegrees><LongitudeDegrees>-74.04536</LongitudeDegrees></Position><AltitudeMeters>2561.7</AltitudeMeters><HeartRateBpm><Value>93</Value></HeartRateBpm><Cadence>51</Cadence></Trackpoint><Trackpoint><Time>2026-09-13T20:13:00Z</Time><Position><LatitudeDegrees>4.728485</LatitudeDegrees><LongitudeDegrees>-74.04536</LongitudeDegrees></Position><HeartRateBpm><Value>93</Value></HeartRateBpm><Cadence>51</Cadence></Trackpoint><Trackpoint><Time>2026-09-13T20:13:01Z</Time><Position><LatitudeDegrees>4.728471</LatitudeDegrees><LongitudeDegrees>-74.045364</LongitudeDegrees></Position><HeartRateBpm><Value>93</Value></HeartRateBpm><Cadence>52</Cadence></Trackpoint><Trackpoint><Time>2026-09-13T20:13:02Z</Time><Position><LatitudeDegrees>4.72846</LatitudeDegrees><LongitudeDegrees>-74.045364</LongitudeDegrees></Position><HeartRateBpm><Value>94</Value></HeartRateBpm><Cadence>52</Cadence></Trackpoint><Trackpoint><Time>2026-09-13T20:13:03Z</Time><Position><LatitudeDegrees>4.728447</LatitudeDegrees><LongitudeDegrees>-74.045364</LongitudeDegrees></Position><HeartRateBpm><Value>94</Value></HeartRateBpm><Cadence>53</Cadence></Trackpoint><Trackpoint><Time>2026-09-13T20:13:04Z</Time><Position><LatitudeDegrees>4.728438</LatitudeDegrees><LongitudeDegrees>-74.04537</LongitudeDegrees></Position><AltitudeMeters>2561.7</AltitudeMeters><HeartRateBpm><Value>95</Value></HeartRateBpm><Cadence>53</Cadence></Trackpoint><Trackpoint><Time>2026-09-13T20:13:05Z</Time><Position><LatitudeDegrees>4.728427</LatitudeDegrees><LongitudeDegrees>-74.04537</LongitudeDegrees></Position><HeartRateBpm><Value>95</Value></HeartRateBpm><Cadence>54</Cadence></Trackpoint><Trackpoint><Time>2026-09-13T20:13:06Z</Time><Position><LatitudeDegrees>4.728414</LatitudeDegrees><LongitudeDegrees>-74.04538</LongitudeDegrees></Position><HeartRateBpm><Value>95</Value></HeartRateBpm><Cadence>55</Cadence></Trackpoint><Trackpoint><Time>2026-09-13T20:13:07Z</Time><Position><LatitudeDegrees>4.728405</LatitudeDegrees><LongitudeDegrees>-74.04538</LongitudeDegrees></Position><HeartRateBpm><Value>95</Value></HeartRateBpm><Cadence>56</Cadence></Trackpoint><Trackpoint><Time>2026-09-13T20:13:08Z</Time><Position><LatitudeDegrees>4.728394</LatitudeDegrees><LongitudeDegrees>-74.04538</LongitudeDegrees></Position><HeartRateBpm><Value>95</Value></HeartRateBpm><Cadence>57</Cadence></Trackpoint><Trackpoint><Time>2026-09-13T20:13:09Z</Time><Position><LatitudeDegrees>4.728381</LatitudeDegrees><LongitudeDegrees>-74.04537</LongitudeDegrees></Position><AltitudeMeters>2561.4</AltitudeMeters><HeartRateBpm><Value>96</Value></HeartRateBpm><Cadence>58</Cadence></Trackpoint><Trackpoint><Time>2026-09-13T20:13:10Z</Time><Position><LatitudeDegrees>4.72837</LatitudeDegrees><LongitudeDegrees>-74.04537</LongitudeDegrees></Position><HeartRateBpm><Value>95</Value></HeartRateBpm><Cadence>58</Cadence></Trackpoint><Trackpoint><Time>2026-09-13T20:13:11Z</Time><Position><LatitudeDegrees>4.728357</LatitudeDegrees><LongitudeDegrees>-74.04537</LongitudeDegrees></Position><HeartRateBpm><Value>94</Value></HeartRateBpm><Cadence>58</Cadence></Trackpoint><Trackpoint><Time>2026-09-13T20:13:12Z</Time><Position><LatitudeDegrees>4.728345</LatitudeDegrees><LongitudeDegrees>-74.04538</LongitudeDegrees></Position><HeartRateBpm><Value>94</Value></HeartRateBpm><Cadence>58</Cadence></Trackpoint><Trackpoint><Time>2026-09-13T20:13:13Z</Time><Position><LatitudeDegrees>4.728334</LatitudeDegrees><LongitudeDegrees>-74.04538</LongitudeDegrees></Position><HeartRateBpm><Value>93</Value></HeartRateBpm><Cadence>59</Cadence></Trackpoint><Trackpoint><Time>2026-09-13T20:13:14Z</Time><Position><LatitudeDegrees>4.728323</LatitudeDegrees><LongitudeDegrees>-74.04538</LongitudeDegrees></Position><AltitudeMeters>2561.2</AltitudeMeters><HeartRateBpm><Value>93</Value></HeartRateBpm><Cadence>59</Cadence></Trackpoint><Trackpoint><Time>2026-09-13T20:13:15Z</Time><Position><LatitudeDegrees>4.72831</LatitudeDegrees><LongitudeDegrees>-74.04538</LongitudeDegrees></Position><HeartRateBpm><Value>92</Value></HeartRateBpm><Cadence>59</Cadence></Trackpoint><Trackpoint><Time>2026-09-13T20:13:16Z</Time><Position><LatitudeDegrees>4.728297</LatitudeDegrees><LongitudeDegrees>-74.04539</LongitudeDegrees></Position><HeartRateBpm><Value>92</Value></HeartRateBpm><Cadence>59</Cadence></Trackpoint><Trackpoint><Time>2026-09-13T20:13:17Z</Time><Position><LatitudeDegrees>4.728284</LatitudeDegrees><LongitudeDegrees>-74.04539</LongitudeDegrees></Position><HeartRateBpm><Value>92</Value></HeartRateBpm><Cadence>59</Cadence></Trackpoint><Trackpoint><Time>2026-09-13T20:13:18Z</Time><Position><LatitudeDegrees>4.728271</LatitudeDegrees><LongitudeDegrees>-74.04539</LongitudeDegrees></Position><HeartRateBpm><Value>92</Value></HeartRateBpm><Cadence>59</Cadence></Trackpoint><Trackpoint><Time>2026-09-13T20:13:19Z</Time><Position><LatitudeDegrees>4.72826</LatitudeDegrees><LongitudeDegrees>-74.045395</LongitudeDegrees></Position><AltitudeMeters>2561.2</AltitudeMeters><HeartRateBpm><Value>92</Value></HeartRateBpm><Cadence>59</Cadence></Trackpoint><Trackpoint><Time>2026-09-13T20:13:20Z</Time><Position><LatitudeDegrees>4.728249</LatitudeDegrees><LongitudeDegrees>-74.045395</LongitudeDegrees></Position><HeartRateBpm><Value>92</Value></HeartRateBpm><Cadence>59</Cadence></Trackpoint><Trackpoint><Time>2026-09-13T20:13:21Z</Time><Position><LatitudeDegrees>4.728236</LatitudeDegrees><LongitudeDegrees>-74.045395</LongitudeDegrees></Position><HeartRateBpm><Value>92</Value></HeartRateBpm><Cadence>59</Cadence></Trackpoint><Trackpoint><Time>2026-09-13T20:13:22Z</Time><Position><LatitudeDegrees>4.728224</LatitudeDegrees><LongitudeDegrees>-74.045395</LongitudeDegrees></Position><HeartRateBpm><Value>93</Value></HeartRateBpm><Cadence>58</Cadence></Trackpoint><Trackpoint><Time>2026-09-13T20:13:23Z</Time><Position><LatitudeDegrees>4.728213</LatitudeDegrees><LongitudeDegrees>-74.0454</LongitudeDegrees></Position><HeartRateBpm><Value>93</Value></HeartRateBpm><Cadence>58</Cadence></Trackpoint><Trackpoint><Time>2026-09-13T20:13:24Z</Time><Position><LatitudeDegrees>4.7282</LatitudeDegrees><LongitudeDegrees>-74.0454</LongitudeDegrees></Position><AltitudeMeters>2561.4</AltitudeMeters><HeartRateBpm><Value>94</Value></HeartRateBpm><Cadence>58</Cadence></Trackpoint><Trackpoint><Time>2026-09-13T20:13:25Z</Time><Position><LatitudeDegrees>4.728187</LatitudeDegrees><LongitudeDegrees>-74.04541</LongitudeDegrees></Position><HeartRateBpm><Value>94</Value></HeartRateBpm><Cadence>58</Cadence></Trackpoint><Trackpoint><Time>2026-09-13T20:13:26Z</Time><Position><LatitudeDegrees>4.728177</LatitudeDegrees><LongitudeDegrees>-74.04541</LongitudeDegrees></Position><HeartRateBpm><Value>94</Value></HeartRateBpm><Cadence>58</Cadence></Trackpoint><Trackpoint><Time>2026-09-13T20:13:27Z</Time><Position><LatitudeDegrees>4.728165</LatitudeDegrees><LongitudeDegrees>-74.04541</LongitudeDegrees></Position><HeartRateBpm><Value>94</Value></HeartRateBpm><Cadence>58</Cadence></Trackpoint><Trackpoint><Time>2026-09-13T20:13:28Z</Time><Position><LatitudeDegrees>4.728154</LatitudeDegrees><LongitudeDegrees>-74.04542</LongitudeDegrees></Position><HeartRateBpm><Value>94</Value></HeartRateBpm><Cadence>58</Cadence></Trackpoint><Trackpoint><Time>2026-09-13T20:13:29Z</Time><Position><LatitudeDegrees>4.728144</LatitudeDegrees><LongitudeDegrees>-74.04542</LongitudeDegrees></Position><AltitudeMeters>2561.6</AltitudeMeters><HeartRateBpm><Value>94</Value></HeartRateBpm><Cadence>58</Cadence></Trackpoint><Trackpoint><Time>2026-09-13T20:13:30Z</Time><Position><LatitudeDegrees>4.728136</LatitudeDegrees><LongitudeDegrees>-74.04542</LongitudeDegrees></Position><HeartRateBpm><Value>93</Value></HeartRateBpm><Cadence>57</Cadence></Trackpoint><Trackpoint><Time>2026-09-13T20:13:31Z</Time><Position><LatitudeDegrees>4.728125</LatitudeDegrees><LongitudeDegrees>-74.04542</LongitudeDegrees></Position><HeartRateBpm><Value>93</Value></HeartRateBpm><Cadence>57</Cadence></Trackpoint><Trackpoint><Time>2026-09-13T20:13:32Z</Time><Position><LatitudeDegrees>4.728114</LatitudeDegrees><LongitudeDegrees>-74.045425</LongitudeDegrees></Position><HeartRateBpm><Value>93</Value></HeartRateBpm><Cadence>57</Cadence></Trackpoint><Trackpoint><Time>2026-09-13T20:13:33Z</Time><Position><LatitudeDegrees>4.728104</LatitudeDegrees><LongitudeDegrees>-74.045425</LongitudeDegrees></Position><HeartRateBpm><Value>93</Value></HeartRateBpm><Cadence>57</Cadence></Trackpoint><Trackpoint><Time>2026-09-13T20:13:34Z</Time><Position><LatitudeDegrees>4.728094</LatitudeDegrees><LongitudeDegrees>-74.04543</LongitudeDegrees></Position><AltitudeMeters>2561.7</AltitudeMeters><HeartRateBpm><Value>93</Value></HeartRateBpm><Cadence>57</Cadence></Trackpoint><Trackpoint><Time>2026-09-13T20:13:35Z</Time><Position><LatitudeDegrees>4.728083</LatitudeDegrees><LongitudeDegrees>-74.04543</LongitudeDegrees></Position><HeartRateBpm><Value>93</Value></HeartRateBpm><Cadence>57</Cadence></Trackpoint><Trackpoint><Time>2026-09-13T20:13:36Z</Time><Position><LatitudeDegrees>4.728071</LatitudeDegrees><LongitudeDegrees>-74.04543</LongitudeDegrees></Position><HeartRateBpm><Value>94</Value></HeartRateBpm><Cadence>57</Cadence></Trackpoint><Trackpoint><Time>2026-09-13T20:13:37Z</Time><Position><LatitudeDegrees>4.728059</LatitudeDegrees><LongitudeDegrees>-74.04543</LongitudeDegrees></Position><HeartRateBpm><Value>94</Value></HeartRateBpm><Cadence>57</Cadence></Trackpoint><Trackpoint><Time>2026-09-13T20:13:38Z</Time><Position><LatitudeDegrees>4.728051</LatitudeDegrees><LongitudeDegrees>-74.04544</LongitudeDegrees></Position><HeartRateBpm><Value>95</Value></HeartRateBpm><Cadence>57</Cadence></Trackpoint><Trackpoint><Time>2026-09-13T20:13:39Z</Time><Position><LatitudeDegrees>4.728036</LatitudeDegrees><LongitudeDegrees>-74.04544</LongitudeDegrees></Position><AltitudeMeters>2561.8</AltitudeMeters><HeartRateBpm><Value>96</Value></HeartRateBpm><Cadence>57</Cadence></Trackpoint><Trackpoint><Time>2026-09-13T20:13:40Z</Time><Position><LatitudeDegrees>4.728028</LatitudeDegrees><LongitudeDegrees>-74.04545</LongitudeDegrees></Position><HeartRateBpm><Value>96</Value></HeartRateBpm><Cadence>57</Cadence></Trackpoint><Trackpoint><Time>2026-09-13T20:13:41Z</Time><Position><LatitudeDegrees>4.728011</LatitudeDegrees><LongitudeDegrees>-74.04544</LongitudeDegrees></Position><HeartRateBpm><Value>96</Value></HeartRateBpm><Cadence>57</Cadence></Trackpoint><Trackpoint><Time>2026-09-13T20:13:42Z</Time><Position><LatitudeDegrees>4.728004</LatitudeDegrees><LongitudeDegrees>-74.04544</LongitudeDegrees></Position><HeartRateBpm><Value>97</Value></HeartRateBpm><Cadence>57</Cadence></Trackpoint><Trackpoint><Time>2026-09-13T20:13:43Z</Time><Position><LatitudeDegrees>4.727994</LatitudeDegrees><LongitudeDegrees>-74.04545</LongitudeDegrees></Position><HeartRateBpm><Value>97</Value></HeartRateBpm><Cadence>57</Cadence></Trackpoint><Trackpoint><Time>2026-09-13T20:13:44Z</Time><Position><LatitudeDegrees>4.72798</LatitudeDegrees><LongitudeDegrees>-74.04545</LongitudeDegrees></Position><AltitudeMeters>2561.8</AltitudeMeters><HeartRateBpm><Value>98</Value></HeartRateBpm><Cadence>57</Cadence></Trackpoint><Trackpoint><Time>2026-09-13T20:13:45Z</Time><Position><LatitudeDegrees>4.727969</LatitudeDegrees><LongitudeDegrees>-74.04545</LongitudeDegrees></Position><HeartRateBpm><Value>97</Value></HeartRateBpm><Cadence>57</Cadence></Trackpoint><Trackpoint><Time>2026-09-13T20:13:46Z</Time><Position><LatitudeDegrees>4.727955</LatitudeDegrees><LongitudeDegrees>-74.045456</LongitudeDegrees></Position><HeartRateBpm><Value>97</Value></HeartRateBpm><Cadence>57</Cadence></Trackpoint><Trackpoint><Time>2026-09-13T20:13:47Z</Time><Position><LatitudeDegrees>4.727939</LatitudeDegrees><LongitudeDegrees>-74.04545</LongitudeDegrees></Position><HeartRateBpm><Value>96</Value></HeartRateBpm><Cadence>58</Cadence></Trackpoint><Trackpoint><Time>2026-09-13T20:13:48Z</Time><Position><LatitudeDegrees>4.727923</LatitudeDegrees><LongitudeDegrees>-74.045456</LongitudeDegrees></Position><HeartRateBpm><Value>96</Value></HeartRateBpm><Cadence>58</Cadence></Trackpoint><Trackpoint><Time>2026-09-13T20:13:49Z</Time><Position><LatitudeDegrees>4.72791</LatitudeDegrees><LongitudeDegrees>-74.045456</LongitudeDegrees></Position><AltitudeMeters>2561.8</AltitudeMeters><HeartRateBpm><Value>96</Value></HeartRateBpm><Cadence>58</Cadence></Trackpoint><Trackpoint><Time>2026-09-13T20:13:50Z</Time><Position><LatitudeDegrees>4.727898</LatitudeDegrees><LongitudeDegrees>-74.04546</LongitudeDegrees></Position><HeartRateBpm><Value>96</Value></HeartRateBpm><Cadence>58</Cadence></Trackpoint><Trackpoint><Time>2026-09-13T20:13:51Z</Time><Position><LatitudeDegrees>4.727886</LatitudeDegrees><LongitudeDegrees>-74.04546</LongitudeDegrees></Position><HeartRateBpm><Value>96</Value></HeartRateBpm><Cadence>58</Cadence></Trackpoint><Trackpoint><Time>2026-09-13T20:13:52Z</Time><Position><LatitudeDegrees>4.727874</LatitudeDegrees><LongitudeDegrees>-74.04546</LongitudeDegrees></Position><HeartRateBpm><Value>96</Value></HeartRateBpm><Cadence>58</Cadence></Trackpoint><Trackpoint><Time>2026-09-13T20:13:53Z</Time><Position><LatitudeDegrees>4.72786</LatitudeDegrees><LongitudeDegrees>-74.04546</LongitudeDegrees></Position><HeartRateBpm><Value>96</Value></HeartRateBpm><Cadence>58</Cadence></Trackpoint><Trackpoint><Time>2026-09-13T20:13:54Z</Time><Position><LatitudeDegrees>4.727844</LatitudeDegrees><LongitudeDegrees>-74.04546</LongitudeDegrees></Position><AltitudeMeters>2561.8</AltitudeMeters><HeartRateBpm><Value>97</Value></HeartRateBpm><Cadence>59</Cadence></Trackpoint><Trackpoint><Time>2026-09-13T20:13:55Z</Time><Position><LatitudeDegrees>4.727828</LatitudeDegrees><LongitudeDegrees>-74.04546</LongitudeDegrees></Position><HeartRateBpm><Value>96</Value></HeartRateBpm><Cadence>58</Cadence></Trackpoint><Trackpoint><Time>2026-09-13T20:13:56Z</Time><Position><LatitudeDegrees>4.727813</LatitudeDegrees><LongitudeDegrees>-74.04546</LongitudeDegrees></Position><HeartRateBpm><Value>95</Value></HeartRateBpm><Cadence>58</Cadence></Trackpoint><Trackpoint><Time>2026-09-13T20:13:57Z</Time><Position><LatitudeDegrees>4.727799</LatitudeDegrees><LongitudeDegrees>-74.04546</LongitudeDegrees></Position><HeartRateBpm><Value>95</Value></HeartRateBpm><Cadence>57</Cadence></Trackpoint><Trackpoint><Time>2026-09-13T20:13:58Z</Time><Position><LatitudeDegrees>4.727787</LatitudeDegrees><LongitudeDegrees>-74.04546</LongitudeDegrees></Position><HeartRateBpm><Value>94</Value></HeartRateBpm><Cadence>57</Cadence></Trackpoint><Trackpoint><Time>2026-09-13T20:13:59Z</Time><Position><LatitudeDegrees>4.727774</LatitudeDegrees><LongitudeDegrees>-74.04546</LongitudeDegrees></Position><AltitudeMeters>2561.8</AltitudeMeters><HeartRateBpm><Value>94</Value></HeartRateBpm><Cadence>57</Cadence></Trackpoint><Trackpoint><Time>2026-09-13T20:14:00Z</Time><Position><LatitudeDegrees>4.727764</LatitudeDegrees><LongitudeDegrees>-74.04546</LongitudeDegrees></Position><HeartRateBpm><Value>93</Value></HeartRateBpm><Cadence>56</Cadence></Trackpoint><Trackpoint><Time>2026-09-13T20:14:01Z</Time><Position><LatitudeDegrees>4.727754</LatitudeDegrees><LongitudeDegrees>-74.04546</LongitudeDegrees></Position><HeartRateBpm><Value>92</Value></HeartRateBpm><Cadence>56</Cadence></Trackpoint><Trackpoint><Time>2026-09-13T20:14:02Z</Time><Position><LatitudeDegrees>4.727738</LatitudeDegrees><LongitudeDegrees>-74.04547</LongitudeDegrees></Position><HeartRateBpm><Value>92</Value></HeartRateBpm><Cadence>56</Cadence></Trackpoint><Trackpoint><Time>2026-09-13T20:14:03Z</Time><Position><LatitudeDegrees>4.727728</LatitudeDegrees><LongitudeDegrees>-74.04547</LongitudeDegrees></Position><HeartRateBpm><Value>91</Value></HeartRateBpm><Cadence>56</Cadence></Trackpoint><Trackpoint><Time>2026-09-13T20:14:04Z</Time><Position><LatitudeDegrees>4.727718</LatitudeDegrees><LongitudeDegrees>-74.04547</LongitudeDegrees></Position><AltitudeMeters>2561.7</AltitudeMeters><HeartRateBpm><Value>91</Value></HeartRateBpm><Cadence>56</Cadence></Trackpoint><Trackpoint><Time>2026-09-13T20:14:05Z</Time><Position><LatitudeDegrees>4.727709</LatitudeDegrees><LongitudeDegrees>-74.04547</LongitudeDegrees></Position><HeartRateBpm><Value>90</Value></HeartRateBpm><Cadence>56</Cadence></Trackpoint><Trackpoint><Time>2026-09-13T20:14:06Z</Time><Position><LatitudeDegrees>4.727695</LatitudeDegrees><LongitudeDegrees>-74.04547</LongitudeDegrees></Position><HeartRateBpm><Value>90</Value></HeartRateBpm><Cadence>56</Cadence></Trackpoint><Trackpoint><Time>2026-09-13T20:14:07Z</Time><Position><LatitudeDegrees>4.727687</LatitudeDegrees><LongitudeDegrees>-74.04547</LongitudeDegrees></Position><HeartRateBpm><Value>90</Value></HeartRateBpm><Cadence>56</Cadence></Trackpoint><Trackpoint><Time>2026-09-13T20:14:08Z</Time><Position><LatitudeDegrees>4.727674</LatitudeDegrees><LongitudeDegrees>-74.04547</LongitudeDegrees></Position><HeartRateBpm><Value>90</Value></HeartRateBpm><Cadence>56</Cadence></Trackpoint><Trackpoint><Time>2026-09-13T20:14:09Z</Time><Position><LatitudeDegrees>4.727665</LatitudeDegrees><LongitudeDegrees>-74.04548</LongitudeDegrees></Position><AltitudeMeters>2561.4</AltitudeMeters><HeartRateBpm><Value>90</Value></HeartRateBpm><Cadence>57</Cadence></Trackpoint><Trackpoint><Time>2026-09-13T20:14:10Z</Time><Position><LatitudeDegrees>4.727656</LatitudeDegrees><LongitudeDegrees>-74.04548</LongitudeDegrees></Position><HeartRateBpm><Value>89</Value></HeartRateBpm><Cadence>57</Cadence></Trackpoint><Trackpoint><Time>2026-09-13T20:14:11Z</Time><Position><LatitudeDegrees>4.727645</LatitudeDegrees><LongitudeDegrees>-74.04548</LongitudeDegrees></Position><HeartRateBpm><Value>89</Value></HeartRateBpm><Cadence>57</Cadence></Trackpoint><Trackpoint><Time>2026-09-13T20:14:12Z</Time><Position><LatitudeDegrees>4.727633</LatitudeDegrees><LongitudeDegrees>-74.04548</LongitudeDegrees></Position><HeartRateBpm><Value>88</Value></HeartRateBpm><Cadence>57</Cadence></Trackpoint><Trackpoint><Time>2026-09-13T20:14:13Z</Time><Position><LatitudeDegrees>4.727622</LatitudeDegrees><LongitudeDegrees>-74.04548</LongitudeDegrees></Position><HeartRateBpm><Value>88</Value></HeartRateBpm><Cadence>58</Cadence></Trackpoint><Trackpoint><Time>2026-09-13T20:14:14Z</Time><Position><LatitudeDegrees>4.72761</LatitudeDegrees><LongitudeDegrees>-74.04549</LongitudeDegrees></Position><AltitudeMeters>2561.2</AltitudeMeters><HeartRateBpm><Value>88</Value></HeartRateBpm><Cadence>58</Cadence></Trackpoint><Trackpoint><Time>2026-09-13T20:14:15Z</Time><Position><LatitudeDegrees>4.727597</LatitudeDegrees><LongitudeDegrees>-74.04548</LongitudeDegrees></Position><HeartRateBpm><Value>88</Value></HeartRateBpm><Cadence>58</Cadence></Trackpoint><Trackpoint><Time>2026-09-13T20:14:16Z</Time><Position><LatitudeDegrees>4.727584</LatitudeDegrees><LongitudeDegrees>-74.04548</LongitudeDegrees></Position><HeartRateBpm><Value>88</Value></HeartRateBpm><Cadence>57</Cadence></Trackpoint><Trackpoint><Time>2026-09-13T20:14:17Z</Time><Position><LatitudeDegrees>4.727569</LatitudeDegrees><LongitudeDegrees>-74.04549</LongitudeDegrees></Position><HeartRateBpm><Value>89</Value></HeartRateBpm><Cadence>57</Cadence></Trackpoint><Trackpoint><Time>2026-09-13T20:14:18Z</Time><Position><LatitudeDegrees>4.727556</LatitudeDegrees><LongitudeDegrees>-74.04549</LongitudeDegrees></Position><HeartRateBpm><Value>89</Value></HeartRateBpm><Cadence>57</Cadence></Trackpoint><Trackpoint><Time>2026-09-13T20:14:19Z</Time><Position><LatitudeDegrees>4.72754</LatitudeDegrees><LongitudeDegrees>-74.045494</LongitudeDegrees></Position><AltitudeMeters>2561.2</AltitudeMeters><HeartRateBpm><Value>90</Value></HeartRateBpm><Cadence>57</Cadence></Trackpoint><Trackpoint><Time>2026-09-13T20:14:20Z</Time><Position><LatitudeDegrees>4.727527</LatitudeDegrees><LongitudeDegrees>-74.045494</LongitudeDegrees></Position><HeartRateBpm><Value>89</Value></HeartRateBpm><Cadence>56</Cadence></Trackpoint><Trackpoint><Time>2026-09-13T20:14:21Z</Time><Position><LatitudeDegrees>4.727515</LatitudeDegrees><LongitudeDegrees>-74.0455</LongitudeDegrees></Position><HeartRateBpm><Value>88</Value></HeartRateBpm><Cadence>56</Cadence></Trackpoint><Trackpoint><Time>2026-09-13T20:14:22Z</Time><Position><LatitudeDegrees>4.727503</LatitudeDegrees><LongitudeDegrees>-74.0455</LongitudeDegrees></Position><HeartRateBpm><Value>88</Value></HeartRateBpm><Cadence>56</Cadence></Trackpoint><Trackpoint><Time>2026-09-13T20:14:23Z</Time><Position><LatitudeDegrees>4.727492</LatitudeDegrees><LongitudeDegrees>-74.0455</LongitudeDegrees></Position><HeartRateBpm><Value>87</Value></HeartRateBpm><Cadence>55</Cadence></Trackpoint><Trackpoint><Time>2026-09-13T20:14:24Z</Time><Position><LatitudeDegrees>4.727479</LatitudeDegrees><LongitudeDegrees>-74.0455</LongitudeDegrees></Position><AltitudeMeters>2561.2</AltitudeMeters><HeartRateBpm><Value>87</Value></HeartRateBpm><Cadence>55</Cadence></Trackpoint><Trackpoint><Time>2026-09-13T20:14:25Z</Time><Position><LatitudeDegrees>4.727467</LatitudeDegrees><LongitudeDegrees>-74.04551</LongitudeDegrees></Position><HeartRateBpm><Value>86</Value></HeartRateBpm><Cadence>55</Cadence></Trackpoint><Trackpoint><Time>2026-09-13T20:14:26Z</Time><Position><LatitudeDegrees>4.727456</LatitudeDegrees><LongitudeDegrees>-74.04551</LongitudeDegrees></Position><HeartRateBpm><Value>85</Value></HeartRateBpm><Cadence>56</Cadence></Trackpoint><Trackpoint><Time>2026-09-13T20:14:27Z</Time><Position><LatitudeDegrees>4.727444</LatitudeDegrees><LongitudeDegrees>-74.04552</LongitudeDegrees></Position><HeartRateBpm><Value>84</Value></HeartRateBpm><Cadence>56</Cadence></Trackpoint><Trackpoint><Time>2026-09-13T20:14:28Z</Time><Position><LatitudeDegrees>4.727433</LatitudeDegrees><LongitudeDegrees>-74.04552</LongitudeDegrees></Position><HeartRateBpm><Value>83</Value></HeartRateBpm><Cadence>56</Cadence></Trackpoint><Trackpoint><Time>2026-09-13T20:14:29Z</Time><Position><LatitudeDegrees>4.727421</LatitudeDegrees><LongitudeDegrees>-74.04552</LongitudeDegrees></Position><AltitudeMeters>2561.4</AltitudeMeters><HeartRateBpm><Value>83</Value></HeartRateBpm><Cadence>57</Cadence></Trackpoint><Trackpoint><Time>2026-09-13T20:14:30Z</Time><Position><LatitudeDegrees>4.72741</LatitudeDegrees><LongitudeDegrees>-74.04552</LongitudeDegrees></Position><HeartRateBpm><Value>83</Value></HeartRateBpm><Cadence>56</Cadence></Trackpoint><Trackpoint><Time>2026-09-13T20:14:31Z</Time><Position><LatitudeDegrees>4.727399</LatitudeDegrees><LongitudeDegrees>-74.04552</LongitudeDegrees></Position><HeartRateBpm><Value>83</Value></HeartRateBpm><Cadence>56</Cadence></Trackpoint><Trackpoint><Time>2026-09-13T20:14:32Z</Time><Position><LatitudeDegrees>4.727387</LatitudeDegrees><LongitudeDegrees>-74.04552</LongitudeDegrees></Position><HeartRateBpm><Value>83</Value></HeartRateBpm><Cadence>56</Cadence></Trackpoint><Trackpoint><Time>2026-09-13T20:14:33Z</Time><Position><LatitudeDegrees>4.727376</LatitudeDegrees><LongitudeDegrees>-74.045525</LongitudeDegrees></Position><HeartRateBpm><Value>83</Value></HeartRateBpm><Cadence>55</Cadence></Trackpoint><Trackpoint><Time>2026-09-13T20:14:34Z</Time><Position><LatitudeDegrees>4.727365</LatitudeDegrees><LongitudeDegrees>-74.04552</LongitudeDegrees></Position><AltitudeMeters>2561.6</AltitudeMeters><HeartRateBpm><Value>83</Value></HeartRateBpm><Cadence>55</Cadence></Trackpoint><Trackpoint><Time>2026-09-13T20:14:35Z</Time><Position><LatitudeDegrees>4.727357</LatitudeDegrees><LongitudeDegrees>-74.045525</LongitudeDegrees></Position><HeartRateBpm><Value>83</Value></HeartRateBpm><Cadence>56</Cadence></Trackpoint><Trackpoint><Time>2026-09-13T20:14:36Z</Time><Position><LatitudeDegrees>4.727349</LatitudeDegrees><LongitudeDegrees>-74.04553</LongitudeDegrees></Position><HeartRateBpm><Value>83</Value></HeartRateBpm><Cadence>56</Cadence></Trackpoint><Trackpoint><Time>2026-09-13T20:14:37Z</Time><Position><LatitudeDegrees>4.727338</LatitudeDegrees><LongitudeDegrees>-74.04553</LongitudeDegrees></Position><HeartRateBpm><Value>84</Value></HeartRateBpm><Cadence>57</Cadence></Trackpoint><Trackpoint><Time>2026-09-13T20:14:38Z</Time><Position><LatitudeDegrees>4.727328</LatitudeDegrees><LongitudeDegrees>-74.04554</LongitudeDegrees></Position><HeartRateBpm><Value>84</Value></HeartRateBpm><Cadence>57</Cadence></Trackpoint><Trackpoint><Time>2026-09-13T20:14:39Z</Time><Position><LatitudeDegrees>4.727316</LatitudeDegrees><LongitudeDegrees>-74.04554</LongitudeDegrees></Position><AltitudeMeters>2561.9</AltitudeMeters><HeartRateBpm><Value>85</Value></HeartRateBpm><Cadence>58</Cadence></Trackpoint><Trackpoint><Time>2026-09-13T20:14:40Z</Time><Position><LatitudeDegrees>4.727301</LatitudeDegrees><LongitudeDegrees>-74.04554</LongitudeDegrees></Position><HeartRateBpm><Value>85</Value></HeartRateBpm><Cadence>58</Cadence></Trackpoint><Trackpoint><Time>2026-09-13T20:14:41Z</Time><Position><LatitudeDegrees>4.727294</LatitudeDegrees><LongitudeDegrees>-74.04554</LongitudeDegrees></Position><HeartRateBpm><Value>85</Value></HeartRateBpm><Cadence>58</Cadence></Trackpoint><Trackpoint><Time>2026-09-13T20:14:42Z</Time><Position><LatitudeDegrees>4.727282</LatitudeDegrees><LongitudeDegrees>-74.04554</LongitudeDegrees></Position><HeartRateBpm><Value>85</Value></HeartRateBpm><Cadence>58</Cadence></Trackpoint><Trackpoint><Time>2026-09-13T20:14:43Z</Time><Position><LatitudeDegrees>4.727269</LatitudeDegrees><LongitudeDegrees>-74.04554</LongitudeDegrees></Position><HeartRateBpm><Value>85</Value></HeartRateBpm><Cadence>58</Cadence></Trackpoint><Trackpoint><Time>2026-09-13T20:14:44Z</Time><Position><LatitudeDegrees>4.727255</LatitudeDegrees><LongitudeDegrees>-74.04555</LongitudeDegrees></Position><AltitudeMeters>2561.9</AltitudeMeters><HeartRateBpm><Value>85</Value></HeartRateBpm><Cadence>58</Cadence></Trackpoint><Trackpoint><Time>2026-09-13T20:14:45Z</Time><Position><LatitudeDegrees>4.72724</LatitudeDegrees><LongitudeDegrees>-74.04555</LongitudeDegrees></Position><HeartRateBpm><Value>85</Value></HeartRateBpm><Cadence>58</Cadence></Trackpoint><Trackpoint><Time>2026-09-13T20:14:46Z</Time><Position><LatitudeDegrees>4.727223</LatitudeDegrees><LongitudeDegrees>-74.045555</LongitudeDegrees></Position><HeartRateBpm><Value>85</Value></HeartRateBpm><Cadence>57</Cadence></Trackpoint><Trackpoint><Time>2026-09-13T20:14:47Z</Time><Position><LatitudeDegrees>4.727205</LatitudeDegrees><LongitudeDegrees>-74.045555</LongitudeDegrees></Position><HeartRateBpm><Value>85</Value></HeartRateBpm><Cadence>57</Cadence></Trackpoint><Trackpoint><Time>2026-09-13T20:14:48Z</Time><Position><LatitudeDegrees>4.727188</LatitudeDegrees><LongitudeDegrees>-74.04556</LongitudeDegrees></Position><HeartRateBpm><Value>85</Value></HeartRateBpm><Cadence>56</Cadence></Trackpoint><Trackpoint><Time>2026-09-13T20:14:49Z</Time><Position><LatitudeDegrees>4.727172</LatitudeDegrees><LongitudeDegrees>-74.04556</LongitudeDegrees></Position><AltitudeMeters>2561.8</AltitudeMeters><HeartRateBpm><Value>86</Value></HeartRateBpm><Cadence>56</Cadence></Trackpoint><Trackpoint><Time>2026-09-13T20:14:50Z</Time><Position><LatitudeDegrees>4.727164</LatitudeDegrees><LongitudeDegrees>-74.04557</LongitudeDegrees></Position><HeartRateBpm><Value>86</Value></HeartRateBpm><Cadence>56</Cadence></Trackpoint><Trackpoint><Time>2026-09-13T20:14:51Z</Time><Position><LatitudeDegrees>4.727151</LatitudeDegrees><LongitudeDegrees>-74.04557</LongitudeDegrees></Position><HeartRateBpm><Value>86</Value></HeartRateBpm><Cadence>56</Cadence></Trackpoint><Trackpoint><Time>2026-09-13T20:14:52Z</Time><Position><LatitudeDegrees>4.727138</LatitudeDegrees><LongitudeDegrees>-74.04557</LongitudeDegrees></Position><HeartRateBpm><Value>87</Value></HeartRateBpm><Cadence>56</Cadence></Trackpoint><Trackpoint><Time>2026-09-13T20:14:53Z</Time><Position><LatitudeDegrees>4.727127</LatitudeDegrees><LongitudeDegrees>-74.04557</LongitudeDegrees></Position><HeartRateBpm><Value>87</Value></HeartRateBpm><Cadence>56</Cadence></Trackpoint><Trackpoint><Time>2026-09-13T20:14:54Z</Time><Position><LatitudeDegrees>4.727116</LatitudeDegrees><LongitudeDegrees>-74.04558</LongitudeDegrees></Position><AltitudeMeters>2561.5</AltitudeMeters><HeartRateBpm><Value>88</Value></HeartRateBpm><Cadence>56</Cadence></Trackpoint><Trackpoint><Time>2026-09-13T20:14:55Z</Time><Position><LatitudeDegrees>4.727103</LatitudeDegrees><LongitudeDegrees>-74.045586</LongitudeDegrees></Position><HeartRateBpm><Value>88</Value></HeartRateBpm><Cadence>55</Cadence></Trackpoint><Trackpoint><Time>2026-09-13T20:14:56Z</Time><Position><LatitudeDegrees>4.7271</LatitudeDegrees><LongitudeDegrees>-74.04558</LongitudeDegrees></Position><HeartRateBpm><Value>88</Value></HeartRateBpm><Cadence>55</Cadence></Trackpoint><Trackpoint><Time>2026-09-13T20:14:57Z</Time><Position><LatitudeDegrees>4.727093</LatitudeDegrees><LongitudeDegrees>-74.045586</LongitudeDegrees></Position><HeartRateBpm><Value>88</Value></HeartRateBpm><Cadence>55</Cadence></Trackpoint><Trackpoint><Time>2026-09-13T20:14:58Z</Time><Position><LatitudeDegrees>4.727083</LatitudeDegrees><LongitudeDegrees>-74.045586</LongitudeDegrees></Position><HeartRateBpm><Value>88</Value></HeartRateBpm><Cadence>55</Cadence></Trackpoint><Trackpoint><Time>2026-09-13T20:14:59Z</Time><Position><LatitudeDegrees>4.72707</LatitudeDegrees><LongitudeDegrees>-74.045586</LongitudeDegrees></Position><AltitudeMeters>2561.3</AltitudeMeters><HeartRateBpm><Value>88</Value></HeartRateBpm><Cadence>55</Cadence></Trackpoint><Trackpoint><Time>2026-09-13T20:15:00Z</Time><Position><LatitudeDegrees>4.727064</LatitudeDegrees><LongitudeDegrees>-74.045586</LongitudeDegrees></Position><HeartRateBpm><Value>88</Value></HeartRateBpm><Cadence>55</Cadence></Trackpoint><Trackpoint><Time>2026-09-13T20:15:01Z</Time><Position><LatitudeDegrees>4.727053</LatitudeDegrees><LongitudeDegrees>-74.045586</LongitudeDegrees></Position><HeartRateBpm><Value>88</Value></HeartRateBpm><Cadence>55</Cadence></Trackpoint><Trackpoint><Time>2026-09-13T20:15:02Z</Time><Position><LatitudeDegrees>4.72704</LatitudeDegrees><LongitudeDegrees>-74.045586</LongitudeDegrees></Position><HeartRateBpm><Value>88</Value></HeartRateBpm><Cadence>55</Cadence></Trackpoint><Trackpoint><Time>2026-09-13T20:15:03Z</Time><Position><LatitudeDegrees>4.727027</LatitudeDegrees><LongitudeDegrees>-74.045586</LongitudeDegrees></Position><HeartRateBpm><Value>88</Value></HeartRateBpm><Cadence>55</Cadence></Trackpoint><Trackpoint><Time>2026-09-13T20:15:04Z</Time><Position><LatitudeDegrees>4.727012</LatitudeDegrees><LongitudeDegrees>-74.045586</LongitudeDegrees></Position><AltitudeMeters>2561.3</AltitudeMeters><HeartRateBpm><Value>89</Value></HeartRateBpm><Cadence>56</Cadence></Trackpoint><Trackpoint><Time>2026-09-13T20:15:05Z</Time><Position><LatitudeDegrees>4.727</LatitudeDegrees><LongitudeDegrees>-74.045586</LongitudeDegrees></Position><HeartRateBpm><Value>88</Value></HeartRateBpm><Cadence>56</Cadence></Trackpoint><Trackpoint><Time>2026-09-13T20:15:06Z</Time><Position><LatitudeDegrees>4.726988</LatitudeDegrees><LongitudeDegrees>-74.045586</LongitudeDegrees></Position><HeartRateBpm><Value>88</Value></HeartRateBpm><Cadence>56</Cadence></Trackpoint><Trackpoint><Time>2026-09-13T20:15:07Z</Time><Position><LatitudeDegrees>4.726974</LatitudeDegrees><LongitudeDegrees>-74.04559</LongitudeDegrees></Position><HeartRateBpm><Value>88</Value></HeartRateBpm><Cadence>57</Cadence></Trackpoint><Trackpoint><Time>2026-09-13T20:15:08Z</Time><Position><LatitudeDegrees>4.72696</LatitudeDegrees><LongitudeDegrees>-74.04559</LongitudeDegrees></Position><HeartRateBpm><Value>88</Value></HeartRateBpm><Cadence>57</Cadence></Trackpoint><Trackpoint><Time>2026-09-13T20:15:09Z</Time><Position><LatitudeDegrees>4.726949</LatitudeDegrees><LongitudeDegrees>-74.04559</LongitudeDegrees></Position><AltitudeMeters>2561.2</AltitudeMeters><HeartRateBpm><Value>88</Value></HeartRateBpm><Cadence>58</Cadence></Trackpoint><Trackpoint><Time>2026-09-13T20:15:10Z</Time><Position><LatitudeDegrees>4.726936</LatitudeDegrees><LongitudeDegrees>-74.0456</LongitudeDegrees></Position><HeartRateBpm><Value>88</Value></HeartRateBpm><Cadence>57</Cadence></Trackpoint><Trackpoint><Time>2026-09-13T20:15:11Z</Time><Position><LatitudeDegrees>4.72692</LatitudeDegrees><LongitudeDegrees>-74.0456</LongitudeDegrees></Position><HeartRateBpm><Value>88</Value></HeartRateBpm><Cadence>56</Cadence></Trackpoint><Trackpoint><Time>2026-09-13T20:15:12Z</Time><Position><LatitudeDegrees>4.726908</LatitudeDegrees><LongitudeDegrees>-74.0456</LongitudeDegrees></Position><HeartRateBpm><Value>89</Value></HeartRateBpm><Cadence>55</Cadence></Trackpoint><Trackpoint><Time>2026-09-13T20:15:13Z</Time><Position><LatitudeDegrees>4.726896</LatitudeDegrees><LongitudeDegrees>-74.0456</LongitudeDegrees></Position><HeartRateBpm><Value>89</Value></HeartRateBpm><Cadence>54</Cadence></Trackpoint><Trackpoint><Time>2026-09-13T20:15:14Z</Time><Position><LatitudeDegrees>4.726887</LatitudeDegrees><LongitudeDegrees>-74.0456</LongitudeDegrees></Position><AltitudeMeters>2561.2</AltitudeMeters><HeartRateBpm><Value>90</Value></HeartRateBpm><Cadence>53</Cadence></Trackpoint><Trackpoint><Time>2026-09-13T20:15:15Z</Time><Position><LatitudeDegrees>4.726878</LatitudeDegrees><LongitudeDegrees>-74.04561</LongitudeDegrees></Position><HeartRateBpm><Value>89</Value></HeartRateBpm><Cadence>54</Cadence></Trackpoint><Trackpoint><Time>2026-09-13T20:15:16Z</Time><Position><LatitudeDegrees>4.726865</LatitudeDegrees><LongitudeDegrees>-74.04561</LongitudeDegrees></Position><HeartRateBpm><Value>89</Value></HeartRateBpm><Cadence>54</Cadence></Trackpoint><Trackpoint><Time>2026-09-13T20:15:17Z</Time><Position><LatitudeDegrees>4.72685</LatitudeDegrees><LongitudeDegrees>-74.045616</LongitudeDegrees></Position><HeartRateBpm><Value>89</Value></HeartRateBpm><Cadence>55</Cadence></Trackpoint><Trackpoint><Time>2026-09-13T20:15:18Z</Time><Position><LatitudeDegrees>4.726837</LatitudeDegrees><LongitudeDegrees>-74.045616</LongitudeDegrees></Position><HeartRateBpm><Value>89</Value></HeartRateBpm><Cadence>56</Cadence></Trackpoint><Trackpoint><Time>2026-09-13T20:15:19Z</Time><Position><LatitudeDegrees>4.726831</LatitudeDegrees><LongitudeDegrees>-74.045616</LongitudeDegrees></Position><AltitudeMeters>2561.2</AltitudeMeters><HeartRateBpm><Value>89</Value></HeartRateBpm><Cadence>57</Cadence></Trackpoint><Trackpoint><Time>2026-09-13T20:15:20Z</Time><Position><LatitudeDegrees>4.726815</LatitudeDegrees><LongitudeDegrees>-74.04561</LongitudeDegrees></Position><HeartRateBpm><Value>89</Value></HeartRateBpm><Cadence>57</Cadence></Trackpoint><Trackpoint><Time>2026-09-13T20:15:21Z</Time><Position><LatitudeDegrees>4.726794</LatitudeDegrees><LongitudeDegrees>-74.04561</LongitudeDegrees></Position><HeartRateBpm><Value>89</Value></HeartRateBpm><Cadence>57</Cadence></Trackpoint><Trackpoint><Time>2026-09-13T20:15:22Z</Time><Position><LatitudeDegrees>4.726778</LatitudeDegrees><LongitudeDegrees>-74.045616</LongitudeDegrees></Position><HeartRateBpm><Value>89</Value></HeartRateBpm><Cadence>57</Cadence></Trackpoint><Trackpoint><Time>2026-09-13T20:15:23Z</Time><Position><LatitudeDegrees>4.726765</LatitudeDegrees><LongitudeDegrees>-74.04561</LongitudeDegrees></Position><HeartRateBpm><Value>89</Value></HeartRateBpm><Cadence>57</Cadence></Trackpoint><Trackpoint><Time>2026-09-13T20:15:24Z</Time><Position><LatitudeDegrees>4.726752</LatitudeDegrees><LongitudeDegrees>-74.045616</LongitudeDegrees></Position><AltitudeMeters>2561.2</AltitudeMeters><HeartRateBpm><Value>89</Value></HeartRateBpm><Cadence>58</Cadence></Trackpoint><Trackpoint><Time>2026-09-13T20:15:25Z</Time><Position><LatitudeDegrees>4.72674</LatitudeDegrees><LongitudeDegrees>-74.045616</LongitudeDegrees></Position><HeartRateBpm><Value>89</Value></HeartRateBpm><Cadence>58</Cadence></Trackpoint><Trackpoint><Time>2026-09-13T20:15:26Z</Time><Position><LatitudeDegrees>4.72673</LatitudeDegrees><LongitudeDegrees>-74.045616</LongitudeDegrees></Position><HeartRateBpm><Value>90</Value></HeartRateBpm><Cadence>59</Cadence></Trackpoint><Trackpoint><Time>2026-09-13T20:15:27Z</Time><Position><LatitudeDegrees>4.726719</LatitudeDegrees><LongitudeDegrees>-74.045616</LongitudeDegrees></Position><HeartRateBpm><Value>90</Value></HeartRateBpm><Cadence>59</Cadence></Trackpoint><Trackpoint><Time>2026-09-13T20:15:28Z</Time><Position><LatitudeDegrees>4.726709</LatitudeDegrees><LongitudeDegrees>-74.045616</LongitudeDegrees></Position><HeartRateBpm><Value>91</Value></HeartRateBpm><Cadence>60</Cadence></Trackpoint><Trackpoint><Time>2026-09-13T20:15:29Z</Time><Position><LatitudeDegrees>4.726697</LatitudeDegrees><LongitudeDegrees>-74.04562</LongitudeDegrees></Position><AltitudeMeters>2561.1</AltitudeMeters><HeartRateBpm><Value>92</Value></HeartRateBpm><Cadence>60</Cadence></Trackpoint><Trackpoint><Time>2026-09-13T20:15:30Z</Time><Position><LatitudeDegrees>4.726688</LatitudeDegrees><LongitudeDegrees>-74.04563</LongitudeDegrees></Position><HeartRateBpm><Value>92</Value></HeartRateBpm><Cadence>60</Cadence></Trackpoint><Trackpoint><Time>2026-09-13T20:15:31Z</Time><Position><LatitudeDegrees>4.726677</LatitudeDegrees><LongitudeDegrees>-74.04564</LongitudeDegrees></Position><HeartRateBpm><Value>93</Value></HeartRateBpm><Cadence>60</Cadence></Trackpoint><Trackpoint><Time>2026-09-13T20:15:32Z</Time><Position><LatitudeDegrees>4.726668</LatitudeDegrees><LongitudeDegrees>-74.04565</LongitudeDegrees></Position><HeartRateBpm><Value>94</Value></HeartRateBpm><Cadence>60</Cadence></Trackpoint><Trackpoint><Time>2026-09-13T20:15:33Z</Time><Position><LatitudeDegrees>4.72666</LatitudeDegrees><LongitudeDegrees>-74.04565</LongitudeDegrees></Position><HeartRateBpm><Value>95</Value></HeartRateBpm><Cadence>60</Cadence></Trackpoint><Trackpoint><Time>2026-09-13T20:15:34Z</Time><Position><LatitudeDegrees>4.726647</LatitudeDegrees><LongitudeDegrees>-74.04565</LongitudeDegrees></Position><AltitudeMeters>2561.0</AltitudeMeters><HeartRateBpm><Value>96</Value></HeartRateBpm><Cadence>60</Cadence></Trackpoint><Trackpoint><Time>2026-09-13T20:15:35Z</Time><Position><LatitudeDegrees>4.726636</LatitudeDegrees><LongitudeDegrees>-74.045654</LongitudeDegrees></Position><HeartRateBpm><Value>96</Value></HeartRateBpm><Cadence>59</Cadence></Trackpoint><Trackpoint><Time>2026-09-13T20:15:36Z</Time><Position><LatitudeDegrees>4.726625</LatitudeDegrees><LongitudeDegrees>-74.045654</LongitudeDegrees></Position><HeartRateBpm><Value>96</Value></HeartRateBpm><Cadence>59</Cadence></Trackpoint><Trackpoint><Time>2026-09-13T20:15:37Z</Time><Position><LatitudeDegrees>4.726613</LatitudeDegrees><LongitudeDegrees>-74.045654</LongitudeDegrees></Position><HeartRateBpm><Value>97</Value></HeartRateBpm><Cadence>59</Cadence></Trackpoint><Trackpoint><Time>2026-09-13T20:15:38Z</Time><Position><LatitudeDegrees>4.726604</LatitudeDegrees><LongitudeDegrees>-74.04566</LongitudeDegrees></Position><HeartRateBpm><Value>97</Value></HeartRateBpm><Cadence>58</Cadence></Trackpoint><Trackpoint><Time>2026-09-13T20:15:39Z</Time><Position><LatitudeDegrees>4.726593</LatitudeDegrees><LongitudeDegrees>-74.04567</LongitudeDegrees></Position><AltitudeMeters>2560.9</AltitudeMeters><HeartRateBpm><Value>98</Value></HeartRateBpm><Cadence>58</Cadence></Trackpoint><Trackpoint><Time>2026-09-13T20:15:40Z</Time><Position><LatitudeDegrees>4.726582</LatitudeDegrees><LongitudeDegrees>-74.04567</LongitudeDegrees></Position><HeartRateBpm><Value>97</Value></HeartRateBpm><Cadence>58</Cadence></Trackpoint><Trackpoint><Time>2026-09-13T20:15:41Z</Time><Position><LatitudeDegrees>4.726572</LatitudeDegrees><LongitudeDegrees>-74.04567</LongitudeDegrees></Position><HeartRateBpm><Value>96</Value></HeartRateBpm><Cadence>58</Cadence></Trackpoint><Trackpoint><Time>2026-09-13T20:15:42Z</Time><Position><LatitudeDegrees>4.726561</LatitudeDegrees><LongitudeDegrees>-74.04568</LongitudeDegrees></Position><HeartRateBpm><Value>96</Value></HeartRateBpm><Cadence>58</Cadence></Trackpoint><Trackpoint><Time>2026-09-13T20:15:43Z</Time><Position><LatitudeDegrees>4.72655</LatitudeDegrees><LongitudeDegrees>-74.04568</LongitudeDegrees></Position><HeartRateBpm><Value>95</Value></HeartRateBpm><Cadence>58</Cadence></Trackpoint><Trackpoint><Time>2026-09-13T20:15:44Z</Time><Position><LatitudeDegrees>4.726538</LatitudeDegrees><LongitudeDegrees>-74.04568</LongitudeDegrees></Position><AltitudeMeters>2561.2</AltitudeMeters><HeartRateBpm><Value>95</Value></HeartRateBpm><Cadence>58</Cadence></Trackpoint><Trackpoint><Time>2026-09-13T20:15:45Z</Time><Position><LatitudeDegrees>4.726525</LatitudeDegrees><LongitudeDegrees>-74.04568</LongitudeDegrees></Position><HeartRateBpm><Value>94</Value></HeartRateBpm><Cadence>58</Cadence></Trackpoint><Trackpoint><Time>2026-09-13T20:15:46Z</Time><Position><LatitudeDegrees>4.726512</LatitudeDegrees><LongitudeDegrees>-74.04568</LongitudeDegrees></Position><HeartRateBpm><Value>94</Value></HeartRateBpm><Cadence>58</Cadence></Trackpoint><Trackpoint><Time>2026-09-13T20:15:47Z</Time><Position><LatitudeDegrees>4.726502</LatitudeDegrees><LongitudeDegrees>-74.04568</LongitudeDegrees></Position><HeartRateBpm><Value>93</Value></HeartRateBpm><Cadence>57</Cadence></Trackpoint><Trackpoint><Time>2026-09-13T20:15:48Z</Time><Position><LatitudeDegrees>4.726491</LatitudeDegrees><LongitudeDegrees>-74.04568</LongitudeDegrees></Position><HeartRateBpm><Value>93</Value></HeartRateBpm><Cadence>57</Cadence></Trackpoint><Trackpoint><Time>2026-09-13T20:15:49Z</Time><Position><LatitudeDegrees>4.72648</LatitudeDegrees><LongitudeDegrees>-74.04568</LongitudeDegrees></Position><AltitudeMeters>2561.2</AltitudeMeters><HeartRateBpm><Value>93</Value></HeartRateBpm><Cadence>57</Cadence></Trackpoint><Trackpoint><Time>2026-09-13T20:15:50Z</Time><Position><LatitudeDegrees>4.726466</LatitudeDegrees><LongitudeDegrees>-74.04568</LongitudeDegrees></Position><HeartRateBpm><Value>92</Value></HeartRateBpm><Cadence>57</Cadence></Trackpoint><Trackpoint><Time>2026-09-13T20:15:51Z</Time><Position><LatitudeDegrees>4.726452</LatitudeDegrees><LongitudeDegrees>-74.04568</LongitudeDegrees></Position><HeartRateBpm><Value>92</Value></HeartRateBpm><Cadence>57</Cadence></Trackpoint><Trackpoint><Time>2026-09-13T20:15:52Z</Time><Position><LatitudeDegrees>4.726439</LatitudeDegrees><LongitudeDegrees>-74.045685</LongitudeDegrees></Position><HeartRateBpm><Value>92</Value></HeartRateBpm><Cadence>57</Cadence></Trackpoint><Trackpoint><Time>2026-09-13T20:15:53Z</Time><Position><LatitudeDegrees>4.726429</LatitudeDegrees><LongitudeDegrees>-74.045685</LongitudeDegrees></Position><HeartRateBpm><Value>92</Value></HeartRateBpm><Cadence>57</Cadence></Trackpoint><Trackpoint><Time>2026-09-13T20:15:54Z</Time><Position><LatitudeDegrees>4.726417</LatitudeDegrees><LongitudeDegrees>-74.045685</LongitudeDegrees></Position><AltitudeMeters>2561.4</AltitudeMeters><HeartRateBpm><Value>92</Value></HeartRateBpm><Cadence>57</Cadence></Trackpoint><Trackpoint><Time>2026-09-13T20:15:55Z</Time><Position><LatitudeDegrees>4.726406</LatitudeDegrees><LongitudeDegrees>-74.045685</LongitudeDegrees></Position><HeartRateBpm><Value>91</Value></HeartRateBpm><Cadence>57</Cadence></Trackpoint><Trackpoint><Time>2026-09-13T20:15:56Z</Time><Position><LatitudeDegrees>4.726395</LatitudeDegrees><LongitudeDegrees>-74.045685</LongitudeDegrees></Position><HeartRateBpm><Value>91</Value></HeartRateBpm><Cadence>57</Cadence></Trackpoint><Trackpoint><Time>2026-09-13T20:15:57Z</Time><Position><LatitudeDegrees>4.726382</LatitudeDegrees><LongitudeDegrees>-74.04569</LongitudeDegrees></Position><HeartRateBpm><Value>91</Value></HeartRateBpm><Cadence>57</Cadence></Trackpoint><Trackpoint><Time>2026-09-13T20:15:58Z</Time><Position><LatitudeDegrees>4.726369</LatitudeDegrees><LongitudeDegrees>-74.04569</LongitudeDegrees></Position><HeartRateBpm><Value>91</Value></HeartRateBpm><Cadence>57</Cadence></Trackpoint><Trackpoint><Time>2026-09-13T20:15:59Z</Time><Position><LatitudeDegrees>4.726355</LatitudeDegrees><LongitudeDegrees>-74.04569</LongitudeDegrees></Position><AltitudeMeters>2561.4</AltitudeMeters><HeartRateBpm><Value>91</Value></HeartRateBpm><Cadence>57</Cadence></Trackpoint><Trackpoint><Time>2026-09-13T20:16:00Z</Time><Position><LatitudeDegrees>4.726342</LatitudeDegrees><LongitudeDegrees>-74.04569</LongitudeDegrees></Position><HeartRateBpm><Value>90</Value></HeartRateBpm><Cadence>57</Cadence></Trackpoint><Trackpoint><Time>2026-09-13T20:16:01Z</Time><Position><LatitudeDegrees>4.726327</LatitudeDegrees><LongitudeDegrees>-74.04569</LongitudeDegrees></Position><HeartRateBpm><Value>90</Value></HeartRateBpm><Cadence>57</Cadence></Trackpoint><Trackpoint><Time>2026-09-13T20:16:02Z</Time><Position><LatitudeDegrees>4.726312</LatitudeDegrees><LongitudeDegrees>-74.0457</LongitudeDegrees></Position><HeartRateBpm><Value>89</Value></HeartRateBpm><Cadence>58</Cadence></Trackpoint><Trackpoint><Time>2026-09-13T20:16:03Z</Time><Position><LatitudeDegrees>4.726298</LatitudeDegrees><LongitudeDegrees>-74.0457</LongitudeDegrees></Position><HeartRateBpm><Value>89</Value></HeartRateBpm><Cadence>58</Cadence></Trackpoint><Trackpoint><Time>2026-09-13T20:16:04Z</Time><Position><LatitudeDegrees>4.726285</LatitudeDegrees><LongitudeDegrees>-74.0457</LongitudeDegrees></Position><AltitudeMeters>2561.4</AltitudeMeters><HeartRateBpm><Value>89</Value></HeartRateBpm><Cadence>58</Cadence></Trackpoint><Trackpoint><Time>2026-09-13T20:16:05Z</Time><Position><LatitudeDegrees>4.726271</LatitudeDegrees><LongitudeDegrees>-74.0457</LongitudeDegrees></Position><HeartRateBpm><Value>89</Value></HeartRateBpm><Cadence>58</Cadence></Trackpoint><Trackpoint><Time>2026-09-13T20:16:06Z</Time><Position><LatitudeDegrees>4.726258</LatitudeDegrees><LongitudeDegrees>-74.0457</LongitudeDegrees></Position><HeartRateBpm><Value>89</Value></HeartRateBpm><Cadence>59</Cadence></Trackpoint><Trackpoint><Time>2026-09-13T20:16:07Z</Time><Position><LatitudeDegrees>4.726248</LatitudeDegrees><LongitudeDegrees>-74.04571</LongitudeDegrees></Position><HeartRateBpm><Value>89</Value></HeartRateBpm><Cadence>59</Cadence></Trackpoint><Trackpoint><Time>2026-09-13T20:16:08Z</Time><Position><LatitudeDegrees>4.726238</LatitudeDegrees><LongitudeDegrees>-74.04571</LongitudeDegrees></Position><HeartRateBpm><Value>89</Value></HeartRateBpm><Cadence>59</Cadence></Trackpoint><Trackpoint><Time>2026-09-13T20:16:09Z</Time><Position><LatitudeDegrees>4.726229</LatitudeDegrees><LongitudeDegrees>-74.04571</LongitudeDegrees></Position><AltitudeMeters>2561.2</AltitudeMeters><HeartRateBpm><Value>89</Value></HeartRateBpm><Cadence>60</Cadence></Trackpoint><Trackpoint><Time>2026-09-13T20:16:10Z</Time><Position><LatitudeDegrees>4.726218</LatitudeDegrees><LongitudeDegrees>-74.04571</LongitudeDegrees></Position><HeartRateBpm><Value>89</Value></HeartRateBpm><Cadence>59</Cadence></Trackpoint><Trackpoint><Time>2026-09-13T20:16:11Z</Time><Position><LatitudeDegrees>4.726206</LatitudeDegrees><LongitudeDegrees>-74.045715</LongitudeDegrees></Position><HeartRateBpm><Value>90</Value></HeartRateBpm><Cadence>59</Cadence></Trackpoint><Trackpoint><Time>2026-09-13T20:16:12Z</Time><Position><LatitudeDegrees>4.726196</LatitudeDegrees><LongitudeDegrees>-74.045715</LongitudeDegrees></Position><HeartRateBpm><Value>90</Value></HeartRateBpm><Cadence>58</Cadence></Trackpoint><Trackpoint><Time>2026-09-13T20:16:13Z</Time><Position><LatitudeDegrees>4.726186</LatitudeDegrees><LongitudeDegrees>-74.045715</LongitudeDegrees></Position><HeartRateBpm><Value>91</Value></HeartRateBpm><Cadence>58</Cadence></Trackpoint><Trackpoint><Time>2026-09-13T20:16:14Z</Time><Position><LatitudeDegrees>4.726176</LatitudeDegrees><LongitudeDegrees>-74.045715</LongitudeDegrees></Position><AltitudeMeters>2561.2</AltitudeMeters><HeartRateBpm><Value>92</Value></HeartRateBpm><Cadence>58</Cadence></Trackpoint><Trackpoint><Time>2026-09-13T20:16:15Z</Time><Position><LatitudeDegrees>4.726167</LatitudeDegrees><LongitudeDegrees>-74.045715</LongitudeDegrees></Position><HeartRateBpm><Value>91</Value></HeartRateBpm><Cadence>57</Cadence></Trackpoint><Trackpoint><Time>2026-09-13T20:16:16Z</Time><Position><LatitudeDegrees>4.726154</LatitudeDegrees><LongitudeDegrees>-74.04572</LongitudeDegrees></Position><HeartRateBpm><Value>90</Value></HeartRateBpm><Cadence>57</Cadence></Trackpoint><Trackpoint><Time>2026-09-13T20:16:17Z</Time><Position><LatitudeDegrees>4.726145</LatitudeDegrees><LongitudeDegrees>-74.04572</LongitudeDegrees></Position><HeartRateBpm><Value>90</Value></HeartRateBpm><Cadence>56</Cadence></Trackpoint><Trackpoint><Time>2026-09-13T20:16:18Z</Time><Position><LatitudeDegrees>4.726136</LatitudeDegrees><LongitudeDegrees>-74.04572</LongitudeDegrees></Position><HeartRateBpm><Value>89</Value></HeartRateBpm><Cadence>56</Cadence></Trackpoint><Trackpoint><Time>2026-09-13T20:16:19Z</Time><Position><LatitudeDegrees>4.726126</LatitudeDegrees><LongitudeDegrees>-74.04572</LongitudeDegrees></Position><AltitudeMeters>2561.2</AltitudeMeters><HeartRateBpm><Value>89</Value></HeartRateBpm><Cadence>56</Cadence></Trackpoint><Trackpoint><Time>2026-09-13T20:16:20Z</Time><Position><LatitudeDegrees>4.726113</LatitudeDegrees><LongitudeDegrees>-74.04572</LongitudeDegrees></Position><HeartRateBpm><Value>89</Value></HeartRateBpm><Cadence>55</Cadence></Trackpoint><Trackpoint><Time>2026-09-13T20:16:21Z</Time><Position><LatitudeDegrees>4.726099</LatitudeDegrees><LongitudeDegrees>-74.04572</LongitudeDegrees></Position><HeartRateBpm><Value>89</Value></HeartRateBpm><Cadence>55</Cadence></Trackpoint><Trackpoint><Time>2026-09-13T20:16:22Z</Time><Position><LatitudeDegrees>4.726088</LatitudeDegrees><LongitudeDegrees>-74.04572</LongitudeDegrees></Position><HeartRateBpm><Value>89</Value></HeartRateBpm><Cadence>55</Cadence></Trackpoint><Trackpoint><Time>2026-09-13T20:16:23Z</Time><Position><LatitudeDegrees>4.726073</LatitudeDegrees><LongitudeDegrees>-74.04572</LongitudeDegrees></Position><HeartRateBpm><Value>89</Value></HeartRateBpm><Cadence>55</Cadence></Trackpoint><Trackpoint><Time>2026-09-13T20:16:24Z</Time><Position><LatitudeDegrees>4.72606</LatitudeDegrees><LongitudeDegrees>-74.04572</LongitudeDegrees></Position><AltitudeMeters>2561.2</AltitudeMeters><HeartRateBpm><Value>90</Value></HeartRateBpm><Cadence>55</Cadence></Trackpoint><Trackpoint><Time>2026-09-13T20:16:25Z</Time><Position><LatitudeDegrees>4.726046</LatitudeDegrees><LongitudeDegrees>-74.04573</LongitudeDegrees></Position><HeartRateBpm><Value>90</Value></HeartRateBpm><Cadence>55</Cadence></Trackpoint><Trackpoint><Time>2026-09-13T20:16:26Z</Time><Position><LatitudeDegrees>4.726034</LatitudeDegrees><LongitudeDegrees>-74.04573</LongitudeDegrees></Position><HeartRateBpm><Value>90</Value></HeartRateBpm><Cadence>54</Cadence></Trackpoint><Trackpoint><Time>2026-09-13T20:16:27Z</Time><Position><LatitudeDegrees>4.726021</LatitudeDegrees><LongitudeDegrees>-74.04574</LongitudeDegrees></Position><HeartRateBpm><Value>90</Value></HeartRateBpm><Cadence>54</Cadence></Trackpoint><Trackpoint><Time>2026-09-13T20:16:28Z</Time><Position><LatitudeDegrees>4.726008</LatitudeDegrees><LongitudeDegrees>-74.04574</LongitudeDegrees></Position><HeartRateBpm><Value>90</Value></HeartRateBpm><Cadence>54</Cadence></Trackpoint><Trackpoint><Time>2026-09-13T20:16:29Z</Time><Position><LatitudeDegrees>4.725998</LatitudeDegrees><LongitudeDegrees>-74.04574</LongitudeDegrees></Position><AltitudeMeters>2561.6</AltitudeMeters><HeartRateBpm><Value>90</Value></HeartRateBpm><Cadence>54</Cadence></Trackpoint><Trackpoint><Time>2026-09-13T20:16:30Z</Time><Position><LatitudeDegrees>4.725991</LatitudeDegrees><LongitudeDegrees>-74.04574</LongitudeDegrees></Position><HeartRateBpm><Value>90</Value></HeartRateBpm><Cadence>53</Cadence></Trackpoint><Trackpoint><Time>2026-09-13T20:16:31Z</Time><Position><LatitudeDegrees>4.725985</LatitudeDegrees><LongitudeDegrees>-74.04574</LongitudeDegrees></Position><HeartRateBpm><Value>90</Value></HeartRateBpm><Cadence>53</Cadence></Trackpoint><Trackpoint><Time>2026-09-13T20:16:32Z</Time><Position><LatitudeDegrees>4.725981</LatitudeDegrees><LongitudeDegrees>-74.045746</LongitudeDegrees></Position><HeartRateBpm><Value>90</Value></HeartRateBpm><Cadence>53</Cadence></Trackpoint><Trackpoint><Time>2026-09-13T20:16:33Z</Time><Position><LatitudeDegrees>4.725978</LatitudeDegrees><LongitudeDegrees>-74.045746</LongitudeDegrees></Position><HeartRateBpm><Value>90</Value></HeartRateBpm><Cadence>53</Cadence></Trackpoint><Trackpoint><Time>2026-09-13T20:16:34Z</Time><Position><LatitudeDegrees>4.725978</LatitudeDegrees><LongitudeDegrees>-74.045746</LongitudeDegrees></Position><AltitudeMeters>2561.7</AltitudeMeters><HeartRateBpm><Value>90</Value></HeartRateBpm><Cadence>53</Cadence></Trackpoint><Trackpoint><Time>2026-09-13T20:16:35Z</Time><Position><LatitudeDegrees>4.725978</LatitudeDegrees><LongitudeDegrees>-74.045746</LongitudeDegrees></Position><HeartRateBpm><Value>90</Value></HeartRateBpm><Cadence>54</Cadence></Trackpoint><Trackpoint><Time>2026-09-13T20:16:36Z</Time><Position><LatitudeDegrees>4.725978</LatitudeDegrees><LongitudeDegrees>-74.045746</LongitudeDegrees></Position><HeartRateBpm><Value>91</Value></HeartRateBpm><Cadence>54</Cadence></Trackpoint><Trackpoint><Time>2026-09-13T20:16:37Z</Time><Position><LatitudeDegrees>4.725978</LatitudeDegrees><LongitudeDegrees>-74.045746</LongitudeDegrees></Position><HeartRateBpm><Value>92</Value></HeartRateBpm><Cadence>55</Cadence></Trackpoint><Trackpoint><Time>2026-09-13T20:16:38Z</Time><Position><LatitudeDegrees>4.725978</LatitudeDegrees><LongitudeDegrees>-74.045746</LongitudeDegrees></Position><HeartRateBpm><Value>93</Value></HeartRateBpm><Cadence>55</Cadence></Trackpoint><Trackpoint><Time>2026-09-13T20:16:39Z</Time><Position><LatitudeDegrees>4.725978</LatitudeDegrees><LongitudeDegrees>-74.045746</LongitudeDegrees></Position><AltitudeMeters>2561.7</AltitudeMeters><HeartRateBpm><Value>94</Value></HeartRateBpm><Cadence>56</Cadence></Trackpoint><Trackpoint><Time>2026-09-13T20:16:40Z</Time><Position><LatitudeDegrees>4.725978</LatitudeDegrees><LongitudeDegrees>-74.045746</LongitudeDegrees></Position><HeartRateBpm><Value>94</Value></HeartRateBpm><Cadence>55</Cadence></Trackpoint><Trackpoint><Time>2026-09-13T20:16:41Z</Time><Position><LatitudeDegrees>4.725978</LatitudeDegrees><LongitudeDegrees>-74.045746</LongitudeDegrees></Position><HeartRateBpm><Value>94</Value></HeartRateBpm><Cadence>54</Cadence></Trackpoint><Trackpoint><Time>2026-09-13T20:16:42Z</Time><Position><LatitudeDegrees>4.725978</LatitudeDegrees><LongitudeDegrees>-74.045746</LongitudeDegrees></Position><HeartRateBpm><Value>94</Value></HeartRateBpm><Cadence>54</Cadence></Trackpoint><Trackpoint><Time>2026-09-13T20:16:43Z</Time><Position><LatitudeDegrees>4.725978</LatitudeDegrees><LongitudeDegrees>-74.045746</LongitudeDegrees></Position><HeartRateBpm><Value>94</Value></HeartRateBpm><Cadence>53</Cadence></Trackpoint><Trackpoint><Time>2026-09-13T20:16:44Z</Time><Position><LatitudeDegrees>4.725978</LatitudeDegrees><LongitudeDegrees>-74.045746</LongitudeDegrees></Position><AltitudeMeters>2561.5</AltitudeMeters><HeartRateBpm><Value>95</Value></HeartRateBpm><Cadence>53</Cadence></Trackpoint><Trackpoint><Time>2026-09-13T20:16:45Z</Time><Position><LatitudeDegrees>4.725978</LatitudeDegrees><LongitudeDegrees>-74.045746</LongitudeDegrees></Position><HeartRateBpm><Value>94</Value></HeartRateBpm><Cadence>52</Cadence></Trackpoint><Trackpoint><Time>2026-09-13T20:16:46Z</Time><Position><LatitudeDegrees>4.725944</LatitudeDegrees><LongitudeDegrees>-74.045746</LongitudeDegrees></Position><HeartRateBpm><Value>94</Value></HeartRateBpm><Cadence>52</Cadence></Trackpoint><Trackpoint><Time>2026-09-13T20:16:47Z</Time><Position><LatitudeDegrees>4.725925</LatitudeDegrees><LongitudeDegrees>-74.04575</LongitudeDegrees></Position><HeartRateBpm><Value>94</Value></HeartRateBpm><Cadence>51</Cadence></Trackpoint><Trackpoint><Time>2026-09-13T20:16:48Z</Time><Position><LatitudeDegrees>4.725913</LatitudeDegrees><LongitudeDegrees>-74.04575</LongitudeDegrees></Position><HeartRateBpm><Value>94</Value></HeartRateBpm><Cadence>51</Cadence></Trackpoint><Trackpoint><Time>2026-09-13T20:16:49Z</Time><Position><LatitudeDegrees>4.725905</LatitudeDegrees><LongitudeDegrees>-74.04576</LongitudeDegrees></Position><AltitudeMeters>2561.4</AltitudeMeters><HeartRateBpm><Value>94</Value></HeartRateBpm><Cadence>50</Cadence></Trackpoint><Trackpoint><Time>2026-09-13T20:16:50Z</Time><Position><LatitudeDegrees>4.7259</LatitudeDegrees><LongitudeDegrees>-74.04577</LongitudeDegrees></Position><HeartRateBpm><Value>94</Value></HeartRateBpm><Cadence>50</Cadence></Trackpoint><Trackpoint><Time>2026-09-13T20:16:51Z</Time><Position><LatitudeDegrees>4.725891</LatitudeDegrees><LongitudeDegrees>-74.04578</LongitudeDegrees></Position><HeartRateBpm><Value>94</Value></HeartRateBpm><Cadence>49</Cadence></Trackpoint><Trackpoint><Time>2026-09-13T20:16:52Z</Time><Position><LatitudeDegrees>4.725877</LatitudeDegrees><LongitudeDegrees>-74.04577</LongitudeDegrees></Position><HeartRateBpm><Value>95</Value></HeartRateBpm><Cadence>49</Cadence></Trackpoint><Trackpoint><Time>2026-09-13T20:16:53Z</Time><Position><LatitudeDegrees>4.725868</LatitudeDegrees><LongitudeDegrees>-74.04577</LongitudeDegrees></Position><HeartRateBpm><Value>95</Value></HeartRateBpm><Cadence>48</Cadence></Trackpoint><Trackpoint><Time>2026-09-13T20:16:54Z</Time><Position><LatitudeDegrees>4.725855</LatitudeDegrees><LongitudeDegrees>-74.04577</LongitudeDegrees></Position><AltitudeMeters>2561.4</AltitudeMeters><HeartRateBpm><Value>96</Value></HeartRateBpm><Cadence>48</Cadence></Trackpoint><Trackpoint><Time>2026-09-13T20:16:55Z</Time><Position><LatitudeDegrees>4.725842</LatitudeDegrees><LongitudeDegrees>-74.04577</LongitudeDegrees></Position><HeartRateBpm><Value>96</Value></HeartRateBpm><Cadence>48</Cadence></Trackpoint><Trackpoint><Time>2026-09-13T20:16:56Z</Time><Position><LatitudeDegrees>4.725834</LatitudeDegrees><LongitudeDegrees>-74.04576</LongitudeDegrees></Position><HeartRateBpm><Value>96</Value></HeartRateBpm><Cadence>49</Cadence></Trackpoint><Trackpoint><Time>2026-09-13T20:16:57Z</Time><Position><LatitudeDegrees>4.725819</LatitudeDegrees><LongitudeDegrees>-74.04577</LongitudeDegrees></Position><HeartRateBpm><Value>97</Value></HeartRateBpm><Cadence>50</Cadence></Trackpoint><Trackpoint><Time>2026-09-13T20:16:58Z</Time><Position><LatitudeDegrees>4.725806</LatitudeDegrees><LongitudeDegrees>-74.04578</LongitudeDegrees></Position><HeartRateBpm><Value>97</Value></HeartRateBpm><Cadence>50</Cadence></Trackpoint><Trackpoint><Time>2026-09-13T20:16:59Z</Time><Position><LatitudeDegrees>4.725793</LatitudeDegrees><LongitudeDegrees>-74.04578</LongitudeDegrees></Position><AltitudeMeters>2561.6</AltitudeMeters><HeartRateBpm><Value>98</Value></HeartRateBpm><Cadence>51</Cadence></Trackpoint><Trackpoint><Time>2026-09-13T20:17:00Z</Time><Position><LatitudeDegrees>4.72578</LatitudeDegrees><LongitudeDegrees>-74.04578</LongitudeDegrees></Position><HeartRateBpm><Value>98</Value></HeartRateBpm><Cadence>52</Cadence></Trackpoint><Trackpoint><Time>2026-09-13T20:17:01Z</Time><Position><LatitudeDegrees>4.725771</LatitudeDegrees><LongitudeDegrees>-74.04577</LongitudeDegrees></Position><HeartRateBpm><Value>98</Value></HeartRateBpm><Cadence>53</Cadence></Trackpoint><Trackpoint><Time>2026-09-13T20:17:02Z</Time><Position><LatitudeDegrees>4.725756</LatitudeDegrees><LongitudeDegrees>-74.04578</LongitudeDegrees></Position><HeartRateBpm><Value>98</Value></HeartRateBpm><Cadence>54</Cadence></Trackpoint><Trackpoint><Time>2026-09-13T20:17:03Z</Time><Position><LatitudeDegrees>4.725755</LatitudeDegrees><LongitudeDegrees>-74.04578</LongitudeDegrees></Position><HeartRateBpm><Value>98</Value></HeartRateBpm><Cadence>55</Cadence></Trackpoint><Trackpoint><Time>2026-09-13T20:17:04Z</Time><Position><LatitudeDegrees>4.725741</LatitudeDegrees><LongitudeDegrees>-74.045784</LongitudeDegrees></Position><AltitudeMeters>2561.8</AltitudeMeters><HeartRateBpm><Value>99</Value></HeartRateBpm><Cadence>57</Cadence></Trackpoint><Trackpoint><Time>2026-09-13T20:17:05Z</Time><Position><LatitudeDegrees>4.725732</LatitudeDegrees><LongitudeDegrees>-74.045784</LongitudeDegrees></Position><HeartRateBpm><Value>98</Value></HeartRateBpm><Cadence>57</Cadence></Trackpoint><Trackpoint><Time>2026-09-13T20:17:06Z</Time><Position><LatitudeDegrees>4.725721</LatitudeDegrees><LongitudeDegrees>-74.04579</LongitudeDegrees></Position><HeartRateBpm><Value>97</Value></HeartRateBpm><Cadence>57</Cadence></Trackpoint><Trackpoint><Time>2026-09-13T20:17:07Z</Time><Position><LatitudeDegrees>4.725709</LatitudeDegrees><LongitudeDegrees>-74.04579</LongitudeDegrees></Position><HeartRateBpm><Value>96</Value></HeartRateBpm><Cadence>57</Cadence></Trackpoint><Trackpoint><Time>2026-09-13T20:17:08Z</Time><Position><LatitudeDegrees>4.725694</LatitudeDegrees><LongitudeDegrees>-74.04579</LongitudeDegrees></Position><HeartRateBpm><Value>95</Value></HeartRateBpm><Cadence>58</Cadence></Trackpoint><Trackpoint><Time>2026-09-13T20:17:09Z</Time><Position><LatitudeDegrees>4.72568</LatitudeDegrees><LongitudeDegrees>-74.04579</LongitudeDegrees></Position><AltitudeMeters>2562.1</AltitudeMeters><HeartRateBpm><Value>94</Value></HeartRateBpm><Cadence>58</Cadence></Trackpoint><Trackpoint><Time>2026-09-13T20:17:10Z</Time><Position><LatitudeDegrees>4.725669</LatitudeDegrees><LongitudeDegrees>-74.04579</LongitudeDegrees></Position><HeartRateBpm><Value>93</Value></HeartRateBpm><Cadence>58</Cadence></Trackpoint><Trackpoint><Time>2026-09-13T20:17:11Z</Time><Position><LatitudeDegrees>4.725657</LatitudeDegrees><LongitudeDegrees>-74.04579</LongitudeDegrees></Position><HeartRateBpm><Value>93</Value></HeartRateBpm><Cadence>58</Cadence></Trackpoint><Trackpoint><Time>2026-09-13T20:17:12Z</Time><Position><LatitudeDegrees>4.725648</LatitudeDegrees><LongitudeDegrees>-74.04579</LongitudeDegrees></Position><HeartRateBpm><Value>92</Value></HeartRateBpm><Cadence>57</Cadence></Trackpoint><Trackpoint><Time>2026-09-13T20:17:13Z</Time><Position><LatitudeDegrees>4.725633</LatitudeDegrees><LongitudeDegrees>-74.0458</LongitudeDegrees></Position><HeartRateBpm><Value>92</Value></HeartRateBpm><Cadence>57</Cadence></Trackpoint><Trackpoint><Time>2026-09-13T20:17:14Z</Time><Position><LatitudeDegrees>4.72562</LatitudeDegrees><LongitudeDegrees>-74.0458</LongitudeDegrees></Position><AltitudeMeters>2562.0</AltitudeMeters><HeartRateBpm><Value>92</Value></HeartRateBpm><Cadence>57</Cadence></Trackpoint><Trackpoint><Time>2026-09-13T20:17:15Z</Time><Position><LatitudeDegrees>4.725608</LatitudeDegrees><LongitudeDegrees>-74.0458</LongitudeDegrees></Position><HeartRateBpm><Value>92</Value></HeartRateBpm><Cadence>57</Cadence></Trackpoint><Trackpoint><Time>2026-09-13T20:17:16Z</Time><Position><LatitudeDegrees>4.725597</LatitudeDegrees><LongitudeDegrees>-74.04581</LongitudeDegrees></Position><HeartRateBpm><Value>92</Value></HeartRateBpm><Cadence>57</Cadence></Trackpoint><Trackpoint><Time>2026-09-13T20:17:17Z</Time><Position><LatitudeDegrees>4.725583</LatitudeDegrees><LongitudeDegrees>-74.04581</LongitudeDegrees></Position><HeartRateBpm><Value>92</Value></HeartRateBpm><Cadence>58</Cadence></Trackpoint><Trackpoint><Time>2026-09-13T20:17:18Z</Time><Position><LatitudeDegrees>4.725569</LatitudeDegrees><LongitudeDegrees>-74.045815</LongitudeDegrees></Position><HeartRateBpm><Value>92</Value></HeartRateBpm><Cadence>58</Cadence></Trackpoint><Trackpoint><Time>2026-09-13T20:17:19Z</Time><Position><LatitudeDegrees>4.725555</LatitudeDegrees><LongitudeDegrees>-74.045815</LongitudeDegrees></Position><AltitudeMeters>2561.8</AltitudeMeters><HeartRateBpm><Value>92</Value></HeartRateBpm><Cadence>58</Cadence></Trackpoint><Trackpoint><Time>2026-09-13T20:17:20Z</Time><Position><LatitudeDegrees>4.725544</LatitudeDegrees><LongitudeDegrees>-74.04582</LongitudeDegrees></Position><HeartRateBpm><Value>92</Value></HeartRateBpm><Cadence>58</Cadence></Trackpoint><Trackpoint><Time>2026-09-13T20:17:21Z</Time><Position><LatitudeDegrees>4.725525</LatitudeDegrees><LongitudeDegrees>-74.04583</LongitudeDegrees></Position><HeartRateBpm><Value>92</Value></HeartRateBpm><Cadence>59</Cadence></Trackpoint><Trackpoint><Time>2026-09-13T20:17:22Z</Time><Position><LatitudeDegrees>4.725523</LatitudeDegrees><LongitudeDegrees>-74.04583</LongitudeDegrees></Position><HeartRateBpm><Value>92</Value></HeartRateBpm><Cadence>59</Cadence></Trackpoint><Trackpoint><Time>2026-09-13T20:17:23Z</Time><Position><LatitudeDegrees>4.725505</LatitudeDegrees><LongitudeDegrees>-74.04583</LongitudeDegrees></Position><HeartRateBpm><Value>92</Value></HeartRateBpm><Cadence>59</Cadence></Trackpoint><Trackpoint><Time>2026-09-13T20:17:24Z</Time><Position><LatitudeDegrees>4.725486</LatitudeDegrees><LongitudeDegrees>-74.04583</LongitudeDegrees></Position><AltitudeMeters>2561.3</AltitudeMeters><HeartRateBpm><Value>93</Value></HeartRateBpm><Cadence>60</Cadence></Trackpoint><Trackpoint><Time>2026-09-13T20:17:25Z</Time><Position><LatitudeDegrees>4.725474</LatitudeDegrees><LongitudeDegrees>-74.04583</LongitudeDegrees></Position><HeartRateBpm><Value>93</Value></HeartRateBpm><Cadence>59</Cadence></Trackpoint><Trackpoint><Time>2026-09-13T20:17:26Z</Time><Position><LatitudeDegrees>4.725462</LatitudeDegrees><LongitudeDegrees>-74.04583</LongitudeDegrees></Position><HeartRateBpm><Value>93</Value></HeartRateBpm><Cadence>59</Cadence></Trackpoint><Trackpoint><Time>2026-09-13T20:17:27Z</Time><Position><LatitudeDegrees>4.725448</LatitudeDegrees><LongitudeDegrees>-74.04583</LongitudeDegrees></Position><HeartRateBpm><Value>93</Value></HeartRateBpm><Cadence>59</Cadence></Trackpoint><Trackpoint><Time>2026-09-13T20:17:28Z</Time><Position><LatitudeDegrees>4.725434</LatitudeDegrees><LongitudeDegrees>-74.04584</LongitudeDegrees></Position><HeartRateBpm><Value>93</Value></HeartRateBpm><Cadence>58</Cadence></Trackpoint><Trackpoint><Time>2026-09-13T20:17:29Z</Time><Position><LatitudeDegrees>4.72542</LatitudeDegrees><LongitudeDegrees>-74.04584</LongitudeDegrees></Position><AltitudeMeters>2561.2</AltitudeMeters><HeartRateBpm><Value>93</Value></HeartRateBpm><Cadence>58</Cadence></Trackpoint><Trackpoint><Time>2026-09-13T20:17:30Z</Time><Position><LatitudeDegrees>4.725406</LatitudeDegrees><LongitudeDegrees>-74.04585</LongitudeDegrees></Position><HeartRateBpm><Value>93</Value></HeartRateBpm><Cadence>58</Cadence></Trackpoint><Trackpoint><Time>2026-09-13T20:17:31Z</Time><Position><LatitudeDegrees>4.725396</LatitudeDegrees><LongitudeDegrees>-74.04585</LongitudeDegrees></Position><HeartRateBpm><Value>93</Value></HeartRateBpm><Cadence>58</Cadence></Trackpoint><Trackpoint><Time>2026-09-13T20:17:32Z</Time><Position><LatitudeDegrees>4.725384</LatitudeDegrees><LongitudeDegrees>-74.04585</LongitudeDegrees></Position><HeartRateBpm><Value>93</Value></HeartRateBpm><Cadence>58</Cadence></Trackpoint><Trackpoint><Time>2026-09-13T20:17:33Z</Time><Position><LatitudeDegrees>4.725364</LatitudeDegrees><LongitudeDegrees>-74.04586</LongitudeDegrees></Position><HeartRateBpm><Value>93</Value></HeartRateBpm><Cadence>58</Cadence></Trackpoint><Trackpoint><Time>2026-09-13T20:17:34Z</Time><Position><LatitudeDegrees>4.725347</LatitudeDegrees><LongitudeDegrees>-74.04586</LongitudeDegrees></Position><AltitudeMeters>2561.2</AltitudeMeters><HeartRateBpm><Value>93</Value></HeartRateBpm><Cadence>58</Cadence></Trackpoint><Trackpoint><Time>2026-09-13T20:17:35Z</Time><Position><LatitudeDegrees>4.725334</LatitudeDegrees><LongitudeDegrees>-74.04586</LongitudeDegrees></Position><HeartRateBpm><Value>93</Value></HeartRateBpm><Cadence>58</Cadence></Trackpoint><Trackpoint><Time>2026-09-13T20:17:36Z</Time><Position><LatitudeDegrees>4.725322</LatitudeDegrees><LongitudeDegrees>-74.04586</LongitudeDegrees></Position><HeartRateBpm><Value>93</Value></HeartRateBpm><Cadence>58</Cadence></Trackpoint><Trackpoint><Time>2026-09-13T20:17:37Z</Time><Position><LatitudeDegrees>4.725309</LatitudeDegrees><LongitudeDegrees>-74.04587</LongitudeDegrees></Position><HeartRateBpm><Value>93</Value></HeartRateBpm><Cadence>59</Cadence></Trackpoint><Trackpoint><Time>2026-09-13T20:17:38Z</Time><Position><LatitudeDegrees>4.725295</LatitudeDegrees><LongitudeDegrees>-74.04587</LongitudeDegrees></Position><HeartRateBpm><Value>93</Value></HeartRateBpm><Cadence>59</Cadence></Trackpoint><Trackpoint><Time>2026-09-13T20:17:39Z</Time><Position><LatitudeDegrees>4.725283</LatitudeDegrees><LongitudeDegrees>-74.04587</LongitudeDegrees></Position><AltitudeMeters>2561.2</AltitudeMeters><HeartRateBpm><Value>94</Value></HeartRateBpm><Cadence>59</Cadence></Trackpoint><Trackpoint><Time>2026-09-13T20:17:40Z</Time><Position><LatitudeDegrees>4.725272</LatitudeDegrees><LongitudeDegrees>-74.04587</LongitudeDegrees></Position><HeartRateBpm><Value>93</Value></HeartRateBpm><Cadence>59</Cadence></Trackpoint><Trackpoint><Time>2026-09-13T20:17:41Z</Time><Position><LatitudeDegrees>4.725257</LatitudeDegrees><LongitudeDegrees>-74.04587</LongitudeDegrees></Position><HeartRateBpm><Value>93</Value></HeartRateBpm><Cadence>59</Cadence></Trackpoint><Trackpoint><Time>2026-09-13T20:17:42Z</Time><Position><LatitudeDegrees>4.725246</LatitudeDegrees><LongitudeDegrees>-74.04587</LongitudeDegrees></Position><HeartRateBpm><Value>93</Value></HeartRateBpm><Cadence>59</Cadence></Trackpoint><Trackpoint><Time>2026-09-13T20:17:43Z</Time><Position><LatitudeDegrees>4.72523</LatitudeDegrees><LongitudeDegrees>-74.04587</LongitudeDegrees></Position><HeartRateBpm><Value>93</Value></HeartRateBpm><Cadence>59</Cadence></Trackpoint><Trackpoint><Time>2026-09-13T20:17:44Z</Time><Position><LatitudeDegrees>4.725215</LatitudeDegrees><LongitudeDegrees>-74.045876</LongitudeDegrees></Position><AltitudeMeters>2561.2</AltitudeMeters><HeartRateBpm><Value>93</Value></HeartRateBpm><Cadence>60</Cadence></Trackpoint><Trackpoint><Time>2026-09-13T20:17:45Z</Time><Position><LatitudeDegrees>4.725204</LatitudeDegrees><LongitudeDegrees>-74.045876</LongitudeDegrees></Position><HeartRateBpm><Value>93</Value></HeartRateBpm><Cadence>59</Cadence></Trackpoint><Trackpoint><Time>2026-09-13T20:17:46Z</Time><Position><LatitudeDegrees>4.725195</LatitudeDegrees><LongitudeDegrees>-74.045876</LongitudeDegrees></Position><HeartRateBpm><Value>94</Value></HeartRateBpm><Cadence>59</Cadence></Trackpoint><Trackpoint><Time>2026-09-13T20:17:47Z</Time><Position><LatitudeDegrees>4.725184</LatitudeDegrees><LongitudeDegrees>-74.04587</LongitudeDegrees></Position><HeartRateBpm><Value>95</Value></HeartRateBpm><Cadence>58</Cadence></Trackpoint><Trackpoint><Time>2026-09-13T20:17:48Z</Time><Position><LatitudeDegrees>4.725172</LatitudeDegrees><LongitudeDegrees>-74.045876</LongitudeDegrees></Position><HeartRateBpm><Value>96</Value></HeartRateBpm><Cadence>58</Cadence></Trackpoint><Trackpoint><Time>2026-09-13T20:17:49Z</Time><Position><LatitudeDegrees>4.725157</LatitudeDegrees><LongitudeDegrees>-74.045876</LongitudeDegrees></Position><AltitudeMeters>2561.2</AltitudeMeters><HeartRateBpm><Value>97</Value></HeartRateBpm><Cadence>57</Cadence></Trackpoint><Trackpoint><Time>2026-09-13T20:17:50Z</Time><Position><LatitudeDegrees>4.72514</LatitudeDegrees><LongitudeDegrees>-74.045876</LongitudeDegrees></Position><HeartRateBpm><Value>97</Value></HeartRateBpm><Cadence>57</Cadence></Trackpoint><Trackpoint><Time>2026-09-13T20:17:51Z</Time><Position><LatitudeDegrees>4.725133</LatitudeDegrees><LongitudeDegrees>-74.045876</LongitudeDegrees></Position><HeartRateBpm><Value>97</Value></HeartRateBpm><Cadence>57</Cadence></Trackpoint><Trackpoint><Time>2026-09-13T20:17:52Z</Time><Position><LatitudeDegrees>4.72512</LatitudeDegrees><LongitudeDegrees>-74.04588</LongitudeDegrees></Position><HeartRateBpm><Value>97</Value></HeartRateBpm><Cadence>57</Cadence></Trackpoint><Trackpoint><Time>2026-09-13T20:17:53Z</Time><Position><LatitudeDegrees>4.725111</LatitudeDegrees><LongitudeDegrees>-74.04588</LongitudeDegrees></Position><HeartRateBpm><Value>97</Value></HeartRateBpm><Cadence>57</Cadence></Trackpoint><Trackpoint><Time>2026-09-13T20:17:54Z</Time><Position><LatitudeDegrees>4.7251</LatitudeDegrees><LongitudeDegrees>-74.04589</LongitudeDegrees></Position><AltitudeMeters>2561.2</AltitudeMeters><HeartRateBpm><Value>97</Value></HeartRateBpm><Cadence>58</Cadence></Trackpoint><Trackpoint><Time>2026-09-13T20:17:55Z</Time><Position><LatitudeDegrees>4.725091</LatitudeDegrees><LongitudeDegrees>-74.04589</LongitudeDegrees></Position><HeartRateBpm><Value>97</Value></HeartRateBpm><Cadence>57</Cadence></Trackpoint><Trackpoint><Time>2026-09-13T20:17:56Z</Time><Position><LatitudeDegrees>4.725079</LatitudeDegrees><LongitudeDegrees>-74.04589</LongitudeDegrees></Position><HeartRateBpm><Value>97</Value></HeartRateBpm><Cadence>57</Cadence></Trackpoint><Trackpoint><Time>2026-09-13T20:17:57Z</Time><Position><LatitudeDegrees>4.725069</LatitudeDegrees><LongitudeDegrees>-74.04589</LongitudeDegrees></Position><HeartRateBpm><Value>97</Value></HeartRateBpm><Cadence>56</Cadence></Trackpoint><Trackpoint><Time>2026-09-13T20:17:58Z</Time><Position><LatitudeDegrees>4.725066</LatitudeDegrees><LongitudeDegrees>-74.04589</LongitudeDegrees></Position><HeartRateBpm><Value>97</Value></HeartRateBpm><Cadence>56</Cadence></Trackpoint><Trackpoint><Time>2026-09-13T20:17:59Z</Time><Position><LatitudeDegrees>4.725059</LatitudeDegrees><LongitudeDegrees>-74.04589</LongitudeDegrees></Position><AltitudeMeters>2561.2</AltitudeMeters><HeartRateBpm><Value>97</Value></HeartRateBpm><Cadence>56</Cadence></Trackpoint><Trackpoint><Time>2026-09-13T20:18:00Z</Time><Position><LatitudeDegrees>4.725052</LatitudeDegrees><LongitudeDegrees>-74.04589</LongitudeDegrees></Position><HeartRateBpm><Value>96</Value></HeartRateBpm><Cadence>55</Cadence></Trackpoint><Trackpoint><Time>2026-09-13T20:18:01Z</Time><Position><LatitudeDegrees>4.725041</LatitudeDegrees><LongitudeDegrees>-74.04589</LongitudeDegrees></Position><HeartRateBpm><Value>96</Value></HeartRateBpm><Cadence>55</Cadence></Trackpoint><Trackpoint><Time>2026-09-13T20:18:02Z</Time><Position><LatitudeDegrees>4.725028</LatitudeDegrees><LongitudeDegrees>-74.04589</LongitudeDegrees></Position><HeartRateBpm><Value>95</Value></HeartRateBpm><Cadence>55</Cadence></Trackpoint><Trackpoint><Time>2026-09-13T20:18:03Z</Time><Position><LatitudeDegrees>4.725016</LatitudeDegrees><LongitudeDegrees>-74.0459</LongitudeDegrees></Position><HeartRateBpm><Value>95</Value></HeartRateBpm><Cadence>55</Cadence></Trackpoint><Trackpoint><Time>2026-09-13T20:18:04Z</Time><Position><LatitudeDegrees>4.725009</LatitudeDegrees><LongitudeDegrees>-74.0459</LongitudeDegrees></Position><AltitudeMeters>2561.3</AltitudeMeters><HeartRateBpm><Value>95</Value></HeartRateBpm><Cadence>55</Cadence></Trackpoint><Trackpoint><Time>2026-09-13T20:18:05Z</Time><Position><LatitudeDegrees>4.725002</LatitudeDegrees><LongitudeDegrees>-74.0459</LongitudeDegrees></Position><HeartRateBpm><Value>95</Value></HeartRateBpm><Cadence>55</Cadence></Trackpoint><Trackpoint><Time>2026-09-13T20:18:06Z</Time><Position><LatitudeDegrees>4.724989</LatitudeDegrees><LongitudeDegrees>-74.045906</LongitudeDegrees></Position><HeartRateBpm><Value>95</Value></HeartRateBpm><Cadence>55</Cadence></Trackpoint><Trackpoint><Time>2026-09-13T20:18:07Z</Time><Position><LatitudeDegrees>4.724977</LatitudeDegrees><LongitudeDegrees>-74.045906</LongitudeDegrees></Position><HeartRateBpm><Value>95</Value></HeartRateBpm><Cadence>55</Cadence></Trackpoint><Trackpoint><Time>2026-09-13T20:18:08Z</Time><Position><LatitudeDegrees>4.724965</LatitudeDegrees><LongitudeDegrees>-74.045906</LongitudeDegrees></Position><HeartRateBpm><Value>95</Value></HeartRateBpm><Cadence>56</Cadence></Trackpoint><Trackpoint><Time>2026-09-13T20:18:09Z</Time><Position><LatitudeDegrees>4.724951</LatitudeDegrees><LongitudeDegrees>-74.045906</LongitudeDegrees></Position><AltitudeMeters>2561.4</AltitudeMeters><HeartRateBpm><Value>95</Value></HeartRateBpm><Cadence>56</Cadence></Trackpoint><Trackpoint><Time>2026-09-13T20:18:10Z</Time><Position><LatitudeDegrees>4.724937</LatitudeDegrees><LongitudeDegrees>-74.04591</LongitudeDegrees></Position><HeartRateBpm><Value>95</Value></HeartRateBpm><Cadence>56</Cadence></Trackpoint><Trackpoint><Time>2026-09-13T20:18:11Z</Time><Position><LatitudeDegrees>4.724926</LatitudeDegrees><LongitudeDegrees>-74.04591</LongitudeDegrees></Position><HeartRateBpm><Value>96</Value></HeartRateBpm><Cadence>56</Cadence></Trackpoint><Trackpoint><Time>2026-09-13T20:18:12Z</Time><Position><LatitudeDegrees>4.724912</LatitudeDegrees><LongitudeDegrees>-74.04591</LongitudeDegrees></Position><HeartRateBpm><Value>97</Value></HeartRateBpm><Cadence>56</Cadence></Trackpoint><Trackpoint><Time>2026-09-13T20:18:13Z</Time><Position><LatitudeDegrees>4.724893</LatitudeDegrees><LongitudeDegrees>-74.04591</LongitudeDegrees></Position><HeartRateBpm><Value>98</Value></HeartRateBpm><Cadence>56</Cadence></Trackpoint><Trackpoint><Time>2026-09-13T20:18:14Z</Time><Position><LatitudeDegrees>4.724877</LatitudeDegrees><LongitudeDegrees>-74.04592</LongitudeDegrees></Position><AltitudeMeters>2561.3</AltitudeMeters><HeartRateBpm><Value>99</Value></HeartRateBpm><Cadence>57</Cadence></Trackpoint><Trackpoint><Time>2026-09-13T20:18:15Z</Time><Position><LatitudeDegrees>4.724861</LatitudeDegrees><LongitudeDegrees>-74.04592</LongitudeDegrees></Position><HeartRateBpm><Value>99</Value></HeartRateBpm><Cadence>57</Cadence></Trackpoint><Trackpoint><Time>2026-09-13T20:18:16Z</Time><Position><LatitudeDegrees>4.724845</LatitudeDegrees><LongitudeDegrees>-74.04593</LongitudeDegrees></Position><HeartRateBpm><Value>99</Value></HeartRateBpm><Cadence>57</Cadence></Trackpoint><Trackpoint><Time>2026-09-13T20:18:17Z</Time><Position><LatitudeDegrees>4.724831</LatitudeDegrees><LongitudeDegrees>-74.045944</LongitudeDegrees></Position><HeartRateBpm><Value>99</Value></HeartRateBpm><Cadence>57</Cadence></Trackpoint><Trackpoint><Time>2026-09-13T20:18:18Z</Time><Position><LatitudeDegrees>4.724819</LatitudeDegrees><LongitudeDegrees>-74.045944</LongitudeDegrees></Position><HeartRateBpm><Value>99</Value></HeartRateBpm><Cadence>58</Cadence></Trackpoint><Trackpoint><Time>2026-09-13T20:18:19Z</Time><Position><LatitudeDegrees>4.724807</LatitudeDegrees><LongitudeDegrees>-74.045944</LongitudeDegrees></Position><AltitudeMeters>2561.2</AltitudeMeters><HeartRateBpm><Value>99</Value></HeartRateBpm><Cadence>58</Cadence></Trackpoint><Trackpoint><Time>2026-09-13T20:18:20Z</Time><Position><LatitudeDegrees>4.724799</LatitudeDegrees><LongitudeDegrees>-74.045944</LongitudeDegrees></Position><HeartRateBpm><Value>98</Value></HeartRateBpm><Cadence>58</Cadence></Trackpoint><Trackpoint><Time>2026-09-13T20:18:21Z</Time><Position><LatitudeDegrees>4.724778</LatitudeDegrees><LongitudeDegrees>-74.045944</LongitudeDegrees></Position><HeartRateBpm><Value>98</Value></HeartRateBpm><Cadence>58</Cadence></Trackpoint><Trackpoint><Time>2026-09-13T20:18:22Z</Time><Position><LatitudeDegrees>4.724769</LatitudeDegrees><LongitudeDegrees>-74.045944</LongitudeDegrees></Position><HeartRateBpm><Value>97</Value></HeartRateBpm><Cadence>58</Cadence></Trackpoint><Trackpoint><Time>2026-09-13T20:18:23Z</Time><Position><LatitudeDegrees>4.72476</LatitudeDegrees><LongitudeDegrees>-74.045944</LongitudeDegrees></Position><HeartRateBpm><Value>97</Value></HeartRateBpm><Cadence>58</Cadence></Trackpoint><Trackpoint><Time>2026-09-13T20:18:24Z</Time><Position><LatitudeDegrees>4.724755</LatitudeDegrees><LongitudeDegrees>-74.045944</LongitudeDegrees></Position><AltitudeMeters>2561.1</AltitudeMeters><HeartRateBpm><Value>97</Value></HeartRateBpm><Cadence>58</Cadence></Trackpoint><Trackpoint><Time>2026-09-13T20:18:25Z</Time><Position><LatitudeDegrees>4.724742</LatitudeDegrees><LongitudeDegrees>-74.045944</LongitudeDegrees></Position><HeartRateBpm><Value>97</Value></HeartRateBpm><Cadence>57</Cadence></Trackpoint><Trackpoint><Time>2026-09-13T20:18:26Z</Time><Position><LatitudeDegrees>4.724727</LatitudeDegrees><LongitudeDegrees>-74.045944</LongitudeDegrees></Position><HeartRateBpm><Value>97</Value></HeartRateBpm><Cadence>57</Cadence></Trackpoint><Trackpoint><Time>2026-09-13T20:18:27Z</Time><Position><LatitudeDegrees>4.724717</LatitudeDegrees><LongitudeDegrees>-74.045944</LongitudeDegrees></Position><HeartRateBpm><Value>97</Value></HeartRateBpm><Cadence>57</Cadence></Trackpoint><Trackpoint><Time>2026-09-13T20:18:28Z</Time><Position><LatitudeDegrees>4.724707</LatitudeDegrees><LongitudeDegrees>-74.045944</LongitudeDegrees></Position><HeartRateBpm><Value>97</Value></HeartRateBpm><Cadence>57</Cadence></Trackpoint><Trackpoint><Time>2026-09-13T20:18:29Z</Time><Position><LatitudeDegrees>4.724698</LatitudeDegrees><LongitudeDegrees>-74.045944</LongitudeDegrees></Position><AltitudeMeters>2561.1</AltitudeMeters><HeartRateBpm><Value>97</Value></HeartRateBpm><Cadence>57</Cadence></Trackpoint><Trackpoint><Time>2026-09-13T20:18:30Z</Time><Position><LatitudeDegrees>4.724682</LatitudeDegrees><LongitudeDegrees>-74.045944</LongitudeDegrees></Position><HeartRateBpm><Value>97</Value></HeartRateBpm><Cadence>57</Cadence></Trackpoint><Trackpoint><Time>2026-09-13T20:18:31Z</Time><Position><LatitudeDegrees>4.724676</LatitudeDegrees><LongitudeDegrees>-74.045944</LongitudeDegrees></Position><HeartRateBpm><Value>97</Value></HeartRateBpm><Cadence>56</Cadence></Trackpoint><Trackpoint><Time>2026-09-13T20:18:32Z</Time><Position><LatitudeDegrees>4.724662</LatitudeDegrees><LongitudeDegrees>-74.045944</LongitudeDegrees></Position><HeartRateBpm><Value>97</Value></HeartRateBpm><Cadence>56</Cadence></Trackpoint><Trackpoint><Time>2026-09-13T20:18:33Z</Time><Position><LatitudeDegrees>4.724654</LatitudeDegrees><LongitudeDegrees>-74.04595</LongitudeDegrees></Position><HeartRateBpm><Value>97</Value></HeartRateBpm><Cadence>56</Cadence></Trackpoint><Trackpoint><Time>2026-09-13T20:18:34Z</Time><Position><LatitudeDegrees>4.72464</LatitudeDegrees><LongitudeDegrees>-74.045944</LongitudeDegrees></Position><AltitudeMeters>2561.2</AltitudeMeters><HeartRateBpm><Value>98</Value></HeartRateBpm><Cadence>56</Cadence></Trackpoint><Trackpoint><Time>2026-09-13T20:18:35Z</Time><Position><LatitudeDegrees>4.724632</LatitudeDegrees><LongitudeDegrees>-74.04595</LongitudeDegrees></Position><HeartRateBpm><Value>97</Value></HeartRateBpm><Cadence>56</Cadence></Trackpoint><Trackpoint><Time>2026-09-13T20:18:36Z</Time><Position><LatitudeDegrees>4.724622</LatitudeDegrees><LongitudeDegrees>-74.04595</LongitudeDegrees></Position><HeartRateBpm><Value>97</Value></HeartRateBpm><Cadence>56</Cadence></Trackpoint><Trackpoint><Time>2026-09-13T20:18:37Z</Time><Position><LatitudeDegrees>4.724612</LatitudeDegrees><LongitudeDegrees>-74.04596</LongitudeDegrees></Position><HeartRateBpm><Value>96</Value></HeartRateBpm><Cadence>56</Cadence></Trackpoint><Trackpoint><Time>2026-09-13T20:18:38Z</Time><Position><LatitudeDegrees>4.724595</LatitudeDegrees><LongitudeDegrees>-74.04595</LongitudeDegrees></Position><HeartRateBpm><Value>96</Value></HeartRateBpm><Cadence>56</Cadence></Trackpoint><Trackpoint><Time>2026-09-13T20:18:39Z</Time><Position><LatitudeDegrees>4.724578</LatitudeDegrees><LongitudeDegrees>-74.04595</LongitudeDegrees></Position><AltitudeMeters>2561.2</AltitudeMeters><HeartRateBpm><Value>96</Value></HeartRateBpm><Cadence>56</Cadence></Trackpoint><Trackpoint><Time>2026-09-13T20:18:40Z</Time><Position><LatitudeDegrees>4.724561</LatitudeDegrees><LongitudeDegrees>-74.04595</LongitudeDegrees></Position><HeartRateBpm><Value>95</Value></HeartRateBpm><Cadence>57</Cadence></Trackpoint><Trackpoint><Time>2026-09-13T20:18:41Z</Time><Position><LatitudeDegrees>4.724548</LatitudeDegrees><LongitudeDegrees>-74.04595</LongitudeDegrees></Position><HeartRateBpm><Value>94</Value></HeartRateBpm><Cadence>58</Cadence></Trackpoint><Trackpoint><Time>2026-09-13T20:18:42Z</Time><Position><LatitudeDegrees>4.724534</LatitudeDegrees><LongitudeDegrees>-74.04595</LongitudeDegrees></Position><HeartRateBpm><Value>93</Value></HeartRateBpm><Cadence>58</Cadence></Trackpoint><Trackpoint><Time>2026-09-13T20:18:43Z</Time><Position><LatitudeDegrees>4.724518</LatitudeDegrees><LongitudeDegrees>-74.04595</LongitudeDegrees></Position><HeartRateBpm><Value>92</Value></HeartRateBpm><Cadence>59</Cadence></Trackpoint><Trackpoint><Time>2026-09-13T20:18:44Z</Time><Position><LatitudeDegrees>4.724504</LatitudeDegrees><LongitudeDegrees>-74.04595</LongitudeDegrees></Position><AltitudeMeters>2561.1</AltitudeMeters><HeartRateBpm><Value>92</Value></HeartRateBpm><Cadence>60</Cadence></Trackpoint><Trackpoint><Time>2026-09-13T20:18:45Z</Time><Position><LatitudeDegrees>4.72449</LatitudeDegrees><LongitudeDegrees>-74.04595</LongitudeDegrees></Position><HeartRateBpm><Value>92</Value></HeartRateBpm><Cadence>60</Cadence></Trackpoint><Trackpoint><Time>2026-09-13T20:18:46Z</Time><Position><LatitudeDegrees>4.724479</LatitudeDegrees><LongitudeDegrees>-74.04596</LongitudeDegrees></Position><HeartRateBpm><Value>92</Value></HeartRateBpm><Cadence>60</Cadence></Trackpoint><Trackpoint><Time>2026-09-13T20:18:47Z</Time><Position><LatitudeDegrees>4.724465</LatitudeDegrees><LongitudeDegrees>-74.04596</LongitudeDegrees></Position><HeartRateBpm><Value>92</Value></HeartRateBpm><Cadence>60</Cadence></Trackpoint><Trackpoint><Time>2026-09-13T20:18:48Z</Time><Position><LatitudeDegrees>4.724451</LatitudeDegrees><LongitudeDegrees>-74.04596</LongitudeDegrees></Position><HeartRateBpm><Value>92</Value></HeartRateBpm><Cadence>60</Cadence></Trackpoint><Trackpoint><Time>2026-09-13T20:18:49Z</Time><Position><LatitudeDegrees>4.724439</LatitudeDegrees><LongitudeDegrees>-74.04596</LongitudeDegrees></Position><AltitudeMeters>2561.1</AltitudeMeters><HeartRateBpm><Value>92</Value></HeartRateBpm><Cadence>60</Cadence></Trackpoint><Trackpoint><Time>2026-09-13T20:18:50Z</Time><Position><LatitudeDegrees>4.724426</LatitudeDegrees><LongitudeDegrees>-74.04596</LongitudeDegrees></Position><HeartRateBpm><Value>92</Value></HeartRateBpm><Cadence>59</Cadence></Trackpoint><Trackpoint><Time>2026-09-13T20:18:51Z</Time><Position><LatitudeDegrees>4.724414</LatitudeDegrees><LongitudeDegrees>-74.04596</LongitudeDegrees></Position><HeartRateBpm><Value>92</Value></HeartRateBpm><Cadence>59</Cadence></Trackpoint><Trackpoint><Time>2026-09-13T20:18:52Z</Time><Position><LatitudeDegrees>4.7244</LatitudeDegrees><LongitudeDegrees>-74.04597</LongitudeDegrees></Position><HeartRateBpm><Value>92</Value></HeartRateBpm><Cadence>59</Cadence></Trackpoint><Trackpoint><Time>2026-09-13T20:18:53Z</Time><Position><LatitudeDegrees>4.724389</LatitudeDegrees><LongitudeDegrees>-74.045975</LongitudeDegrees></Position><HeartRateBpm><Value>92</Value></HeartRateBpm><Cadence>59</Cadence></Trackpoint><Trackpoint><Time>2026-09-13T20:18:54Z</Time><Position><LatitudeDegrees>4.724374</LatitudeDegrees><LongitudeDegrees>-74.045975</LongitudeDegrees></Position><AltitudeMeters>2561.2</AltitudeMeters><HeartRateBpm><Value>92</Value></HeartRateBpm><Cadence>59</Cadence></Trackpoint><Trackpoint><Time>2026-09-13T20:18:55Z</Time><Position><LatitudeDegrees>4.724361</LatitudeDegrees><LongitudeDegrees>-74.045975</LongitudeDegrees></Position><HeartRateBpm><Value>92</Value></HeartRateBpm><Cadence>59</Cadence></Trackpoint><Trackpoint><Time>2026-09-13T20:18:56Z</Time><Position><LatitudeDegrees>4.72435</LatitudeDegrees><LongitudeDegrees>-74.045975</LongitudeDegrees></Position><HeartRateBpm><Value>92</Value></HeartRateBpm><Cadence>59</Cadence></Trackpoint><Trackpoint><Time>2026-09-13T20:18:57Z</Time><Position><LatitudeDegrees>4.72434</LatitudeDegrees><LongitudeDegrees>-74.045975</LongitudeDegrees></Position><HeartRateBpm><Value>92</Value></HeartRateBpm><Cadence>58</Cadence></Trackpoint><Trackpoint><Time>2026-09-13T20:18:58Z</Time><Position><LatitudeDegrees>4.724324</LatitudeDegrees><LongitudeDegrees>-74.04598</LongitudeDegrees></Position><HeartRateBpm><Value>92</Value></HeartRateBpm><Cadence>58</Cadence></Trackpoint><Trackpoint><Time>2026-09-13T20:18:59Z</Time><Position><LatitudeDegrees>4.724311</LatitudeDegrees><LongitudeDegrees>-74.04598</LongitudeDegrees></Position><AltitudeMeters>2561.3</AltitudeMeters><HeartRateBpm><Value>93</Value></HeartRateBpm><Cadence>58</Cadence></Trackpoint><Trackpoint><Time>2026-09-13T20:19:00Z</Time><Position><LatitudeDegrees>4.724306</LatitudeDegrees><LongitudeDegrees>-74.04598</LongitudeDegrees></Position><HeartRateBpm><Value>93</Value></HeartRateBpm><Cadence>58</Cadence></Trackpoint><Trackpoint><Time>2026-09-13T20:19:01Z</Time><Position><LatitudeDegrees>4.724302</LatitudeDegrees><LongitudeDegrees>-74.04598</LongitudeDegrees></Position><HeartRateBpm><Value>93</Value></HeartRateBpm><Cadence>58</Cadence></Trackpoint><Trackpoint><Time>2026-09-13T20:19:02Z</Time><Position><LatitudeDegrees>4.724296</LatitudeDegrees><LongitudeDegrees>-74.04598</LongitudeDegrees></Position><HeartRateBpm><Value>93</Value></HeartRateBpm><Cadence>58</Cadence></Trackpoint><Trackpoint><Time>2026-09-13T20:19:03Z</Time><Position><LatitudeDegrees>4.72429</LatitudeDegrees><LongitudeDegrees>-74.04598</LongitudeDegrees></Position><HeartRateBpm><Value>93</Value></HeartRateBpm><Cadence>58</Cadence></Trackpoint><Trackpoint><Time>2026-09-13T20:19:04Z</Time><Position><LatitudeDegrees>4.724284</LatitudeDegrees><LongitudeDegrees>-74.04598</LongitudeDegrees></Position><AltitudeMeters>2561.4</AltitudeMeters><HeartRateBpm><Value>93</Value></HeartRateBpm><Cadence>58</Cadence></Trackpoint><Trackpoint><Time>2026-09-13T20:19:05Z</Time><Position><LatitudeDegrees>4.724278</LatitudeDegrees><LongitudeDegrees>-74.04598</LongitudeDegrees></Position><HeartRateBpm><Value>93</Value></HeartRateBpm><Cadence>58</Cadence></Trackpoint><Trackpoint><Time>2026-09-13T20:19:06Z</Time><Position><LatitudeDegrees>4.724271</LatitudeDegrees><LongitudeDegrees>-74.04598</LongitudeDegrees></Position><HeartRateBpm><Value>93</Value></HeartRateBpm><Cadence>59</Cadence></Trackpoint><Trackpoint><Time>2026-09-13T20:19:07Z</Time><Position><LatitudeDegrees>4.724263</LatitudeDegrees><LongitudeDegrees>-74.04598</LongitudeDegrees></Position><HeartRateBpm><Value>93</Value></HeartRateBpm><Cadence>59</Cadence></Trackpoint><Trackpoint><Time>2026-09-13T20:19:08Z</Time><Position><LatitudeDegrees>4.724251</LatitudeDegrees><LongitudeDegrees>-74.04598</LongitudeDegrees></Position><HeartRateBpm><Value>93</Value></HeartRateBpm><Cadence>60</Cadence></Trackpoint><Trackpoint><Time>2026-09-13T20:19:09Z</Time><Position><LatitudeDegrees>4.724243</LatitudeDegrees><LongitudeDegrees>-74.04598</LongitudeDegrees></Position><AltitudeMeters>2561.3</AltitudeMeters><HeartRateBpm><Value>94</Value></HeartRateBpm><Cadence>60</Cadence></Trackpoint><Trackpoint><Time>2026-09-13T20:19:10Z</Time><Position><LatitudeDegrees>4.724238</LatitudeDegrees><LongitudeDegrees>-74.045975</LongitudeDegrees></Position><HeartRateBpm><Value>94</Value></HeartRateBpm><Cadence>59</Cadence></Trackpoint><Trackpoint><Time>2026-09-13T20:19:11Z</Time><Position><LatitudeDegrees>4.724231</LatitudeDegrees><LongitudeDegrees>-74.045975</LongitudeDegrees></Position><HeartRateBpm><Value>94</Value></HeartRateBpm><Cadence>58</Cadence></Trackpoint><Trackpoint><Time>2026-09-13T20:19:12Z</Time><Position><LatitudeDegrees>4.724206</LatitudeDegrees><LongitudeDegrees>-74.045975</LongitudeDegrees></Position><HeartRateBpm><Value>94</Value></HeartRateBpm><Cadence>58</Cadence></Trackpoint><Trackpoint><Time>2026-09-13T20:19:13Z</Time><Position><LatitudeDegrees>4.724187</LatitudeDegrees><LongitudeDegrees>-74.04598</LongitudeDegrees></Position><HeartRateBpm><Value>94</Value></HeartRateBpm><Cadence>57</Cadence></Trackpoint><Trackpoint><Time>2026-09-13T20:19:14Z</Time><Position><LatitudeDegrees>4.724165</LatitudeDegrees><LongitudeDegrees>-74.04598</LongitudeDegrees></Position><AltitudeMeters>2561.2</AltitudeMeters><HeartRateBpm><Value>94</Value></HeartRateBpm><Cadence>56</Cadence></Trackpoint><Trackpoint><Time>2026-09-13T20:19:15Z</Time><Position><LatitudeDegrees>4.724146</LatitudeDegrees><LongitudeDegrees>-74.04599</LongitudeDegrees></Position><HeartRateBpm><Value>93</Value></HeartRateBpm><Cadence>56</Cadence></Trackpoint><Trackpoint><Time>2026-09-13T20:19:16Z</Time><Position><LatitudeDegrees>4.724127</LatitudeDegrees><LongitudeDegrees>-74.04599</LongitudeDegrees></Position><HeartRateBpm><Value>92</Value></HeartRateBpm><Cadence>55</Cadence></Trackpoint><Trackpoint><Time>2026-09-13T20:19:17Z</Time><Position><LatitudeDegrees>4.724112</LatitudeDegrees><LongitudeDegrees>-74.04599</LongitudeDegrees></Position><HeartRateBpm><Value>92</Value></HeartRateBpm><Cadence>55</Cadence></Trackpoint><Trackpoint><Time>2026-09-13T20:19:18Z</Time><Position><LatitudeDegrees>4.724091</LatitudeDegrees><LongitudeDegrees>-74.046</LongitudeDegrees></Position><HeartRateBpm><Value>91</Value></HeartRateBpm><Cadence>54</Cadence></Trackpoint><Trackpoint><Time>2026-09-13T20:19:19Z</Time><Position><LatitudeDegrees>4.724074</LatitudeDegrees><LongitudeDegrees>-74.046</LongitudeDegrees></Position><AltitudeMeters>2561.2</AltitudeMeters><HeartRateBpm><Value>91</Value></HeartRateBpm><Cadence>54</Cadence></Trackpoint><Trackpoint><Time>2026-09-13T20:19:20Z</Time><Position><LatitudeDegrees>4.724058</LatitudeDegrees><LongitudeDegrees>-74.046005</LongitudeDegrees></Position><HeartRateBpm><Value>90</Value></HeartRateBpm><Cadence>54</Cadence></Trackpoint><Trackpoint><Time>2026-09-13T20:19:21Z</Time><Position><LatitudeDegrees>4.724044</LatitudeDegrees><LongitudeDegrees>-74.046005</LongitudeDegrees></Position><HeartRateBpm><Value>90</Value></HeartRateBpm><Cadence>53</Cadence></Trackpoint><Trackpoint><Time>2026-09-13T20:19:22Z</Time><Position><LatitudeDegrees>4.72403</LatitudeDegrees><LongitudeDegrees>-74.04601</LongitudeDegrees></Position><HeartRateBpm><Value>90</Value></HeartRateBpm><Cadence>53</Cadence></Trackpoint><Trackpoint><Time>2026-09-13T20:19:23Z</Time><Position><LatitudeDegrees>4.724019</LatitudeDegrees><LongitudeDegrees>-74.04601</LongitudeDegrees></Position><HeartRateBpm><Value>90</Value></HeartRateBpm><Cadence>52</Cadence></Trackpoint><Trackpoint><Time>2026-09-13T20:19:24Z</Time><Position><LatitudeDegrees>4.724007</LatitudeDegrees><LongitudeDegrees>-74.04602</LongitudeDegrees></Position><AltitudeMeters>2561.1</AltitudeMeters><HeartRateBpm><Value>90</Value></HeartRateBpm><Cadence>52</Cadence></Trackpoint><Trackpoint><Time>2026-09-13T20:19:25Z</Time><Position><LatitudeDegrees>4.723995</LatitudeDegrees><LongitudeDegrees>-74.04602</LongitudeDegrees></Position><HeartRateBpm><Value>90</Value></HeartRateBpm><Cadence>53</Cadence></Trackpoint><Trackpoint><Time>2026-09-13T20:19:26Z</Time><Position><LatitudeDegrees>4.723981</LatitudeDegrees><LongitudeDegrees>-74.04603</LongitudeDegrees></Position><HeartRateBpm><Value>90</Value></HeartRateBpm><Cadence>53</Cadence></Trackpoint><Trackpoint><Time>2026-09-13T20:19:27Z</Time><Position><LatitudeDegrees>4.723967</LatitudeDegrees><LongitudeDegrees>-74.04603</LongitudeDegrees></Position><HeartRateBpm><Value>91</Value></HeartRateBpm><Cadence>54</Cadence></Trackpoint><Trackpoint><Time>2026-09-13T20:19:28Z</Time><Position><LatitudeDegrees>4.723956</LatitudeDegrees><LongitudeDegrees>-74.04603</LongitudeDegrees></Position><HeartRateBpm><Value>91</Value></HeartRateBpm><Cadence>54</Cadence></Trackpoint><Trackpoint><Time>2026-09-13T20:19:29Z</Time><Position><LatitudeDegrees>4.723942</LatitudeDegrees><LongitudeDegrees>-74.04602</LongitudeDegrees></Position><AltitudeMeters>2561.0</AltitudeMeters><HeartRateBpm><Value>92</Value></HeartRateBpm><Cadence>55</Cadence></Trackpoint><Trackpoint><Time>2026-09-13T20:19:30Z</Time><Position><LatitudeDegrees>4.723931</LatitudeDegrees><LongitudeDegrees>-74.04603</LongitudeDegrees></Position><HeartRateBpm><Value>92</Value></HeartRateBpm><Cadence>55</Cadence></Trackpoint><Trackpoint><Time>2026-09-13T20:19:31Z</Time><Position><LatitudeDegrees>4.72392</LatitudeDegrees><LongitudeDegrees>-74.046036</LongitudeDegrees></Position><HeartRateBpm><Value>92</Value></HeartRateBpm><Cadence>55</Cadence></Trackpoint><Trackpoint><Time>2026-09-13T20:19:32Z</Time><Position><LatitudeDegrees>4.72391</LatitudeDegrees><LongitudeDegrees>-74.046036</LongitudeDegrees></Position><HeartRateBpm><Value>92</Value></HeartRateBpm><Cadence>55</Cadence></Trackpoint><Trackpoint><Time>2026-09-13T20:19:33Z</Time><Position><LatitudeDegrees>4.7239</LatitudeDegrees><LongitudeDegrees>-74.046036</LongitudeDegrees></Position><HeartRateBpm><Value>92</Value></HeartRateBpm><Cadence>55</Cadence></Trackpoint><Trackpoint><Time>2026-09-13T20:19:34Z</Time><Position><LatitudeDegrees>4.72389</LatitudeDegrees><LongitudeDegrees>-74.046036</LongitudeDegrees></Position><AltitudeMeters>2560.9</AltitudeMeters><HeartRateBpm><Value>93</Value></HeartRateBpm><Cadence>56</Cadence></Trackpoint><Trackpoint><Time>2026-09-13T20:19:35Z</Time><Position><LatitudeDegrees>4.723878</LatitudeDegrees><LongitudeDegrees>-74.046036</LongitudeDegrees></Position><HeartRateBpm><Value>93</Value></HeartRateBpm><Cadence>56</Cadence></Trackpoint><Trackpoint><Time>2026-09-13T20:19:36Z</Time><Position><LatitudeDegrees>4.723868</LatitudeDegrees><LongitudeDegrees>-74.046036</LongitudeDegrees></Position><HeartRateBpm><Value>93</Value></HeartRateBpm><Cadence>56</Cadence></Trackpoint><Trackpoint><Time>2026-09-13T20:19:37Z</Time><Position><LatitudeDegrees>4.723859</LatitudeDegrees><LongitudeDegrees>-74.046036</LongitudeDegrees></Position><HeartRateBpm><Value>94</Value></HeartRateBpm><Cadence>56</Cadence></Trackpoint><Trackpoint><Time>2026-09-13T20:19:38Z</Time><Position><LatitudeDegrees>4.723846</LatitudeDegrees><LongitudeDegrees>-74.046036</LongitudeDegrees></Position><HeartRateBpm><Value>94</Value></HeartRateBpm><Cadence>56</Cadence></Trackpoint><Trackpoint><Time>2026-09-13T20:19:39Z</Time><Position><LatitudeDegrees>4.723835</LatitudeDegrees><LongitudeDegrees>-74.046036</LongitudeDegrees></Position><AltitudeMeters>2560.9</AltitudeMeters><HeartRateBpm><Value>95</Value></HeartRateBpm><Cadence>56</Cadence></Trackpoint><Trackpoint><Time>2026-09-13T20:19:40Z</Time><Position><LatitudeDegrees>4.723822</LatitudeDegrees><LongitudeDegrees>-74.046036</LongitudeDegrees></Position><HeartRateBpm><Value>95</Value></HeartRateBpm><Cadence>56</Cadence></Trackpoint><Trackpoint><Time>2026-09-13T20:19:41Z</Time><Position><LatitudeDegrees>4.72381</LatitudeDegrees><LongitudeDegrees>-74.046036</LongitudeDegrees></Position><HeartRateBpm><Value>95</Value></HeartRateBpm><Cadence>56</Cadence></Trackpoint><Trackpoint><Time>2026-09-13T20:19:42Z</Time><Position><LatitudeDegrees>4.723801</LatitudeDegrees><LongitudeDegrees>-74.04605</LongitudeDegrees></Position><HeartRateBpm><Value>95</Value></HeartRateBpm><Cadence>57</Cadence></Trackpoint><Trackpoint><Time>2026-09-13T20:19:43Z</Time><Position><LatitudeDegrees>4.723787</LatitudeDegrees><LongitudeDegrees>-74.04605</LongitudeDegrees></Position><HeartRateBpm><Value>95</Value></HeartRateBpm><Cadence>57</Cadence></Trackpoint><Trackpoint><Time>2026-09-13T20:19:44Z</Time><Position><LatitudeDegrees>4.72377</LatitudeDegrees><LongitudeDegrees>-74.04604</LongitudeDegrees></Position><AltitudeMeters>2561.0</AltitudeMeters><HeartRateBpm><Value>95</Value></HeartRateBpm><Cadence>58</Cadence></Trackpoint><Trackpoint><Time>2026-09-13T20:19:45Z</Time><Position><LatitudeDegrees>4.723756</LatitudeDegrees><LongitudeDegrees>-74.04604</LongitudeDegrees></Position><HeartRateBpm><Value>94</Value></HeartRateBpm><Cadence>58</Cadence></Trackpoint><Trackpoint><Time>2026-09-13T20:19:46Z</Time><Position><LatitudeDegrees>4.723741</LatitudeDegrees><LongitudeDegrees>-74.04604</LongitudeDegrees></Position><HeartRateBpm><Value>94</Value></HeartRateBpm><Cadence>58</Cadence></Trackpoint><Trackpoint><Time>2026-09-13T20:19:47Z</Time><Position><LatitudeDegrees>4.723728</LatitudeDegrees><LongitudeDegrees>-74.04604</LongitudeDegrees></Position><HeartRateBpm><Value>94</Value></HeartRateBpm><Cadence>58</Cadence></Trackpoint><Trackpoint><Time>2026-09-13T20:19:48Z</Time><Position><LatitudeDegrees>4.723716</LatitudeDegrees><LongitudeDegrees>-74.04604</LongitudeDegrees></Position><HeartRateBpm><Value>94</Value></HeartRateBpm><Cadence>58</Cadence></Trackpoint><Trackpoint><Time>2026-09-13T20:19:49Z</Time><Position><LatitudeDegrees>4.723704</LatitudeDegrees><LongitudeDegrees>-74.04605</LongitudeDegrees></Position><AltitudeMeters>2561.1</AltitudeMeters><HeartRateBpm><Value>94</Value></HeartRateBpm><Cadence>58</Cadence></Trackpoint><Trackpoint><Time>2026-09-13T20:19:50Z</Time><Position><LatitudeDegrees>4.723692</LatitudeDegrees><LongitudeDegrees>-74.04605</LongitudeDegrees></Position><HeartRateBpm><Value>94</Value></HeartRateBpm><Cadence>58</Cadence></Trackpoint><Trackpoint><Time>2026-09-13T20:19:51Z</Time><Position><LatitudeDegrees>4.723683</LatitudeDegrees><LongitudeDegrees>-74.04606</LongitudeDegrees></Position><HeartRateBpm><Value>94</Value></HeartRateBpm><Cadence>58</Cadence></Trackpoint><Trackpoint><Time>2026-09-13T20:19:52Z</Time><Position><LatitudeDegrees>4.723673</LatitudeDegrees><LongitudeDegrees>-74.04605</LongitudeDegrees></Position><HeartRateBpm><Value>94</Value></HeartRateBpm><Cadence>58</Cadence></Trackpoint><Trackpoint><Time>2026-09-13T20:19:53Z</Time><Position><LatitudeDegrees>4.723656</LatitudeDegrees><LongitudeDegrees>-74.04606</LongitudeDegrees></Position><HeartRateBpm><Value>94</Value></HeartRateBpm><Cadence>58</Cadence></Trackpoint><Trackpoint><Time>2026-09-13T20:19:54Z</Time><Position><LatitudeDegrees>4.72364</LatitudeDegrees><LongitudeDegrees>-74.04606</LongitudeDegrees></Position><AltitudeMeters>2561.1</AltitudeMeters><HeartRateBpm><Value>95</Value></HeartRateBpm><Cadence>59</Cadence></Trackpoint><Trackpoint><Time>2026-09-13T20:19:55Z</Time><Position><LatitudeDegrees>4.723627</LatitudeDegrees><LongitudeDegrees>-74.04607</LongitudeDegrees></Position><HeartRateBpm><Value>95</Value></HeartRateBpm><Cadence>58</Cadence></Trackpoint><Trackpoint><Time>2026-09-13T20:19:56Z</Time><Position><LatitudeDegrees>4.723615</LatitudeDegrees><LongitudeDegrees>-74.04607</LongitudeDegrees></Position><HeartRateBpm><Value>95</Value></HeartRateBpm><Cadence>58</Cadence></Trackpoint><Trackpoint><Time>2026-09-13T20:19:57Z</Time><Position><LatitudeDegrees>4.723603</LatitudeDegrees><LongitudeDegrees>-74.04607</LongitudeDegrees></Position><HeartRateBpm><Value>95</Value></HeartRateBpm><Cadence>58</Cadence></Trackpoint><Trackpoint><Time>2026-09-13T20:19:58Z</Time><Position><LatitudeDegrees>4.723592</LatitudeDegrees><LongitudeDegrees>-74.04607</LongitudeDegrees></Position><HeartRateBpm><Value>95</Value></HeartRateBpm><Cadence>58</Cadence></Trackpoint><Trackpoint><Time>2026-09-13T20:19:59Z</Time><Position><LatitudeDegrees>4.72358</LatitudeDegrees><LongitudeDegrees>-74.04606</LongitudeDegrees></Position><AltitudeMeters>2561.1</AltitudeMeters><HeartRateBpm><Value>95</Value></HeartRateBpm><Cadence>58</Cadence></Trackpoint><Trackpoint><Time>2026-09-13T20:20:00Z</Time><Position><LatitudeDegrees>4.723568</LatitudeDegrees><LongitudeDegrees>-74.04606</LongitudeDegrees></Position><HeartRateBpm><Value>95</Value></HeartRateBpm><Cadence>58</Cadence></Trackpoint><Trackpoint><Time>2026-09-13T20:20:01Z</Time><Position><LatitudeDegrees>4.723552</LatitudeDegrees><LongitudeDegrees>-74.04607</LongitudeDegrees></Position><HeartRateBpm><Value>95</Value></HeartRateBpm><Cadence>58</Cadence></Trackpoint><Trackpoint><Time>2026-09-13T20:20:02Z</Time><Position><LatitudeDegrees>4.723541</LatitudeDegrees><LongitudeDegrees>-74.04607</LongitudeDegrees></Position><HeartRateBpm><Value>95</Value></HeartRateBpm><Cadence>58</Cadence></Trackpoint><Trackpoint><Time>2026-09-13T20:20:03Z</Time><Position><LatitudeDegrees>4.723527</LatitudeDegrees><LongitudeDegrees>-74.04607</LongitudeDegrees></Position><HeartRateBpm><Value>95</Value></HeartRateBpm><Cadence>58</Cadence></Trackpoint><Trackpoint><Time>2026-09-13T20:20:04Z</Time><Position><LatitudeDegrees>4.723515</LatitudeDegrees><LongitudeDegrees>-74.046074</LongitudeDegrees></Position><AltitudeMeters>2561.1</AltitudeMeters><HeartRateBpm><Value>95</Value></HeartRateBpm><Cadence>59</Cadence></Trackpoint><Trackpoint><Time>2026-09-13T20:20:05Z</Time><Position><LatitudeDegrees>4.723505</LatitudeDegrees><LongitudeDegrees>-74.046074</LongitudeDegrees></Position><HeartRateBpm><Value>94</Value></HeartRateBpm><Cadence>59</Cadence></Trackpoint><Trackpoint><Time>2026-09-13T20:20:06Z</Time><Position><LatitudeDegrees>4.723491</LatitudeDegrees><LongitudeDegrees>-74.046074</LongitudeDegrees></Position><HeartRateBpm><Value>94</Value></HeartRateBpm><Cadence>59</Cadence></Trackpoint><Trackpoint><Time>2026-09-13T20:20:07Z</Time><Position><LatitudeDegrees>4.723479</LatitudeDegrees><LongitudeDegrees>-74.046074</LongitudeDegrees></Position><HeartRateBpm><Value>94</Value></HeartRateBpm><Cadence>59</Cadence></Trackpoint><Trackpoint><Time>2026-09-13T20:20:08Z</Time><Position><LatitudeDegrees>4.723467</LatitudeDegrees><LongitudeDegrees>-74.046074</LongitudeDegrees></Position><HeartRateBpm><Value>94</Value></HeartRateBpm><Cadence>59</Cadence></Trackpoint><Trackpoint><Time>2026-09-13T20:20:09Z</Time><Position><LatitudeDegrees>4.723455</LatitudeDegrees><LongitudeDegrees>-74.046074</LongitudeDegrees></Position><AltitudeMeters>2561.1</AltitudeMeters><HeartRateBpm><Value>94</Value></HeartRateBpm><Cadence>59</Cadence></Trackpoint><Trackpoint><Time>2026-09-13T20:20:10Z</Time><Position><LatitudeDegrees>4.723443</LatitudeDegrees><LongitudeDegrees>-74.04607</LongitudeDegrees></Position><HeartRateBpm><Value>94</Value></HeartRateBpm><Cadence>58</Cadence></Trackpoint><Trackpoint><Time>2026-09-13T20:20:11Z</Time><Position><LatitudeDegrees>4.723429</LatitudeDegrees><LongitudeDegrees>-74.046074</LongitudeDegrees></Position><HeartRateBpm><Value>94</Value></HeartRateBpm><Cadence>58</Cadence></Trackpoint><Trackpoint><Time>2026-09-13T20:20:12Z</Time><Position><LatitudeDegrees>4.723419</LatitudeDegrees><LongitudeDegrees>-74.046074</LongitudeDegrees></Position><HeartRateBpm><Value>94</Value></HeartRateBpm><Cadence>57</Cadence></Trackpoint><Trackpoint><Time>2026-09-13T20:20:13Z</Time><Position><LatitudeDegrees>4.723403</LatitudeDegrees><LongitudeDegrees>-74.046074</LongitudeDegrees></Position><HeartRateBpm><Value>94</Value></HeartRateBpm><Cadence>57</Cadence></Trackpoint><Trackpoint><Time>2026-09-13T20:20:14Z</Time><Position><LatitudeDegrees>4.723398</LatitudeDegrees><LongitudeDegrees>-74.04607</LongitudeDegrees></Position><AltitudeMeters>2561.0</AltitudeMeters><HeartRateBpm><Value>95</Value></HeartRateBpm><Cadence>56</Cadence></Trackpoint><Trackpoint><Time>2026-09-13T20:20:15Z</Time><Position><LatitudeDegrees>4.7234</LatitudeDegrees><LongitudeDegrees>-74.04607</LongitudeDegrees></Position><HeartRateBpm><Value>95</Value></HeartRateBpm><Cadence>55</Cadence></Trackpoint><Trackpoint><Time>2026-09-13T20:20:16Z</Time><Position><LatitudeDegrees>4.723398</LatitudeDegrees><LongitudeDegrees>-74.04607</LongitudeDegrees></Position><HeartRateBpm><Value>95</Value></HeartRateBpm><Cadence>54</Cadence></Trackpoint><Trackpoint><Time>2026-09-13T20:20:17Z</Time><Position><LatitudeDegrees>4.723398</LatitudeDegrees><LongitudeDegrees>-74.04607</LongitudeDegrees></Position><HeartRateBpm><Value>95</Value></HeartRateBpm><Cadence>52</Cadence></Trackpoint><Trackpoint><Time>2026-09-13T20:20:18Z</Time><Position><LatitudeDegrees>4.723398</LatitudeDegrees><LongitudeDegrees>-74.04607</LongitudeDegrees></Position><HeartRateBpm><Value>95</Value></HeartRateBpm><Cadence>51</Cadence></Trackpoint><Trackpoint><Time>2026-09-13T20:20:19Z</Time><Position><LatitudeDegrees>4.723398</LatitudeDegrees><LongitudeDegrees>-74.04607</LongitudeDegrees></Position><AltitudeMeters>2561.1</AltitudeMeters><HeartRateBpm><Value>96</Value></HeartRateBpm><Cadence>50</Cadence></Trackpoint><Trackpoint><Time>2026-09-13T20:20:20Z</Time><Position><LatitudeDegrees>4.723398</LatitudeDegrees><LongitudeDegrees>-74.04607</LongitudeDegrees></Position><HeartRateBpm><Value>94</Value></HeartRateBpm><Cadence>51</Cadence></Trackpoint><Trackpoint><Time>2026-09-13T20:20:21Z</Time><Position><LatitudeDegrees>4.723398</LatitudeDegrees><LongitudeDegrees>-74.04607</LongitudeDegrees></Position><HeartRateBpm><Value>92</Value></HeartRateBpm><Cadence>51</Cadence></Trackpoint><Trackpoint><Time>2026-09-13T20:20:22Z</Time><Position><LatitudeDegrees>4.723398</LatitudeDegrees><LongitudeDegrees>-74.04607</LongitudeDegrees></Position><HeartRateBpm><Value>90</Value></HeartRateBpm><Cadence>52</Cadence></Trackpoint><Trackpoint><Time>2026-09-13T20:20:23Z</Time><Position><LatitudeDegrees>4.723398</LatitudeDegrees><LongitudeDegrees>-74.04607</LongitudeDegrees></Position><HeartRateBpm><Value>88</Value></HeartRateBpm><Cadence>53</Cadence></Trackpoint><Trackpoint><Time>2026-09-13T20:20:24Z</Time><Position><LatitudeDegrees>4.723398</LatitudeDegrees><LongitudeDegrees>-74.04607</LongitudeDegrees></Position><AltitudeMeters>2561.3</AltitudeMeters><HeartRateBpm><Value>87</Value></HeartRateBpm><Cadence>53</Cadence></Trackpoint><Trackpoint><Time>2026-09-13T20:20:25Z</Time><Position><LatitudeDegrees>4.723398</LatitudeDegrees><LongitudeDegrees>-74.04607</LongitudeDegrees></Position><HeartRateBpm><Value>86</Value></HeartRateBpm><Cadence>54</Cadence></Trackpoint><Trackpoint><Time>2026-09-13T20:20:26Z</Time><Position><LatitudeDegrees>4.723389</LatitudeDegrees><LongitudeDegrees>-74.04607</LongitudeDegrees></Position><HeartRateBpm><Value>86</Value></HeartRateBpm><Cadence>55</Cadence></Trackpoint><Trackpoint><Time>2026-09-13T20:20:27Z</Time><Position><LatitudeDegrees>4.723374</LatitudeDegrees><LongitudeDegrees>-74.04607</LongitudeDegrees></Position><HeartRateBpm><Value>85</Value></HeartRateBpm><Cadence>55</Cadence></Trackpoint><Trackpoint><Time>2026-09-13T20:20:28Z</Time><Position><LatitudeDegrees>4.723361</LatitudeDegrees><LongitudeDegrees>-74.046074</LongitudeDegrees></Position><HeartRateBpm><Value>85</Value></HeartRateBpm><Cadence>56</Cadence></Trackpoint><Trackpoint><Time>2026-09-13T20:20:29Z</Time><Position><LatitudeDegrees>4.723347</LatitudeDegrees><LongitudeDegrees>-74.046074</LongitudeDegrees></Position><AltitudeMeters>2561.5</AltitudeMeters><HeartRateBpm><Value>85</Value></HeartRateBpm><Cadence>57</Cadence></Trackpoint><Trackpoint><Time>2026-09-13T20:20:30Z</Time><Position><LatitudeDegrees>4.723324</LatitudeDegrees><LongitudeDegrees>-74.04608</LongitudeDegrees></Position><HeartRateBpm><Value>85</Value></HeartRateBpm><Cadence>57</Cadence></Trackpoint><Trackpoint><Time>2026-09-13T20:20:31Z</Time><Position><LatitudeDegrees>4.723312</LatitudeDegrees><LongitudeDegrees>-74.04608</LongitudeDegrees></Position><HeartRateBpm><Value>85</Value></HeartRateBpm><Cadence>58</Cadence></Trackpoint><Trackpoint><Time>2026-09-13T20:20:32Z</Time><Position><LatitudeDegrees>4.7233</LatitudeDegrees><LongitudeDegrees>-74.04609</LongitudeDegrees></Position><HeartRateBpm><Value>86</Value></HeartRateBpm><Cadence>59</Cadence></Trackpoint><Trackpoint><Time>2026-09-13T20:20:33Z</Time><Position><LatitudeDegrees>4.723286</LatitudeDegrees><LongitudeDegrees>-74.0461</LongitudeDegrees></Position><HeartRateBpm><Value>86</Value></HeartRateBpm><Cadence>59</Cadence></Trackpoint><Trackpoint><Time>2026-09-13T20:20:34Z</Time><Position><LatitudeDegrees>4.723276</LatitudeDegrees><LongitudeDegrees>-74.046104</LongitudeDegrees></Position><AltitudeMeters>2561.4</AltitudeMeters><HeartRateBpm><Value>87</Value></HeartRateBpm><Cadence>60</Cadence></Trackpoint><Trackpoint><Time>2026-09-13T20:20:35Z</Time><Position><LatitudeDegrees>4.723263</LatitudeDegrees><LongitudeDegrees>-74.04611</LongitudeDegrees></Position><HeartRateBpm><Value>87</Value></HeartRateBpm><Cadence>60</Cadence></Trackpoint><Trackpoint><Time>2026-09-13T20:20:36Z</Time><Position><LatitudeDegrees>4.723259</LatitudeDegrees><LongitudeDegrees>-74.04611</LongitudeDegrees></Position><HeartRateBpm><Value>88</Value></HeartRateBpm><Cadence>60</Cadence></Trackpoint><Trackpoint><Time>2026-09-13T20:20:37Z</Time><Position><LatitudeDegrees>4.723257</LatitudeDegrees><LongitudeDegrees>-74.04612</LongitudeDegrees></Position><HeartRateBpm><Value>88</Value></HeartRateBpm><Cadence>60</Cadence></Trackpoint><Trackpoint><Time>2026-09-13T20:20:38Z</Time><Position><LatitudeDegrees>4.723253</LatitudeDegrees><LongitudeDegrees>-74.04612</LongitudeDegrees></Position><HeartRateBpm><Value>89</Value></HeartRateBpm><Cadence>60</Cadence></Trackpoint><Trackpoint><Time>2026-09-13T20:20:39Z</Time><Position><LatitudeDegrees>4.723239</LatitudeDegrees><LongitudeDegrees>-74.04613</LongitudeDegrees></Position><AltitudeMeters>2561.2</AltitudeMeters><HeartRateBpm><Value>90</Value></HeartRateBpm><Cadence>60</Cadence></Trackpoint><Trackpoint><Time>2026-09-13T20:20:40Z</Time><Position><LatitudeDegrees>4.723231</LatitudeDegrees><LongitudeDegrees>-74.04613</LongitudeDegrees></Position><HeartRateBpm><Value>90</Value></HeartRateBpm><Cadence>60</Cadence></Trackpoint><Trackpoint><Time>2026-09-13T20:20:41Z</Time><Position><LatitudeDegrees>4.723221</LatitudeDegrees><LongitudeDegrees>-74.04613</LongitudeDegrees></Position><HeartRateBpm><Value>90</Value></HeartRateBpm><Cadence>60</Cadence></Trackpoint><Trackpoint><Time>2026-09-13T20:20:42Z</Time><Position><LatitudeDegrees>4.723205</LatitudeDegrees><LongitudeDegrees>-74.046135</LongitudeDegrees></Position><HeartRateBpm><Value>90</Value></HeartRateBpm><Cadence>60</Cadence></Trackpoint><Trackpoint><Time>2026-09-13T20:20:43Z</Time><Position><LatitudeDegrees>4.723192</LatitudeDegrees><LongitudeDegrees>-74.046135</LongitudeDegrees></Position><HeartRateBpm><Value>90</Value></HeartRateBpm><Cadence>60</Cadence></Trackpoint><Trackpoint><Time>2026-09-13T20:20:44Z</Time><Position><LatitudeDegrees>4.723178</LatitudeDegrees><LongitudeDegrees>-74.04614</LongitudeDegrees></Position><AltitudeMeters>2561.2</AltitudeMeters><HeartRateBpm><Value>90</Value></HeartRateBpm><Cadence>60</Cadence></Trackpoint><Trackpoint><Time>2026-09-13T20:20:45Z</Time><Position><LatitudeDegrees>4.723165</LatitudeDegrees><LongitudeDegrees>-74.04614</LongitudeDegrees></Position><HeartRateBpm><Value>90</Value></HeartRateBpm><Cadence>60</Cadence></Trackpoint><Trackpoint><Time>2026-09-13T20:20:46Z</Time><Position><LatitudeDegrees>4.723149</LatitudeDegrees><LongitudeDegrees>-74.046135</LongitudeDegrees></Position><HeartRateBpm><Value>90</Value></HeartRateBpm><Cadence>59</Cadence></Trackpoint><Trackpoint><Time>2026-09-13T20:20:47Z</Time><Position><LatitudeDegrees>4.723144</LatitudeDegrees><LongitudeDegrees>-74.046135</LongitudeDegrees></Position><HeartRateBpm><Value>90</Value></HeartRateBpm><Cadence>59</Cadence></Trackpoint><Trackpoint><Time>2026-09-13T20:20:48Z</Time><Position><LatitudeDegrees>4.723127</LatitudeDegrees><LongitudeDegrees>-74.04614</LongitudeDegrees></Position><HeartRateBpm><Value>90</Value></HeartRateBpm><Cadence>58</Cadence></Trackpoint><Trackpoint><Time>2026-09-13T20:20:49Z</Time><Position><LatitudeDegrees>4.723114</LatitudeDegrees><LongitudeDegrees>-74.04615</LongitudeDegrees></Position><AltitudeMeters>2561.1</AltitudeMeters><HeartRateBpm><Value>90</Value></HeartRateBpm><Cadence>58</Cadence></Trackpoint><Trackpoint><Time>2026-09-13T20:20:50Z</Time><Position><LatitudeDegrees>4.723102</LatitudeDegrees><LongitudeDegrees>-74.04615</LongitudeDegrees></Position><HeartRateBpm><Value>90</Value></HeartRateBpm><Cadence>57</Cadence></Trackpoint><Trackpoint><Time>2026-09-13T20:20:51Z</Time><Position><LatitudeDegrees>4.723097</LatitudeDegrees><LongitudeDegrees>-74.04615</LongitudeDegrees></Position><HeartRateBpm><Value>90</Value></HeartRateBpm><Cadence>56</Cadence></Trackpoint><Trackpoint><Time>2026-09-13T20:20:52Z</Time><Position><LatitudeDegrees>4.723082</LatitudeDegrees><LongitudeDegrees>-74.04615</LongitudeDegrees></Position><HeartRateBpm><Value>91</Value></HeartRateBpm><Cadence>55</Cadence></Trackpoint><Trackpoint><Time>2026-09-13T20:20:53Z</Time><Position><LatitudeDegrees>4.723068</LatitudeDegrees><LongitudeDegrees>-74.04615</LongitudeDegrees></Position><HeartRateBpm><Value>91</Value></HeartRateBpm><Cadence>55</Cadence></Trackpoint><Trackpoint><Time>2026-09-13T20:20:54Z</Time><Position><LatitudeDegrees>4.723055</LatitudeDegrees><LongitudeDegrees>-74.04615</LongitudeDegrees></Position><AltitudeMeters>2561.1</AltitudeMeters><HeartRateBpm><Value>92</Value></HeartRateBpm><Cadence>54</Cadence></Trackpoint><Trackpoint><Time>2026-09-13T20:20:55Z</Time><Position><LatitudeDegrees>4.723045</LatitudeDegrees><LongitudeDegrees>-74.04615</LongitudeDegrees></Position><HeartRateBpm><Value>91</Value></HeartRateBpm><Cadence>55</Cadence></Trackpoint><Trackpoint><Time>2026-09-13T20:20:56Z</Time><Position><LatitudeDegrees>4.723032</LatitudeDegrees><LongitudeDegrees>-74.04615</LongitudeDegrees></Position><HeartRateBpm><Value>91</Value></HeartRateBpm><Cadence>55</Cadence></Trackpoint><Trackpoint><Time>2026-09-13T20:20:57Z</Time><Position><LatitudeDegrees>4.72302</LatitudeDegrees><LongitudeDegrees>-74.04616</LongitudeDegrees></Position><HeartRateBpm><Value>91</Value></HeartRateBpm><Cadence>56</Cadence></Trackpoint><Trackpoint><Time>2026-09-13T20:20:58Z</Time><Position><LatitudeDegrees>4.723009</LatitudeDegrees><LongitudeDegrees>-74.04616</LongitudeDegrees></Position><HeartRateBpm><Value>91</Value></HeartRateBpm><Cadence>56</Cadence></Trackpoint><Trackpoint><Time>2026-09-13T20:20:59Z</Time><Position><LatitudeDegrees>4.72299</LatitudeDegrees><LongitudeDegrees>-74.04616</LongitudeDegrees></Position><AltitudeMeters>2561.3</AltitudeMeters><HeartRateBpm><Value>91</Value></HeartRateBpm><Cadence>57</Cadence></Trackpoint><Trackpoint><Time>2026-09-13T20:21:00Z</Time><Position><LatitudeDegrees>4.722974</LatitudeDegrees><LongitudeDegrees>-74.046165</LongitudeDegrees></Position><HeartRateBpm><Value>91</Value></HeartRateBpm><Cadence>57</Cadence></Trackpoint><Trackpoint><Time>2026-09-13T20:21:01Z</Time><Position><LatitudeDegrees>4.722955</LatitudeDegrees><LongitudeDegrees>-74.046165</LongitudeDegrees></Position><HeartRateBpm><Value>91</Value></HeartRateBpm><Cadence>57</Cadence></Trackpoint><Trackpoint><Time>2026-09-13T20:21:02Z</Time><Position><LatitudeDegrees>4.722944</LatitudeDegrees><LongitudeDegrees>-74.046165</LongitudeDegrees></Position><HeartRateBpm><Value>91</Value></HeartRateBpm><Cadence>57</Cadence></Trackpoint><Trackpoint><Time>2026-09-13T20:21:03Z</Time><Position><LatitudeDegrees>4.722932</LatitudeDegrees><LongitudeDegrees>-74.046165</LongitudeDegrees></Position><HeartRateBpm><Value>91</Value></HeartRateBpm><Cadence>58</Cadence></Trackpoint><Trackpoint><Time>2026-09-13T20:21:04Z</Time><Position><LatitudeDegrees>4.722914</LatitudeDegrees><LongitudeDegrees>-74.04617</LongitudeDegrees></Position><AltitudeMeters>2561.4</AltitudeMeters><HeartRateBpm><Value>92</Value></HeartRateBpm><Cadence>58</Cadence></Trackpoint><Trackpoint><Time>2026-09-13T20:21:05Z</Time><Position><LatitudeDegrees>4.722905</LatitudeDegrees><LongitudeDegrees>-74.04618</LongitudeDegrees></Position><HeartRateBpm><Value>92</Value></HeartRateBpm><Cadence>58</Cadence></Trackpoint><Trackpoint><Time>2026-09-13T20:21:06Z</Time><Position><LatitudeDegrees>4.7229</LatitudeDegrees><LongitudeDegrees>-74.04618</LongitudeDegrees></Position><HeartRateBpm><Value>93</Value></HeartRateBpm><Cadence>59</Cadence></Trackpoint><Trackpoint><Time>2026-09-13T20:21:07Z</Time><Position><LatitudeDegrees>4.722889</LatitudeDegrees><LongitudeDegrees>-74.04619</LongitudeDegrees></Position><HeartRateBpm><Value>94</Value></HeartRateBpm><Cadence>59</Cadence></Trackpoint><Trackpoint><Time>2026-09-13T20:21:08Z</Time><Position><LatitudeDegrees>4.722878</LatitudeDegrees><LongitudeDegrees>-74.04619</LongitudeDegrees></Position><HeartRateBpm><Value>95</Value></HeartRateBpm><Cadence>59</Cadence></Trackpoint><Trackpoint><Time>2026-09-13T20:21:09Z</Time><Position><LatitudeDegrees>4.722865</LatitudeDegrees><LongitudeDegrees>-74.046196</LongitudeDegrees></Position><AltitudeMeters>2561.4</AltitudeMeters><HeartRateBpm><Value>96</Value></HeartRateBpm><Cadence>60</Cadence></Trackpoint><Trackpoint><Time>2026-09-13T20:21:10Z</Time><Position><LatitudeDegrees>4.722855</LatitudeDegrees><LongitudeDegrees>-74.0462</LongitudeDegrees></Position><HeartRateBpm><Value>95</Value></HeartRateBpm><Cadence>59</Cadence></Trackpoint><Trackpoint><Time>2026-09-13T20:21:11Z</Time><Position><LatitudeDegrees>4.722844</LatitudeDegrees><LongitudeDegrees>-74.0462</LongitudeDegrees></Position><HeartRateBpm><Value>95</Value></HeartRateBpm><Cadence>59</Cadence></Trackpoint><Trackpoint><Time>2026-09-13T20:21:12Z</Time><Position><LatitudeDegrees>4.722834</LatitudeDegrees><LongitudeDegrees>-74.0462</LongitudeDegrees></Position><HeartRateBpm><Value>94</Value></HeartRateBpm><Cadence>59</Cadence></Trackpoint><Trackpoint><Time>2026-09-13T20:21:13Z</Time><Position><LatitudeDegrees>4.722819</LatitudeDegrees><LongitudeDegrees>-74.04621</LongitudeDegrees></Position><HeartRateBpm><Value>94</Value></HeartRateBpm><Cadence>58</Cadence></Trackpoint><Trackpoint><Time>2026-09-13T20:21:14Z</Time><Position><LatitudeDegrees>4.722815</LatitudeDegrees><LongitudeDegrees>-74.04621</LongitudeDegrees></Position><AltitudeMeters>2561.3</AltitudeMeters><HeartRateBpm><Value>94</Value></HeartRateBpm><Cadence>58</Cadence></Trackpoint><Trackpoint><Time>2026-09-13T20:21:15Z</Time><Position><LatitudeDegrees>4.722806</LatitudeDegrees><LongitudeDegrees>-74.04621</LongitudeDegrees></Position><HeartRateBpm><Value>93</Value></HeartRateBpm><Cadence>57</Cadence></Trackpoint><Trackpoint><Time>2026-09-13T20:21:16Z</Time><Position><LatitudeDegrees>4.722797</LatitudeDegrees><LongitudeDegrees>-74.04622</LongitudeDegrees></Position><HeartRateBpm><Value>93</Value></HeartRateBpm><Cadence>57</Cadence></Trackpoint><Trackpoint><Time>2026-09-13T20:21:17Z</Time><Position><LatitudeDegrees>4.722784</LatitudeDegrees><LongitudeDegrees>-74.04622</LongitudeDegrees></Position><HeartRateBpm><Value>93</Value></HeartRateBpm><Cadence>56</Cadence></Trackpoint><Trackpoint><Time>2026-09-13T20:21:18Z</Time><Position><LatitudeDegrees>4.722772</LatitudeDegrees><LongitudeDegrees>-74.04623</LongitudeDegrees></Position><HeartRateBpm><Value>93</Value></HeartRateBpm><Cadence>56</Cadence></Trackpoint><Trackpoint><Time>2026-09-13T20:21:19Z</Time><Position><LatitudeDegrees>4.72276</LatitudeDegrees><LongitudeDegrees>-74.04623</LongitudeDegrees></Position><AltitudeMeters>2561.3</AltitudeMeters><HeartRateBpm><Value>93</Value></HeartRateBpm><Cadence>55</Cadence></Trackpoint><Trackpoint><Time>2026-09-13T20:21:20Z</Time><Position><LatitudeDegrees>4.722748</LatitudeDegrees><LongitudeDegrees>-74.04623</LongitudeDegrees></Position><HeartRateBpm><Value>92</Value></HeartRateBpm><Cadence>55</Cadence></Trackpoint><Trackpoint><Time>2026-09-13T20:21:21Z</Time><Position><LatitudeDegrees>4.722736</LatitudeDegrees><LongitudeDegrees>-74.04623</LongitudeDegrees></Position><HeartRateBpm><Value>91</Value></HeartRateBpm><Cadence>55</Cadence></Trackpoint><Trackpoint><Time>2026-09-13T20:21:22Z</Time><Position><LatitudeDegrees>4.722723</LatitudeDegrees><LongitudeDegrees>-74.04623</LongitudeDegrees></Position><HeartRateBpm><Value>91</Value></HeartRateBpm><Cadence>55</Cadence></Trackpoint><Trackpoint><Time>2026-09-13T20:21:23Z</Time><Position><LatitudeDegrees>4.722705</LatitudeDegrees><LongitudeDegrees>-74.04623</LongitudeDegrees></Position><HeartRateBpm><Value>90</Value></HeartRateBpm><Cadence>55</Cadence></Trackpoint><Trackpoint><Time>2026-09-13T20:21:24Z</Time><Position><LatitudeDegrees>4.722696</LatitudeDegrees><LongitudeDegrees>-74.04623</LongitudeDegrees></Position><AltitudeMeters>2561.3</AltitudeMeters><HeartRateBpm><Value>90</Value></HeartRateBpm><Cadence>56</Cadence></Trackpoint><Trackpoint><Time>2026-09-13T20:21:25Z</Time><Position><LatitudeDegrees>4.722685</LatitudeDegrees><LongitudeDegrees>-74.04623</LongitudeDegrees></Position><HeartRateBpm><Value>90</Value></HeartRateBpm><Cadence>56</Cadence></Trackpoint><Trackpoint><Time>2026-09-13T20:21:26Z</Time><Position><LatitudeDegrees>4.722671</LatitudeDegrees><LongitudeDegrees>-74.04623</LongitudeDegrees></Position><HeartRateBpm><Value>90</Value></HeartRateBpm><Cadence>56</Cadence></Trackpoint><Trackpoint><Time>2026-09-13T20:21:27Z</Time><Position><LatitudeDegrees>4.722654</LatitudeDegrees><LongitudeDegrees>-74.04623</LongitudeDegrees></Position><HeartRateBpm><Value>91</Value></HeartRateBpm><Cadence>56</Cadence></Trackpoint><Trackpoint><Time>2026-09-13T20:21:28Z</Time><Position><LatitudeDegrees>4.722637</LatitudeDegrees><LongitudeDegrees>-74.04623</LongitudeDegrees></Position><HeartRateBpm><Value>91</Value></HeartRateBpm><Cadence>56</Cadence></Trackpoint><Trackpoint><Time>2026-09-13T20:21:29Z</Time><Position><LatitudeDegrees>4.72262</LatitudeDegrees><LongitudeDegrees>-74.046234</LongitudeDegrees></Position><AltitudeMeters>2561.3</AltitudeMeters><HeartRateBpm><Value>92</Value></HeartRateBpm><Cadence>57</Cadence></Trackpoint><Trackpoint><Time>2026-09-13T20:21:30Z</Time><Position><LatitudeDegrees>4.722608</LatitudeDegrees><LongitudeDegrees>-74.046234</LongitudeDegrees></Position><HeartRateBpm><Value>91</Value></HeartRateBpm><Cadence>57</Cadence></Trackpoint><Trackpoint><Time>2026-09-13T20:21:31Z</Time><Position><LatitudeDegrees>4.722595</LatitudeDegrees><LongitudeDegrees>-74.046234</LongitudeDegrees></Position><HeartRateBpm><Value>91</Value></HeartRateBpm><Cadence>57</Cadence></Trackpoint><Trackpoint><Time>2026-09-13T20:21:32Z</Time><Position><LatitudeDegrees>4.722583</LatitudeDegrees><LongitudeDegrees>-74.046234</LongitudeDegrees></Position><HeartRateBpm><Value>91</Value></HeartRateBpm><Cadence>57</Cadence></Trackpoint><Trackpoint><Time>2026-09-13T20:21:33Z</Time><Position><LatitudeDegrees>4.722574</LatitudeDegrees><LongitudeDegrees>-74.046234</LongitudeDegrees></Position><HeartRateBpm><Value>91</Value></HeartRateBpm><Cadence>57</Cadence></Trackpoint><Trackpoint><Time>2026-09-13T20:21:34Z</Time><Position><LatitudeDegrees>4.722563</LatitudeDegrees><LongitudeDegrees>-74.04624</LongitudeDegrees></Position><AltitudeMeters>2561.3</AltitudeMeters><HeartRateBpm><Value>91</Value></HeartRateBpm><Cadence>57</Cadence></Trackpoint><Trackpoint><Time>2026-09-13T20:21:35Z</Time><Position><LatitudeDegrees>4.722548</LatitudeDegrees><LongitudeDegrees>-74.04624</LongitudeDegrees></Position><HeartRateBpm><Value>90</Value></HeartRateBpm><Cadence>57</Cadence></Trackpoint><Trackpoint><Time>2026-09-13T20:21:36Z</Time><Position><LatitudeDegrees>4.722541</LatitudeDegrees><LongitudeDegrees>-74.04624</LongitudeDegrees></Position><HeartRateBpm><Value>90</Value></HeartRateBpm><Cadence>57</Cadence></Trackpoint><Trackpoint><Time>2026-09-13T20:21:37Z</Time><Position><LatitudeDegrees>4.722533</LatitudeDegrees><LongitudeDegrees>-74.04624</LongitudeDegrees></Position><HeartRateBpm><Value>89</Value></HeartRateBpm><Cadence>57</Cadence></Trackpoint><Trackpoint><Time>2026-09-13T20:21:38Z</Time><Position><LatitudeDegrees>4.722521</LatitudeDegrees><LongitudeDegrees>-74.046234</LongitudeDegrees></Position><HeartRateBpm><Value>89</Value></HeartRateBpm><Cadence>57</Cadence></Trackpoint><Trackpoint><Time>2026-09-13T20:21:39Z</Time><Position><LatitudeDegrees>4.72251</LatitudeDegrees><LongitudeDegrees>-74.046234</LongitudeDegrees></Position><AltitudeMeters>2561.2</AltitudeMeters><HeartRateBpm><Value>89</Value></HeartRateBpm><Cadence>57</Cadence></Trackpoint><Trackpoint><Time>2026-09-13T20:21:40Z</Time><Position><LatitudeDegrees>4.7225</LatitudeDegrees><LongitudeDegrees>-74.046234</LongitudeDegrees></Position><HeartRateBpm><Value>89</Value></HeartRateBpm><Cadence>57</Cadence></Trackpoint><Trackpoint><Time>2026-09-13T20:21:41Z</Time><Position><LatitudeDegrees>4.722488</LatitudeDegrees><LongitudeDegrees>-74.046234</LongitudeDegrees></Position><HeartRateBpm><Value>89</Value></HeartRateBpm><Cadence>57</Cadence></Trackpoint><Trackpoint><Time>2026-09-13T20:21:42Z</Time><Position><LatitudeDegrees>4.722476</LatitudeDegrees><LongitudeDegrees>-74.046234</LongitudeDegrees></Position><HeartRateBpm><Value>89</Value></HeartRateBpm><Cadence>57</Cadence></Trackpoint><Trackpoint><Time>2026-09-13T20:21:43Z</Time><Position><LatitudeDegrees>4.722463</LatitudeDegrees><LongitudeDegrees>-74.04624</LongitudeDegrees></Position><HeartRateBpm><Value>89</Value></HeartRateBpm><Cadence>57</Cadence></Trackpoint><Trackpoint><Time>2026-09-13T20:21:44Z</Time><Position><LatitudeDegrees>4.722457</LatitudeDegrees><LongitudeDegrees>-74.04624</LongitudeDegrees></Position><AltitudeMeters>2561.2</AltitudeMeters><HeartRateBpm><Value>90</Value></HeartRateBpm><Cadence>58</Cadence></Trackpoint><Trackpoint><Time>2026-09-13T20:21:45Z</Time><Position><LatitudeDegrees>4.72245</LatitudeDegrees><LongitudeDegrees>-74.04625</LongitudeDegrees></Position><HeartRateBpm><Value>90</Value></HeartRateBpm><Cadence>57</Cadence></Trackpoint><Trackpoint><Time>2026-09-13T20:21:46Z</Time><Position><LatitudeDegrees>4.72244</LatitudeDegrees><LongitudeDegrees>-74.04625</LongitudeDegrees></Position><HeartRateBpm><Value>90</Value></HeartRateBpm><Cadence>57</Cadence></Trackpoint><Trackpoint><Time>2026-09-13T20:21:47Z</Time><Position><LatitudeDegrees>4.722432</LatitudeDegrees><LongitudeDegrees>-74.04625</LongitudeDegrees></Position><HeartRateBpm><Value>90</Value></HeartRateBpm><Cadence>56</Cadence></Trackpoint><Trackpoint><Time>2026-09-13T20:21:48Z</Time><Position><LatitudeDegrees>4.722429</LatitudeDegrees><LongitudeDegrees>-74.04625</LongitudeDegrees></Position><HeartRateBpm><Value>90</Value></HeartRateBpm><Cadence>56</Cadence></Trackpoint><Trackpoint><Time>2026-09-13T20:21:49Z</Time><Position><LatitudeDegrees>4.722424</LatitudeDegrees><LongitudeDegrees>-74.04623</LongitudeDegrees></Position><AltitudeMeters>2561.3</AltitudeMeters><HeartRateBpm><Value>91</Value></HeartRateBpm><Cadence>56</Cadence></Trackpoint><Trackpoint><Time>2026-09-13T20:21:50Z</Time><Position><LatitudeDegrees>4.722419</LatitudeDegrees><LongitudeDegrees>-74.0462</LongitudeDegrees></Position><HeartRateBpm><Value>91</Value></HeartRateBpm><Cadence>55</Cadence></Trackpoint><Trackpoint><Time>2026-09-13T20:21:51Z</Time><Position><LatitudeDegrees>4.722414</LatitudeDegrees><LongitudeDegrees>-74.04619</LongitudeDegrees></Position><HeartRateBpm><Value>91</Value></HeartRateBpm><Cadence>55</Cadence></Trackpoint><Trackpoint><Time>2026-09-13T20:21:52Z</Time><Position><LatitudeDegrees>4.722409</LatitudeDegrees><LongitudeDegrees>-74.046165</LongitudeDegrees></Position><HeartRateBpm><Value>91</Value></HeartRateBpm><Cadence>55</Cadence></Trackpoint><Trackpoint><Time>2026-09-13T20:21:53Z</Time><Position><LatitudeDegrees>4.722404</LatitudeDegrees><LongitudeDegrees>-74.04615</LongitudeDegrees></Position><HeartRateBpm><Value>91</Value></HeartRateBpm><Cadence>54</Cadence></Trackpoint><Trackpoint><Time>2026-09-13T20:21:54Z</Time><Position><LatitudeDegrees>4.722399</LatitudeDegrees><LongitudeDegrees>-74.04613</LongitudeDegrees></Position><AltitudeMeters>2561.3</AltitudeMeters><HeartRateBpm><Value>92</Value></HeartRateBpm><Cadence>54</Cadence></Trackpoint><Trackpoint><Time>2026-09-13T20:21:55Z</Time><Position><LatitudeDegrees>4.722399</LatitudeDegrees><LongitudeDegrees>-74.04613</LongitudeDegrees></Position><HeartRateBpm><Value>92</Value></HeartRateBpm><Cadence>54</Cadence></Trackpoint><Trackpoint><Time>2026-09-13T20:21:56Z</Time><Position><LatitudeDegrees>4.722399</LatitudeDegrees><LongitudeDegrees>-74.04613</LongitudeDegrees></Position><HeartRateBpm><Value>92</Value></HeartRateBpm><Cadence>54</Cadence></Trackpoint><Trackpoint><Time>2026-09-13T20:21:57Z</Time><Position><LatitudeDegrees>4.722399</LatitudeDegrees><LongitudeDegrees>-74.04613</LongitudeDegrees></Position><HeartRateBpm><Value>92</Value></HeartRateBpm><Cadence>54</Cadence></Trackpoint><Trackpoint><Time>2026-09-13T20:21:58Z</Time><Position><LatitudeDegrees>4.722399</LatitudeDegrees><LongitudeDegrees>-74.04613</LongitudeDegrees></Position><HeartRateBpm><Value>92</Value></HeartRateBpm><Cadence>54</Cadence></Trackpoint><Trackpoint><Time>2026-09-13T20:21:59Z</Time><Position><LatitudeDegrees>4.722399</LatitudeDegrees><LongitudeDegrees>-74.04613</LongitudeDegrees></Position><AltitudeMeters>2561.3</AltitudeMeters><HeartRateBpm><Value>93</Value></HeartRateBpm><Cadence>55</Cadence></Trackpoint><Trackpoint><Time>2026-09-13T20:22:00Z</Time><Position><LatitudeDegrees>4.722399</LatitudeDegrees><LongitudeDegrees>-74.04613</LongitudeDegrees></Position><HeartRateBpm><Value>93</Value></HeartRateBpm><Cadence>53</Cadence></Trackpoint><Trackpoint><Time>2026-09-13T20:22:01Z</Time><Position><LatitudeDegrees>4.722399</LatitudeDegrees><LongitudeDegrees>-74.04613</LongitudeDegrees></Position><HeartRateBpm><Value>93</Value></HeartRateBpm><Cadence>52</Cadence></Trackpoint><Trackpoint><Time>2026-09-13T20:22:02Z</Time><Position><LatitudeDegrees>4.722399</LatitudeDegrees><LongitudeDegrees>-74.04613</LongitudeDegrees></Position><HeartRateBpm><Value>93</Value></HeartRateBpm><Cadence>51</Cadence></Trackpoint><Trackpoint><Time>2026-09-13T20:22:03Z</Time><Position><LatitudeDegrees>4.722399</LatitudeDegrees><LongitudeDegrees>-74.04613</LongitudeDegrees></Position><HeartRateBpm><Value>93</Value></HeartRateBpm><Cadence>49</Cadence></Trackpoint><Trackpoint><Time>2026-09-13T20:22:04Z</Time><Position><LatitudeDegrees>4.722399</LatitudeDegrees><LongitudeDegrees>-74.04613</LongitudeDegrees></Position><AltitudeMeters>2561.4</AltitudeMeters><HeartRateBpm><Value>94</Value></HeartRateBpm><Cadence>48</Cadence></Trackpoint><Trackpoint><Time>2026-09-13T20:22:05Z</Time><Position><LatitudeDegrees>4.722399</LatitudeDegrees><LongitudeDegrees>-74.04613</LongitudeDegrees></Position><HeartRateBpm><Value>93</Value></HeartRateBpm><Cadence>48</Cadence></Trackpoint><Trackpoint><Time>2026-09-13T20:22:06Z</Time><Position><LatitudeDegrees>4.722399</LatitudeDegrees><LongitudeDegrees>-74.04613</LongitudeDegrees></Position><HeartRateBpm><Value>93</Value></HeartRateBpm><Cadence>47</Cadence></Trackpoint><Trackpoint><Time>2026-09-13T20:22:07Z</Time><Position><LatitudeDegrees>4.722399</LatitudeDegrees><LongitudeDegrees>-74.04613</LongitudeDegrees></Position><HeartRateBpm><Value>92</Value></HeartRateBpm><Cadence>47</Cadence></Trackpoint><Trackpoint><Time>2026-09-13T20:22:08Z</Time><Position><LatitudeDegrees>4.722399</LatitudeDegrees><LongitudeDegrees>-74.04613</LongitudeDegrees></Position><HeartRateBpm><Value>92</Value></HeartRateBpm><Cadence>47</Cadence></Trackpoint><Trackpoint><Time>2026-09-13T20:22:09Z</Time><Position><LatitudeDegrees>4.722399</LatitudeDegrees><LongitudeDegrees>-74.04613</LongitudeDegrees></Position><AltitudeMeters>2561.5</AltitudeMeters><HeartRateBpm><Value>92</Value></HeartRateBpm><Cadence>47</Cadence></Trackpoint><Trackpoint><Time>2026-09-13T20:22:10Z</Time><Position><LatitudeDegrees>4.722399</LatitudeDegrees><LongitudeDegrees>-74.04613</LongitudeDegrees></Position><HeartRateBpm><Value>92</Value></HeartRateBpm><Cadence>47</Cadence></Trackpoint><Trackpoint><Time>2026-09-13T20:22:11Z</Time><Position><LatitudeDegrees>4.722399</LatitudeDegrees><LongitudeDegrees>-74.04613</LongitudeDegrees></Position><HeartRateBpm><Value>92</Value></HeartRateBpm><Cadence>47</Cadence></Trackpoint><Trackpoint><Time>2026-09-13T20:22:12Z</Time><Position><LatitudeDegrees>4.722399</LatitudeDegrees><LongitudeDegrees>-74.04613</LongitudeDegrees></Position><HeartRateBpm><Value>92</Value></HeartRateBpm><Cadence>48</Cadence></Trackpoint><Trackpoint><Time>2026-09-13T20:22:13Z</Time><Position><LatitudeDegrees>4.722399</LatitudeDegrees><LongitudeDegrees>-74.04613</LongitudeDegrees></Position><HeartRateBpm><Value>92</Value></HeartRateBpm><Cadence>48</Cadence></Trackpoint><Trackpoint><Time>2026-09-13T20:22:14Z</Time><Position><LatitudeDegrees>4.722399</LatitudeDegrees><LongitudeDegrees>-74.04613</LongitudeDegrees></Position><AltitudeMeters>2561.5</AltitudeMeters><HeartRateBpm><Value>93</Value></HeartRateBpm><Cadence>48</Cadence></Trackpoint><Trackpoint><Time>2026-09-13T20:22:15Z</Time><Position><LatitudeDegrees>4.722399</LatitudeDegrees><LongitudeDegrees>-74.04613</LongitudeDegrees></Position><HeartRateBpm><Value>92</Value></HeartRateBpm><Cadence>49</Cadence></Trackpoint><Trackpoint><Time>2026-09-13T20:22:16Z</Time><Position><LatitudeDegrees>4.722399</LatitudeDegrees><LongitudeDegrees>-74.04613</LongitudeDegrees></Position><HeartRateBpm><Value>92</Value></HeartRateBpm><Cadence>49</Cadence></Trackpoint><Trackpoint><Time>2026-09-13T20:22:17Z</Time><Position><LatitudeDegrees>4.722399</LatitudeDegrees><LongitudeDegrees>-74.04613</LongitudeDegrees></Position><HeartRateBpm><Value>92</Value></HeartRateBpm><Cadence>49</Cadence></Trackpoint><Trackpoint><Time>2026-09-13T20:22:18Z</Time><Position><LatitudeDegrees>4.722399</LatitudeDegrees><LongitudeDegrees>-74.04613</LongitudeDegrees></Position><HeartRateBpm><Value>92</Value></HeartRateBpm><Cadence>50</Cadence></Trackpoint><Trackpoint><Time>2026-09-13T20:22:19Z</Time><Position><LatitudeDegrees>4.722399</LatitudeDegrees><LongitudeDegrees>-74.04613</LongitudeDegrees></Position><AltitudeMeters>2561.5</AltitudeMeters><HeartRateBpm><Value>92</Value></HeartRateBpm><Cadence>50</Cadence></Trackpoint><Trackpoint><Time>2026-09-13T20:22:20Z</Time><Position><LatitudeDegrees>4.722399</LatitudeDegrees><LongitudeDegrees>-74.04613</LongitudeDegrees></Position><HeartRateBpm><Value>91</Value></HeartRateBpm><Cadence>51</Cadence></Trackpoint><Trackpoint><Time>2026-09-13T20:22:21Z</Time><Position><LatitudeDegrees>4.722399</LatitudeDegrees><LongitudeDegrees>-74.04613</LongitudeDegrees></Position><HeartRateBpm><Value>90</Value></HeartRateBpm><Cadence>53</Cadence></Trackpoint><Trackpoint><Time>2026-09-13T20:22:22Z</Time><Position><LatitudeDegrees>4.722399</LatitudeDegrees><LongitudeDegrees>-74.04613</LongitudeDegrees></Position><HeartRateBpm><Value>90</Value></HeartRateBpm><Cadence>54</Cadence></Trackpoint><Trackpoint><Time>2026-09-13T20:22:23Z</Time><Position><LatitudeDegrees>4.722399</LatitudeDegrees><LongitudeDegrees>-74.04613</LongitudeDegrees></Position><HeartRateBpm><Value>89</Value></HeartRateBpm><Cadence>56</Cadence></Trackpoint><Trackpoint><Time>2026-09-13T20:22:24Z</Time><Position><LatitudeDegrees>4.722399</LatitudeDegrees><LongitudeDegrees>-74.04613</LongitudeDegrees></Position><AltitudeMeters>2561.5</AltitudeMeters><HeartRateBpm><Value>89</Value></HeartRateBpm><Cadence>57</Cadence></Trackpoint><Trackpoint><Time>2026-09-13T20:22:25Z</Time><Position><LatitudeDegrees>4.722399</LatitudeDegrees><LongitudeDegrees>-74.04613</LongitudeDegrees></Position><HeartRateBpm><Value>88</Value></HeartRateBpm><Cadence>57</Cadence></Trackpoint><Trackpoint><Time>2026-09-13T20:22:26Z</Time><Position><LatitudeDegrees>4.722399</LatitudeDegrees><LongitudeDegrees>-74.04613</LongitudeDegrees></Position><HeartRateBpm><Value>88</Value></HeartRateBpm><Cadence>56</Cadence></Trackpoint><Trackpoint><Time>2026-09-13T20:22:27Z</Time><Position><LatitudeDegrees>4.722399</LatitudeDegrees><LongitudeDegrees>-74.04613</LongitudeDegrees></Position><HeartRateBpm><Value>88</Value></HeartRateBpm><Cadence>56</Cadence></Trackpoint><Trackpoint><Time>2026-09-13T20:22:28Z</Time><Position><LatitudeDegrees>4.722399</LatitudeDegrees><LongitudeDegrees>-74.04613</LongitudeDegrees></Position><HeartRateBpm><Value>88</Value></HeartRateBpm><Cadence>56</Cadence></Trackpoint><Trackpoint><Time>2026-09-13T20:22:29Z</Time><Position><LatitudeDegrees>4.722399</LatitudeDegrees><LongitudeDegrees>-74.04613</LongitudeDegrees></Position><AltitudeMeters>2561.6</AltitudeMeters><HeartRateBpm><Value>88</Value></HeartRateBpm><Cadence>56</Cadence></Trackpoint><Trackpoint><Time>2026-09-13T20:22:30Z</Time><Position><LatitudeDegrees>4.722399</LatitudeDegrees><LongitudeDegrees>-74.04613</LongitudeDegrees></Position><HeartRateBpm><Value>87</Value></HeartRateBpm><Cadence>56</Cadence></Trackpoint><Trackpoint><Time>2026-09-13T20:22:31Z</Time><Position><LatitudeDegrees>4.722399</LatitudeDegrees><LongitudeDegrees>-74.04613</LongitudeDegrees></Position><HeartRateBpm><Value>87</Value></HeartRateBpm><Cadence>56</Cadence></Trackpoint><Trackpoint><Time>2026-09-13T20:22:32Z</Time><Position><LatitudeDegrees>4.722399</LatitudeDegrees><LongitudeDegrees>-74.04613</LongitudeDegrees></Position><HeartRateBpm><Value>86</Value></HeartRateBpm><Cadence>56</Cadence></Trackpoint><Trackpoint><Time>2026-09-13T20:22:33Z</Time><Position><LatitudeDegrees>4.722399</LatitudeDegrees><LongitudeDegrees>-74.04613</LongitudeDegrees></Position><HeartRateBpm><Value>86</Value></HeartRateBpm><Cadence>56</Cadence></Trackpoint><Trackpoint><Time>2026-09-13T20:22:34Z</Time><Position><LatitudeDegrees>4.722399</LatitudeDegrees><LongitudeDegrees>-74.04613</LongitudeDegrees></Position><AltitudeMeters>2561.7</AltitudeMeters><HeartRateBpm><Value>86</Value></HeartRateBpm><Cadence>56</Cadence></Trackpoint><Trackpoint><Time>2026-09-13T20:22:35Z</Time><Position><LatitudeDegrees>4.722399</LatitudeDegrees><LongitudeDegrees>-74.04613</LongitudeDegrees></Position><HeartRateBpm><Value>85</Value></HeartRateBpm><Cadence>55</Cadence></Trackpoint><Trackpoint><Time>2026-09-13T20:22:36Z</Time><Position><LatitudeDegrees>4.722399</LatitudeDegrees><LongitudeDegrees>-74.04613</LongitudeDegrees></Position><HeartRateBpm><Value>85</Value></HeartRateBpm><Cadence>55</Cadence></Trackpoint><Trackpoint><Time>2026-09-13T20:22:37Z</Time><Position><LatitudeDegrees>4.722399</LatitudeDegrees><LongitudeDegrees>-74.04613</LongitudeDegrees></Position><HeartRateBpm><Value>85</Value></HeartRateBpm><Cadence>54</Cadence></Trackpoint><Trackpoint><Time>2026-09-13T20:22:38Z</Time><Position><LatitudeDegrees>4.722399</LatitudeDegrees><LongitudeDegrees>-74.04613</LongitudeDegrees></Position><HeartRateBpm><Value>85</Value></HeartRateBpm><Cadence>54</Cadence></Trackpoint><Trackpoint><Time>2026-09-13T20:22:39Z</Time><Position><LatitudeDegrees>4.722399</LatitudeDegrees><LongitudeDegrees>-74.04613</LongitudeDegrees></Position><AltitudeMeters>2561.7</AltitudeMeters><HeartRateBpm><Value>85</Value></HeartRateBpm><Cadence>53</Cadence></Trackpoint><Trackpoint><Time>2026-09-13T20:22:40Z</Time><Position><LatitudeDegrees>4.722399</LatitudeDegrees><LongitudeDegrees>-74.04613</LongitudeDegrees></Position><HeartRateBpm><Value>85</Value></HeartRateBpm><Cadence>53</Cadence></Trackpoint><Trackpoint><Time>2026-09-13T20:22:41Z</Time><Position><LatitudeDegrees>4.722399</LatitudeDegrees><LongitudeDegrees>-74.04613</LongitudeDegrees></Position><HeartRateBpm><Value>85</Value></HeartRateBpm><Cadence>53</Cadence></Trackpoint><Trackpoint><Time>2026-09-13T20:22:42Z</Time><Position><LatitudeDegrees>4.722399</LatitudeDegrees><LongitudeDegrees>-74.04613</LongitudeDegrees></Position><HeartRateBpm><Value>85</Value></HeartRateBpm><Cadence>52</Cadence></Trackpoint><Trackpoint><Time>2026-09-13T20:22:43Z</Time><Position><LatitudeDegrees>4.722399</LatitudeDegrees><LongitudeDegrees>-74.04613</LongitudeDegrees></Position><HeartRateBpm><Value>85</Value></HeartRateBpm><Cadence>52</Cadence></Trackpoint><Trackpoint><Time>2026-09-13T20:22:44Z</Time><Position><LatitudeDegrees>4.722399</LatitudeDegrees><LongitudeDegrees>-74.04613</LongitudeDegrees></Position><AltitudeMeters>2561.5</AltitudeMeters><HeartRateBpm><Value>86</Value></HeartRateBpm><Cadence>52</Cadence></Trackpoint><Trackpoint><Time>2026-09-13T20:22:45Z</Time><Position><LatitudeDegrees>4.722399</LatitudeDegrees><LongitudeDegrees>-74.04613</LongitudeDegrees></Position><HeartRateBpm><Value>85</Value></HeartRateBpm><Cadence>52</Cadence></Trackpoint><Trackpoint><Time>2026-09-13T20:22:46Z</Time><Position><LatitudeDegrees>4.722399</LatitudeDegrees><LongitudeDegrees>-74.04613</LongitudeDegrees></Position><HeartRateBpm><Value>85</Value></HeartRateBpm><Cadence>52</Cadence></Trackpoint><Trackpoint><Time>2026-09-13T20:22:47Z</Time><Position><LatitudeDegrees>4.722399</LatitudeDegrees><LongitudeDegrees>-74.04613</LongitudeDegrees></Position><HeartRateBpm><Value>85</Value></HeartRateBpm><Cadence>51</Cadence></Trackpoint><Trackpoint><Time>2026-09-13T20:22:48Z</Time><Position><LatitudeDegrees>4.722399</LatitudeDegrees><LongitudeDegrees>-74.04613</LongitudeDegrees></Position><HeartRateBpm><Value>85</Value></HeartRateBpm><Cadence>51</Cadence></Trackpoint><Trackpoint><Time>2026-09-13T20:22:49Z</Time><Position><LatitudeDegrees>4.722399</LatitudeDegrees><LongitudeDegrees>-74.04613</LongitudeDegrees></Position><AltitudeMeters>2561.4</AltitudeMeters><HeartRateBpm><Value>85</Value></HeartRateBpm><Cadence>51</Cadence></Trackpoint><Trackpoint><Time>2026-09-13T20:22:50Z</Time><Position><LatitudeDegrees>4.722399</LatitudeDegrees><LongitudeDegrees>-74.04613</LongitudeDegrees></Position><HeartRateBpm><Value>84</Value></HeartRateBpm><Cadence>50</Cadence></Trackpoint><Trackpoint><Time>2026-09-13T20:22:51Z</Time><Position><LatitudeDegrees>4.722399</LatitudeDegrees><LongitudeDegrees>-74.04613</LongitudeDegrees></Position><HeartRateBpm><Value>84</Value></HeartRateBpm><Cadence>49</Cadence></Trackpoint><Trackpoint><Time>2026-09-13T20:22:52Z</Time><Position><LatitudeDegrees>4.722399</LatitudeDegrees><LongitudeDegrees>-74.04613</LongitudeDegrees></Position><HeartRateBpm><Value>84</Value></HeartRateBpm><Cadence>48</Cadence></Trackpoint><Trackpoint><Time>2026-09-13T20:22:53Z</Time><Position><LatitudeDegrees>4.722399</LatitudeDegrees><LongitudeDegrees>-74.04613</LongitudeDegrees></Position><HeartRateBpm><Value>84</Value></HeartRateBpm><Cadence>47</Cadence></Trackpoint><Trackpoint><Time>2026-09-13T20:22:54Z</Time><Position><LatitudeDegrees>4.722399</LatitudeDegrees><LongitudeDegrees>-74.04613</LongitudeDegrees></Position><AltitudeMeters>2561.4</AltitudeMeters><HeartRateBpm><Value>84</Value></HeartRateBpm><Cadence>46</Cadence></Trackpoint><Trackpoint><Time>2026-09-13T20:22:55Z</Time><Position><LatitudeDegrees>4.722399</LatitudeDegrees><LongitudeDegrees>-74.04613</LongitudeDegrees></Position><HeartRateBpm><Value>83</Value></HeartRateBpm><Cadence>46</Cadence></Trackpoint><Trackpoint><Time>2026-09-13T20:22:56Z</Time><Position><LatitudeDegrees>4.722399</LatitudeDegrees><LongitudeDegrees>-74.04613</LongitudeDegrees></Position><HeartRateBpm><Value>83</Value></HeartRateBpm><Cadence>46</Cadence></Trackpoint><Trackpoint><Time>2026-09-13T20:22:57Z</Time><Position><LatitudeDegrees>4.722399</LatitudeDegrees><LongitudeDegrees>-74.04613</LongitudeDegrees></Position><HeartRateBpm><Value>83</Value></HeartRateBpm><Cadence>46</Cadence></Trackpoint><Trackpoint><Time>2026-09-13T20:22:58Z</Time><Position><LatitudeDegrees>4.722399</LatitudeDegrees><LongitudeDegrees>-74.04613</LongitudeDegrees></Position><HeartRateBpm><Value>83</Value></HeartRateBpm><Cadence>46</Cadence></Trackpoint><Trackpoint><Time>2026-09-13T20:22:59Z</Time><Position><LatitudeDegrees>4.722399</LatitudeDegrees><LongitudeDegrees>-74.04613</LongitudeDegrees></Position><AltitudeMeters>2561.5</AltitudeMeters><HeartRateBpm><Value>83</Value></HeartRateBpm><Cadence>46</Cadence></Trackpoint><Trackpoint><Time>2026-09-13T20:23:00Z</Time><Position><LatitudeDegrees>4.722399</LatitudeDegrees><LongitudeDegrees>-74.04613</LongitudeDegrees></Position><HeartRateBpm><Value>83</Value></HeartRateBpm><Cadence>46</Cadence></Trackpoint><Trackpoint><Time>2026-09-13T20:23:01Z</Time><Position><LatitudeDegrees>4.722399</LatitudeDegrees><LongitudeDegrees>-74.04613</LongitudeDegrees></Position><HeartRateBpm><Value>83</Value></HeartRateBpm><Cadence>46</Cadence></Trackpoint><Trackpoint><Time>2026-09-13T20:23:02Z</Time><Position><LatitudeDegrees>4.722399</LatitudeDegrees><LongitudeDegrees>-74.04613</LongitudeDegrees></Position><HeartRateBpm><Value>83</Value></HeartRateBpm><Cadence>47</Cadence></Trackpoint><Trackpoint><Time>2026-09-13T20:23:03Z</Time><Position><LatitudeDegrees>4.722399</LatitudeDegrees><LongitudeDegrees>-74.04613</LongitudeDegrees></Position><HeartRateBpm><Value>83</Value></HeartRateBpm><Cadence>47</Cadence></Trackpoint><Trackpoint><Time>2026-09-13T20:23:04Z</Time><Position><LatitudeDegrees>4.722399</LatitudeDegrees><LongitudeDegrees>-74.04613</LongitudeDegrees></Position><AltitudeMeters>2561.6</AltitudeMeters><HeartRateBpm><Value>84</Value></HeartRateBpm><Cadence>48</Cadence></Trackpoint><Trackpoint><Time>2026-09-13T20:23:05Z</Time><Position><LatitudeDegrees>4.722399</LatitudeDegrees><LongitudeDegrees>-74.04613</LongitudeDegrees></Position><HeartRateBpm><Value>84</Value></HeartRateBpm><Cadence>47</Cadence></Trackpoint><Trackpoint><Time>2026-09-13T20:23:06Z</Time><Position><LatitudeDegrees>4.722399</LatitudeDegrees><LongitudeDegrees>-74.04613</LongitudeDegrees></Position><HeartRateBpm><Value>85</Value></HeartRateBpm><Cadence>47</Cadence></Trackpoint><Trackpoint><Time>2026-09-13T20:23:07Z</Time><Position><LatitudeDegrees>4.722399</LatitudeDegrees><LongitudeDegrees>-74.04613</LongitudeDegrees></Position><HeartRateBpm><Value>85</Value></HeartRateBpm><Cadence>47</Cadence></Trackpoint><Trackpoint><Time>2026-09-13T20:23:08Z</Time><Position><LatitudeDegrees>4.722399</LatitudeDegrees><LongitudeDegrees>-74.04613</LongitudeDegrees></Position><HeartRateBpm><Value>86</Value></HeartRateBpm><Cadence>47</Cadence></Trackpoint><Trackpoint><Time>2026-09-13T20:23:09Z</Time><Position><LatitudeDegrees>4.722399</LatitudeDegrees><LongitudeDegrees>-74.04613</LongitudeDegrees></Position><AltitudeMeters>2561.8</AltitudeMeters><HeartRateBpm><Value>87</Value></HeartRateBpm><Cadence>47</Cadence></Trackpoint><Trackpoint><Time>2026-09-13T20:23:10Z</Time><Position><LatitudeDegrees>4.722399</LatitudeDegrees><LongitudeDegrees>-74.04613</LongitudeDegrees></Position><HeartRateBpm><Value>86</Value></HeartRateBpm><Cadence>47</Cadence></Trackpoint><Trackpoint><Time>2026-09-13T20:23:11Z</Time><Position><LatitudeDegrees>4.722399</LatitudeDegrees><LongitudeDegrees>-74.04613</LongitudeDegrees></Position><HeartRateBpm><Value>86</Value></HeartRateBpm><Cadence>46</Cadence></Trackpoint><Trackpoint><Time>2026-09-13T20:23:12Z</Time><Position><LatitudeDegrees>4.722399</LatitudeDegrees><LongitudeDegrees>-74.04613</LongitudeDegrees></Position><HeartRateBpm><Value>85</Value></HeartRateBpm><Cadence>46</Cadence></Trackpoint><Trackpoint><Time>2026-09-13T20:23:13Z</Time><Position><LatitudeDegrees>4.722399</LatitudeDegrees><LongitudeDegrees>-74.04613</LongitudeDegrees></Position><HeartRateBpm><Value>85</Value></HeartRateBpm><Cadence>46</Cadence></Trackpoint><Trackpoint><Time>2026-09-13T20:23:14Z</Time><Position><LatitudeDegrees>4.722399</LatitudeDegrees><LongitudeDegrees>-74.04613</LongitudeDegrees></Position><AltitudeMeters>2562.0</AltitudeMeters><HeartRateBpm><Value>85</Value></HeartRateBpm><Cadence>46</Cadence></Trackpoint><Trackpoint><Time>2026-09-13T20:23:15Z</Time><Position><LatitudeDegrees>4.722399</LatitudeDegrees><LongitudeDegrees>-74.04613</LongitudeDegrees></Position><HeartRateBpm><Value>85</Value></HeartRateBpm><Cadence>46</Cadence></Trackpoint><Trackpoint><Time>2026-09-13T20:23:16Z</Time><Position><LatitudeDegrees>4.722399</LatitudeDegrees><LongitudeDegrees>-74.04613</LongitudeDegrees></Position><HeartRateBpm><Value>85</Value></HeartRateBpm><Cadence>46</Cadence></Trackpoint><Trackpoint><Time>2026-09-13T20:23:17Z</Time><Position><LatitudeDegrees>4.722399</LatitudeDegrees><LongitudeDegrees>-74.04613</LongitudeDegrees></Position><HeartRateBpm><Value>85</Value></HeartRateBpm><Cadence>46</Cadence></Trackpoint><Trackpoint><Time>2026-09-13T20:23:18Z</Time><Position><LatitudeDegrees>4.722399</LatitudeDegrees><LongitudeDegrees>-74.04613</LongitudeDegrees></Position><HeartRateBpm><Value>85</Value></HeartRateBpm><Cadence>45</Cadence></Trackpoint><Trackpoint><Time>2026-09-13T20:23:19Z</Time><Position><LatitudeDegrees>4.722399</LatitudeDegrees><LongitudeDegrees>-74.04613</LongitudeDegrees></Position><AltitudeMeters>2562.0</AltitudeMeters><HeartRateBpm><Value>86</Value></HeartRateBpm><Cadence>45</Cadence></Trackpoint><Trackpoint><Time>2026-09-13T20:23:20Z</Time><Position><LatitudeDegrees>4.722399</LatitudeDegrees><LongitudeDegrees>-74.04613</LongitudeDegrees></Position><HeartRateBpm><Value>86</Value></HeartRateBpm><Cadence>45</Cadence></Trackpoint><Trackpoint><Time>2026-09-13T20:23:21Z</Time><Position><LatitudeDegrees>4.722399</LatitudeDegrees><LongitudeDegrees>-74.04613</LongitudeDegrees></Position><HeartRateBpm><Value>87</Value></HeartRateBpm><Cadence>45</Cadence></Trackpoint><Trackpoint><Time>2026-09-13T20:23:22Z</Time><Position><LatitudeDegrees>4.722399</LatitudeDegrees><LongitudeDegrees>-74.04613</LongitudeDegrees></Position><HeartRateBpm><Value>87</Value></HeartRateBpm><Cadence>45</Cadence></Trackpoint><Trackpoint><Time>2026-09-13T20:23:23Z</Time><Position><LatitudeDegrees>4.722399</LatitudeDegrees><LongitudeDegrees>-74.04613</LongitudeDegrees></Position><HeartRateBpm><Value>88</Value></HeartRateBpm><Cadence>45</Cadence></Trackpoint><Trackpoint><Time>2026-09-13T20:23:24Z</Time><Position><LatitudeDegrees>4.722399</LatitudeDegrees><LongitudeDegrees>-74.04613</LongitudeDegrees></Position><AltitudeMeters>2562.0</AltitudeMeters><HeartRateBpm><Value>89</Value></HeartRateBpm><Cadence>45</Cadence></Trackpoint><Trackpoint><Time>2026-09-13T20:23:25Z</Time><Position><LatitudeDegrees>4.722399</LatitudeDegrees><LongitudeDegrees>-74.04613</LongitudeDegrees></Position><HeartRateBpm><Value>88</Value></HeartRateBpm><Cadence>44</Cadence></Trackpoint><Trackpoint><Time>2026-09-13T20:23:26Z</Time><Position><LatitudeDegrees>4.722399</LatitudeDegrees><LongitudeDegrees>-74.04613</LongitudeDegrees></Position><HeartRateBpm><Value>88</Value></HeartRateBpm><Cadence>44</Cadence></Trackpoint><Trackpoint><Time>2026-09-13T20:23:27Z</Time><Position><LatitudeDegrees>4.722399</LatitudeDegrees><LongitudeDegrees>-74.04613</LongitudeDegrees></Position><HeartRateBpm><Value>87</Value></HeartRateBpm><Cadence>44</Cadence></Trackpoint><Trackpoint><Time>2026-09-13T20:23:28Z</Time><Position><LatitudeDegrees>4.722399</LatitudeDegrees><LongitudeDegrees>-74.04613</LongitudeDegrees></Position><HeartRateBpm><Value>87</Value></HeartRateBpm><Cadence>44</Cadence></Trackpoint><Trackpoint><Time>2026-09-13T20:23:29Z</Time><Position><LatitudeDegrees>4.722399</LatitudeDegrees><LongitudeDegrees>-74.04613</LongitudeDegrees></Position><AltitudeMeters>2561.6</AltitudeMeters><HeartRateBpm><Value>87</Value></HeartRateBpm><Cadence>44</Cadence></Trackpoint><Trackpoint><Time>2026-09-13T20:23:30Z</Time><Position><LatitudeDegrees>4.722399</LatitudeDegrees><LongitudeDegrees>-74.04613</LongitudeDegrees></Position><HeartRateBpm><Value>87</Value></HeartRateBpm><Cadence>44</Cadence></Trackpoint><Trackpoint><Time>2026-09-13T20:23:31Z</Time><Position><LatitudeDegrees>4.722399</LatitudeDegrees><LongitudeDegrees>-74.04613</LongitudeDegrees></Position><HeartRateBpm><Value>87</Value></HeartRateBpm><Cadence>43</Cadence></Trackpoint><Trackpoint><Time>2026-09-13T20:23:32Z</Time><Position><LatitudeDegrees>4.722399</LatitudeDegrees><LongitudeDegrees>-74.04613</LongitudeDegrees></Position><HeartRateBpm><Value>87</Value></HeartRateBpm><Cadence>43</Cadence></Trackpoint><Trackpoint><Time>2026-09-13T20:23:33Z</Time><Position><LatitudeDegrees>4.722399</LatitudeDegrees><LongitudeDegrees>-74.04613</LongitudeDegrees></Position><HeartRateBpm><Value>87</Value></HeartRateBpm><Cadence>43</Cadence></Trackpoint><Trackpoint><Time>2026-09-13T20:23:34Z</Time><Position><LatitudeDegrees>4.722399</LatitudeDegrees><LongitudeDegrees>-74.04613</LongitudeDegrees></Position><AltitudeMeters>2561.5</AltitudeMeters><HeartRateBpm><Value>88</Value></HeartRateBpm><Cadence>43</Cadence></Trackpoint><Trackpoint><Time>2026-09-13T20:23:35Z</Time><Position><LatitudeDegrees>4.722399</LatitudeDegrees><LongitudeDegrees>-74.04613</LongitudeDegrees></Position><HeartRateBpm><Value>87</Value></HeartRateBpm><Cadence>43</Cadence></Trackpoint><Trackpoint><Time>2026-09-13T20:23:36Z</Time><Position><LatitudeDegrees>4.722399</LatitudeDegrees><LongitudeDegrees>-74.04613</LongitudeDegrees></Position><HeartRateBpm><Value>87</Value></HeartRateBpm><Cadence>43</Cadence></Trackpoint><Trackpoint><Time>2026-09-13T20:23:37Z</Time><Position><LatitudeDegrees>4.722399</LatitudeDegrees><LongitudeDegrees>-74.04613</LongitudeDegrees></Position><HeartRateBpm><Value>87</Value></HeartRateBpm><Cadence>43</Cadence></Trackpoint><Trackpoint><Time>2026-09-13T20:23:38Z</Time><Position><LatitudeDegrees>4.722399</LatitudeDegrees><LongitudeDegrees>-74.04613</LongitudeDegrees></Position><HeartRateBpm><Value>87</Value></HeartRateBpm><Cadence>42</Cadence></Trackpoint><Trackpoint><Time>2026-09-13T20:23:39Z</Time><Position><LatitudeDegrees>4.722399</LatitudeDegrees><LongitudeDegrees>-74.04613</LongitudeDegrees></Position><AltitudeMeters>2561.3</AltitudeMeters><HeartRateBpm><Value>87</Value></HeartRateBpm><Cadence>42</Cadence></Trackpoint><Trackpoint><Time>2026-09-13T20:23:40Z</Time><Position><LatitudeDegrees>4.722399</LatitudeDegrees><LongitudeDegrees>-74.04613</LongitudeDegrees></Position><HeartRateBpm><Value>87</Value></HeartRateBpm><Cadence>42</Cadence></Trackpoint><Trackpoint><Time>2026-09-13T20:23:41Z</Time><Position><LatitudeDegrees>4.722399</LatitudeDegrees><LongitudeDegrees>-74.04613</LongitudeDegrees></Position><HeartRateBpm><Value>87</Value></HeartRateBpm><Cadence>42</Cadence></Trackpoint><Trackpoint><Time>2026-09-13T20:23:42Z</Time><Position><LatitudeDegrees>4.722399</LatitudeDegrees><LongitudeDegrees>-74.04613</LongitudeDegrees></Position><HeartRateBpm><Value>87</Value></HeartRateBpm><Cadence>42</Cadence></Trackpoint><Trackpoint><Time>2026-09-13T20:23:43Z</Time><Position><LatitudeDegrees>4.722399</LatitudeDegrees><LongitudeDegrees>-74.04613</LongitudeDegrees></Position><HeartRateBpm><Value>87</Value></HeartRateBpm><Cadence>42</Cadence></Trackpoint><Trackpoint><Time>2026-09-13T20:23:44Z</Time><Position><LatitudeDegrees>4.722399</LatitudeDegrees><LongitudeDegrees>-74.04613</LongitudeDegrees></Position><AltitudeMeters>2561.2</AltitudeMeters><HeartRateBpm><Value>87</Value></HeartRateBpm><Cadence>42</Cadence></Trackpoint><Trackpoint><Time>2026-09-13T20:23:45Z</Time><Position><LatitudeDegrees>4.722399</LatitudeDegrees><LongitudeDegrees>-74.04613</LongitudeDegrees></Position><HeartRateBpm><Value>86</Value></HeartRateBpm><Cadence>42</Cadence></Trackpoint><Trackpoint><Time>2026-09-13T20:23:46Z</Time><Position><LatitudeDegrees>4.722399</LatitudeDegrees><LongitudeDegrees>-74.04613</LongitudeDegrees></Position><HeartRateBpm><Value>85</Value></HeartRateBpm><Cadence>43</Cadence></Trackpoint><Trackpoint><Time>2026-09-13T20:23:47Z</Time><Position><LatitudeDegrees>4.722399</LatitudeDegrees><LongitudeDegrees>-74.04613</LongitudeDegrees></Position><HeartRateBpm><Value>85</Value></HeartRateBpm><Cadence>44</Cadence></Trackpoint><Trackpoint><Time>2026-09-13T20:23:48Z</Time><Position><LatitudeDegrees>4.722399</LatitudeDegrees><LongitudeDegrees>-74.04613</LongitudeDegrees></Position><HeartRateBpm><Value>84</Value></HeartRateBpm><Cadence>44</Cadence></Trackpoint><Trackpoint><Time>2026-09-13T20:23:49Z</Time><Position><LatitudeDegrees>4.722399</LatitudeDegrees><LongitudeDegrees>-74.04613</LongitudeDegrees></Position><AltitudeMeters>2561.2</AltitudeMeters><HeartRateBpm><Value>84</Value></HeartRateBpm><Cadence>45</Cadence></Trackpoint><Trackpoint><Time>2026-09-13T20:23:50Z</Time><Position><LatitudeDegrees>4.722399</LatitudeDegrees><LongitudeDegrees>-74.04613</LongitudeDegrees></Position><HeartRateBpm><Value>84</Value></HeartRateBpm><Cadence>44</Cadence></Trackpoint><Trackpoint><Time>2026-09-13T20:23:51Z</Time><Position><LatitudeDegrees>4.722399</LatitudeDegrees><LongitudeDegrees>-74.04613</LongitudeDegrees></Position><HeartRateBpm><Value>84</Value></HeartRateBpm><Cadence>44</Cadence></Trackpoint><Trackpoint><Time>2026-09-13T20:23:52Z</Time><Position><LatitudeDegrees>4.722399</LatitudeDegrees><LongitudeDegrees>-74.04613</LongitudeDegrees></Position><HeartRateBpm><Value>84</Value></HeartRateBpm><Cadence>43</Cadence></Trackpoint><Trackpoint><Time>2026-09-13T20:23:53Z</Time><Position><LatitudeDegrees>4.722399</LatitudeDegrees><LongitudeDegrees>-74.04613</LongitudeDegrees></Position><HeartRateBpm><Value>84</Value></HeartRateBpm><Cadence>42</Cadence></Trackpoint><Trackpoint><Time>2026-09-13T20:23:54Z</Time><Position><LatitudeDegrees>4.722399</LatitudeDegrees><LongitudeDegrees>-74.04613</LongitudeDegrees></Position><AltitudeMeters>2561.2</AltitudeMeters><HeartRateBpm><Value>85</Value></HeartRateBpm><Cadence>41</Cadence></Trackpoint><Trackpoint><Time>2026-09-13T20:23:55Z</Time><Position><LatitudeDegrees>4.722399</LatitudeDegrees><LongitudeDegrees>-74.04613</LongitudeDegrees></Position><HeartRateBpm><Value>85</Value></HeartRateBpm><Cadence>41</Cadence></Trackpoint><Trackpoint><Time>2026-09-13T20:23:56Z</Time><Position><LatitudeDegrees>4.722399</LatitudeDegrees><LongitudeDegrees>-74.04613</LongitudeDegrees></Position><HeartRateBpm><Value>86</Value></HeartRateBpm><Cadence>40</Cadence></Trackpoint><Trackpoint><Time>2026-09-13T20:23:57Z</Time><Position><LatitudeDegrees>4.722399</LatitudeDegrees><LongitudeDegrees>-74.04613</LongitudeDegrees></Position><HeartRateBpm><Value>86</Value></HeartRateBpm><Cadence>39</Cadence></Trackpoint><Trackpoint><Time>2026-09-13T20:23:58Z</Time><Position><LatitudeDegrees>4.722399</LatitudeDegrees><LongitudeDegrees>-74.04613</LongitudeDegrees></Position><HeartRateBpm><Value>87</Value></HeartRateBpm><Cadence>38</Cadence></Trackpoint><Trackpoint><Time>2026-09-13T20:23:59Z</Time><Position><LatitudeDegrees>4.722399</LatitudeDegrees><LongitudeDegrees>-74.04613</LongitudeDegrees></Position><AltitudeMeters>2561.2</AltitudeMeters><HeartRateBpm><Value>88</Value></HeartRateBpm><Cadence>38</Cadence></Trackpoint><Trackpoint><Time>2026-09-13T20:24:00Z</Time><Position><LatitudeDegrees>4.722399</LatitudeDegrees><LongitudeDegrees>-74.04613</LongitudeDegrees></Position><HeartRateBpm><Value>87</Value></HeartRateBpm><Cadence>37</Cadence></Trackpoint><Trackpoint><Time>2026-09-13T20:24:01Z</Time><Position><LatitudeDegrees>4.722399</LatitudeDegrees><LongitudeDegrees>-74.04613</LongitudeDegrees></Position><HeartRateBpm><Value>86</Value></HeartRateBpm><Cadence>36</Cadence></Trackpoint><Trackpoint><Time>2026-09-13T20:24:02Z</Time><Position><LatitudeDegrees>4.722399</LatitudeDegrees><LongitudeDegrees>-74.04613</LongitudeDegrees></Position><HeartRateBpm><Value>85</Value></HeartRateBpm><Cadence>35</Cadence></Trackpoint><Trackpoint><Time>2026-09-13T20:24:03Z</Time><Position><LatitudeDegrees>4.722399</LatitudeDegrees><LongitudeDegrees>-74.04613</LongitudeDegrees></Position><HeartRateBpm><Value>84</Value></HeartRateBpm><Cadence>35</Cadence></Trackpoint><Trackpoint><Time>2026-09-13T20:24:04Z</Time><Position><LatitudeDegrees>4.722399</LatitudeDegrees><LongitudeDegrees>-74.04613</LongitudeDegrees></Position><AltitudeMeters>2561.3</AltitudeMeters><HeartRateBpm><Value>84</Value></HeartRateBpm><Cadence>34</Cadence></Trackpoint><Trackpoint><Time>2026-09-13T20:24:05Z</Time><Position><LatitudeDegrees>4.722399</LatitudeDegrees><LongitudeDegrees>-74.04613</LongitudeDegrees></Position><HeartRateBpm><Value>83</Value></HeartRateBpm><Cadence>33</Cadence></Trackpoint><Trackpoint><Time>2026-09-13T20:24:06Z</Time><Position><LatitudeDegrees>4.722399</LatitudeDegrees><LongitudeDegrees>-74.04613</LongitudeDegrees></Position><HeartRateBpm><Value>83</Value></HeartRateBpm><Cadence>32</Cadence></Trackpoint><Trackpoint><Time>2026-09-13T20:24:07Z</Time><Position><LatitudeDegrees>4.722399</LatitudeDegrees><LongitudeDegrees>-74.04613</LongitudeDegrees></Position><HeartRateBpm><Value>83</Value></HeartRateBpm><Cadence>32</Cadence></Trackpoint><Trackpoint><Time>2026-09-13T20:24:08Z</Time><Position><LatitudeDegrees>4.722399</LatitudeDegrees><LongitudeDegrees>-74.04613</LongitudeDegrees></Position><HeartRateBpm><Value>83</Value></HeartRateBpm><Cadence>31</Cadence></Trackpoint><Trackpoint><Time>2026-09-13T20:24:09Z</Time><Position><LatitudeDegrees>4.722399</LatitudeDegrees><LongitudeDegrees>-74.04613</LongitudeDegrees></Position><AltitudeMeters>2561.3</AltitudeMeters><HeartRateBpm><Value>83</Value></HeartRateBpm><Cadence>30</Cadence></Trackpoint><Trackpoint><Time>2026-09-13T20:24:10Z</Time><Position><LatitudeDegrees>4.722399</LatitudeDegrees><LongitudeDegrees>-74.04613</LongitudeDegrees></Position><HeartRateBpm><Value>83</Value></HeartRateBpm><Cadence>32</Cadence></Trackpoint><Trackpoint><Time>2026-09-13T20:24:11Z</Time><Position><LatitudeDegrees>4.722399</LatitudeDegrees><LongitudeDegrees>-74.04613</LongitudeDegrees></Position><HeartRateBpm><Value>83</Value></HeartRateBpm><Cadence>35</Cadence></Trackpoint><Trackpoint><Time>2026-09-13T20:24:12Z</Time><Position><LatitudeDegrees>4.722399</LatitudeDegrees><LongitudeDegrees>-74.04613</LongitudeDegrees></Position><HeartRateBpm><Value>84</Value></HeartRateBpm><Cadence>37</Cadence></Trackpoint><Trackpoint><Time>2026-09-13T20:24:13Z</Time><Position><LatitudeDegrees>4.722399</LatitudeDegrees><LongitudeDegrees>-74.04613</LongitudeDegrees></Position><HeartRateBpm><Value>84</Value></HeartRateBpm><Cadence>39</Cadence></Trackpoint><Trackpoint><Time>2026-09-13T20:24:14Z</Time><Position><LatitudeDegrees>4.722399</LatitudeDegrees><LongitudeDegrees>-74.04613</LongitudeDegrees></Position><AltitudeMeters>2561.3</AltitudeMeters><HeartRateBpm><Value>85</Value></HeartRateBpm><Cadence>42</Cadence></Trackpoint><Trackpoint><Time>2026-09-13T20:24:15Z</Time><Position><LatitudeDegrees>4.722399</LatitudeDegrees><LongitudeDegrees>-74.04613</LongitudeDegrees></Position><HeartRateBpm><Value>85</Value></HeartRateBpm><Cadence>42</Cadence></Trackpoint><Trackpoint><Time>2026-09-13T20:24:16Z</Time><Position><LatitudeDegrees>4.722399</LatitudeDegrees><LongitudeDegrees>-74.04613</LongitudeDegrees></Position><HeartRateBpm><Value>85</Value></HeartRateBpm><Cadence>43</Cadence></Trackpoint><Trackpoint><Time>2026-09-13T20:24:17Z</Time><Position><LatitudeDegrees>4.722399</LatitudeDegrees><LongitudeDegrees>-74.04613</LongitudeDegrees></Position><HeartRateBpm><Value>85</Value></HeartRateBpm><Cadence>43</Cadence></Trackpoint><Trackpoint><Time>2026-09-13T20:24:18Z</Time><Position><LatitudeDegrees>4.722399</LatitudeDegrees><LongitudeDegrees>-74.04613</LongitudeDegrees></Position><HeartRateBpm><Value>85</Value></HeartRateBpm><Cadence>44</Cadence></Trackpoint><Trackpoint><Time>2026-09-13T20:24:19Z</Time><Position><LatitudeDegrees>4.722399</LatitudeDegrees><LongitudeDegrees>-74.04613</LongitudeDegrees></Position><AltitudeMeters>2561.3</AltitudeMeters><HeartRateBpm><Value>86</Value></HeartRateBpm><Cadence>44</Cadence></Trackpoint><Trackpoint><Time>2026-09-13T20:24:20Z</Time><Position><LatitudeDegrees>4.722399</LatitudeDegrees><LongitudeDegrees>-74.04613</LongitudeDegrees></Position><HeartRateBpm><Value>85</Value></HeartRateBpm><Cadence>44</Cadence></Trackpoint><Trackpoint><Time>2026-09-13T20:24:21Z</Time><Position><LatitudeDegrees>4.722399</LatitudeDegrees><LongitudeDegrees>-74.04613</LongitudeDegrees></Position><HeartRateBpm><Value>84</Value></HeartRateBpm><Cadence>43</Cadence></Trackpoint><Trackpoint><Time>2026-09-13T20:24:22Z</Time><Position><LatitudeDegrees>4.722399</LatitudeDegrees><LongitudeDegrees>-74.04613</LongitudeDegrees></Position><HeartRateBpm><Value>83</Value></HeartRateBpm><Cadence>43</Cadence></Trackpoint><Trackpoint><Time>2026-09-13T20:24:23Z</Time><Position><LatitudeDegrees>4.722399</LatitudeDegrees><LongitudeDegrees>-74.04613</LongitudeDegrees></Position><HeartRateBpm><Value>82</Value></HeartRateBpm><Cadence>42</Cadence></Trackpoint><Trackpoint><Time>2026-09-13T20:24:24Z</Time><Position><LatitudeDegrees>4.722399</LatitudeDegrees><LongitudeDegrees>-74.04613</LongitudeDegrees></Position><AltitudeMeters>2561.4</AltitudeMeters><HeartRateBpm><Value>82</Value></HeartRateBpm><Cadence>42</Cadence></Trackpoint><Trackpoint><Time>2026-09-13T20:24:25Z</Time><Position><LatitudeDegrees>4.722399</LatitudeDegrees><LongitudeDegrees>-74.04613</LongitudeDegrees></Position><HeartRateBpm><Value>82</Value></HeartRateBpm><Cadence>42</Cadence></Trackpoint><Trackpoint><Time>2026-09-13T20:24:26Z</Time><Position><LatitudeDegrees>4.722399</LatitudeDegrees><LongitudeDegrees>-74.04613</LongitudeDegrees></Position><HeartRateBpm><Value>82</Value></HeartRateBpm><Cadence>42</Cadence></Trackpoint><Trackpoint><Time>2026-09-13T20:24:27Z</Time><Position><LatitudeDegrees>4.722399</LatitudeDegrees><LongitudeDegrees>-74.04613</LongitudeDegrees></Position><HeartRateBpm><Value>83</Value></HeartRateBpm><Cadence>42</Cadence></Trackpoint><Trackpoint><Time>2026-09-13T20:24:28Z</Time><Position><LatitudeDegrees>4.722399</LatitudeDegrees><LongitudeDegrees>-74.04613</LongitudeDegrees></Position><HeartRateBpm><Value>83</Value></HeartRateBpm><Cadence>42</Cadence></Trackpoint><Trackpoint><Time>2026-09-13T20:24:29Z</Time><Position><LatitudeDegrees>4.722399</LatitudeDegrees><LongitudeDegrees>-74.04613</LongitudeDegrees></Position><AltitudeMeters>2561.4</AltitudeMeters><HeartRateBpm><Value>84</Value></HeartRateBpm><Cadence>42</Cadence></Trackpoint><Trackpoint><Time>2026-09-13T20:24:30Z</Time><Position><LatitudeDegrees>4.722399</LatitudeDegrees><LongitudeDegrees>-74.04613</LongitudeDegrees></Position><HeartRateBpm><Value>84</Value></HeartRateBpm><Cadence>42</Cadence></Trackpoint><Trackpoint><Time>2026-09-13T20:24:31Z</Time><Position><LatitudeDegrees>4.722399</LatitudeDegrees><LongitudeDegrees>-74.04613</LongitudeDegrees></Position><HeartRateBpm><Value>84</Value></HeartRateBpm><Cadence>41</Cadence></Trackpoint><Trackpoint><Time>2026-09-13T20:24:32Z</Time><Position><LatitudeDegrees>4.722399</LatitudeDegrees><LongitudeDegrees>-74.04613</LongitudeDegrees></Position><HeartRateBpm><Value>85</Value></HeartRateBpm><Cadence>41</Cadence></Trackpoint><Trackpoint><Time>2026-09-13T20:24:33Z</Time><Position><LatitudeDegrees>4.722399</LatitudeDegrees><LongitudeDegrees>-74.04613</LongitudeDegrees></Position><HeartRateBpm><Value>85</Value></HeartRateBpm><Cadence>41</Cadence></Trackpoint><Trackpoint><Time>2026-09-13T20:24:34Z</Time><Position><LatitudeDegrees>4.722399</LatitudeDegrees><LongitudeDegrees>-74.04613</LongitudeDegrees></Position><AltitudeMeters>2561.4</AltitudeMeters><HeartRateBpm><Value>86</Value></HeartRateBpm><Cadence>41</Cadence></Trackpoint><Trackpoint><Time>2026-09-13T20:24:35Z</Time><Position><LatitudeDegrees>4.722399</LatitudeDegrees><LongitudeDegrees>-74.04613</LongitudeDegrees></Position><HeartRateBpm><Value>85</Value></HeartRateBpm><Cadence>41</Cadence></Trackpoint><Trackpoint><Time>2026-09-13T20:24:36Z</Time><Position><LatitudeDegrees>4.722399</LatitudeDegrees><LongitudeDegrees>-74.04613</LongitudeDegrees></Position><HeartRateBpm><Value>84</Value></HeartRateBpm><Cadence>41</Cadence></Trackpoint><Trackpoint><Time>2026-09-13T20:24:37Z</Time><Position><LatitudeDegrees>4.722399</LatitudeDegrees><LongitudeDegrees>-74.04613</LongitudeDegrees></Position><HeartRateBpm><Value>84</Value></HeartRateBpm><Cadence>41</Cadence></Trackpoint><Trackpoint><Time>2026-09-13T20:24:38Z</Time><Position><LatitudeDegrees>4.722399</LatitudeDegrees><LongitudeDegrees>-74.04613</LongitudeDegrees></Position><HeartRateBpm><Value>83</Value></HeartRateBpm><Cadence>41</Cadence></Trackpoint><Trackpoint><Time>2026-09-13T20:24:39Z</Time><Position><LatitudeDegrees>4.722399</LatitudeDegrees><LongitudeDegrees>-74.04613</LongitudeDegrees></Position><AltitudeMeters>2561.4</AltitudeMeters><HeartRateBpm><Value>83</Value></HeartRateBpm><Cadence>41</Cadence></Trackpoint><Trackpoint><Time>2026-09-13T20:24:40Z</Time><Position><LatitudeDegrees>4.722399</LatitudeDegrees><LongitudeDegrees>-74.04613</LongitudeDegrees></Position><HeartRateBpm><Value>82</Value></HeartRateBpm><Cadence>41</Cadence></Trackpoint><Trackpoint><Time>2026-09-13T20:24:41Z</Time><Position><LatitudeDegrees>4.722399</LatitudeDegrees><LongitudeDegrees>-74.04613</LongitudeDegrees></Position><HeartRateBpm><Value>81</Value></HeartRateBpm><Cadence>41</Cadence></Trackpoint><Trackpoint><Time>2026-09-13T20:24:42Z</Time><Position><LatitudeDegrees>4.722399</LatitudeDegrees><LongitudeDegrees>-74.04613</LongitudeDegrees></Position><HeartRateBpm><Value>81</Value></HeartRateBpm><Cadence>41</Cadence></Trackpoint><Trackpoint><Time>2026-09-13T20:24:43Z</Time><Position><LatitudeDegrees>4.722399</LatitudeDegrees><LongitudeDegrees>-74.04613</LongitudeDegrees></Position><HeartRateBpm><Value>80</Value></HeartRateBpm><Cadence>41</Cadence></Trackpoint><Trackpoint><Time>2026-09-13T20:24:44Z</Time><Position><LatitudeDegrees>4.722399</LatitudeDegrees><LongitudeDegrees>-74.04613</LongitudeDegrees></Position><AltitudeMeters>2561.3</AltitudeMeters><HeartRateBpm><Value>80</Value></HeartRateBpm><Cadence>41</Cadence></Trackpoint><Trackpoint><Time>2026-09-13T20:24:45Z</Time><Position><LatitudeDegrees>4.722399</LatitudeDegrees><LongitudeDegrees>-74.04613</LongitudeDegrees></Position><HeartRateBpm><Value>80</Value></HeartRateBpm><Cadence>40</Cadence></Trackpoint><Trackpoint><Time>2026-09-13T20:24:46Z</Time><Position><LatitudeDegrees>4.722399</LatitudeDegrees><LongitudeDegrees>-74.04613</LongitudeDegrees></Position><HeartRateBpm><Value>80</Value></HeartRateBpm><Cadence>40</Cadence></Trackpoint><Trackpoint><Time>2026-09-13T20:24:47Z</Time><Position><LatitudeDegrees>4.722399</LatitudeDegrees><LongitudeDegrees>-74.04613</LongitudeDegrees></Position><HeartRateBpm><Value>80</Value></HeartRateBpm><Cadence>40</Cadence></Trackpoint><Trackpoint><Time>2026-09-13T20:24:48Z</Time><Position><LatitudeDegrees>4.722399</LatitudeDegrees><LongitudeDegrees>-74.04613</LongitudeDegrees></Position><HeartRateBpm><Value>80</Value></HeartRateBpm><Cadence>40</Cadence></Trackpoint><Trackpoint><Time>2026-09-13T20:24:49Z</Time><Position><LatitudeDegrees>4.722399</LatitudeDegrees><LongitudeDegrees>-74.04613</LongitudeDegrees></Position><AltitudeMeters>2561.4</AltitudeMeters><HeartRateBpm><Value>80</Value></HeartRateBpm><Cadence>40</Cadence></Trackpoint><Trackpoint><Time>2026-09-13T20:24:50Z</Time><Position><LatitudeDegrees>4.722399</LatitudeDegrees><LongitudeDegrees>-74.04613</LongitudeDegrees></Position><HeartRateBpm><Value>80</Value></HeartRateBpm><Cadence>40</Cadence></Trackpoint><Trackpoint><Time>2026-09-13T20:24:51Z</Time><Position><LatitudeDegrees>4.722399</LatitudeDegrees><LongitudeDegrees>-74.04613</LongitudeDegrees></Position><HeartRateBpm><Value>81</Value></HeartRateBpm><Cadence>40</Cadence></Trackpoint><Trackpoint><Time>2026-09-13T20:24:52Z</Time><Position><LatitudeDegrees>4.722399</LatitudeDegrees><LongitudeDegrees>-74.04613</LongitudeDegrees></Position><HeartRateBpm><Value>82</Value></HeartRateBpm><Cadence>40</Cadence></Trackpoint><Trackpoint><Time>2026-09-13T20:24:53Z</Time><Position><LatitudeDegrees>4.722399</LatitudeDegrees><LongitudeDegrees>-74.04613</LongitudeDegrees></Position><HeartRateBpm><Value>83</Value></HeartRateBpm><Cadence>40</Cadence></Trackpoint><Trackpoint><Time>2026-09-13T20:24:54Z</Time><Position><LatitudeDegrees>4.722399</LatitudeDegrees><LongitudeDegrees>-74.04613</LongitudeDegrees></Position><AltitudeMeters>2561.4</AltitudeMeters><HeartRateBpm><Value>84</Value></HeartRateBpm><Cadence>40</Cadence></Trackpoint><Trackpoint><Time>2026-09-13T20:24:55Z</Time><Position><LatitudeDegrees>4.722399</LatitudeDegrees><LongitudeDegrees>-74.04613</LongitudeDegrees></Position><HeartRateBpm><Value>83</Value></HeartRateBpm><Cadence>40</Cadence></Trackpoint><Trackpoint><Time>2026-09-13T20:24:56Z</Time><Position><LatitudeDegrees>4.722399</LatitudeDegrees><LongitudeDegrees>-74.04613</LongitudeDegrees></Position><HeartRateBpm><Value>82</Value></HeartRateBpm><Cadence>40</Cadence></Trackpoint><Trackpoint><Time>2026-09-13T20:24:57Z</Time><Position><LatitudeDegrees>4.722399</LatitudeDegrees><LongitudeDegrees>-74.04613</LongitudeDegrees></Position><HeartRateBpm><Value>82</Value></HeartRateBpm><Cadence>40</Cadence></Trackpoint><Trackpoint><Time>2026-09-13T20:24:58Z</Time><Position><LatitudeDegrees>4.722399</LatitudeDegrees><LongitudeDegrees>-74.04613</LongitudeDegrees></Position><HeartRateBpm><Value>81</Value></HeartRateBpm><Cadence>40</Cadence></Trackpoint><Trackpoint><Time>2026-09-13T20:24:59Z</Time><Position><LatitudeDegrees>4.722399</LatitudeDegrees><LongitudeDegrees>-74.04613</LongitudeDegrees></Position><AltitudeMeters>2561.2</AltitudeMeters><HeartRateBpm><Value>81</Value></HeartRateBpm><Cadence>39</Cadence></Trackpoint><Trackpoint><Time>2026-09-13T20:25:00Z</Time><Position><LatitudeDegrees>4.722399</LatitudeDegrees><LongitudeDegrees>-74.04613</LongitudeDegrees></Position><HeartRateBpm><Value>81</Value></HeartRateBpm><Cadence>39</Cadence></Trackpoint><Trackpoint><Time>2026-09-13T20:25:01Z</Time><Position><LatitudeDegrees>4.722399</LatitudeDegrees><LongitudeDegrees>-74.04613</LongitudeDegrees></Position><HeartRateBpm><Value>81</Value></HeartRateBpm><Cadence>39</Cadence></Trackpoint><Trackpoint><Time>2026-09-13T20:25:02Z</Time><Position><LatitudeDegrees>4.722399</LatitudeDegrees><LongitudeDegrees>-74.04613</LongitudeDegrees></Position><HeartRateBpm><Value>81</Value></HeartRateBpm><Cadence>39</Cadence></Trackpoint><Trackpoint><Time>2026-09-13T20:25:03Z</Time><Position><LatitudeDegrees>4.722399</LatitudeDegrees><LongitudeDegrees>-74.04613</LongitudeDegrees></Position><HeartRateBpm><Value>81</Value></HeartRateBpm><Cadence>39</Cadence></Trackpoint><Trackpoint><Time>2026-09-13T20:25:04Z</Time><Position><LatitudeDegrees>4.722399</LatitudeDegrees><LongitudeDegrees>-74.04613</LongitudeDegrees></Position><AltitudeMeters>2561.2</AltitudeMeters><HeartRateBpm><Value>81</Value></HeartRateBpm><Cadence>39</Cadence></Trackpoint><Trackpoint><Time>2026-09-13T20:25:05Z</Time><Position><LatitudeDegrees>4.722399</LatitudeDegrees><LongitudeDegrees>-74.04613</LongitudeDegrees></Position><HeartRateBpm><Value>81</Value></HeartRateBpm><Cadence>39</Cadence></Trackpoint><Trackpoint><Time>2026-09-13T20:25:06Z</Time><Position><LatitudeDegrees>4.722399</LatitudeDegrees><LongitudeDegrees>-74.04613</LongitudeDegrees></Position><HeartRateBpm><Value>81</Value></HeartRateBpm><Cadence>39</Cadence></Trackpoint><Trackpoint><Time>2026-09-13T20:25:07Z</Time><Position><LatitudeDegrees>4.722399</LatitudeDegrees><LongitudeDegrees>-74.04613</LongitudeDegrees></Position><HeartRateBpm><Value>81</Value></HeartRateBpm><Cadence>39</Cadence></Trackpoint><Trackpoint><Time>2026-09-13T20:25:08Z</Time><Position><LatitudeDegrees>4.722399</LatitudeDegrees><LongitudeDegrees>-74.04613</LongitudeDegrees></Position><HeartRateBpm><Value>81</Value></HeartRateBpm><Cadence>39</Cadence></Trackpoint><Trackpoint><Time>2026-09-13T20:25:09Z</Time><Position><LatitudeDegrees>4.722399</LatitudeDegrees><LongitudeDegrees>-74.04613</LongitudeDegrees></Position><AltitudeMeters>2561.1</AltitudeMeters><HeartRateBpm><Value>81</Value></HeartRateBpm><Cadence>39</Cadence></Trackpoint><Trackpoint><Time>2026-09-13T20:25:10Z</Time><Position><LatitudeDegrees>4.722399</LatitudeDegrees><LongitudeDegrees>-74.04613</LongitudeDegrees></Position><HeartRateBpm><Value>81</Value></HeartRateBpm><Cadence>39</Cadence></Trackpoint><Trackpoint><Time>2026-09-13T20:25:11Z</Time><Position><LatitudeDegrees>4.722399</LatitudeDegrees><LongitudeDegrees>-74.04613</LongitudeDegrees></Position><HeartRateBpm><Value>81</Value></HeartRateBpm><Cadence>39</Cadence></Trackpoint><Trackpoint><Time>2026-09-13T20:25:12Z</Time><Position><LatitudeDegrees>4.722399</LatitudeDegrees><LongitudeDegrees>-74.04613</LongitudeDegrees></Position><HeartRateBpm><Value>81</Value></HeartRateBpm><Cadence>39</Cadence></Trackpoint><Trackpoint><Time>2026-09-13T20:25:13Z</Time><Position><LatitudeDegrees>4.722399</LatitudeDegrees><LongitudeDegrees>-74.04613</LongitudeDegrees></Position><HeartRateBpm><Value>81</Value></HeartRateBpm><Cadence>38</Cadence></Trackpoint><Trackpoint><Time>2026-09-13T20:25:14Z</Time><Position><LatitudeDegrees>4.722399</LatitudeDegrees><LongitudeDegrees>-74.04613</LongitudeDegrees></Position><AltitudeMeters>2561.1</AltitudeMeters><HeartRateBpm><Value>81</Value></HeartRateBpm><Cadence>38</Cadence></Trackpoint><Trackpoint><Time>2026-09-13T20:25:15Z</Time><Position><LatitudeDegrees>4.722399</LatitudeDegrees><LongitudeDegrees>-74.04613</LongitudeDegrees></Position><HeartRateBpm><Value>81</Value></HeartRateBpm><Cadence>38</Cadence></Trackpoint><Trackpoint><Time>2026-09-13T20:25:16Z</Time><Position><LatitudeDegrees>4.722399</LatitudeDegrees><LongitudeDegrees>-74.04613</LongitudeDegrees></Position><HeartRateBpm><Value>82</Value></HeartRateBpm><Cadence>38</Cadence></Trackpoint><Trackpoint><Time>2026-09-13T20:25:17Z</Time><Position><LatitudeDegrees>4.722399</LatitudeDegrees><LongitudeDegrees>-74.04613</LongitudeDegrees></Position><HeartRateBpm><Value>83</Value></HeartRateBpm><Cadence>38</Cadence></Trackpoint><Trackpoint><Time>2026-09-13T20:25:18Z</Time><Position><LatitudeDegrees>4.722399</LatitudeDegrees><LongitudeDegrees>-74.04613</LongitudeDegrees></Position><HeartRateBpm><Value>84</Value></HeartRateBpm><Cadence>38</Cadence></Trackpoint><Trackpoint><Time>2026-09-13T20:25:19Z</Time><Position><LatitudeDegrees>4.722399</LatitudeDegrees><LongitudeDegrees>-74.04613</LongitudeDegrees></Position><AltitudeMeters>2561.1</AltitudeMeters><HeartRateBpm><Value>85</Value></HeartRateBpm><Cadence>38</Cadence></Trackpoint><Trackpoint><Time>2026-09-13T20:25:20Z</Time><Position><LatitudeDegrees>4.722399</LatitudeDegrees><LongitudeDegrees>-74.04613</LongitudeDegrees></Position><HeartRateBpm><Value>84</Value></HeartRateBpm><Cadence>39</Cadence></Trackpoint><Trackpoint><Time>2026-09-13T20:25:21Z</Time><Position><LatitudeDegrees>4.722399</LatitudeDegrees><LongitudeDegrees>-74.04613</LongitudeDegrees></Position><HeartRateBpm><Value>83</Value></HeartRateBpm><Cadence>39</Cadence></Trackpoint><Trackpoint><Time>2026-09-13T20:25:22Z</Time><Position><LatitudeDegrees>4.722399</LatitudeDegrees><LongitudeDegrees>-74.04613</LongitudeDegrees></Position><HeartRateBpm><Value>83</Value></HeartRateBpm><Cadence>40</Cadence></Trackpoint><Trackpoint><Time>2026-09-13T20:25:23Z</Time><Position><LatitudeDegrees>4.722399</LatitudeDegrees><LongitudeDegrees>-74.04613</LongitudeDegrees></Position><HeartRateBpm><Value>82</Value></HeartRateBpm><Cadence>40</Cadence></Trackpoint><Trackpoint><Time>2026-09-13T20:25:24Z</Time><Position><LatitudeDegrees>4.722399</LatitudeDegrees><LongitudeDegrees>-74.04613</LongitudeDegrees></Position><AltitudeMeters>2561.0</AltitudeMeters><HeartRateBpm><Value>82</Value></HeartRateBpm><Cadence>41</Cadence></Trackpoint><Trackpoint><Time>2026-09-13T20:25:25Z</Time><Position><LatitudeDegrees>4.722399</LatitudeDegrees><LongitudeDegrees>-74.04613</LongitudeDegrees></Position><HeartRateBpm><Value>82</Value></HeartRateBpm><Cadence>42</Cadence></Trackpoint><Trackpoint><Time>2026-09-13T20:25:26Z</Time><Position><LatitudeDegrees>4.722399</LatitudeDegrees><LongitudeDegrees>-74.04613</LongitudeDegrees></Position><HeartRateBpm><Value>82</Value></HeartRateBpm><Cadence>42</Cadence></Trackpoint><Trackpoint><Time>2026-09-13T20:25:27Z</Time><Position><LatitudeDegrees>4.722399</LatitudeDegrees><LongitudeDegrees>-74.04613</LongitudeDegrees></Position><HeartRateBpm><Value>82</Value></HeartRateBpm><Cadence>43</Cadence></Trackpoint><Trackpoint><Time>2026-09-13T20:25:28Z</Time><Position><LatitudeDegrees>4.722399</LatitudeDegrees><LongitudeDegrees>-74.04613</LongitudeDegrees></Position><HeartRateBpm><Value>82</Value></HeartRateBpm><Cadence>44</Cadence></Trackpoint><Trackpoint><Time>2026-09-13T20:25:29Z</Time><Position><LatitudeDegrees>4.722399</LatitudeDegrees><LongitudeDegrees>-74.04613</LongitudeDegrees></Position><AltitudeMeters>2561.0</AltitudeMeters><HeartRateBpm><Value>82</Value></HeartRateBpm><Cadence>45</Cadence></Trackpoint><Trackpoint><Time>2026-09-13T20:25:30Z</Time><Position><LatitudeDegrees>4.722399</LatitudeDegrees><LongitudeDegrees>-74.04613</LongitudeDegrees></Position><HeartRateBpm><Value>82</Value></HeartRateBpm><Cadence>45</Cadence></Trackpoint><Trackpoint><Time>2026-09-13T20:25:31Z</Time><Position><LatitudeDegrees>4.722399</LatitudeDegrees><LongitudeDegrees>-74.04613</LongitudeDegrees></Position><HeartRateBpm><Value>82</Value></HeartRateBpm><Cadence>45</Cadence></Trackpoint><Trackpoint><Time>2026-09-13T20:25:32Z</Time><Position><LatitudeDegrees>4.722399</LatitudeDegrees><LongitudeDegrees>-74.04613</LongitudeDegrees></Position><HeartRateBpm><Value>82</Value></HeartRateBpm><Cadence>45</Cadence></Trackpoint><Trackpoint><Time>2026-09-13T20:25:33Z</Time><Position><LatitudeDegrees>4.722399</LatitudeDegrees><LongitudeDegrees>-74.04613</LongitudeDegrees></Position><HeartRateBpm><Value>82</Value></HeartRateBpm><Cadence>45</Cadence></Trackpoint><Trackpoint><Time>2026-09-13T20:25:34Z</Time><Position><LatitudeDegrees>4.722399</LatitudeDegrees><LongitudeDegrees>-74.04613</LongitudeDegrees></Position><AltitudeMeters>2561.1</AltitudeMeters><HeartRateBpm><Value>83</Value></HeartRateBpm><Cadence>45</Cadence></Trackpoint><Trackpoint><Time>2026-09-13T20:25:35Z</Time><Position><LatitudeDegrees>4.722399</LatitudeDegrees><LongitudeDegrees>-74.04613</LongitudeDegrees></Position><HeartRateBpm><Value>83</Value></HeartRateBpm><Cadence>45</Cadence></Trackpoint><Trackpoint><Time>2026-09-13T20:25:36Z</Time><Position><LatitudeDegrees>4.722399</LatitudeDegrees><LongitudeDegrees>-74.04613</LongitudeDegrees></Position><HeartRateBpm><Value>83</Value></HeartRateBpm><Cadence>45</Cadence></Trackpoint><Trackpoint><Time>2026-09-13T20:25:37Z</Time><Position><LatitudeDegrees>4.722399</LatitudeDegrees><LongitudeDegrees>-74.04613</LongitudeDegrees></Position><HeartRateBpm><Value>84</Value></HeartRateBpm><Cadence>46</Cadence></Trackpoint><Trackpoint><Time>2026-09-13T20:25:38Z</Time><Position><LatitudeDegrees>4.722399</LatitudeDegrees><LongitudeDegrees>-74.04613</LongitudeDegrees></Position><HeartRateBpm><Value>84</Value></HeartRateBpm><Cadence>46</Cadence></Trackpoint><Trackpoint><Time>2026-09-13T20:25:39Z</Time><Position><LatitudeDegrees>4.722399</LatitudeDegrees><LongitudeDegrees>-74.04613</LongitudeDegrees></Position><AltitudeMeters>2561.2</AltitudeMeters><HeartRateBpm><Value>85</Value></HeartRateBpm><Cadence>46</Cadence></Trackpoint><Trackpoint><Time>2026-09-13T20:25:40Z</Time><Position><LatitudeDegrees>4.722399</LatitudeDegrees><LongitudeDegrees>-74.04613</LongitudeDegrees></Position><HeartRateBpm><Value>85</Value></HeartRateBpm><Cadence>45</Cadence></Trackpoint><Trackpoint><Time>2026-09-13T20:25:41Z</Time><Position><LatitudeDegrees>4.722399</LatitudeDegrees><LongitudeDegrees>-74.04613</LongitudeDegrees></Position><HeartRateBpm><Value>85</Value></HeartRateBpm><Cadence>45</Cadence></Trackpoint><Trackpoint><Time>2026-09-13T20:25:42Z</Time><Position><LatitudeDegrees>4.722399</LatitudeDegrees><LongitudeDegrees>-74.04613</LongitudeDegrees></Position><HeartRateBpm><Value>85</Value></HeartRateBpm><Cadence>44</Cadence></Trackpoint><Trackpoint><Time>2026-09-13T20:25:43Z</Time><Position><LatitudeDegrees>4.722399</LatitudeDegrees><LongitudeDegrees>-74.04613</LongitudeDegrees></Position><HeartRateBpm><Value>85</Value></HeartRateBpm><Cadence>44</Cadence></Trackpoint><Trackpoint><Time>2026-09-13T20:25:44Z</Time><Position><LatitudeDegrees>4.722399</LatitudeDegrees><LongitudeDegrees>-74.04613</LongitudeDegrees></Position><AltitudeMeters>2561.3</AltitudeMeters><HeartRateBpm><Value>85</Value></HeartRateBpm><Cadence>43</Cadence></Trackpoint><Trackpoint><Time>2026-09-13T20:25:45Z</Time><Position><LatitudeDegrees>4.722399</LatitudeDegrees><LongitudeDegrees>-74.04613</LongitudeDegrees></Position><HeartRateBpm><Value>85</Value></HeartRateBpm><Cadence>37</Cadence></Trackpoint><Trackpoint><Time>2026-09-13T20:25:46Z</Time><Position><LatitudeDegrees>4.722399</LatitudeDegrees><LongitudeDegrees>-74.04613</LongitudeDegrees></Position><HeartRateBpm><Value>85</Value></HeartRateBpm><Cadence>31</Cadence></Trackpoint><Trackpoint><Time>2026-09-13T20:25:47Z</Time><Position><LatitudeDegrees>4.722399</LatitudeDegrees><LongitudeDegrees>-74.04613</LongitudeDegrees></Position><HeartRateBpm><Value>85</Value></HeartRateBpm><Cadence>25</Cadence></Trackpoint><Trackpoint><Time>2026-09-13T20:25:48Z</Time><Position><LatitudeDegrees>4.722399</LatitudeDegrees><LongitudeDegrees>-74.04613</LongitudeDegrees></Position><HeartRateBpm><Value>85</Value></HeartRateBpm><Cadence>19</Cadence></Trackpoint><Trackpoint><Time>2026-09-13T20:25:49Z</Time><Position><LatitudeDegrees>4.722399</LatitudeDegrees><LongitudeDegrees>-74.04613</LongitudeDegrees></Position><AltitudeMeters>2561.3</AltitudeMeters><HeartRateBpm><Value>85</Value></HeartRateBpm><Cadence>13</Cadence></Trackpoint><Trackpoint><Time>2026-09-13T20:25:50Z</Time><Position><LatitudeDegrees>4.722399</LatitudeDegrees><LongitudeDegrees>-74.04613</LongitudeDegrees></Position><HeartRateBpm><Value>85</Value></HeartRateBpm><Cadence>15</Cadence></Trackpoint><Trackpoint><Time>2026-09-13T20:25:51Z</Time><Position><LatitudeDegrees>4.722399</LatitudeDegrees><LongitudeDegrees>-74.04613</LongitudeDegrees></Position><HeartRateBpm><Value>85</Value></HeartRateBpm><Cadence>16</Cadence></Trackpoint><Trackpoint><Time>2026-09-13T20:25:52Z</Time><Position><LatitudeDegrees>4.722399</LatitudeDegrees><LongitudeDegrees>-74.04613</LongitudeDegrees></Position><HeartRateBpm><Value>86</Value></HeartRateBpm><Cadence>18</Cadence></Trackpoint><Trackpoint><Time>2026-09-13T20:25:53Z</Time><Position><LatitudeDegrees>4.722399</LatitudeDegrees><LongitudeDegrees>-74.04613</LongitudeDegrees></Position><HeartRateBpm><Value>86</Value></HeartRateBpm><Cadence>20</Cadence></Trackpoint><Trackpoint><Time>2026-09-13T20:25:54Z</Time><Position><LatitudeDegrees>4.722399</LatitudeDegrees><LongitudeDegrees>-74.04613</LongitudeDegrees></Position><AltitudeMeters>2561.4</AltitudeMeters><HeartRateBpm><Value>87</Value></HeartRateBpm><Cadence>21</Cadence></Trackpoint><Trackpoint><Time>2026-09-13T20:25:55Z</Time><Position><LatitudeDegrees>4.722399</LatitudeDegrees><LongitudeDegrees>-74.04613</LongitudeDegrees></Position><HeartRateBpm><Value>86</Value></HeartRateBpm><Cadence>23</Cadence></Trackpoint><Trackpoint><Time>2026-09-13T20:25:56Z</Time><Position><LatitudeDegrees>4.722399</LatitudeDegrees><LongitudeDegrees>-74.04613</LongitudeDegrees></Position><HeartRateBpm><Value>86</Value></HeartRateBpm><Cadence>25</Cadence></Trackpoint><Trackpoint><Time>2026-09-13T20:25:57Z</Time><Position><LatitudeDegrees>4.722399</LatitudeDegrees><LongitudeDegrees>-74.04613</LongitudeDegrees></Position><HeartRateBpm><Value>86</Value></HeartRateBpm><Cadence>26</Cadence></Trackpoint><Trackpoint><Time>2026-09-13T20:25:58Z</Time><Position><LatitudeDegrees>4.722399</LatitudeDegrees><LongitudeDegrees>-74.04613</LongitudeDegrees></Position><HeartRateBpm><Value>86</Value></HeartRateBpm><Cadence>28</Cadence></Trackpoint><Trackpoint><Time>2026-09-13T20:25:59Z</Time><Position><LatitudeDegrees>4.722399</LatitudeDegrees><LongitudeDegrees>-74.04613</LongitudeDegrees></Position><AltitudeMeters>2561.3</AltitudeMeters><HeartRateBpm><Value>86</Value></HeartRateBpm><Cadence>30</Cadence></Trackpoint><Trackpoint><Time>2026-09-13T20:26:00Z</Time><Position><LatitudeDegrees>4.722399</LatitudeDegrees><LongitudeDegrees>-74.04613</LongitudeDegrees></Position><HeartRateBpm><Value>85</Value></HeartRateBpm><Cadence>32</Cadence></Trackpoint><Trackpoint><Time>2026-09-13T20:26:01Z</Time><Position><LatitudeDegrees>4.722399</LatitudeDegrees><LongitudeDegrees>-74.04613</LongitudeDegrees></Position><HeartRateBpm><Value>85</Value></HeartRateBpm><Cadence>34</Cadence></Trackpoint><Trackpoint><Time>2026-09-13T20:26:02Z</Time><Position><LatitudeDegrees>4.722399</LatitudeDegrees><LongitudeDegrees>-74.04613</LongitudeDegrees></Position><HeartRateBpm><Value>85</Value></HeartRateBpm><Cadence>37</Cadence></Trackpoint><Trackpoint><Time>2026-09-13T20:26:03Z</Time><Position><LatitudeDegrees>4.722399</LatitudeDegrees><LongitudeDegrees>-74.04613</LongitudeDegrees></Position><HeartRateBpm><Value>85</Value></HeartRateBpm><Cadence>39</Cadence></Trackpoint><Trackpoint><Time>2026-09-13T20:26:04Z</Time><Position><LatitudeDegrees>4.722399</LatitudeDegrees><LongitudeDegrees>-74.04613</LongitudeDegrees></Position><AltitudeMeters>2561.3</AltitudeMeters><HeartRateBpm><Value>85</Value></HeartRateBpm><Cadence>42</Cadence></Trackpoint><Trackpoint><Time>2026-09-13T20:26:05Z</Time><Position><LatitudeDegrees>4.722399</LatitudeDegrees><LongitudeDegrees>-74.04613</LongitudeDegrees></Position><HeartRateBpm><Value>85</Value></HeartRateBpm><Cadence>42</Cadence></Trackpoint><Trackpoint><Time>2026-09-13T20:26:06Z</Time><Position><LatitudeDegrees>4.722399</LatitudeDegrees><LongitudeDegrees>-74.04613</LongitudeDegrees></Position><HeartRateBpm><Value>85</Value></HeartRateBpm><Cadence>43</Cadence></Trackpoint><Trackpoint><Time>2026-09-13T20:26:07Z</Time><Position><LatitudeDegrees>4.722399</LatitudeDegrees><LongitudeDegrees>-74.04613</LongitudeDegrees></Position><HeartRateBpm><Value>86</Value></HeartRateBpm><Cadence>44</Cadence></Trackpoint><Trackpoint><Time>2026-09-13T20:26:08Z</Time><Position><LatitudeDegrees>4.722399</LatitudeDegrees><LongitudeDegrees>-74.04613</LongitudeDegrees></Position><HeartRateBpm><Value>86</Value></HeartRateBpm><Cadence>44</Cadence></Trackpoint><Trackpoint><Time>2026-09-13T20:26:09Z</Time><Position><LatitudeDegrees>4.722399</LatitudeDegrees><LongitudeDegrees>-74.04613</LongitudeDegrees></Position><AltitudeMeters>2561.2</AltitudeMeters><HeartRateBpm><Value>87</Value></HeartRateBpm><Cadence>45</Cadence></Trackpoint><Trackpoint><Time>2026-09-13T20:26:10Z</Time><Position><LatitudeDegrees>4.722399</LatitudeDegrees><LongitudeDegrees>-74.04613</LongitudeDegrees></Position><HeartRateBpm><Value>87</Value></HeartRateBpm><Cadence>46</Cadence></Trackpoint><Trackpoint><Time>2026-09-13T20:26:11Z</Time><Position><LatitudeDegrees>4.722399</LatitudeDegrees><LongitudeDegrees>-74.04613</LongitudeDegrees></Position><HeartRateBpm><Value>87</Value></HeartRateBpm><Cadence>46</Cadence></Trackpoint><Trackpoint><Time>2026-09-13T20:26:12Z</Time><Position><LatitudeDegrees>4.722399</LatitudeDegrees><LongitudeDegrees>-74.04613</LongitudeDegrees></Position><HeartRateBpm><Value>87</Value></HeartRateBpm><Cadence>47</Cadence></Trackpoint><Trackpoint><Time>2026-09-13T20:26:13Z</Time><Position><LatitudeDegrees>4.722399</LatitudeDegrees><LongitudeDegrees>-74.04613</LongitudeDegrees></Position><HeartRateBpm><Value>87</Value></HeartRateBpm><Cadence>48</Cadence></Trackpoint><Trackpoint><Time>2026-09-13T20:26:14Z</Time><Position><LatitudeDegrees>4.722399</LatitudeDegrees><LongitudeDegrees>-74.04613</LongitudeDegrees></Position><AltitudeMeters>2561.1</AltitudeMeters><HeartRateBpm><Value>87</Value></HeartRateBpm><Cadence>49</Cadence></Trackpoint><Trackpoint><Time>2026-09-13T20:26:15Z</Time><Position><LatitudeDegrees>4.722399</LatitudeDegrees><LongitudeDegrees>-74.04613</LongitudeDegrees></Position><HeartRateBpm><Value>87</Value></HeartRateBpm><Cadence>48</Cadence></Trackpoint><Trackpoint><Time>2026-09-13T20:26:16Z</Time><Position><LatitudeDegrees>4.722399</LatitudeDegrees><LongitudeDegrees>-74.04613</LongitudeDegrees></Position><HeartRateBpm><Value>87</Value></HeartRateBpm><Cadence>48</Cadence></Trackpoint><Trackpoint><Time>2026-09-13T20:26:17Z</Time><Position><LatitudeDegrees>4.722399</LatitudeDegrees><LongitudeDegrees>-74.04613</LongitudeDegrees></Position><HeartRateBpm><Value>87</Value></HeartRateBpm><Cadence>48</Cadence></Trackpoint><Trackpoint><Time>2026-09-13T20:26:18Z</Time><Position><LatitudeDegrees>4.722399</LatitudeDegrees><LongitudeDegrees>-74.04613</LongitudeDegrees></Position><HeartRateBpm><Value>87</Value></HeartRateBpm><Cadence>48</Cadence></Trackpoint><Trackpoint><Time>2026-09-13T20:26:19Z</Time><Position><LatitudeDegrees>4.722399</LatitudeDegrees><LongitudeDegrees>-74.04613</LongitudeDegrees></Position><AltitudeMeters>2561.1</AltitudeMeters><HeartRateBpm><Value>87</Value></HeartRateBpm><Cadence>48</Cadence></Trackpoint><Trackpoint><Time>2026-09-13T20:26:20Z</Time><Position><LatitudeDegrees>4.722399</LatitudeDegrees><LongitudeDegrees>-74.04613</LongitudeDegrees></Position><HeartRateBpm><Value>87</Value></HeartRateBpm><Cadence>47</Cadence></Trackpoint><Trackpoint><Time>2026-09-13T20:26:21Z</Time><Position><LatitudeDegrees>4.722399</LatitudeDegrees><LongitudeDegrees>-74.04613</LongitudeDegrees></Position><HeartRateBpm><Value>87</Value></HeartRateBpm><Cadence>47</Cadence></Trackpoint><Trackpoint><Time>2026-09-13T20:26:22Z</Time><Position><LatitudeDegrees>4.722399</LatitudeDegrees><LongitudeDegrees>-74.04613</LongitudeDegrees></Position><HeartRateBpm><Value>87</Value></HeartRateBpm><Cadence>46</Cadence></Trackpoint><Trackpoint><Time>2026-09-13T20:26:23Z</Time><Position><LatitudeDegrees>4.722399</LatitudeDegrees><LongitudeDegrees>-74.04613</LongitudeDegrees></Position><HeartRateBpm><Value>87</Value></HeartRateBpm><Cadence>46</Cadence></Trackpoint><Trackpoint><Time>2026-09-13T20:26:24Z</Time><Position><LatitudeDegrees>4.722399</LatitudeDegrees><LongitudeDegrees>-74.04613</LongitudeDegrees></Position><AltitudeMeters>2561.2</AltitudeMeters><HeartRateBpm><Value>87</Value></HeartRateBpm><Cadence>46</Cadence></Trackpoint><Trackpoint><Time>2026-09-13T20:26:25Z</Time><Position><LatitudeDegrees>4.722399</LatitudeDegrees><LongitudeDegrees>-74.04613</LongitudeDegrees></Position><HeartRateBpm><Value>87</Value></HeartRateBpm><Cadence>46</Cadence></Trackpoint><Trackpoint><Time>2026-09-13T20:26:26Z</Time><Position><LatitudeDegrees>4.722399</LatitudeDegrees><LongitudeDegrees>-74.04613</LongitudeDegrees></Position><HeartRateBpm><Value>87</Value></HeartRateBpm><Cadence>47</Cadence></Trackpoint><Trackpoint><Time>2026-09-13T20:26:27Z</Time><Position><LatitudeDegrees>4.722399</LatitudeDegrees><LongitudeDegrees>-74.04613</LongitudeDegrees></Position><HeartRateBpm><Value>87</Value></HeartRateBpm><Cadence>48</Cadence></Trackpoint><Trackpoint><Time>2026-09-13T20:26:28Z</Time><Position><LatitudeDegrees>4.722399</LatitudeDegrees><LongitudeDegrees>-74.04613</LongitudeDegrees></Position><HeartRateBpm><Value>87</Value></HeartRateBpm><Cadence>49</Cadence></Trackpoint><Trackpoint><Time>2026-09-13T20:26:29Z</Time><Position><LatitudeDegrees>4.722399</LatitudeDegrees><LongitudeDegrees>-74.04613</LongitudeDegrees></Position><AltitudeMeters>2561.3</AltitudeMeters><HeartRateBpm><Value>87</Value></HeartRateBpm><Cadence>50</Cadence></Trackpoint><Trackpoint><Time>2026-09-13T20:26:30Z</Time><Position><LatitudeDegrees>4.722399</LatitudeDegrees><LongitudeDegrees>-74.04613</LongitudeDegrees></Position><HeartRateBpm><Value>86</Value></HeartRateBpm><Cadence>50</Cadence></Trackpoint><Trackpoint><Time>2026-09-13T20:26:31Z</Time><Position><LatitudeDegrees>4.722399</LatitudeDegrees><LongitudeDegrees>-74.04613</LongitudeDegrees></Position><HeartRateBpm><Value>86</Value></HeartRateBpm><Cadence>50</Cadence></Trackpoint><Trackpoint><Time>2026-09-13T20:26:32Z</Time><Position><LatitudeDegrees>4.722399</LatitudeDegrees><LongitudeDegrees>-74.04613</LongitudeDegrees></Position><HeartRateBpm><Value>86</Value></HeartRateBpm><Cadence>50</Cadence></Trackpoint><Trackpoint><Time>2026-09-13T20:26:33Z</Time><Position><LatitudeDegrees>4.722399</LatitudeDegrees><LongitudeDegrees>-74.04613</LongitudeDegrees></Position><HeartRateBpm><Value>86</Value></HeartRateBpm><Cadence>50</Cadence></Trackpoint><Trackpoint><Time>2026-09-13T20:26:34Z</Time><Position><LatitudeDegrees>4.722399</LatitudeDegrees><LongitudeDegrees>-74.04613</LongitudeDegrees></Position><AltitudeMeters>2561.3</AltitudeMeters><HeartRateBpm><Value>86</Value></HeartRateBpm><Cadence>51</Cadence></Trackpoint><Trackpoint><Time>2026-09-13T20:26:35Z</Time><Position><LatitudeDegrees>4.722399</LatitudeDegrees><LongitudeDegrees>-74.04613</LongitudeDegrees></Position><HeartRateBpm><Value>85</Value></HeartRateBpm><Cadence>43</Cadence></Trackpoint><Trackpoint><Time>2026-09-13T20:26:36Z</Time><Position><LatitudeDegrees>4.722399</LatitudeDegrees><LongitudeDegrees>-74.04613</LongitudeDegrees></Position><HeartRateBpm><Value>85</Value></HeartRateBpm><Cadence>35</Cadence></Trackpoint><Trackpoint><Time>2026-09-13T20:26:37Z</Time><Position><LatitudeDegrees>4.722399</LatitudeDegrees><LongitudeDegrees>-74.04613</LongitudeDegrees></Position><HeartRateBpm><Value>85</Value></HeartRateBpm><Cadence>27</Cadence></Trackpoint><Trackpoint><Time>2026-09-13T20:26:38Z</Time><Position><LatitudeDegrees>4.722399</LatitudeDegrees><LongitudeDegrees>-74.04613</LongitudeDegrees></Position><HeartRateBpm><Value>85</Value></HeartRateBpm><Cadence>19</Cadence></Trackpoint><Trackpoint><Time>2026-09-13T20:26:39Z</Time><Position><LatitudeDegrees>4.722399</LatitudeDegrees><LongitudeDegrees>-74.04613</LongitudeDegrees></Position><AltitudeMeters>2561.3</AltitudeMeters><HeartRateBpm><Value>85</Value></HeartRateBpm><Cadence>11</Cadence></Trackpoint><Trackpoint><Time>2026-09-13T20:26:40Z</Time><Position><LatitudeDegrees>4.722399</LatitudeDegrees><LongitudeDegrees>-74.04613</LongitudeDegrees></Position><HeartRateBpm><Value>84</Value></HeartRateBpm><Cadence>13</Cadence></Trackpoint><Trackpoint><Time>2026-09-13T20:26:41Z</Time><Position><LatitudeDegrees>4.722399</LatitudeDegrees><LongitudeDegrees>-74.04613</LongitudeDegrees></Position><HeartRateBpm><Value>84</Value></HeartRateBpm><Cadence>15</Cadence></Trackpoint><Trackpoint><Time>2026-09-13T20:26:42Z</Time><Position><LatitudeDegrees>4.722399</LatitudeDegrees><LongitudeDegrees>-74.04613</LongitudeDegrees></Position><HeartRateBpm><Value>83</Value></HeartRateBpm><Cadence>18</Cadence></Trackpoint><Trackpoint><Time>2026-09-13T20:26:43Z</Time><Position><LatitudeDegrees>4.722399</LatitudeDegrees><LongitudeDegrees>-74.04613</LongitudeDegrees></Position><HeartRateBpm><Value>83</Value></HeartRateBpm><Cadence>20</Cadence></Trackpoint><Trackpoint><Time>2026-09-13T20:26:44Z</Time><Position><LatitudeDegrees>4.722399</LatitudeDegrees><LongitudeDegrees>-74.04613</LongitudeDegrees></Position><AltitudeMeters>2561.5</AltitudeMeters><HeartRateBpm><Value>83</Value></HeartRateBpm><Cadence>22</Cadence></Trackpoint><Trackpoint><Time>2026-09-13T20:26:45Z</Time><Position><LatitudeDegrees>4.722399</LatitudeDegrees><LongitudeDegrees>-74.04613</LongitudeDegrees></Position><HeartRateBpm><Value>83</Value></HeartRateBpm><Cadence>24</Cadence></Trackpoint><Trackpoint><Time>2026-09-13T20:26:46Z</Time><Position><LatitudeDegrees>4.722399</LatitudeDegrees><LongitudeDegrees>-74.04613</LongitudeDegrees></Position><HeartRateBpm><Value>83</Value></HeartRateBpm><Cadence>26</Cadence></Trackpoint><Trackpoint><Time>2026-09-13T20:26:47Z</Time><Position><LatitudeDegrees>4.722399</LatitudeDegrees><LongitudeDegrees>-74.04613</LongitudeDegrees></Position><HeartRateBpm><Value>83</Value></HeartRateBpm><Cadence>29</Cadence></Trackpoint><Trackpoint><Time>2026-09-13T20:26:48Z</Time><Position><LatitudeDegrees>4.722399</LatitudeDegrees><LongitudeDegrees>-74.04613</LongitudeDegrees></Position><HeartRateBpm><Value>83</Value></HeartRateBpm><Cadence>31</Cadence></Trackpoint><Trackpoint><Time>2026-09-13T20:26:49Z</Time><Position><LatitudeDegrees>4.722399</LatitudeDegrees><LongitudeDegrees>-74.04613</LongitudeDegrees></Position><AltitudeMeters>2561.6</AltitudeMeters><HeartRateBpm><Value>83</Value></HeartRateBpm><Cadence>33</Cadence></Trackpoint><Trackpoint><Time>2026-09-13T20:26:50Z</Time><Position><LatitudeDegrees>4.722399</LatitudeDegrees><LongitudeDegrees>-74.04613</LongitudeDegrees></Position><HeartRateBpm><Value>83</Value></HeartRateBpm><Cadence>37</Cadence></Trackpoint><Trackpoint><Time>2026-09-13T20:26:51Z</Time><Position><LatitudeDegrees>4.722399</LatitudeDegrees><LongitudeDegrees>-74.04613</LongitudeDegrees></Position><HeartRateBpm><Value>83</Value></HeartRateBpm><Cadence>40</Cadence></Trackpoint><Trackpoint><Time>2026-09-13T20:26:52Z</Time><Position><LatitudeDegrees>4.722399</LatitudeDegrees><LongitudeDegrees>-74.04613</LongitudeDegrees></Position><HeartRateBpm><Value>84</Value></HeartRateBpm><Cadence>44</Cadence></Trackpoint><Trackpoint><Time>2026-09-13T20:26:53Z</Time><Position><LatitudeDegrees>4.722399</LatitudeDegrees><LongitudeDegrees>-74.04613</LongitudeDegrees></Position><HeartRateBpm><Value>84</Value></HeartRateBpm><Cadence>47</Cadence></Trackpoint><Trackpoint><Time>2026-09-13T20:26:54Z</Time><Position><LatitudeDegrees>4.722399</LatitudeDegrees><LongitudeDegrees>-74.04613</LongitudeDegrees></Position><AltitudeMeters>2561.7</AltitudeMeters><HeartRateBpm><Value>85</Value></HeartRateBpm><Cadence>51</Cadence></Trackpoint><Trackpoint><Time>2026-09-13T20:26:55Z</Time><Position><LatitudeDegrees>4.722399</LatitudeDegrees><LongitudeDegrees>-74.04613</LongitudeDegrees></Position><HeartRateBpm><Value>85</Value></HeartRateBpm><Cadence>51</Cadence></Trackpoint><Trackpoint><Time>2026-09-13T20:26:56Z</Time><Position><LatitudeDegrees>4.722399</LatitudeDegrees><LongitudeDegrees>-74.04613</LongitudeDegrees></Position><HeartRateBpm><Value>85</Value></HeartRateBpm><Cadence>51</Cadence></Trackpoint><Trackpoint><Time>2026-09-13T20:26:57Z</Time><Position><LatitudeDegrees>4.722399</LatitudeDegrees><LongitudeDegrees>-74.04613</LongitudeDegrees></Position><HeartRateBpm><Value>85</Value></HeartRateBpm><Cadence>51</Cadence></Trackpoint><Trackpoint><Time>2026-09-13T20:26:58Z</Time><Position><LatitudeDegrees>4.722399</LatitudeDegrees><LongitudeDegrees>-74.04613</LongitudeDegrees></Position><HeartRateBpm><Value>85</Value></HeartRateBpm><Cadence>51</Cadence></Trackpoint><Trackpoint><Time>2026-09-13T20:26:59Z</Time><Position><LatitudeDegrees>4.722399</LatitudeDegrees><LongitudeDegrees>-74.04613</LongitudeDegrees></Position><AltitudeMeters>2561.7</AltitudeMeters><HeartRateBpm><Value>85</Value></HeartRateBpm><Cadence>52</Cadence></Trackpoint><Trackpoint><Time>2026-09-13T20:27:00Z</Time><Position><LatitudeDegrees>4.722399</LatitudeDegrees><LongitudeDegrees>-74.04613</LongitudeDegrees></Position><HeartRateBpm><Value>85</Value></HeartRateBpm><Cadence>51</Cadence></Trackpoint><Trackpoint><Time>2026-09-13T20:27:01Z</Time><Position><LatitudeDegrees>4.722399</LatitudeDegrees><LongitudeDegrees>-74.04613</LongitudeDegrees></Position><HeartRateBpm><Value>85</Value></HeartRateBpm><Cadence>50</Cadence></Trackpoint><Trackpoint><Time>2026-09-13T20:27:02Z</Time><Position><LatitudeDegrees>4.722399</LatitudeDegrees><LongitudeDegrees>-74.04613</LongitudeDegrees></Position><HeartRateBpm><Value>85</Value></HeartRateBpm><Cadence>49</Cadence></Trackpoint><Trackpoint><Time>2026-09-13T20:27:03Z</Time><Position><LatitudeDegrees>4.722399</LatitudeDegrees><LongitudeDegrees>-74.04613</LongitudeDegrees></Position><HeartRateBpm><Value>85</Value></HeartRateBpm><Cadence>48</Cadence></Trackpoint><Trackpoint><Time>2026-09-13T20:27:04Z</Time><Position><LatitudeDegrees>4.722399</LatitudeDegrees><LongitudeDegrees>-74.04613</LongitudeDegrees></Position><AltitudeMeters>2561.8</AltitudeMeters><HeartRateBpm><Value>85</Value></HeartRateBpm><Cadence>47</Cadence></Trackpoint><Trackpoint><Time>2026-09-13T20:27:05Z</Time><Position><LatitudeDegrees>4.722399</LatitudeDegrees><LongitudeDegrees>-74.04613</LongitudeDegrees></Position><HeartRateBpm><Value>84</Value></HeartRateBpm><Cadence>46</Cadence></Trackpoint><Trackpoint><Time>2026-09-13T20:27:06Z</Time><Position><LatitudeDegrees>4.722399</LatitudeDegrees><LongitudeDegrees>-74.04613</LongitudeDegrees></Position><HeartRateBpm><Value>84</Value></HeartRateBpm><Cadence>46</Cadence></Trackpoint><Trackpoint><Time>2026-09-13T20:27:07Z</Time><Position><LatitudeDegrees>4.722399</LatitudeDegrees><LongitudeDegrees>-74.04613</LongitudeDegrees></Position><HeartRateBpm><Value>83</Value></HeartRateBpm><Cadence>45</Cadence></Trackpoint><Trackpoint><Time>2026-09-13T20:27:08Z</Time><Position><LatitudeDegrees>4.722399</LatitudeDegrees><LongitudeDegrees>-74.04613</LongitudeDegrees></Position><HeartRateBpm><Value>83</Value></HeartRateBpm><Cadence>44</Cadence></Trackpoint><Trackpoint><Time>2026-09-13T20:27:09Z</Time><Position><LatitudeDegrees>4.722399</LatitudeDegrees><LongitudeDegrees>-74.04613</LongitudeDegrees></Position><AltitudeMeters>2561.7</AltitudeMeters><HeartRateBpm><Value>83</Value></HeartRateBpm><Cadence>44</Cadence></Trackpoint><Trackpoint><Time>2026-09-13T20:27:10Z</Time><Position><LatitudeDegrees>4.722399</LatitudeDegrees><LongitudeDegrees>-74.04613</LongitudeDegrees></Position><HeartRateBpm><Value>83</Value></HeartRateBpm><Cadence>41</Cadence></Trackpoint><Trackpoint><Time>2026-09-13T20:27:11Z</Time><Position><LatitudeDegrees>4.722399</LatitudeDegrees><LongitudeDegrees>-74.04613</LongitudeDegrees></Position><HeartRateBpm><Value>83</Value></HeartRateBpm><Cadence>39</Cadence></Trackpoint><Trackpoint><Time>2026-09-13T20:27:12Z</Time><Position><LatitudeDegrees>4.722399</LatitudeDegrees><LongitudeDegrees>-74.04613</LongitudeDegrees></Position><HeartRateBpm><Value>83</Value></HeartRateBpm><Cadence>37</Cadence></Trackpoint><Trackpoint><Time>2026-09-13T20:27:13Z</Time><Position><LatitudeDegrees>4.722399</LatitudeDegrees><LongitudeDegrees>-74.04613</LongitudeDegrees></Position><HeartRateBpm><Value>83</Value></HeartRateBpm><Cadence>35</Cadence></Trackpoint><Trackpoint><Time>2026-09-13T20:27:14Z</Time><Position><LatitudeDegrees>4.722399</LatitudeDegrees><LongitudeDegrees>-74.04613</LongitudeDegrees></Position><AltitudeMeters>2561.5</AltitudeMeters><HeartRateBpm><Value>84</Value></HeartRateBpm><Cadence>32</Cadence></Trackpoint><Trackpoint><Time>2026-09-13T20:27:15Z</Time><Position><LatitudeDegrees>4.722399</LatitudeDegrees><LongitudeDegrees>-74.04613</LongitudeDegrees></Position><HeartRateBpm><Value>84</Value></HeartRateBpm><Cadence>30</Cadence></Trackpoint><Trackpoint><Time>2026-09-13T20:27:16Z</Time><Position><LatitudeDegrees>4.722399</LatitudeDegrees><LongitudeDegrees>-74.04613</LongitudeDegrees></Position><HeartRateBpm><Value>84</Value></HeartRateBpm><Cadence>28</Cadence></Trackpoint><Trackpoint><Time>2026-09-13T20:27:17Z</Time><Position><LatitudeDegrees>4.722399</LatitudeDegrees><LongitudeDegrees>-74.04613</LongitudeDegrees></Position><HeartRateBpm><Value>84</Value></HeartRateBpm><Cadence>26</Cadence></Trackpoint><Trackpoint><Time>2026-09-13T20:27:18Z</Time><Position><LatitudeDegrees>4.722399</LatitudeDegrees><LongitudeDegrees>-74.04613</LongitudeDegrees></Position><HeartRateBpm><Value>84</Value></HeartRateBpm><Cadence>23</Cadence></Trackpoint><Trackpoint><Time>2026-09-13T20:27:19Z</Time><Position><LatitudeDegrees>4.722399</LatitudeDegrees><LongitudeDegrees>-74.04613</LongitudeDegrees></Position><AltitudeMeters>2561.4</AltitudeMeters><HeartRateBpm><Value>84</Value></HeartRateBpm><Cadence>21</Cadence></Trackpoint><Trackpoint><Time>2026-09-13T20:27:20Z</Time><Position><LatitudeDegrees>4.722399</LatitudeDegrees><LongitudeDegrees>-74.04613</LongitudeDegrees></Position><HeartRateBpm><Value>84</Value></HeartRateBpm><Cadence>26</Cadence></Trackpoint><Trackpoint><Time>2026-09-13T20:27:21Z</Time><Position><LatitudeDegrees>4.722399</LatitudeDegrees><LongitudeDegrees>-74.04613</LongitudeDegrees></Position><HeartRateBpm><Value>84</Value></HeartRateBpm><Cadence>30</Cadence></Trackpoint><Trackpoint><Time>2026-09-13T20:27:22Z</Time><Position><LatitudeDegrees>4.722399</LatitudeDegrees><LongitudeDegrees>-74.04613</LongitudeDegrees></Position><HeartRateBpm><Value>84</Value></HeartRateBpm><Cadence>35</Cadence></Trackpoint><Trackpoint><Time>2026-09-13T20:27:23Z</Time><Position><LatitudeDegrees>4.722399</LatitudeDegrees><LongitudeDegrees>-74.04613</LongitudeDegrees></Position><HeartRateBpm><Value>84</Value></HeartRateBpm><Cadence>39</Cadence></Trackpoint><Trackpoint><Time>2026-09-13T20:27:24Z</Time><Position><LatitudeDegrees>4.722399</LatitudeDegrees><LongitudeDegrees>-74.04613</LongitudeDegrees></Position><AltitudeMeters>2561.3</AltitudeMeters><HeartRateBpm><Value>85</Value></HeartRateBpm><Cadence>44</Cadence></Trackpoint><Trackpoint><Time>2026-09-13T20:27:25Z</Time><Position><LatitudeDegrees>4.722399</LatitudeDegrees><LongitudeDegrees>-74.04613</LongitudeDegrees></Position><HeartRateBpm><Value>85</Value></HeartRateBpm><Cadence>42</Cadence></Trackpoint><Trackpoint><Time>2026-09-13T20:27:26Z</Time><Position><LatitudeDegrees>4.722399</LatitudeDegrees><LongitudeDegrees>-74.04613</LongitudeDegrees></Position><HeartRateBpm><Value>85</Value></HeartRateBpm><Cadence>40</Cadence></Trackpoint><Trackpoint><Time>2026-09-13T20:27:27Z</Time><Position><LatitudeDegrees>4.722399</LatitudeDegrees><LongitudeDegrees>-74.04613</LongitudeDegrees></Position><HeartRateBpm><Value>85</Value></HeartRateBpm><Cadence>38</Cadence></Trackpoint><Trackpoint><Time>2026-09-13T20:27:28Z</Time><Position><LatitudeDegrees>4.722399</LatitudeDegrees><LongitudeDegrees>-74.04613</LongitudeDegrees></Position><HeartRateBpm><Value>85</Value></HeartRateBpm><Cadence>36</Cadence></Trackpoint><Trackpoint><Time>2026-09-13T20:27:29Z</Time><Position><LatitudeDegrees>4.722399</LatitudeDegrees><LongitudeDegrees>-74.04613</LongitudeDegrees></Position><AltitudeMeters>2561.2</AltitudeMeters><HeartRateBpm><Value>86</Value></HeartRateBpm><Cadence>34</Cadence></Trackpoint><Trackpoint><Time>2026-09-13T20:27:30Z</Time><Position><LatitudeDegrees>4.722399</LatitudeDegrees><LongitudeDegrees>-74.04613</LongitudeDegrees></Position><HeartRateBpm><Value>86</Value></HeartRateBpm><Cadence>32</Cadence></Trackpoint><Trackpoint><Time>2026-09-13T20:27:31Z</Time><Position><LatitudeDegrees>4.722399</LatitudeDegrees><LongitudeDegrees>-74.04613</LongitudeDegrees></Position><HeartRateBpm><Value>86</Value></HeartRateBpm><Cadence>30</Cadence></Trackpoint><Trackpoint><Time>2026-09-13T20:27:32Z</Time><Position><LatitudeDegrees>4.722399</LatitudeDegrees><LongitudeDegrees>-74.04613</LongitudeDegrees></Position><HeartRateBpm><Value>87</Value></HeartRateBpm><Cadence>28</Cadence></Trackpoint><Trackpoint><Time>2026-09-13T20:27:33Z</Time><Position><LatitudeDegrees>4.722399</LatitudeDegrees><LongitudeDegrees>-74.04613</LongitudeDegrees></Position><HeartRateBpm><Value>87</Value></HeartRateBpm><Cadence>26</Cadence></Trackpoint><Trackpoint><Time>2026-09-13T20:27:34Z</Time><Position><LatitudeDegrees>4.722399</LatitudeDegrees><LongitudeDegrees>-74.04613</LongitudeDegrees></Position><AltitudeMeters>2561.2</AltitudeMeters><HeartRateBpm><Value>88</Value></HeartRateBpm><Cadence>24</Cadence></Trackpoint><Trackpoint><Time>2026-09-13T20:27:35Z</Time><Position><LatitudeDegrees>4.722399</LatitudeDegrees><LongitudeDegrees>-74.04613</LongitudeDegrees></Position><HeartRateBpm><Value>87</Value></HeartRateBpm><Cadence>22</Cadence></Trackpoint><Trackpoint><Time>2026-09-13T20:27:36Z</Time><Position><LatitudeDegrees>4.722399</LatitudeDegrees><LongitudeDegrees>-74.04613</LongitudeDegrees></Position><HeartRateBpm><Value>87</Value></HeartRateBpm><Cadence>20</Cadence></Trackpoint><Trackpoint><Time>2026-09-13T20:27:37Z</Time><Position><LatitudeDegrees>4.722399</LatitudeDegrees><LongitudeDegrees>-74.04613</LongitudeDegrees></Position><HeartRateBpm><Value>86</Value></HeartRateBpm><Cadence>18</Cadence></Trackpoint><Trackpoint><Time>2026-09-13T20:27:38Z</Time><Position><LatitudeDegrees>4.722399</LatitudeDegrees><LongitudeDegrees>-74.04613</LongitudeDegrees></Position><HeartRateBpm><Value>86</Value></HeartRateBpm><Cadence>16</Cadence></Trackpoint><Trackpoint><Time>2026-09-13T20:27:39Z</Time><Position><LatitudeDegrees>4.722399</LatitudeDegrees><LongitudeDegrees>-74.04613</LongitudeDegrees></Position><AltitudeMeters>2561.2</AltitudeMeters><HeartRateBpm><Value>86</Value></HeartRateBpm><Cadence>15</Cadence></Trackpoint><Trackpoint><Time>2026-09-13T20:27:40Z</Time><Position><LatitudeDegrees>4.722399</LatitudeDegrees><LongitudeDegrees>-74.04613</LongitudeDegrees></Position><HeartRateBpm><Value>85</Value></HeartRateBpm><Cadence>20</Cadence></Trackpoint><Trackpoint><Time>2026-09-13T20:27:41Z</Time><Position><LatitudeDegrees>4.722399</LatitudeDegrees><LongitudeDegrees>-74.04613</LongitudeDegrees></Position><HeartRateBpm><Value>84</Value></HeartRateBpm><Cadence>25</Cadence></Trackpoint><Trackpoint><Time>2026-09-13T20:27:42Z</Time><Position><LatitudeDegrees>4.722399</LatitudeDegrees><LongitudeDegrees>-74.04613</LongitudeDegrees></Position><HeartRateBpm><Value>83</Value></HeartRateBpm><Cadence>30</Cadence></Trackpoint><Trackpoint><Time>2026-09-13T20:27:43Z</Time><Position><LatitudeDegrees>4.722399</LatitudeDegrees><LongitudeDegrees>-74.04613</LongitudeDegrees></Position><HeartRateBpm><Value>82</Value></HeartRateBpm><Cadence>35</Cadence></Trackpoint><Trackpoint><Time>2026-09-13T20:27:44Z</Time><Position><LatitudeDegrees>4.722399</LatitudeDegrees><LongitudeDegrees>-74.04613</LongitudeDegrees></Position><AltitudeMeters>2561.3</AltitudeMeters><HeartRateBpm><Value>82</Value></HeartRateBpm><Cadence>40</Cadence></Trackpoint><Trackpoint><Time>2026-09-13T20:27:45Z</Time><Position><LatitudeDegrees>4.722399</LatitudeDegrees><LongitudeDegrees>-74.04613</LongitudeDegrees></Position><HeartRateBpm><Value>81</Value></HeartRateBpm><Cadence>40</Cadence></Trackpoint><Trackpoint><Time>2026-09-13T20:27:46Z</Time><Position><LatitudeDegrees>4.722399</LatitudeDegrees><LongitudeDegrees>-74.04613</LongitudeDegrees></Position><HeartRateBpm><Value>81</Value></HeartRateBpm><Cadence>40</Cadence></Trackpoint><Trackpoint><Time>2026-09-13T20:27:47Z</Time><Position><LatitudeDegrees>4.722399</LatitudeDegrees><LongitudeDegrees>-74.04613</LongitudeDegrees></Position><HeartRateBpm><Value>81</Value></HeartRateBpm><Cadence>40</Cadence></Trackpoint><Trackpoint><Time>2026-09-13T20:27:48Z</Time><Position><LatitudeDegrees>4.722399</LatitudeDegrees><LongitudeDegrees>-74.04613</LongitudeDegrees></Position><HeartRateBpm><Value>81</Value></HeartRateBpm><Cadence>40</Cadence></Trackpoint><Trackpoint><Time>2026-09-13T20:27:49Z</Time><Position><LatitudeDegrees>4.722399</LatitudeDegrees><LongitudeDegrees>-74.04613</LongitudeDegrees></Position><AltitudeMeters>2561.3</AltitudeMeters><HeartRateBpm><Value>81</Value></HeartRateBpm><Cadence>40</Cadence></Trackpoint><Trackpoint><Time>2026-09-13T20:27:50Z</Time><Position><LatitudeDegrees>4.722399</LatitudeDegrees><LongitudeDegrees>-74.04613</LongitudeDegrees></Position><HeartRateBpm><Value>81</Value></HeartRateBpm><Cadence>39</Cadence></Trackpoint><Trackpoint><Time>2026-09-13T20:27:51Z</Time><Position><LatitudeDegrees>4.722399</LatitudeDegrees><LongitudeDegrees>-74.04613</LongitudeDegrees></Position><HeartRateBpm><Value>81</Value></HeartRateBpm><Cadence>39</Cadence></Trackpoint><Trackpoint><Time>2026-09-13T20:27:52Z</Time><Position><LatitudeDegrees>4.722399</LatitudeDegrees><LongitudeDegrees>-74.04613</LongitudeDegrees></Position><HeartRateBpm><Value>81</Value></HeartRateBpm><Cadence>39</Cadence></Trackpoint><Trackpoint><Time>2026-09-13T20:27:53Z</Time><Position><LatitudeDegrees>4.722399</LatitudeDegrees><LongitudeDegrees>-74.04613</LongitudeDegrees></Position><HeartRateBpm><Value>81</Value></HeartRateBpm><Cadence>39</Cadence></Trackpoint><Trackpoint><Time>2026-09-13T20:27:54Z</Time><Position><LatitudeDegrees>4.722399</LatitudeDegrees><LongitudeDegrees>-74.04613</LongitudeDegrees></Position><AltitudeMeters>2561.2</AltitudeMeters><HeartRateBpm><Value>81</Value></HeartRateBpm><Cadence>39</Cadence></Trackpoint><Trackpoint><Time>2026-09-13T20:27:55Z</Time><Position><LatitudeDegrees>4.722399</LatitudeDegrees><LongitudeDegrees>-74.04613</LongitudeDegrees></Position><HeartRateBpm><Value>81</Value></HeartRateBpm><Cadence>39</Cadence></Trackpoint><Trackpoint><Time>2026-09-13T20:27:56Z</Time><Position><LatitudeDegrees>4.722399</LatitudeDegrees><LongitudeDegrees>-74.04613</LongitudeDegrees></Position><HeartRateBpm><Value>81</Value></HeartRateBpm><Cadence>39</Cadence></Trackpoint><Trackpoint><Time>2026-09-13T20:27:57Z</Time><Position><LatitudeDegrees>4.722399</LatitudeDegrees><LongitudeDegrees>-74.04613</LongitudeDegrees></Position><HeartRateBpm><Value>81</Value></HeartRateBpm><Cadence>39</Cadence></Trackpoint><Trackpoint><Time>2026-09-13T20:27:58Z</Time><Position><LatitudeDegrees>4.722399</LatitudeDegrees><LongitudeDegrees>-74.04613</LongitudeDegrees></Position><HeartRateBpm><Value>81</Value></HeartRateBpm><Cadence>39</Cadence></Trackpoint><Trackpoint><Time>2026-09-13T20:27:59Z</Time><Position><LatitudeDegrees>4.722399</LatitudeDegrees><LongitudeDegrees>-74.04613</LongitudeDegrees></Position><AltitudeMeters>2561.2</AltitudeMeters><HeartRateBpm><Value>81</Value></HeartRateBpm><Cadence>39</Cadence></Trackpoint><Trackpoint><Time>2026-09-13T20:28:00Z</Time><Position><LatitudeDegrees>4.722399</LatitudeDegrees><LongitudeDegrees>-74.04613</LongitudeDegrees></Position><HeartRateBpm><Value>81</Value></HeartRateBpm><Cadence>39</Cadence></Trackpoint><Trackpoint><Time>2026-09-13T20:28:01Z</Time><Position><LatitudeDegrees>4.722399</LatitudeDegrees><LongitudeDegrees>-74.04613</LongitudeDegrees></Position><HeartRateBpm><Value>81</Value></HeartRateBpm><Cadence>39</Cadence></Trackpoint><Trackpoint><Time>2026-09-13T20:28:02Z</Time><Position><LatitudeDegrees>4.722399</LatitudeDegrees><LongitudeDegrees>-74.04613</LongitudeDegrees></Position><HeartRateBpm><Value>81</Value></HeartRateBpm><Cadence>39</Cadence></Trackpoint><Trackpoint><Time>2026-09-13T20:28:03Z</Time><Position><LatitudeDegrees>4.722399</LatitudeDegrees><LongitudeDegrees>-74.04613</LongitudeDegrees></Position><HeartRateBpm><Value>81</Value></HeartRateBpm><Cadence>39</Cadence></Trackpoint><Trackpoint><Time>2026-09-13T20:28:04Z</Time><Position><LatitudeDegrees>4.722399</LatitudeDegrees><LongitudeDegrees>-74.04613</LongitudeDegrees></Position><AltitudeMeters>2561.2</AltitudeMeters><HeartRateBpm><Value>82</Value></HeartRateBpm><Cadence>39</Cadence></Trackpoint><Trackpoint><Time>2026-09-13T20:28:05Z</Time><Position><LatitudeDegrees>4.722399</LatitudeDegrees><LongitudeDegrees>-74.04613</LongitudeDegrees></Position><HeartRateBpm><Value>81</Value></HeartRateBpm><Cadence>39</Cadence></Trackpoint><Trackpoint><Time>2026-09-13T20:28:06Z</Time><Position><LatitudeDegrees>4.722399</LatitudeDegrees><LongitudeDegrees>-74.04613</LongitudeDegrees></Position><HeartRateBpm><Value>81</Value></HeartRateBpm><Cadence>39</Cadence></Trackpoint><Trackpoint><Time>2026-09-13T20:28:07Z</Time><Position><LatitudeDegrees>4.722399</LatitudeDegrees><LongitudeDegrees>-74.04613</LongitudeDegrees></Position><HeartRateBpm><Value>81</Value></HeartRateBpm><Cadence>39</Cadence></Trackpoint><Trackpoint><Time>2026-09-13T20:28:08Z</Time><Position><LatitudeDegrees>4.722399</LatitudeDegrees><LongitudeDegrees>-74.04613</LongitudeDegrees></Position><HeartRateBpm><Value>81</Value></HeartRateBpm><Cadence>39</Cadence></Trackpoint><Trackpoint><Time>2026-09-13T20:28:09Z</Time><Position><LatitudeDegrees>4.722399</LatitudeDegrees><LongitudeDegrees>-74.04613</LongitudeDegrees></Position><AltitudeMeters>2561.2</AltitudeMeters><HeartRateBpm><Value>81</Value></HeartRateBpm><Cadence>39</Cadence></Trackpoint><Trackpoint><Time>2026-09-13T20:28:10Z</Time><Position><LatitudeDegrees>4.722399</LatitudeDegrees><LongitudeDegrees>-74.04613</LongitudeDegrees></Position><HeartRateBpm><Value>81</Value></HeartRateBpm><Cadence>39</Cadence></Trackpoint><Trackpoint><Time>2026-09-13T20:28:11Z</Time><Position><LatitudeDegrees>4.722399</LatitudeDegrees><LongitudeDegrees>-74.04613</LongitudeDegrees></Position><HeartRateBpm><Value>81</Value></HeartRateBpm><Cadence>39</Cadence></Trackpoint><Trackpoint><Time>2026-09-13T20:28:12Z</Time><Position><LatitudeDegrees>4.722399</LatitudeDegrees><LongitudeDegrees>-74.04613</LongitudeDegrees></Position><HeartRateBpm><Value>81</Value></HeartRateBpm><Cadence>39</Cadence></Trackpoint><Trackpoint><Time>2026-09-13T20:28:13Z</Time><Position><LatitudeDegrees>4.722399</LatitudeDegrees><LongitudeDegrees>-74.04613</LongitudeDegrees></Position><HeartRateBpm><Value>81</Value></HeartRateBpm><Cadence>39</Cadence></Trackpoint><Trackpoint><Time>2026-09-13T20:28:14Z</Time><Position><LatitudeDegrees>4.722399</LatitudeDegrees><LongitudeDegrees>-74.04613</LongitudeDegrees></Position><AltitudeMeters>2561.2</AltitudeMeters><HeartRateBpm><Value>81</Value></HeartRateBpm><Cadence>39</Cadence></Trackpoint><Trackpoint><Time>2026-09-13T20:28:15Z</Time><Position><LatitudeDegrees>4.722399</LatitudeDegrees><LongitudeDegrees>-74.04613</LongitudeDegrees></Position><HeartRateBpm><Value>80</Value></HeartRateBpm><Cadence>38</Cadence></Trackpoint><Trackpoint><Time>2026-09-13T20:28:17Z</Time><Position><LatitudeDegrees>4.722399</LatitudeDegrees><LongitudeDegrees>-74.04613</LongitudeDegrees></Position><HeartRateBpm><Value>79</Value></HeartRateBpm><Cadence>37</Cadence></Trackpoint><Trackpoint><Time>2026-09-13T20:28:18Z</Time><Position><LatitudeDegrees>4.722399</LatitudeDegrees><LongitudeDegrees>-74.04613</LongitudeDegrees></Position><HeartRateBpm><Value>78</Value></HeartRateBpm><Cadence>37</Cadence></Trackpoint><Trackpoint><Time>2026-09-13T20:28:19Z</Time><Position><LatitudeDegrees>4.722399</LatitudeDegrees><LongitudeDegrees>-74.04613</LongitudeDegrees></Position><AltitudeMeters>2561.3</AltitudeMeters><HeartRateBpm><Value>78</Value></HeartRateBpm><Cadence>36</Cadence></Trackpoint><Trackpoint><Time>2026-09-13T20:28:20Z</Time><Position><LatitudeDegrees>4.722399</LatitudeDegrees><LongitudeDegrees>-74.04613</LongitudeDegrees></Position><HeartRateBpm><Value>78</Value></HeartRateBpm><Cadence>36</Cadence></Trackpoint><Trackpoint><Time>2026-09-13T20:28:21Z</Time><Position><LatitudeDegrees>4.722399</LatitudeDegrees><LongitudeDegrees>-74.04613</LongitudeDegrees></Position><HeartRateBpm><Value>78</Value></HeartRateBpm><Cadence>37</Cadence></Trackpoint><Trackpoint><Time>2026-09-13T20:28:22Z</Time><Position><LatitudeDegrees>4.722399</LatitudeDegrees><LongitudeDegrees>-74.04613</LongitudeDegrees></Position><HeartRateBpm><Value>78</Value></HeartRateBpm><Cadence>37</Cadence></Trackpoint><Trackpoint><Time>2026-09-13T20:28:23Z</Time><Position><LatitudeDegrees>4.722399</LatitudeDegrees><LongitudeDegrees>-74.04613</LongitudeDegrees></Position><HeartRateBpm><Value>78</Value></HeartRateBpm><Cadence>38</Cadence></Trackpoint><Trackpoint><Time>2026-09-13T20:28:24Z</Time><Position><LatitudeDegrees>4.722399</LatitudeDegrees><LongitudeDegrees>-74.04613</LongitudeDegrees></Position><AltitudeMeters>2561.5</AltitudeMeters><HeartRateBpm><Value>78</Value></HeartRateBpm><Cadence>38</Cadence></Trackpoint><Trackpoint><Time>2026-09-13T20:28:25Z</Time><Position><LatitudeDegrees>4.722399</LatitudeDegrees><LongitudeDegrees>-74.04613</LongitudeDegrees></Position><HeartRateBpm><Value>78</Value></HeartRateBpm><Cadence>39</Cadence></Trackpoint><Trackpoint><Time>2026-09-13T20:28:26Z</Time><Position><LatitudeDegrees>4.722399</LatitudeDegrees><LongitudeDegrees>-74.04613</LongitudeDegrees></Position><HeartRateBpm><Value>78</Value></HeartRateBpm><Cadence>39</Cadence></Trackpoint><Trackpoint><Time>2026-09-13T20:28:27Z</Time><Position><LatitudeDegrees>4.722399</LatitudeDegrees><LongitudeDegrees>-74.04613</LongitudeDegrees></Position><HeartRateBpm><Value>78</Value></HeartRateBpm><Cadence>40</Cadence></Trackpoint><Trackpoint><Time>2026-09-13T20:28:28Z</Time><Position><LatitudeDegrees>4.722399</LatitudeDegrees><LongitudeDegrees>-74.04613</LongitudeDegrees></Position><HeartRateBpm><Value>78</Value></HeartRateBpm><Cadence>40</Cadence></Trackpoint><Trackpoint><Time>2026-09-13T20:28:29Z</Time><Position><LatitudeDegrees>4.722399</LatitudeDegrees><LongitudeDegrees>-74.04613</LongitudeDegrees></Position><AltitudeMeters>2561.6</AltitudeMeters><HeartRateBpm><Value>78</Value></HeartRateBpm><Cadence>41</Cadence></Trackpoint><Trackpoint><Time>2026-09-13T20:28:30Z</Time><Position><LatitudeDegrees>4.722399</LatitudeDegrees><LongitudeDegrees>-74.04613</LongitudeDegrees></Position><HeartRateBpm><Value>77</Value></HeartRateBpm><Cadence>41</Cadence></Trackpoint><Trackpoint><Time>2026-09-13T20:28:31Z</Time><Position><LatitudeDegrees>4.722399</LatitudeDegrees><LongitudeDegrees>-74.04613</LongitudeDegrees></Position><HeartRateBpm><Value>77</Value></HeartRateBpm><Cadence>42</Cadence></Trackpoint><Trackpoint><Time>2026-09-13T20:28:32Z</Time><Position><LatitudeDegrees>4.722399</LatitudeDegrees><LongitudeDegrees>-74.04613</LongitudeDegrees></Position><HeartRateBpm><Value>76</Value></HeartRateBpm><Cadence>42</Cadence></Trackpoint><Trackpoint><Time>2026-09-13T20:28:33Z</Time><Position><LatitudeDegrees>4.722399</LatitudeDegrees><LongitudeDegrees>-74.04613</LongitudeDegrees></Position><HeartRateBpm><Value>76</Value></HeartRateBpm><Cadence>42</Cadence></Trackpoint><Trackpoint><Time>2026-09-13T20:28:34Z</Time><Position><LatitudeDegrees>4.722399</LatitudeDegrees><LongitudeDegrees>-74.04613</LongitudeDegrees></Position><AltitudeMeters>2561.5</AltitudeMeters><HeartRateBpm><Value>76</Value></HeartRateBpm><Cadence>43</Cadence></Trackpoint><Trackpoint><Time>2026-09-13T20:28:35Z</Time><Position><LatitudeDegrees>4.722399</LatitudeDegrees><LongitudeDegrees>-74.04613</LongitudeDegrees></Position><HeartRateBpm><Value>76</Value></HeartRateBpm><Cadence>43</Cadence></Trackpoint><Trackpoint><Time>2026-09-13T20:28:36Z</Time><Position><LatitudeDegrees>4.722399</LatitudeDegrees><LongitudeDegrees>-74.04613</LongitudeDegrees></Position><HeartRateBpm><Value>76</Value></HeartRateBpm><Cadence>43</Cadence></Trackpoint><Trackpoint><Time>2026-09-13T20:28:37Z</Time><Position><LatitudeDegrees>4.722399</LatitudeDegrees><LongitudeDegrees>-74.04613</LongitudeDegrees></Position><HeartRateBpm><Value>76</Value></HeartRateBpm><Cadence>44</Cadence></Trackpoint><Trackpoint><Time>2026-09-13T20:28:38Z</Time><Position><LatitudeDegrees>4.722399</LatitudeDegrees><LongitudeDegrees>-74.04613</LongitudeDegrees></Position><HeartRateBpm><Value>76</Value></HeartRateBpm><Cadence>44</Cadence></Trackpoint><Trackpoint><Time>2026-09-13T20:28:39Z</Time><Position><LatitudeDegrees>4.722399</LatitudeDegrees><LongitudeDegrees>-74.04613</LongitudeDegrees></Position><AltitudeMeters>2561.4</AltitudeMeters><HeartRateBpm><Value>77</Value></HeartRateBpm><Cadence>44</Cadence></Trackpoint><Trackpoint><Time>2026-09-13T20:28:40Z</Time><Position><LatitudeDegrees>4.722399</LatitudeDegrees><LongitudeDegrees>-74.04613</LongitudeDegrees></Position><HeartRateBpm><Value>77</Value></HeartRateBpm><Cadence>45</Cadence></Trackpoint><Trackpoint><Time>2026-09-13T20:28:41Z</Time><Position><LatitudeDegrees>4.722399</LatitudeDegrees><LongitudeDegrees>-74.04613</LongitudeDegrees></Position><HeartRateBpm><Value>77</Value></HeartRateBpm><Cadence>45</Cadence></Trackpoint><Trackpoint><Time>2026-09-13T20:28:42Z</Time><Position><LatitudeDegrees>4.722399</LatitudeDegrees><LongitudeDegrees>-74.04613</LongitudeDegrees></Position><HeartRateBpm><Value>77</Value></HeartRateBpm><Cadence>45</Cadence></Trackpoint><Trackpoint><Time>2026-09-13T20:28:43Z</Time><Position><LatitudeDegrees>4.722399</LatitudeDegrees><LongitudeDegrees>-74.04613</LongitudeDegrees></Position><HeartRateBpm><Value>77</Value></HeartRateBpm><Cadence>46</Cadence></Trackpoint><Trackpoint><Time>2026-09-13T20:28:44Z</Time><Position><LatitudeDegrees>4.722399</LatitudeDegrees><LongitudeDegrees>-74.04613</LongitudeDegrees></Position><AltitudeMeters>2561.4</AltitudeMeters><HeartRateBpm><Value>78</Value></HeartRateBpm><Cadence>46</Cadence></Trackpoint><Trackpoint><Time>2026-09-13T20:28:45Z</Time><Position><LatitudeDegrees>4.722399</LatitudeDegrees><LongitudeDegrees>-74.04613</LongitudeDegrees></Position><HeartRateBpm><Value>78</Value></HeartRateBpm><Cadence>46</Cadence></Trackpoint><Trackpoint><Time>2026-09-13T20:28:46Z</Time><Position><LatitudeDegrees>4.722399</LatitudeDegrees><LongitudeDegrees>-74.04613</LongitudeDegrees></Position><HeartRateBpm><Value>78</Value></HeartRateBpm><Cadence>46</Cadence></Trackpoint><Trackpoint><Time>2026-09-13T20:28:47Z</Time><Position><LatitudeDegrees>4.722399</LatitudeDegrees><LongitudeDegrees>-74.04613</LongitudeDegrees></Position><HeartRateBpm><Value>78</Value></HeartRateBpm><Cadence>46</Cadence></Trackpoint><Trackpoint><Time>2026-09-13T20:28:48Z</Time><Position><LatitudeDegrees>4.722399</LatitudeDegrees><LongitudeDegrees>-74.04613</LongitudeDegrees></Position><HeartRateBpm><Value>78</Value></HeartRateBpm><Cadence>46</Cadence></Trackpoint><Trackpoint><Time>2026-09-13T20:28:49Z</Time><Position><LatitudeDegrees>4.722399</LatitudeDegrees><LongitudeDegrees>-74.04613</LongitudeDegrees></Position><AltitudeMeters>2561.4</AltitudeMeters><HeartRateBpm><Value>79</Value></HeartRateBpm><Cadence>47</Cadence></Trackpoint><Trackpoint><Time>2026-09-13T20:28:50Z</Time><Position><LatitudeDegrees>4.722399</LatitudeDegrees><LongitudeDegrees>-74.04613</LongitudeDegrees></Position><HeartRateBpm><Value>79</Value></HeartRateBpm><Cadence>46</Cadence></Trackpoint><Trackpoint><Time>2026-09-13T20:28:51Z</Time><Position><LatitudeDegrees>4.722399</LatitudeDegrees><LongitudeDegrees>-74.04613</LongitudeDegrees></Position><HeartRateBpm><Value>79</Value></HeartRateBpm><Cadence>45</Cadence></Trackpoint><Trackpoint><Time>2026-09-13T20:28:52Z</Time><Position><LatitudeDegrees>4.722399</LatitudeDegrees><LongitudeDegrees>-74.04613</LongitudeDegrees></Position><HeartRateBpm><Value>79</Value></HeartRateBpm><Cadence>44</Cadence></Trackpoint><Trackpoint><Time>2026-09-13T20:28:53Z</Time><Position><LatitudeDegrees>4.722399</LatitudeDegrees><LongitudeDegrees>-74.04613</LongitudeDegrees></Position><HeartRateBpm><Value>79</Value></HeartRateBpm><Cadence>43</Cadence></Trackpoint><Trackpoint><Time>2026-09-13T20:28:54Z</Time><Position><LatitudeDegrees>4.722399</LatitudeDegrees><LongitudeDegrees>-74.04613</LongitudeDegrees></Position><AltitudeMeters>2561.3</AltitudeMeters><HeartRateBpm><Value>79</Value></HeartRateBpm><Cadence>42</Cadence></Trackpoint><Trackpoint><Time>2026-09-13T20:28:55Z</Time><Position><LatitudeDegrees>4.722399</LatitudeDegrees><LongitudeDegrees>-74.04613</LongitudeDegrees></Position><HeartRateBpm><Value>78</Value></HeartRateBpm><Cadence>42</Cadence></Trackpoint><Trackpoint><Time>2026-09-13T20:28:56Z</Time><Position><LatitudeDegrees>4.722399</LatitudeDegrees><LongitudeDegrees>-74.04613</LongitudeDegrees></Position><HeartRateBpm><Value>78</Value></HeartRateBpm><Cadence>41</Cadence></Trackpoint><Trackpoint><Time>2026-09-13T20:28:57Z</Time><Position><LatitudeDegrees>4.722399</LatitudeDegrees><LongitudeDegrees>-74.04613</LongitudeDegrees></Position><HeartRateBpm><Value>78</Value></HeartRateBpm><Cadence>41</Cadence></Trackpoint><Trackpoint><Time>2026-09-13T20:28:58Z</Time><Position><LatitudeDegrees>4.722399</LatitudeDegrees><LongitudeDegrees>-74.04613</LongitudeDegrees></Position><HeartRateBpm><Value>78</Value></HeartRateBpm><Cadence>40</Cadence></Trackpoint><Trackpoint><Time>2026-09-13T20:28:59Z</Time><Position><LatitudeDegrees>4.722399</LatitudeDegrees><LongitudeDegrees>-74.04613</LongitudeDegrees></Position><AltitudeMeters>2561.3</AltitudeMeters><HeartRateBpm><Value>78</Value></HeartRateBpm><Cadence>40</Cadence></Trackpoint><Trackpoint><Time>2026-09-13T20:29:00Z</Time><Position><LatitudeDegrees>4.722399</LatitudeDegrees><LongitudeDegrees>-74.04613</LongitudeDegrees></Position><HeartRateBpm><Value>77</Value></HeartRateBpm><Cadence>40</Cadence></Trackpoint><Trackpoint><Time>2026-09-13T20:29:01Z</Time><Position><LatitudeDegrees>4.722399</LatitudeDegrees><LongitudeDegrees>-74.04613</LongitudeDegrees></Position><HeartRateBpm><Value>77</Value></HeartRateBpm><Cadence>40</Cadence></Trackpoint><Trackpoint><Time>2026-09-13T20:29:02Z</Time><Position><LatitudeDegrees>4.722399</LatitudeDegrees><LongitudeDegrees>-74.04613</LongitudeDegrees></Position><HeartRateBpm><Value>77</Value></HeartRateBpm><Cadence>40</Cadence></Trackpoint><Trackpoint><Time>2026-09-13T20:29:03Z</Time><Position><LatitudeDegrees>4.722399</LatitudeDegrees><LongitudeDegrees>-74.04613</LongitudeDegrees></Position><HeartRateBpm><Value>77</Value></HeartRateBpm><Cadence>41</Cadence></Trackpoint><Trackpoint><Time>2026-09-13T20:29:04Z</Time><Position><LatitudeDegrees>4.722399</LatitudeDegrees><LongitudeDegrees>-74.04613</LongitudeDegrees></Position><AltitudeMeters>2561.4</AltitudeMeters><HeartRateBpm><Value>77</Value></HeartRateBpm><Cadence>41</Cadence></Trackpoint><Trackpoint><Time>2026-09-13T20:29:05Z</Time><Position><LatitudeDegrees>4.722399</LatitudeDegrees><LongitudeDegrees>-74.04613</LongitudeDegrees></Position><HeartRateBpm><Value>76</Value></HeartRateBpm><Cadence>41</Cadence></Trackpoint><Trackpoint><Time>2026-09-13T20:29:06Z</Time><Position><LatitudeDegrees>4.722399</LatitudeDegrees><LongitudeDegrees>-74.04613</LongitudeDegrees></Position><HeartRateBpm><Value>76</Value></HeartRateBpm><Cadence>41</Cadence></Trackpoint><Trackpoint><Time>2026-09-13T20:29:07Z</Time><Position><LatitudeDegrees>4.722399</LatitudeDegrees><LongitudeDegrees>-74.04613</LongitudeDegrees></Position><HeartRateBpm><Value>76</Value></HeartRateBpm><Cadence>41</Cadence></Trackpoint><Trackpoint><Time>2026-09-13T20:29:08Z</Time><Position><LatitudeDegrees>4.722399</LatitudeDegrees><LongitudeDegrees>-74.04613</LongitudeDegrees></Position><HeartRateBpm><Value>76</Value></HeartRateBpm><Cadence>41</Cadence></Trackpoint><Trackpoint><Time>2026-09-13T20:29:09Z</Time><Position><LatitudeDegrees>4.722399</LatitudeDegrees><LongitudeDegrees>-74.04613</LongitudeDegrees></Position><AltitudeMeters>2561.4</AltitudeMeters><HeartRateBpm><Value>76</Value></HeartRateBpm><Cadence>41</Cadence></Trackpoint><Trackpoint><Time>2026-09-13T20:29:10Z</Time><Position><LatitudeDegrees>4.722399</LatitudeDegrees><LongitudeDegrees>-74.04613</LongitudeDegrees></Position><HeartRateBpm><Value>76</Value></HeartRateBpm><Cadence>41</Cadence></Trackpoint><Trackpoint><Time>2026-09-13T20:29:11Z</Time><Position><LatitudeDegrees>4.722399</LatitudeDegrees><LongitudeDegrees>-74.04613</LongitudeDegrees></Position><HeartRateBpm><Value>76</Value></HeartRateBpm><Cadence>42</Cadence></Trackpoint><Trackpoint><Time>2026-09-13T20:29:12Z</Time><Position><LatitudeDegrees>4.722399</LatitudeDegrees><LongitudeDegrees>-74.04613</LongitudeDegrees></Position><HeartRateBpm><Value>76</Value></HeartRateBpm><Cadence>42</Cadence></Trackpoint><Trackpoint><Time>2026-09-13T20:29:13Z</Time><Position><LatitudeDegrees>4.722399</LatitudeDegrees><LongitudeDegrees>-74.04613</LongitudeDegrees></Position><HeartRateBpm><Value>76</Value></HeartRateBpm><Cadence>42</Cadence></Trackpoint><Trackpoint><Time>2026-09-13T20:29:14Z</Time><Position><LatitudeDegrees>4.722399</LatitudeDegrees><LongitudeDegrees>-74.04613</LongitudeDegrees></Position><AltitudeMeters>2561.4</AltitudeMeters><HeartRateBpm><Value>77</Value></HeartRateBpm><Cadence>42</Cadence></Trackpoint><Trackpoint><Time>2026-09-13T20:29:15Z</Time><Position><LatitudeDegrees>4.722399</LatitudeDegrees><LongitudeDegrees>-74.04613</LongitudeDegrees></Position><HeartRateBpm><Value>77</Value></HeartRateBpm><Cadence>43</Cadence></Trackpoint><Trackpoint><Time>2026-09-13T20:29:16Z</Time><Position><LatitudeDegrees>4.722399</LatitudeDegrees><LongitudeDegrees>-74.04613</LongitudeDegrees></Position><HeartRateBpm><Value>77</Value></HeartRateBpm><Cadence>44</Cadence></Trackpoint><Trackpoint><Time>2026-09-13T20:29:17Z</Time><Position><LatitudeDegrees>4.722399</LatitudeDegrees><LongitudeDegrees>-74.04613</LongitudeDegrees></Position><HeartRateBpm><Value>78</Value></HeartRateBpm><Cadence>45</Cadence></Trackpoint><Trackpoint><Time>2026-09-13T20:29:18Z</Time><Position><LatitudeDegrees>4.722399</LatitudeDegrees><LongitudeDegrees>-74.04613</LongitudeDegrees></Position><HeartRateBpm><Value>78</Value></HeartRateBpm><Cadence>46</Cadence></Trackpoint><Trackpoint><Time>2026-09-13T20:29:19Z</Time><Position><LatitudeDegrees>4.722399</LatitudeDegrees><LongitudeDegrees>-74.04613</LongitudeDegrees></Position><AltitudeMeters>2561.4</AltitudeMeters><HeartRateBpm><Value>79</Value></HeartRateBpm><Cadence>47</Cadence></Trackpoint><Trackpoint><Time>2026-09-13T20:29:20Z</Time><Position><LatitudeDegrees>4.722399</LatitudeDegrees><LongitudeDegrees>-74.04613</LongitudeDegrees></Position><HeartRateBpm><Value>79</Value></HeartRateBpm><Cadence>47</Cadence></Trackpoint><Trackpoint><Time>2026-09-13T20:29:21Z</Time><Position><LatitudeDegrees>4.722399</LatitudeDegrees><LongitudeDegrees>-74.04613</LongitudeDegrees></Position><HeartRateBpm><Value>79</Value></HeartRateBpm><Cadence>47</Cadence></Trackpoint><Trackpoint><Time>2026-09-13T20:29:22Z</Time><Position><LatitudeDegrees>4.722399</LatitudeDegrees><LongitudeDegrees>-74.04613</LongitudeDegrees></Position><HeartRateBpm><Value>80</Value></HeartRateBpm><Cadence>47</Cadence></Trackpoint><Trackpoint><Time>2026-09-13T20:29:23Z</Time><Position><LatitudeDegrees>4.722399</LatitudeDegrees><LongitudeDegrees>-74.04613</LongitudeDegrees></Position><HeartRateBpm><Value>80</Value></HeartRateBpm><Cadence>47</Cadence></Trackpoint><Trackpoint><Time>2026-09-13T20:29:24Z</Time><Position><LatitudeDegrees>4.722399</LatitudeDegrees><LongitudeDegrees>-74.04613</LongitudeDegrees></Position><AltitudeMeters>2561.4</AltitudeMeters><HeartRateBpm><Value>81</Value></HeartRateBpm><Cadence>47</Cadence></Trackpoint><Trackpoint><Time>2026-09-13T20:29:25Z</Time><Position><LatitudeDegrees>4.722399</LatitudeDegrees><LongitudeDegrees>-74.04613</LongitudeDegrees></Position><HeartRateBpm><Value>81</Value></HeartRateBpm><Cadence>48</Cadence></Trackpoint><Trackpoint><Time>2026-09-13T20:29:26Z</Time><Position><LatitudeDegrees>4.722399</LatitudeDegrees><LongitudeDegrees>-74.04613</LongitudeDegrees></Position><HeartRateBpm><Value>81</Value></HeartRateBpm><Cadence>49</Cadence></Trackpoint><Trackpoint><Time>2026-09-13T20:29:27Z</Time><Position><LatitudeDegrees>4.722399</LatitudeDegrees><LongitudeDegrees>-74.04613</LongitudeDegrees></Position><HeartRateBpm><Value>81</Value></HeartRateBpm><Cadence>50</Cadence></Trackpoint><Trackpoint><Time>2026-09-13T20:29:28Z</Time><Position><LatitudeDegrees>4.722399</LatitudeDegrees><LongitudeDegrees>-74.04613</LongitudeDegrees></Position><HeartRateBpm><Value>81</Value></HeartRateBpm><Cadence>51</Cadence></Trackpoint><Trackpoint><Time>2026-09-13T20:29:29Z</Time><Position><LatitudeDegrees>4.722399</LatitudeDegrees><LongitudeDegrees>-74.04613</LongitudeDegrees></Position><AltitudeMeters>2561.5</AltitudeMeters><HeartRateBpm><Value>81</Value></HeartRateBpm><Cadence>52</Cadence></Trackpoint><Trackpoint><Time>2026-09-13T20:29:30Z</Time><Position><LatitudeDegrees>4.722399</LatitudeDegrees><LongitudeDegrees>-74.04613</LongitudeDegrees></Position><HeartRateBpm><Value>81</Value></HeartRateBpm><Cadence>51</Cadence></Trackpoint><Trackpoint><Time>2026-09-13T20:29:31Z</Time><Position><LatitudeDegrees>4.722399</LatitudeDegrees><LongitudeDegrees>-74.04613</LongitudeDegrees></Position><HeartRateBpm><Value>81</Value></HeartRateBpm><Cadence>51</Cadence></Trackpoint><Trackpoint><Time>2026-09-13T20:29:32Z</Time><Position><LatitudeDegrees>4.722399</LatitudeDegrees><LongitudeDegrees>-74.04613</LongitudeDegrees></Position><HeartRateBpm><Value>81</Value></HeartRateBpm><Cadence>51</Cadence></Trackpoint><Trackpoint><Time>2026-09-13T20:29:33Z</Time><Position><LatitudeDegrees>4.722399</LatitudeDegrees><LongitudeDegrees>-74.04613</LongitudeDegrees></Position><HeartRateBpm><Value>81</Value></HeartRateBpm><Cadence>51</Cadence></Trackpoint><Trackpoint><Time>2026-09-13T20:29:34Z</Time><Position><LatitudeDegrees>4.722399</LatitudeDegrees><LongitudeDegrees>-74.04613</LongitudeDegrees></Position><AltitudeMeters>2561.5</AltitudeMeters><HeartRateBpm><Value>81</Value></HeartRateBpm><Cadence>51</Cadence></Trackpoint><Trackpoint><Time>2026-09-13T20:29:35Z</Time><Position><LatitudeDegrees>4.722399</LatitudeDegrees><LongitudeDegrees>-74.04613</LongitudeDegrees></Position><HeartRateBpm><Value>81</Value></HeartRateBpm><Cadence>51</Cadence></Trackpoint><Trackpoint><Time>2026-09-13T20:29:36Z</Time><Position><LatitudeDegrees>4.722399</LatitudeDegrees><LongitudeDegrees>-74.04613</LongitudeDegrees></Position><HeartRateBpm><Value>81</Value></HeartRateBpm><Cadence>50</Cadence></Trackpoint><Trackpoint><Time>2026-09-13T20:29:37Z</Time><Position><LatitudeDegrees>4.722399</LatitudeDegrees><LongitudeDegrees>-74.04613</LongitudeDegrees></Position><HeartRateBpm><Value>81</Value></HeartRateBpm><Cadence>50</Cadence></Trackpoint><Trackpoint><Time>2026-09-13T20:29:38Z</Time><Position><LatitudeDegrees>4.722399</LatitudeDegrees><LongitudeDegrees>-74.04613</LongitudeDegrees></Position><HeartRateBpm><Value>81</Value></HeartRateBpm><Cadence>50</Cadence></Trackpoint><Trackpoint><Time>2026-09-13T20:29:39Z</Time><Position><LatitudeDegrees>4.722399</LatitudeDegrees><LongitudeDegrees>-74.04613</LongitudeDegrees></Position><AltitudeMeters>2561.5</AltitudeMeters><HeartRateBpm><Value>81</Value></HeartRateBpm><Cadence>50</Cadence></Trackpoint><Trackpoint><Time>2026-09-13T20:29:40Z</Time><Position><LatitudeDegrees>4.722399</LatitudeDegrees><LongitudeDegrees>-74.04613</LongitudeDegrees></Position><HeartRateBpm><Value>81</Value></HeartRateBpm><Cadence>50</Cadence></Trackpoint><Trackpoint><Time>2026-09-13T20:29:41Z</Time><Position><LatitudeDegrees>4.722399</LatitudeDegrees><LongitudeDegrees>-74.04613</LongitudeDegrees></Position><HeartRateBpm><Value>81</Value></HeartRateBpm><Cadence>50</Cadence></Trackpoint><Trackpoint><Time>2026-09-13T20:29:42Z</Time><Position><LatitudeDegrees>4.722399</LatitudeDegrees><LongitudeDegrees>-74.04613</LongitudeDegrees></Position><HeartRateBpm><Value>82</Value></HeartRateBpm><Cadence>49</Cadence></Trackpoint><Trackpoint><Time>2026-09-13T20:29:43Z</Time><Position><LatitudeDegrees>4.722399</LatitudeDegrees><LongitudeDegrees>-74.04613</LongitudeDegrees></Position><HeartRateBpm><Value>82</Value></HeartRateBpm><Cadence>49</Cadence></Trackpoint><Trackpoint><Time>2026-09-13T20:29:44Z</Time><Position><LatitudeDegrees>4.722399</LatitudeDegrees><LongitudeDegrees>-74.04613</LongitudeDegrees></Position><AltitudeMeters>2561.5</AltitudeMeters><HeartRateBpm><Value>83</Value></HeartRateBpm><Cadence>49</Cadence></Trackpoint><Trackpoint><Time>2026-09-13T20:29:45Z</Time><Position><LatitudeDegrees>4.722399</LatitudeDegrees><LongitudeDegrees>-74.04613</LongitudeDegrees></Position><HeartRateBpm><Value>83</Value></HeartRateBpm><Cadence>49</Cadence></Trackpoint><Trackpoint><Time>2026-09-13T20:29:46Z</Time><Position><LatitudeDegrees>4.722399</LatitudeDegrees><LongitudeDegrees>-74.04613</LongitudeDegrees></Position><HeartRateBpm><Value>83</Value></HeartRateBpm><Cadence>49</Cadence></Trackpoint><Trackpoint><Time>2026-09-13T20:29:47Z</Time><Position><LatitudeDegrees>4.722399</LatitudeDegrees><LongitudeDegrees>-74.04613</LongitudeDegrees></Position><HeartRateBpm><Value>83</Value></HeartRateBpm><Cadence>49</Cadence></Trackpoint><Trackpoint><Time>2026-09-13T20:29:48Z</Time><Position><LatitudeDegrees>4.722399</LatitudeDegrees><LongitudeDegrees>-74.04613</LongitudeDegrees></Position><HeartRateBpm><Value>83</Value></HeartRateBpm><Cadence>48</Cadence></Trackpoint><Trackpoint><Time>2026-09-13T20:29:49Z</Time><Position><LatitudeDegrees>4.722399</LatitudeDegrees><LongitudeDegrees>-74.04613</LongitudeDegrees></Position><HeartRateBpm><Value>83</Value></HeartRateBpm><Cadence>48</Cadence></Trackpoint><Trackpoint><Time>2026-09-13T20:29:50Z</Time><Position><LatitudeDegrees>4.722399</LatitudeDegrees><LongitudeDegrees>-74.04613</LongitudeDegrees></Position><AltitudeMeters>2561.5</AltitudeMeters><HeartRateBpm><Value>83</Value></HeartRateBpm><Cadence>48</Cadence></Trackpoint><Trackpoint><Time>2026-09-13T20:29:51Z</Time><Position><LatitudeDegrees>4.722399</LatitudeDegrees><LongitudeDegrees>-74.04613</LongitudeDegrees></Position><HeartRateBpm><Value>83</Value></HeartRateBpm><Cadence>48</Cadence></Trackpoint><Trackpoint><Time>2026-09-13T20:29:52Z</Time><Position><LatitudeDegrees>4.722399</LatitudeDegrees><LongitudeDegrees>-74.04613</LongitudeDegrees></Position><HeartRateBpm><Value>83</Value></HeartRateBpm><Cadence>48</Cadence></Trackpoint><Trackpoint><Time>2026-09-13T20:29:53Z</Time><Position><LatitudeDegrees>4.722399</LatitudeDegrees><LongitudeDegrees>-74.04613</LongitudeDegrees></Position><HeartRateBpm><Value>84</Value></HeartRateBpm><Cadence>48</Cadence></Trackpoint><Trackpoint><Time>2026-09-13T20:29:54Z</Time><Position><LatitudeDegrees>4.722399</LatitudeDegrees><LongitudeDegrees>-74.04613</LongitudeDegrees></Position><HeartRateBpm><Value>84</Value></HeartRateBpm><Cadence>47</Cadence></Trackpoint><Trackpoint><Time>2026-09-13T20:29:55Z</Time><Position><LatitudeDegrees>4.722399</LatitudeDegrees><LongitudeDegrees>-74.04613</LongitudeDegrees></Position><AltitudeMeters>2561.5</AltitudeMeters><HeartRateBpm><Value>85</Value></HeartRateBpm><Cadence>47</Cadence></Trackpoint><Trackpoint><Time>2026-09-13T20:29:56Z</Time><Position><LatitudeDegrees>4.722399</LatitudeDegrees><LongitudeDegrees>-74.04613</LongitudeDegrees></Position><HeartRateBpm><Value>84</Value></HeartRateBpm><Cadence>47</Cadence></Trackpoint><Trackpoint><Time>2026-09-13T20:29:57Z</Time><Position><LatitudeDegrees>4.722399</LatitudeDegrees><LongitudeDegrees>-74.04613</LongitudeDegrees></Position><HeartRateBpm><Value>84</Value></HeartRateBpm><Cadence>47</Cadence></Trackpoint><Trackpoint><Time>2026-09-13T20:29:58Z</Time><Position><LatitudeDegrees>4.722399</LatitudeDegrees><LongitudeDegrees>-74.04613</LongitudeDegrees></Position><HeartRateBpm><Value>83</Value></HeartRateBpm><Cadence>47</Cadence></Trackpoint><Trackpoint><Time>2026-09-13T20:29:59Z</Time><Position><LatitudeDegrees>4.722399</LatitudeDegrees><LongitudeDegrees>-74.04613</LongitudeDegrees></Position><HeartRateBpm><Value>83</Value></HeartRateBpm><Cadence>47</Cadence></Trackpoint><Trackpoint><Time>2026-09-13T20:30:00Z</Time><Position><LatitudeDegrees>4.722399</LatitudeDegrees><LongitudeDegrees>-74.04613</LongitudeDegrees></Position><AltitudeMeters>2561.5</AltitudeMeters><HeartRateBpm><Value>83</Value></HeartRateBpm><Cadence>47</Cadence></Trackpoint><Trackpoint><Time>2026-09-13T20:30:01Z</Time><Position><LatitudeDegrees>4.722399</LatitudeDegrees><LongitudeDegrees>-74.04613</LongitudeDegrees></Position><HeartRateBpm><Value>82</Value></HeartRateBpm><Cadence>47</Cadence></Trackpoint><Trackpoint><Time>2026-09-13T20:30:02Z</Time><Position><LatitudeDegrees>4.722399</LatitudeDegrees><LongitudeDegrees>-74.04613</LongitudeDegrees></Position><HeartRateBpm><Value>82</Value></HeartRateBpm><Cadence>48</Cadence></Trackpoint><Trackpoint><Time>2026-09-13T20:30:03Z</Time><Position><LatitudeDegrees>4.722399</LatitudeDegrees><LongitudeDegrees>-74.04613</LongitudeDegrees></Position><HeartRateBpm><Value>81</Value></HeartRateBpm><Cadence>49</Cadence></Trackpoint><Trackpoint><Time>2026-09-13T20:30:04Z</Time><Position><LatitudeDegrees>4.722399</LatitudeDegrees><LongitudeDegrees>-74.04613</LongitudeDegrees></Position><HeartRateBpm><Value>81</Value></HeartRateBpm><Cadence>50</Cadence></Trackpoint><Trackpoint><Time>2026-09-13T20:30:05Z</Time><Position><LatitudeDegrees>4.722399</LatitudeDegrees><LongitudeDegrees>-74.04613</LongitudeDegrees></Position><AltitudeMeters>2561.8</AltitudeMeters><HeartRateBpm><Value>81</Value></HeartRateBpm><Cadence>51</Cadence></Trackpoint><Trackpoint><Time>2026-09-13T20:30:06Z</Time><Position><LatitudeDegrees>4.722399</LatitudeDegrees><LongitudeDegrees>-74.04613</LongitudeDegrees></Position><HeartRateBpm><Value>81</Value></HeartRateBpm><Cadence>50</Cadence></Trackpoint><Trackpoint><Time>2026-09-13T20:30:07Z</Time><Position><LatitudeDegrees>4.722399</LatitudeDegrees><LongitudeDegrees>-74.04613</LongitudeDegrees></Position><HeartRateBpm><Value>81</Value></HeartRateBpm><Cadence>50</Cadence></Trackpoint><Trackpoint><Time>2026-09-13T20:30:08Z</Time><Position><LatitudeDegrees>4.722399</LatitudeDegrees><LongitudeDegrees>-74.04613</LongitudeDegrees></Position><HeartRateBpm><Value>81</Value></HeartRateBpm><Cadence>50</Cadence></Trackpoint><Trackpoint><Time>2026-09-13T20:30:09Z</Time><Position><LatitudeDegrees>4.722399</LatitudeDegrees><LongitudeDegrees>-74.04613</LongitudeDegrees></Position><HeartRateBpm><Value>81</Value></HeartRateBpm><Cadence>50</Cadence></Trackpoint><Trackpoint><Time>2026-09-13T20:30:10Z</Time><Position><LatitudeDegrees>4.722399</LatitudeDegrees><LongitudeDegrees>-74.04613</LongitudeDegrees></Position><AltitudeMeters>2561.9</AltitudeMeters><HeartRateBpm><Value>81</Value></HeartRateBpm><Cadence>50</Cadence></Trackpoint><Trackpoint><Time>2026-09-13T20:30:11Z</Time><Position><LatitudeDegrees>4.722399</LatitudeDegrees><LongitudeDegrees>-74.04613</LongitudeDegrees></Position><HeartRateBpm><Value>81</Value></HeartRateBpm><Cadence>49</Cadence></Trackpoint><Trackpoint><Time>2026-09-13T20:30:12Z</Time><Position><LatitudeDegrees>4.722399</LatitudeDegrees><LongitudeDegrees>-74.04613</LongitudeDegrees></Position><HeartRateBpm><Value>81</Value></HeartRateBpm><Cadence>49</Cadence></Trackpoint><Trackpoint><Time>2026-09-13T20:30:13Z</Time><Position><LatitudeDegrees>4.722399</LatitudeDegrees><LongitudeDegrees>-74.04613</LongitudeDegrees></Position><HeartRateBpm><Value>81</Value></HeartRateBpm><Cadence>49</Cadence></Trackpoint><Trackpoint><Time>2026-09-13T20:30:14Z</Time><Position><LatitudeDegrees>4.722399</LatitudeDegrees><LongitudeDegrees>-74.04613</LongitudeDegrees></Position><HeartRateBpm><Value>81</Value></HeartRateBpm><Cadence>49</Cadence></Trackpoint><Trackpoint><Time>2026-09-13T20:30:15Z</Time><Position><LatitudeDegrees>4.722399</LatitudeDegrees><LongitudeDegrees>-74.04613</LongitudeDegrees></Position><AltitudeMeters>2562.0</AltitudeMeters><HeartRateBpm><Value>81</Value></HeartRateBpm><Cadence>49</Cadence></Trackpoint><Trackpoint><Time>2026-09-13T20:30:16Z</Time><Position><LatitudeDegrees>4.722399</LatitudeDegrees><LongitudeDegrees>-74.04613</LongitudeDegrees></Position><HeartRateBpm><Value>81</Value></HeartRateBpm><Cadence>49</Cadence></Trackpoint><Trackpoint><Time>2026-09-13T20:30:17Z</Time><Position><LatitudeDegrees>4.722399</LatitudeDegrees><LongitudeDegrees>-74.04613</LongitudeDegrees></Position><HeartRateBpm><Value>81</Value></HeartRateBpm><Cadence>48</Cadence></Trackpoint><Trackpoint><Time>2026-09-13T20:30:18Z</Time><Position><LatitudeDegrees>4.722399</LatitudeDegrees><LongitudeDegrees>-74.04613</LongitudeDegrees></Position><HeartRateBpm><Value>81</Value></HeartRateBpm><Cadence>48</Cadence></Trackpoint><Trackpoint><Time>2026-09-13T20:30:19Z</Time><Position><LatitudeDegrees>4.722399</LatitudeDegrees><LongitudeDegrees>-74.04613</LongitudeDegrees></Position><HeartRateBpm><Value>81</Value></HeartRateBpm><Cadence>48</Cadence></Trackpoint><Trackpoint><Time>2026-09-13T20:30:20Z</Time><Position><LatitudeDegrees>4.722399</LatitudeDegrees><LongitudeDegrees>-74.04613</LongitudeDegrees></Position><AltitudeMeters>2562.0</AltitudeMeters><HeartRateBpm><Value>81</Value></HeartRateBpm><Cadence>48</Cadence></Trackpoint><Trackpoint><Time>2026-09-13T20:30:21Z</Time><Position><LatitudeDegrees>4.722399</LatitudeDegrees><LongitudeDegrees>-74.04613</LongitudeDegrees></Position><HeartRateBpm><Value>81</Value></HeartRateBpm><Cadence>48</Cadence></Trackpoint><Trackpoint><Time>2026-09-13T20:30:22Z</Time><Position><LatitudeDegrees>4.722399</LatitudeDegrees><LongitudeDegrees>-74.04613</LongitudeDegrees></Position><HeartRateBpm><Value>81</Value></HeartRateBpm><Cadence>48</Cadence></Trackpoint><Trackpoint><Time>2026-09-13T20:30:23Z</Time><Position><LatitudeDegrees>4.722399</LatitudeDegrees><LongitudeDegrees>-74.04613</LongitudeDegrees></Position><HeartRateBpm><Value>81</Value></HeartRateBpm><Cadence>47</Cadence></Trackpoint><Trackpoint><Time>2026-09-13T20:30:24Z</Time><Position><LatitudeDegrees>4.722399</LatitudeDegrees><LongitudeDegrees>-74.04613</LongitudeDegrees></Position><HeartRateBpm><Value>81</Value></HeartRateBpm><Cadence>47</Cadence></Trackpoint><Trackpoint><Time>2026-09-13T20:30:25Z</Time><Position><LatitudeDegrees>4.722399</LatitudeDegrees><LongitudeDegrees>-74.04613</LongitudeDegrees></Position><AltitudeMeters>2562.0</AltitudeMeters><HeartRateBpm><Value>81</Value></HeartRateBpm><Cadence>47</Cadence></Trackpoint><Trackpoint><Time>2026-09-13T20:30:26Z</Time><Position><LatitudeDegrees>4.722399</LatitudeDegrees><LongitudeDegrees>-74.04613</LongitudeDegrees></Position><HeartRateBpm><Value>80</Value></HeartRateBpm><Cadence>47</Cadence></Trackpoint><Trackpoint><Time>2026-09-13T20:30:27Z</Time><Position><LatitudeDegrees>4.722399</LatitudeDegrees><LongitudeDegrees>-74.04613</LongitudeDegrees></Position><HeartRateBpm><Value>80</Value></HeartRateBpm><Cadence>47</Cadence></Trackpoint><Trackpoint><Time>2026-09-13T20:30:28Z</Time><Position><LatitudeDegrees>4.722399</LatitudeDegrees><LongitudeDegrees>-74.04613</LongitudeDegrees></Position><HeartRateBpm><Value>79</Value></HeartRateBpm><Cadence>47</Cadence></Trackpoint><Trackpoint><Time>2026-09-13T20:30:29Z</Time><Position><LatitudeDegrees>4.722399</LatitudeDegrees><LongitudeDegrees>-74.04613</LongitudeDegrees></Position><HeartRateBpm><Value>79</Value></HeartRateBpm><Cadence>46</Cadence></Trackpoint><Trackpoint><Time>2026-09-13T20:30:30Z</Time><Position><LatitudeDegrees>4.722399</LatitudeDegrees><LongitudeDegrees>-74.04613</LongitudeDegrees></Position><AltitudeMeters>2561.9</AltitudeMeters><HeartRateBpm><Value>79</Value></HeartRateBpm><Cadence>46</Cadence></Trackpoint><Trackpoint><Time>2026-09-13T20:30:31Z</Time><Position><LatitudeDegrees>4.722399</LatitudeDegrees><LongitudeDegrees>-74.04613</LongitudeDegrees></Position><HeartRateBpm><Value>78</Value></HeartRateBpm><Cadence>46</Cadence></Trackpoint><Trackpoint><Time>2026-09-13T20:30:32Z</Time><Position><LatitudeDegrees>4.722399</LatitudeDegrees><LongitudeDegrees>-74.04613</LongitudeDegrees></Position><HeartRateBpm><Value>78</Value></HeartRateBpm><Cadence>46</Cadence></Trackpoint><Trackpoint><Time>2026-09-13T20:30:33Z</Time><Position><LatitudeDegrees>4.722399</LatitudeDegrees><LongitudeDegrees>-74.04613</LongitudeDegrees></Position><HeartRateBpm><Value>78</Value></HeartRateBpm><Cadence>46</Cadence></Trackpoint><Trackpoint><Time>2026-09-13T20:30:34Z</Time><Position><LatitudeDegrees>4.722399</LatitudeDegrees><LongitudeDegrees>-74.04613</LongitudeDegrees></Position><HeartRateBpm><Value>78</Value></HeartRateBpm><Cadence>46</Cadence></Trackpoint><Trackpoint><Time>2026-09-13T20:30:35Z</Time><Position><LatitudeDegrees>4.722399</LatitudeDegrees><LongitudeDegrees>-74.04613</LongitudeDegrees></Position><AltitudeMeters>2561.9</AltitudeMeters><HeartRateBpm><Value>78</Value></HeartRateBpm><Cadence>45</Cadence></Trackpoint><Trackpoint><Time>2026-09-13T20:30:36Z</Time><Position><LatitudeDegrees>4.722399</LatitudeDegrees><LongitudeDegrees>-74.04613</LongitudeDegrees></Position><HeartRateBpm><Value>77</Value></HeartRateBpm><Cadence>45</Cadence></Trackpoint><Trackpoint><Time>2026-09-13T20:30:37Z</Time><Position><LatitudeDegrees>4.722399</LatitudeDegrees><LongitudeDegrees>-74.04613</LongitudeDegrees></Position><HeartRateBpm><Value>77</Value></HeartRateBpm><Cadence>45</Cadence></Trackpoint><Trackpoint><Time>2026-09-13T20:30:38Z</Time><Position><LatitudeDegrees>4.722399</LatitudeDegrees><LongitudeDegrees>-74.04613</LongitudeDegrees></Position><HeartRateBpm><Value>77</Value></HeartRateBpm><Cadence>45</Cadence></Trackpoint><Trackpoint><Time>2026-09-13T20:30:39Z</Time><Position><LatitudeDegrees>4.722399</LatitudeDegrees><LongitudeDegrees>-74.04613</LongitudeDegrees></Position><HeartRateBpm><Value>77</Value></HeartRateBpm><Cadence>45</Cadence></Trackpoint><Trackpoint><Time>2026-09-13T20:30:40Z</Time><Position><LatitudeDegrees>4.722399</LatitudeDegrees><LongitudeDegrees>-74.04613</LongitudeDegrees></Position><AltitudeMeters>2561.9</AltitudeMeters><HeartRateBpm><Value>77</Value></HeartRateBpm><Cadence>45</Cadence></Trackpoint><Trackpoint><Time>2026-09-13T20:30:41Z</Time><Position><LatitudeDegrees>4.722399</LatitudeDegrees><LongitudeDegrees>-74.04613</LongitudeDegrees></Position><HeartRateBpm><Value>77</Value></HeartRateBpm><Cadence>44</Cadence></Trackpoint><Trackpoint><Time>2026-09-13T20:30:42Z</Time><Position><LatitudeDegrees>4.722399</LatitudeDegrees><LongitudeDegrees>-74.04613</LongitudeDegrees></Position><HeartRateBpm><Value>77</Value></HeartRateBpm><Cadence>44</Cadence></Trackpoint><Trackpoint><Time>2026-09-13T20:30:43Z</Time><Position><LatitudeDegrees>4.722399</LatitudeDegrees><LongitudeDegrees>-74.04613</LongitudeDegrees></Position><HeartRateBpm><Value>77</Value></HeartRateBpm><Cadence>44</Cadence></Trackpoint><Trackpoint><Time>2026-09-13T20:30:44Z</Time><Position><LatitudeDegrees>4.722399</LatitudeDegrees><LongitudeDegrees>-74.04613</LongitudeDegrees></Position><HeartRateBpm><Value>77</Value></HeartRateBpm><Cadence>44</Cadence></Trackpoint><Trackpoint><Time>2026-09-13T20:30:45Z</Time><Position><LatitudeDegrees>4.722399</LatitudeDegrees><LongitudeDegrees>-74.04613</LongitudeDegrees></Position><AltitudeMeters>2561.9</AltitudeMeters><HeartRateBpm><Value>77</Value></HeartRateBpm><Cadence>44</Cadence></Trackpoint><Trackpoint><Time>2026-09-13T20:30:46Z</Time><Position><LatitudeDegrees>4.722399</LatitudeDegrees><LongitudeDegrees>-74.04613</LongitudeDegrees></Position><HeartRateBpm><Value>77</Value></HeartRateBpm><Cadence>44</Cadence></Trackpoint><Trackpoint><Time>2026-09-13T20:30:47Z</Time><Position><LatitudeDegrees>4.722399</LatitudeDegrees><LongitudeDegrees>-74.04613</LongitudeDegrees></Position><HeartRateBpm><Value>77</Value></HeartRateBpm><Cadence>43</Cadence></Trackpoint><Trackpoint><Time>2026-09-13T20:30:48Z</Time><Position><LatitudeDegrees>4.722399</LatitudeDegrees><LongitudeDegrees>-74.04613</LongitudeDegrees></Position><HeartRateBpm><Value>77</Value></HeartRateBpm><Cadence>43</Cadence></Trackpoint><Trackpoint><Time>2026-09-13T20:30:49Z</Time><Position><LatitudeDegrees>4.722399</LatitudeDegrees><LongitudeDegrees>-74.04613</LongitudeDegrees></Position><HeartRateBpm><Value>77</Value></HeartRateBpm><Cadence>43</Cadence></Trackpoint><Trackpoint><Time>2026-09-13T20:30:50Z</Time><Position><LatitudeDegrees>4.722399</LatitudeDegrees><LongitudeDegrees>-74.04613</LongitudeDegrees></Position><AltitudeMeters>2561.7</AltitudeMeters><HeartRateBpm><Value>77</Value></HeartRateBpm><Cadence>43</Cadence></Trackpoint><Trackpoint><Time>2026-09-13T20:30:51Z</Time><Position><LatitudeDegrees>4.722399</LatitudeDegrees><LongitudeDegrees>-74.04613</LongitudeDegrees></Position><HeartRateBpm><Value>77</Value></HeartRateBpm><Cadence>43</Cadence></Trackpoint><Trackpoint><Time>2026-09-13T20:30:52Z</Time><Position><LatitudeDegrees>4.722399</LatitudeDegrees><LongitudeDegrees>-74.04613</LongitudeDegrees></Position><HeartRateBpm><Value>77</Value></HeartRateBpm><Cadence>43</Cadence></Trackpoint><Trackpoint><Time>2026-09-13T20:30:53Z</Time><Position><LatitudeDegrees>4.722399</LatitudeDegrees><LongitudeDegrees>-74.04613</LongitudeDegrees></Position><HeartRateBpm><Value>77</Value></HeartRateBpm><Cadence>42</Cadence></Trackpoint><Trackpoint><Time>2026-09-13T20:30:54Z</Time><Position><LatitudeDegrees>4.722399</LatitudeDegrees><LongitudeDegrees>-74.04613</LongitudeDegrees></Position><HeartRateBpm><Value>77</Value></HeartRateBpm><Cadence>42</Cadence></Trackpoint><Trackpoint><Time>2026-09-13T20:30:55Z</Time><Position><LatitudeDegrees>4.722399</LatitudeDegrees><LongitudeDegrees>-74.04613</LongitudeDegrees></Position><AltitudeMeters>2561.6</AltitudeMeters><HeartRateBpm><Value>78</Value></HeartRateBpm><Cadence>42</Cadence></Trackpoint><Trackpoint><Time>2026-09-13T20:30:56Z</Time><Position><LatitudeDegrees>4.722399</LatitudeDegrees><LongitudeDegrees>-74.04613</LongitudeDegrees></Position><HeartRateBpm><Value>78</Value></HeartRateBpm><Cadence>36</Cadence></Trackpoint><Trackpoint><Time>2026-09-13T20:30:57Z</Time><Position><LatitudeDegrees>4.722399</LatitudeDegrees><LongitudeDegrees>-74.04613</LongitudeDegrees></Position><HeartRateBpm><Value>78</Value></HeartRateBpm><Cadence>29</Cadence></Trackpoint><Trackpoint><Time>2026-09-13T20:30:58Z</Time><Position><LatitudeDegrees>4.722399</LatitudeDegrees><LongitudeDegrees>-74.04613</LongitudeDegrees></Position><HeartRateBpm><Value>79</Value></HeartRateBpm><Cadence>23</Cadence></Trackpoint><Trackpoint><Time>2026-09-13T20:30:59Z</Time><Position><LatitudeDegrees>4.722399</LatitudeDegrees><LongitudeDegrees>-74.04613</LongitudeDegrees></Position><HeartRateBpm><Value>79</Value></HeartRateBpm><Cadence>16</Cadence></Trackpoint><Trackpoint><Time>2026-09-13T20:31:00Z</Time><Position><LatitudeDegrees>4.722399</LatitudeDegrees><LongitudeDegrees>-74.04613</LongitudeDegrees></Position><AltitudeMeters>2561.4</AltitudeMeters><HeartRateBpm><Value>80</Value></HeartRateBpm><Cadence>10</Cadence></Trackpoint><Trackpoint><Time>2026-09-13T20:31:01Z</Time><Position><LatitudeDegrees>4.722399</LatitudeDegrees><LongitudeDegrees>-74.04613</LongitudeDegrees></Position><HeartRateBpm><Value>79</Value></HeartRateBpm><Cadence>12</Cadence></Trackpoint><Trackpoint><Time>2026-09-13T20:31:02Z</Time><Position><LatitudeDegrees>4.722399</LatitudeDegrees><LongitudeDegrees>-74.04613</LongitudeDegrees></Position><HeartRateBpm><Value>79</Value></HeartRateBpm><Cadence>15</Cadence></Trackpoint><Trackpoint><Time>2026-09-13T20:31:03Z</Time><Position><LatitudeDegrees>4.722399</LatitudeDegrees><LongitudeDegrees>-74.04613</LongitudeDegrees></Position><HeartRateBpm><Value>79</Value></HeartRateBpm><Cadence>17</Cadence></Trackpoint><Trackpoint><Time>2026-09-13T20:31:04Z</Time><Position><LatitudeDegrees>4.722399</LatitudeDegrees><LongitudeDegrees>-74.04613</LongitudeDegrees></Position><HeartRateBpm><Value>79</Value></HeartRateBpm><Cadence>19</Cadence></Trackpoint><Trackpoint><Time>2026-09-13T20:31:05Z</Time><Position><LatitudeDegrees>4.722399</LatitudeDegrees><LongitudeDegrees>-74.04613</LongitudeDegrees></Position><AltitudeMeters>2561.5</AltitudeMeters><HeartRateBpm><Value>79</Value></HeartRateBpm><Cadence>21</Cadence></Trackpoint><Trackpoint><Time>2026-09-13T20:31:06Z</Time><Position><LatitudeDegrees>4.722399</LatitudeDegrees><LongitudeDegrees>-74.04613</LongitudeDegrees></Position><HeartRateBpm><Value>78</Value></HeartRateBpm><Cadence>24</Cadence></Trackpoint><Trackpoint><Time>2026-09-13T20:31:07Z</Time><Position><LatitudeDegrees>4.722399</LatitudeDegrees><LongitudeDegrees>-74.04613</LongitudeDegrees></Position><HeartRateBpm><Value>78</Value></HeartRateBpm><Cadence>26</Cadence></Trackpoint><Trackpoint><Time>2026-09-13T20:31:08Z</Time><Position><LatitudeDegrees>4.722399</LatitudeDegrees><LongitudeDegrees>-74.04613</LongitudeDegrees></Position><HeartRateBpm><Value>78</Value></HeartRateBpm><Cadence>28</Cadence></Trackpoint><Trackpoint><Time>2026-09-13T20:31:09Z</Time><Position><LatitudeDegrees>4.722399</LatitudeDegrees><LongitudeDegrees>-74.04613</LongitudeDegrees></Position><HeartRateBpm><Value>78</Value></HeartRateBpm><Cadence>30</Cadence></Trackpoint><Trackpoint><Time>2026-09-13T20:31:10Z</Time><Position><LatitudeDegrees>4.722399</LatitudeDegrees><LongitudeDegrees>-74.04613</LongitudeDegrees></Position><AltitudeMeters>2561.6</AltitudeMeters><HeartRateBpm><Value>78</Value></HeartRateBpm><Cadence>33</Cadence></Trackpoint><Trackpoint><Time>2026-09-13T20:31:11Z</Time><Position><LatitudeDegrees>4.722399</LatitudeDegrees><LongitudeDegrees>-74.04613</LongitudeDegrees></Position><HeartRateBpm><Value>78</Value></HeartRateBpm><Cadence>35</Cadence></Trackpoint><Trackpoint><Time>2026-09-13T20:31:12Z</Time><Position><LatitudeDegrees>4.722399</LatitudeDegrees><LongitudeDegrees>-74.04613</LongitudeDegrees></Position><HeartRateBpm><Value>78</Value></HeartRateBpm><Cadence>37</Cadence></Trackpoint><Trackpoint><Time>2026-09-13T20:31:13Z</Time><Position><LatitudeDegrees>4.722399</LatitudeDegrees><LongitudeDegrees>-74.04613</LongitudeDegrees></Position><HeartRateBpm><Value>78</Value></HeartRateBpm><Cadence>39</Cadence></Trackpoint><Trackpoint><Time>2026-09-13T20:31:14Z</Time><Position><LatitudeDegrees>4.722399</LatitudeDegrees><LongitudeDegrees>-74.04613</LongitudeDegrees></Position><HeartRateBpm><Value>78</Value></HeartRateBpm><Cadence>42</Cadence></Trackpoint><Trackpoint><Time>2026-09-13T20:31:15Z</Time><Position><LatitudeDegrees>4.722399</LatitudeDegrees><LongitudeDegrees>-74.04613</LongitudeDegrees></Position><AltitudeMeters>2561.7</AltitudeMeters><HeartRateBpm><Value>78</Value></HeartRateBpm><Cadence>44</Cadence></Trackpoint><Trackpoint><Time>2026-09-13T20:31:16Z</Time><Position><LatitudeDegrees>4.722399</LatitudeDegrees><LongitudeDegrees>-74.04613</LongitudeDegrees></Position><HeartRateBpm><Value>78</Value></HeartRateBpm><Cadence>44</Cadence></Trackpoint><Trackpoint><Time>2026-09-13T20:31:17Z</Time><Position><LatitudeDegrees>4.722399</LatitudeDegrees><LongitudeDegrees>-74.04613</LongitudeDegrees></Position><HeartRateBpm><Value>78</Value></HeartRateBpm><Cadence>44</Cadence></Trackpoint><Trackpoint><Time>2026-09-13T20:31:18Z</Time><Position><LatitudeDegrees>4.722399</LatitudeDegrees><LongitudeDegrees>-74.04613</LongitudeDegrees></Position><HeartRateBpm><Value>78</Value></HeartRateBpm><Cadence>44</Cadence></Trackpoint><Trackpoint><Time>2026-09-13T20:31:19Z</Time><Position><LatitudeDegrees>4.722399</LatitudeDegrees><LongitudeDegrees>-74.04613</LongitudeDegrees></Position><HeartRateBpm><Value>78</Value></HeartRateBpm><Cadence>44</Cadence></Trackpoint><Trackpoint><Time>2026-09-13T20:31:20Z</Time><Position><LatitudeDegrees>4.722399</LatitudeDegrees><LongitudeDegrees>-74.04613</LongitudeDegrees></Position><AltitudeMeters>2561.6</AltitudeMeters><HeartRateBpm><Value>79</Value></HeartRateBpm><Cadence>45</Cadence></Trackpoint><Trackpoint><Time>2026-09-13T20:31:21Z</Time><Position><LatitudeDegrees>4.722399</LatitudeDegrees><LongitudeDegrees>-74.04613</LongitudeDegrees></Position><HeartRateBpm><Value>79</Value></HeartRateBpm><Cadence>44</Cadence></Trackpoint><Trackpoint><Time>2026-09-13T20:31:22Z</Time><Position><LatitudeDegrees>4.722399</LatitudeDegrees><LongitudeDegrees>-74.04613</LongitudeDegrees></Position><HeartRateBpm><Value>79</Value></HeartRateBpm><Cadence>44</Cadence></Trackpoint><Trackpoint><Time>2026-09-13T20:31:23Z</Time><Position><LatitudeDegrees>4.722399</LatitudeDegrees><LongitudeDegrees>-74.04613</LongitudeDegrees></Position><HeartRateBpm><Value>79</Value></HeartRateBpm><Cadence>43</Cadence></Trackpoint><Trackpoint><Time>2026-09-13T20:31:24Z</Time><Position><LatitudeDegrees>4.722399</LatitudeDegrees><LongitudeDegrees>-74.04613</LongitudeDegrees></Position><HeartRateBpm><Value>79</Value></HeartRateBpm><Cadence>43</Cadence></Trackpoint><Trackpoint><Time>2026-09-13T20:31:25Z</Time><Position><LatitudeDegrees>4.722399</LatitudeDegrees><LongitudeDegrees>-74.04613</LongitudeDegrees></Position><AltitudeMeters>2561.6</AltitudeMeters><HeartRateBpm><Value>80</Value></HeartRateBpm><Cadence>42</Cadence></Trackpoint><Trackpoint><Time>2026-09-13T20:31:26Z</Time><Position><LatitudeDegrees>4.722399</LatitudeDegrees><LongitudeDegrees>-74.04613</LongitudeDegrees></Position><HeartRateBpm><Value>80</Value></HeartRateBpm><Cadence>42</Cadence></Trackpoint><Trackpoint><Time>2026-09-13T20:31:27Z</Time><Position><LatitudeDegrees>4.722399</LatitudeDegrees><LongitudeDegrees>-74.04613</LongitudeDegrees></Position><HeartRateBpm><Value>80</Value></HeartRateBpm><Cadence>42</Cadence></Trackpoint><Trackpoint><Time>2026-09-13T20:31:28Z</Time><Position><LatitudeDegrees>4.722399</LatitudeDegrees><LongitudeDegrees>-74.04613</LongitudeDegrees></Position><HeartRateBpm><Value>80</Value></HeartRateBpm><Cadence>42</Cadence></Trackpoint><Trackpoint><Time>2026-09-13T20:31:29Z</Time><Position><LatitudeDegrees>4.722399</LatitudeDegrees><LongitudeDegrees>-74.04613</LongitudeDegrees></Position><HeartRateBpm><Value>80</Value></HeartRateBpm><Cadence>42</Cadence></Trackpoint><Trackpoint><Time>2026-09-13T20:31:30Z</Time><Position><LatitudeDegrees>4.722399</LatitudeDegrees><LongitudeDegrees>-74.04613</LongitudeDegrees></Position><AltitudeMeters>2561.5</AltitudeMeters><HeartRateBpm><Value>81</Value></HeartRateBpm><Cadence>42</Cadence></Trackpoint><Trackpoint><Time>2026-09-13T20:31:31Z</Time><Position><LatitudeDegrees>4.722399</LatitudeDegrees><LongitudeDegrees>-74.04613</LongitudeDegrees></Position><HeartRateBpm><Value>81</Value></HeartRateBpm><Cadence>41</Cadence></Trackpoint><Trackpoint><Time>2026-09-13T20:31:32Z</Time><Position><LatitudeDegrees>4.722399</LatitudeDegrees><LongitudeDegrees>-74.04613</LongitudeDegrees></Position><HeartRateBpm><Value>81</Value></HeartRateBpm><Cadence>41</Cadence></Trackpoint><Trackpoint><Time>2026-09-13T20:31:33Z</Time><Position><LatitudeDegrees>4.722399</LatitudeDegrees><LongitudeDegrees>-74.04613</LongitudeDegrees></Position><HeartRateBpm><Value>81</Value></HeartRateBpm><Cadence>41</Cadence></Trackpoint><Trackpoint><Time>2026-09-13T20:31:34Z</Time><Position><LatitudeDegrees>4.722399</LatitudeDegrees><LongitudeDegrees>-74.04613</LongitudeDegrees></Position><HeartRateBpm><Value>81</Value></HeartRateBpm><Cadence>40</Cadence></Trackpoint><Trackpoint><Time>2026-09-13T20:31:35Z</Time><Position><LatitudeDegrees>4.722399</LatitudeDegrees><LongitudeDegrees>-74.04613</LongitudeDegrees></Position><AltitudeMeters>2561.5</AltitudeMeters><HeartRateBpm><Value>82</Value></HeartRateBpm><Cadence>40</Cadence></Trackpoint><Trackpoint><Time>2026-09-13T20:31:36Z</Time><Position><LatitudeDegrees>4.722399</LatitudeDegrees><LongitudeDegrees>-74.04613</LongitudeDegrees></Position><HeartRateBpm><Value>82</Value></HeartRateBpm><Cadence>41</Cadence></Trackpoint><Trackpoint><Time>2026-09-13T20:31:37Z</Time><Position><LatitudeDegrees>4.722399</LatitudeDegrees><LongitudeDegrees>-74.04613</LongitudeDegrees></Position><HeartRateBpm><Value>82</Value></HeartRateBpm><Cadence>41</Cadence></Trackpoint><Trackpoint><Time>2026-09-13T20:31:38Z</Time><Position><LatitudeDegrees>4.722399</LatitudeDegrees><LongitudeDegrees>-74.04613</LongitudeDegrees></Position><HeartRateBpm><Value>82</Value></HeartRateBpm><Cadence>42</Cadence></Trackpoint><Trackpoint><Time>2026-09-13T20:31:39Z</Time><Position><LatitudeDegrees>4.722399</LatitudeDegrees><LongitudeDegrees>-74.04613</LongitudeDegrees></Position><HeartRateBpm><Value>82</Value></HeartRateBpm><Cadence>43</Cadence></Trackpoint><Trackpoint><Time>2026-09-13T20:31:40Z</Time><Position><LatitudeDegrees>4.722399</LatitudeDegrees><LongitudeDegrees>-74.04613</LongitudeDegrees></Position><AltitudeMeters>2561.5</AltitudeMeters><HeartRateBpm><Value>82</Value></HeartRateBpm><Cadence>44</Cadence></Trackpoint><Trackpoint><Time>2026-09-13T20:31:41Z</Time><Position><LatitudeDegrees>4.722399</LatitudeDegrees><LongitudeDegrees>-74.04613</LongitudeDegrees></Position><HeartRateBpm><Value>82</Value></HeartRateBpm><Cadence>44</Cadence></Trackpoint><Trackpoint><Time>2026-09-13T20:31:42Z</Time><Position><LatitudeDegrees>4.722399</LatitudeDegrees><LongitudeDegrees>-74.04613</LongitudeDegrees></Position><HeartRateBpm><Value>82</Value></HeartRateBpm><Cadence>45</Cadence></Trackpoint><Trackpoint><Time>2026-09-13T20:31:43Z</Time><Position><LatitudeDegrees>4.722399</LatitudeDegrees><LongitudeDegrees>-74.04613</LongitudeDegrees></Position><HeartRateBpm><Value>82</Value></HeartRateBpm><Cadence>46</Cadence></Trackpoint><Trackpoint><Time>2026-09-13T20:31:44Z</Time><Position><LatitudeDegrees>4.722399</LatitudeDegrees><LongitudeDegrees>-74.04613</LongitudeDegrees></Position><HeartRateBpm><Value>82</Value></HeartRateBpm><Cadence>47</Cadence></Trackpoint><Trackpoint><Time>2026-09-13T20:31:45Z</Time><Position><LatitudeDegrees>4.722399</LatitudeDegrees><LongitudeDegrees>-74.04613</LongitudeDegrees></Position><AltitudeMeters>2561.4</AltitudeMeters><HeartRateBpm><Value>83</Value></HeartRateBpm><Cadence>48</Cadence></Trackpoint><Trackpoint><Time>2026-09-13T20:31:46Z</Time><Position><LatitudeDegrees>4.722399</LatitudeDegrees><LongitudeDegrees>-74.04613</LongitudeDegrees></Position><HeartRateBpm><Value>83</Value></HeartRateBpm><Cadence>48</Cadence></Trackpoint><Trackpoint><Time>2026-09-13T20:31:47Z</Time><Position><LatitudeDegrees>4.722399</LatitudeDegrees><LongitudeDegrees>-74.04613</LongitudeDegrees></Position><HeartRateBpm><Value>83</Value></HeartRateBpm><Cadence>48</Cadence></Trackpoint><Trackpoint><Time>2026-09-13T20:31:48Z</Time><Position><LatitudeDegrees>4.722399</LatitudeDegrees><LongitudeDegrees>-74.04613</LongitudeDegrees></Position><HeartRateBpm><Value>84</Value></HeartRateBpm><Cadence>47</Cadence></Trackpoint><Trackpoint><Time>2026-09-13T20:31:49Z</Time><Position><LatitudeDegrees>4.722399</LatitudeDegrees><LongitudeDegrees>-74.04613</LongitudeDegrees></Position><HeartRateBpm><Value>84</Value></HeartRateBpm><Cadence>47</Cadence></Trackpoint><Trackpoint><Time>2026-09-13T20:31:50Z</Time><Position><LatitudeDegrees>4.722399</LatitudeDegrees><LongitudeDegrees>-74.04613</LongitudeDegrees></Position><AltitudeMeters>2561.4</AltitudeMeters><HeartRateBpm><Value>85</Value></HeartRateBpm><Cadence>47</Cadence></Trackpoint><Trackpoint><Time>2026-09-13T20:31:51Z</Time><Position><LatitudeDegrees>4.722399</LatitudeDegrees><LongitudeDegrees>-74.04613</LongitudeDegrees></Position><HeartRateBpm><Value>85</Value></HeartRateBpm><Cadence>47</Cadence></Trackpoint><Trackpoint><Time>2026-09-13T20:31:52Z</Time><Position><LatitudeDegrees>4.722399</LatitudeDegrees><LongitudeDegrees>-74.04613</LongitudeDegrees></Position><HeartRateBpm><Value>85</Value></HeartRateBpm><Cadence>46</Cadence></Trackpoint><Trackpoint><Time>2026-09-13T20:31:53Z</Time><Position><LatitudeDegrees>4.722399</LatitudeDegrees><LongitudeDegrees>-74.04613</LongitudeDegrees></Position><HeartRateBpm><Value>85</Value></HeartRateBpm><Cadence>46</Cadence></Trackpoint><Trackpoint><Time>2026-09-13T20:31:54Z</Time><Position><LatitudeDegrees>4.722399</LatitudeDegrees><LongitudeDegrees>-74.04613</LongitudeDegrees></Position><HeartRateBpm><Value>85</Value></HeartRateBpm><Cadence>46</Cadence></Trackpoint><Trackpoint><Time>2026-09-13T20:31:55Z</Time><Position><LatitudeDegrees>4.722399</LatitudeDegrees><LongitudeDegrees>-74.04613</LongitudeDegrees></Position><AltitudeMeters>2561.5</AltitudeMeters><HeartRateBpm><Value>85</Value></HeartRateBpm><Cadence>46</Cadence></Trackpoint><Trackpoint><Time>2026-09-13T20:31:56Z</Time><Position><LatitudeDegrees>4.722399</LatitudeDegrees><LongitudeDegrees>-74.04613</LongitudeDegrees></Position><HeartRateBpm><Value>85</Value></HeartRateBpm><Cadence>46</Cadence></Trackpoint><Trackpoint><Time>2026-09-13T20:31:57Z</Time><Position><LatitudeDegrees>4.722399</LatitudeDegrees><LongitudeDegrees>-74.04613</LongitudeDegrees></Position><HeartRateBpm><Value>85</Value></HeartRateBpm><Cadence>45</Cadence></Trackpoint><Trackpoint><Time>2026-09-13T20:31:58Z</Time><Position><LatitudeDegrees>4.722399</LatitudeDegrees><LongitudeDegrees>-74.04613</LongitudeDegrees></Position><HeartRateBpm><Value>85</Value></HeartRateBpm><Cadence>45</Cadence></Trackpoint><Trackpoint><Time>2026-09-13T20:31:59Z</Time><Position><LatitudeDegrees>4.722399</LatitudeDegrees><LongitudeDegrees>-74.04613</LongitudeDegrees></Position><HeartRateBpm><Value>85</Value></HeartRateBpm><Cadence>45</Cadence></Trackpoint><Trackpoint><Time>2026-09-13T20:32:00Z</Time><Position><LatitudeDegrees>4.722399</LatitudeDegrees><LongitudeDegrees>-74.04613</LongitudeDegrees></Position><AltitudeMeters>2561.6</AltitudeMeters><HeartRateBpm><Value>85</Value></HeartRateBpm><Cadence>45</Cadence></Trackpoint><Trackpoint><Time>2026-09-13T20:32:01Z</Time><Position><LatitudeDegrees>4.722399</LatitudeDegrees><LongitudeDegrees>-74.04613</LongitudeDegrees></Position><HeartRateBpm><Value>85</Value></HeartRateBpm><Cadence>45</Cadence></Trackpoint><Trackpoint><Time>2026-09-13T20:32:02Z</Time><Position><LatitudeDegrees>4.722399</LatitudeDegrees><LongitudeDegrees>-74.04613</LongitudeDegrees></Position><HeartRateBpm><Value>85</Value></HeartRateBpm><Cadence>44</Cadence></Trackpoint><Trackpoint><Time>2026-09-13T20:32:03Z</Time><Position><LatitudeDegrees>4.722399</LatitudeDegrees><LongitudeDegrees>-74.04613</LongitudeDegrees></Position><HeartRateBpm><Value>85</Value></HeartRateBpm><Cadence>44</Cadence></Trackpoint><Trackpoint><Time>2026-09-13T20:32:04Z</Time><Position><LatitudeDegrees>4.722399</LatitudeDegrees><LongitudeDegrees>-74.04613</LongitudeDegrees></Position><HeartRateBpm><Value>85</Value></HeartRateBpm><Cadence>44</Cadence></Trackpoint><Trackpoint><Time>2026-09-13T20:32:05Z</Time><Position><LatitudeDegrees>4.722399</LatitudeDegrees><LongitudeDegrees>-74.04613</LongitudeDegrees></Position><AltitudeMeters>2561.6</AltitudeMeters><HeartRateBpm><Value>85</Value></HeartRateBpm><Cadence>44</Cadence></Trackpoint><Trackpoint><Time>2026-09-13T20:32:06Z</Time><Position><LatitudeDegrees>4.722399</LatitudeDegrees><LongitudeDegrees>-74.04613</LongitudeDegrees></Position><HeartRateBpm><Value>85</Value></HeartRateBpm><Cadence>43</Cadence></Trackpoint><Trackpoint><Time>2026-09-13T20:32:07Z</Time><Position><LatitudeDegrees>4.722399</LatitudeDegrees><LongitudeDegrees>-74.04613</LongitudeDegrees></Position><HeartRateBpm><Value>85</Value></HeartRateBpm><Cadence>43</Cadence></Trackpoint><Trackpoint><Time>2026-09-13T20:32:08Z</Time><Position><LatitudeDegrees>4.722399</LatitudeDegrees><LongitudeDegrees>-74.04613</LongitudeDegrees></Position><HeartRateBpm><Value>85</Value></HeartRateBpm><Cadence>43</Cadence></Trackpoint><Trackpoint><Time>2026-09-13T20:32:09Z</Time><Position><LatitudeDegrees>4.722399</LatitudeDegrees><LongitudeDegrees>-74.04613</LongitudeDegrees></Position><HeartRateBpm><Value>85</Value></HeartRateBpm><Cadence>43</Cadence></Trackpoint><Trackpoint><Time>2026-09-13T20:32:10Z</Time><Position><LatitudeDegrees>4.722399</LatitudeDegrees><LongitudeDegrees>-74.04613</LongitudeDegrees></Position><AltitudeMeters>2561.6</AltitudeMeters><HeartRateBpm><Value>85</Value></HeartRateBpm><Cadence>43</Cadence></Trackpoint><Trackpoint><Time>2026-09-13T20:32:11Z</Time><Position><LatitudeDegrees>4.722399</LatitudeDegrees><LongitudeDegrees>-74.04613</LongitudeDegrees></Position><HeartRateBpm><Value>84</Value></HeartRateBpm><Cadence>42</Cadence></Trackpoint><Trackpoint><Time>2026-09-13T20:32:12Z</Time><Position><LatitudeDegrees>4.722399</LatitudeDegrees><LongitudeDegrees>-74.04613</LongitudeDegrees></Position><HeartRateBpm><Value>84</Value></HeartRateBpm><Cadence>42</Cadence></Trackpoint><Trackpoint><Time>2026-09-13T20:32:13Z</Time><Position><LatitudeDegrees>4.722399</LatitudeDegrees><LongitudeDegrees>-74.04613</LongitudeDegrees></Position><HeartRateBpm><Value>83</Value></HeartRateBpm><Cadence>42</Cadence></Trackpoint><Trackpoint><Time>2026-09-13T20:32:14Z</Time><Position><LatitudeDegrees>4.722399</LatitudeDegrees><LongitudeDegrees>-74.04613</LongitudeDegrees></Position><HeartRateBpm><Value>83</Value></HeartRateBpm><Cadence>42</Cadence></Trackpoint><Trackpoint><Time>2026-09-13T20:32:15Z</Time><Position><LatitudeDegrees>4.722399</LatitudeDegrees><LongitudeDegrees>-74.04613</LongitudeDegrees></Position><AltitudeMeters>2561.4</AltitudeMeters><HeartRateBpm><Value>83</Value></HeartRateBpm><Cadence>42</Cadence></Trackpoint><Trackpoint><Time>2026-09-13T20:32:16Z</Time><Position><LatitudeDegrees>4.722399</LatitudeDegrees><LongitudeDegrees>-74.04613</LongitudeDegrees></Position><HeartRateBpm><Value>83</Value></HeartRateBpm><Cadence>42</Cadence></Trackpoint><Trackpoint><Time>2026-09-13T20:32:17Z</Time><Position><LatitudeDegrees>4.722399</LatitudeDegrees><LongitudeDegrees>-74.04613</LongitudeDegrees></Position><HeartRateBpm><Value>83</Value></HeartRateBpm><Cadence>43</Cadence></Trackpoint><Trackpoint><Time>2026-09-13T20:32:18Z</Time><Position><LatitudeDegrees>4.722399</LatitudeDegrees><LongitudeDegrees>-74.04613</LongitudeDegrees></Position><HeartRateBpm><Value>83</Value></HeartRateBpm><Cadence>43</Cadence></Trackpoint><Trackpoint><Time>2026-09-13T20:32:19Z</Time><Position><LatitudeDegrees>4.722399</LatitudeDegrees><LongitudeDegrees>-74.04613</LongitudeDegrees></Position><HeartRateBpm><Value>83</Value></HeartRateBpm><Cadence>44</Cadence></Trackpoint><Trackpoint><Time>2026-09-13T20:32:20Z</Time><Position><LatitudeDegrees>4.722399</LatitudeDegrees><LongitudeDegrees>-74.04613</LongitudeDegrees></Position><AltitudeMeters>2561.3</AltitudeMeters><HeartRateBpm><Value>84</Value></HeartRateBpm><Cadence>44</Cadence></Trackpoint><Trackpoint><Time>2026-09-13T20:32:21Z</Time><Position><LatitudeDegrees>4.722399</LatitudeDegrees><LongitudeDegrees>-74.04613</LongitudeDegrees></Position><HeartRateBpm><Value>84</Value></HeartRateBpm><Cadence>44</Cadence></Trackpoint><Trackpoint><Time>2026-09-13T20:32:22Z</Time><Position><LatitudeDegrees>4.722399</LatitudeDegrees><LongitudeDegrees>-74.04613</LongitudeDegrees></Position><HeartRateBpm><Value>84</Value></HeartRateBpm><Cadence>44</Cadence></Trackpoint><Trackpoint><Time>2026-09-13T20:32:23Z</Time><Position><LatitudeDegrees>4.722399</LatitudeDegrees><LongitudeDegrees>-74.04613</LongitudeDegrees></Position><HeartRateBpm><Value>84</Value></HeartRateBpm><Cadence>44</Cadence></Trackpoint><Trackpoint><Time>2026-09-13T20:32:24Z</Time><Position><LatitudeDegrees>4.722399</LatitudeDegrees><LongitudeDegrees>-74.04613</LongitudeDegrees></Position><HeartRateBpm><Value>84</Value></HeartRateBpm><Cadence>44</Cadence></Trackpoint><Trackpoint><Time>2026-09-13T20:32:25Z</Time><Position><LatitudeDegrees>4.722399</LatitudeDegrees><LongitudeDegrees>-74.04613</LongitudeDegrees></Position><AltitudeMeters>2561.3</AltitudeMeters><HeartRateBpm><Value>84</Value></HeartRateBpm><Cadence>44</Cadence></Trackpoint><Trackpoint><Time>2026-09-13T20:32:26Z</Time><Position><LatitudeDegrees>4.722399</LatitudeDegrees><LongitudeDegrees>-74.04613</LongitudeDegrees></Position><HeartRateBpm><Value>84</Value></HeartRateBpm><Cadence>43</Cadence></Trackpoint><Trackpoint><Time>2026-09-13T20:32:27Z</Time><Position><LatitudeDegrees>4.722399</LatitudeDegrees><LongitudeDegrees>-74.04613</LongitudeDegrees></Position><HeartRateBpm><Value>84</Value></HeartRateBpm><Cadence>42</Cadence></Trackpoint><Trackpoint><Time>2026-09-13T20:32:28Z</Time><Position><LatitudeDegrees>4.722399</LatitudeDegrees><LongitudeDegrees>-74.04613</LongitudeDegrees></Position><HeartRateBpm><Value>84</Value></HeartRateBpm><Cadence>41</Cadence></Trackpoint><Trackpoint><Time>2026-09-13T20:32:29Z</Time><Position><LatitudeDegrees>4.722399</LatitudeDegrees><LongitudeDegrees>-74.04613</LongitudeDegrees></Position><HeartRateBpm><Value>84</Value></HeartRateBpm><Cadence>41</Cadence></Trackpoint><Trackpoint><Time>2026-09-13T20:32:30Z</Time><Position><LatitudeDegrees>4.722399</LatitudeDegrees><LongitudeDegrees>-74.04613</LongitudeDegrees></Position><AltitudeMeters>2561.6</AltitudeMeters><HeartRateBpm><Value>84</Value></HeartRateBpm><Cadence>40</Cadence></Trackpoint><Trackpoint><Time>2026-09-13T20:32:31Z</Time><Position><LatitudeDegrees>4.722399</LatitudeDegrees><LongitudeDegrees>-74.04613</LongitudeDegrees></Position><HeartRateBpm><Value>83</Value></HeartRateBpm><Cadence>40</Cadence></Trackpoint><Trackpoint><Time>2026-09-13T20:32:32Z</Time><Position><LatitudeDegrees>4.722399</LatitudeDegrees><LongitudeDegrees>-74.04613</LongitudeDegrees></Position><HeartRateBpm><Value>83</Value></HeartRateBpm><Cadence>39</Cadence></Trackpoint><Trackpoint><Time>2026-09-13T20:32:33Z</Time><Position><LatitudeDegrees>4.722399</LatitudeDegrees><LongitudeDegrees>-74.04613</LongitudeDegrees></Position><HeartRateBpm><Value>83</Value></HeartRateBpm><Cadence>39</Cadence></Trackpoint><Trackpoint><Time>2026-09-13T20:32:34Z</Time><Position><LatitudeDegrees>4.722399</LatitudeDegrees><LongitudeDegrees>-74.04613</LongitudeDegrees></Position><HeartRateBpm><Value>83</Value></HeartRateBpm><Cadence>38</Cadence></Trackpoint><Trackpoint><Time>2026-09-13T20:32:35Z</Time><Position><LatitudeDegrees>4.722399</LatitudeDegrees><LongitudeDegrees>-74.04613</LongitudeDegrees></Position><AltitudeMeters>2561.7</AltitudeMeters><HeartRateBpm><Value>83</Value></HeartRateBpm><Cadence>38</Cadence></Trackpoint><Trackpoint><Time>2026-09-13T20:32:36Z</Time><Position><LatitudeDegrees>4.722399</LatitudeDegrees><LongitudeDegrees>-74.04613</LongitudeDegrees></Position><HeartRateBpm><Value>83</Value></HeartRateBpm><Cadence>33</Cadence></Trackpoint><Trackpoint><Time>2026-09-13T20:32:37Z</Time><Position><LatitudeDegrees>4.722399</LatitudeDegrees><LongitudeDegrees>-74.04613</LongitudeDegrees></Position><HeartRateBpm><Value>83</Value></HeartRateBpm><Cadence>28</Cadence></Trackpoint><Trackpoint><Time>2026-09-13T20:32:38Z</Time><Position><LatitudeDegrees>4.722399</LatitudeDegrees><LongitudeDegrees>-74.04613</LongitudeDegrees></Position><HeartRateBpm><Value>83</Value></HeartRateBpm><Cadence>23</Cadence></Trackpoint><Trackpoint><Time>2026-09-13T20:32:39Z</Time><Position><LatitudeDegrees>4.722399</LatitudeDegrees><LongitudeDegrees>-74.04613</LongitudeDegrees></Position><HeartRateBpm><Value>83</Value></HeartRateBpm><Cadence>18</Cadence></Trackpoint><Trackpoint><Time>2026-09-13T20:32:40Z</Time><Position><LatitudeDegrees>4.722399</LatitudeDegrees><LongitudeDegrees>-74.04613</LongitudeDegrees></Position><AltitudeMeters>2561.7</AltitudeMeters><HeartRateBpm><Value>84</Value></HeartRateBpm><Cadence>14</Cadence></Trackpoint><Trackpoint><Time>2026-09-13T20:32:41Z</Time><Position><LatitudeDegrees>4.722399</LatitudeDegrees><LongitudeDegrees>-74.04613</LongitudeDegrees></Position><HeartRateBpm><Value>84</Value></HeartRateBpm><Cadence>13</Cadence></Trackpoint><Trackpoint><Time>2026-09-13T20:32:42Z</Time><Position><LatitudeDegrees>4.722399</LatitudeDegrees><LongitudeDegrees>-74.04613</LongitudeDegrees></Position><HeartRateBpm><Value>84</Value></HeartRateBpm><Cadence>13</Cadence></Trackpoint><Trackpoint><Time>2026-09-13T20:32:43Z</Time><Position><LatitudeDegrees>4.722399</LatitudeDegrees><LongitudeDegrees>-74.04613</LongitudeDegrees></Position><HeartRateBpm><Value>84</Value></HeartRateBpm><Cadence>13</Cadence></Trackpoint><Trackpoint><Time>2026-09-13T20:32:44Z</Time><Position><LatitudeDegrees>4.722399</LatitudeDegrees><LongitudeDegrees>-74.04613</LongitudeDegrees></Position><HeartRateBpm><Value>84</Value></HeartRateBpm><Cadence>13</Cadence></Trackpoint><Trackpoint><Time>2026-09-13T20:32:45Z</Time><Position><LatitudeDegrees>4.722399</LatitudeDegrees><LongitudeDegrees>-74.04613</LongitudeDegrees></Position><AltitudeMeters>2561.7</AltitudeMeters><HeartRateBpm><Value>85</Value></HeartRateBpm><Cadence>13</Cadence></Trackpoint><Trackpoint><Time>2026-09-13T20:32:46Z</Time><Position><LatitudeDegrees>4.722399</LatitudeDegrees><LongitudeDegrees>-74.04613</LongitudeDegrees></Position><HeartRateBpm><Value>85</Value></HeartRateBpm><Cadence>13</Cadence></Trackpoint><Trackpoint><Time>2026-09-13T20:32:47Z</Time><Position><LatitudeDegrees>4.722399</LatitudeDegrees><LongitudeDegrees>-74.04613</LongitudeDegrees></Position><HeartRateBpm><Value>86</Value></HeartRateBpm><Cadence>13</Cadence></Trackpoint><Trackpoint><Time>2026-09-13T20:32:48Z</Time><Position><LatitudeDegrees>4.722399</LatitudeDegrees><LongitudeDegrees>-74.04613</LongitudeDegrees></Position><HeartRateBpm><Value>86</Value></HeartRateBpm><Cadence>13</Cadence></Trackpoint><Trackpoint><Time>2026-09-13T20:32:49Z</Time><Position><LatitudeDegrees>4.722399</LatitudeDegrees><LongitudeDegrees>-74.04613</LongitudeDegrees></Position><HeartRateBpm><Value>87</Value></HeartRateBpm><Cadence>13</Cadence></Trackpoint><Trackpoint><Time>2026-09-13T20:32:50Z</Time><Position><LatitudeDegrees>4.722399</LatitudeDegrees><LongitudeDegrees>-74.04613</LongitudeDegrees></Position><AltitudeMeters>2561.6</AltitudeMeters><HeartRateBpm><Value>88</Value></HeartRateBpm><Cadence>13</Cadence></Trackpoint><Trackpoint><Time>2026-09-13T20:32:51Z</Time><Position><LatitudeDegrees>4.722399</LatitudeDegrees><LongitudeDegrees>-74.04613</LongitudeDegrees></Position><HeartRateBpm><Value>87</Value></HeartRateBpm><Cadence>13</Cadence></Trackpoint><Trackpoint><Time>2026-09-13T20:32:52Z</Time><Position><LatitudeDegrees>4.722399</LatitudeDegrees><LongitudeDegrees>-74.04613</LongitudeDegrees></Position><HeartRateBpm><Value>86</Value></HeartRateBpm><Cadence>13</Cadence></Trackpoint><Trackpoint><Time>2026-09-13T20:32:53Z</Time><Position><LatitudeDegrees>4.722399</LatitudeDegrees><LongitudeDegrees>-74.04613</LongitudeDegrees></Position><HeartRateBpm><Value>86</Value></HeartRateBpm><Cadence>13</Cadence></Trackpoint><Trackpoint><Time>2026-09-13T20:32:54Z</Time><Position><LatitudeDegrees>4.722399</LatitudeDegrees><LongitudeDegrees>-74.04613</LongitudeDegrees></Position><HeartRateBpm><Value>85</Value></HeartRateBpm><Cadence>13</Cadence></Trackpoint><Trackpoint><Time>2026-09-13T20:32:55Z</Time><Position><LatitudeDegrees>4.722399</LatitudeDegrees><LongitudeDegrees>-74.04613</LongitudeDegrees></Position><AltitudeMeters>2561.7</AltitudeMeters><HeartRateBpm><Value>85</Value></HeartRateBpm><Cadence>13</Cadence></Trackpoint><Trackpoint><Time>2026-09-13T20:32:56Z</Time><Position><LatitudeDegrees>4.722399</LatitudeDegrees><LongitudeDegrees>-74.04613</LongitudeDegrees></Position><HeartRateBpm><Value>84</Value></HeartRateBpm><Cadence>13</Cadence></Trackpoint><Trackpoint><Time>2026-09-13T20:32:57Z</Time><Position><LatitudeDegrees>4.722399</LatitudeDegrees><LongitudeDegrees>-74.04613</LongitudeDegrees></Position><HeartRateBpm><Value>84</Value></HeartRateBpm><Cadence>13</Cadence></Trackpoint><Trackpoint><Time>2026-09-13T20:32:58Z</Time><Position><LatitudeDegrees>4.722399</LatitudeDegrees><LongitudeDegrees>-74.04613</LongitudeDegrees></Position><HeartRateBpm><Value>83</Value></HeartRateBpm><Cadence>13</Cadence></Trackpoint><Trackpoint><Time>2026-09-13T20:32:59Z</Time><Position><LatitudeDegrees>4.722399</LatitudeDegrees><LongitudeDegrees>-74.04613</LongitudeDegrees></Position><HeartRateBpm><Value>83</Value></HeartRateBpm><Cadence>13</Cadence></Trackpoint><Trackpoint><Time>2026-09-13T20:33:00Z</Time><Position><LatitudeDegrees>4.722399</LatitudeDegrees><LongitudeDegrees>-74.04613</LongitudeDegrees></Position><AltitudeMeters>2561.9</AltitudeMeters><HeartRateBpm><Value>83</Value></HeartRateBpm><Cadence>13</Cadence></Trackpoint><Trackpoint><Time>2026-09-13T20:33:01Z</Time><Position><LatitudeDegrees>4.722399</LatitudeDegrees><LongitudeDegrees>-74.04613</LongitudeDegrees></Position><HeartRateBpm><Value>83</Value></HeartRateBpm><Cadence>13</Cadence></Trackpoint><Trackpoint><Time>2026-09-13T20:33:02Z</Time><Position><LatitudeDegrees>4.722399</LatitudeDegrees><LongitudeDegrees>-74.04613</LongitudeDegrees></Position><HeartRateBpm><Value>83</Value></HeartRateBpm><Cadence>13</Cadence></Trackpoint><Trackpoint><Time>2026-09-13T20:33:03Z</Time><Position><LatitudeDegrees>4.722399</LatitudeDegrees><LongitudeDegrees>-74.04613</LongitudeDegrees></Position><HeartRateBpm><Value>83</Value></HeartRateBpm><Cadence>13</Cadence></Trackpoint><Trackpoint><Time>2026-09-13T20:33:04Z</Time><Position><LatitudeDegrees>4.722399</LatitudeDegrees><LongitudeDegrees>-74.04613</LongitudeDegrees></Position><HeartRateBpm><Value>83</Value></HeartRateBpm><Cadence>12</Cadence></Trackpoint><Trackpoint><Time>2026-09-13T20:33:05Z</Time><Position><LatitudeDegrees>4.722399</LatitudeDegrees><LongitudeDegrees>-74.04613</LongitudeDegrees></Position><AltitudeMeters>2561.9</AltitudeMeters><HeartRateBpm><Value>84</Value></HeartRateBpm><Cadence>12</Cadence></Trackpoint><Trackpoint><Time>2026-09-13T20:33:06Z</Time><Position><LatitudeDegrees>4.722399</LatitudeDegrees><LongitudeDegrees>-74.04613</LongitudeDegrees></Position><HeartRateBpm><Value>84</Value></HeartRateBpm><Cadence>12</Cadence></Trackpoint><Trackpoint><Time>2026-09-13T20:33:07Z</Time><Position><LatitudeDegrees>4.722399</LatitudeDegrees><LongitudeDegrees>-74.04613</LongitudeDegrees></Position><HeartRateBpm><Value>84</Value></HeartRateBpm><Cadence>12</Cadence></Trackpoint><Trackpoint><Time>2026-09-13T20:33:08Z</Time><Position><LatitudeDegrees>4.722399</LatitudeDegrees><LongitudeDegrees>-74.04613</LongitudeDegrees></Position><HeartRateBpm><Value>84</Value></HeartRateBpm><Cadence>12</Cadence></Trackpoint><Trackpoint><Time>2026-09-13T20:33:09Z</Time><Position><LatitudeDegrees>4.722399</LatitudeDegrees><LongitudeDegrees>-74.04613</LongitudeDegrees></Position><HeartRateBpm><Value>84</Value></HeartRateBpm><Cadence>12</Cadence></Trackpoint><Trackpoint><Time>2026-09-13T20:33:10Z</Time><Position><LatitudeDegrees>4.722399</LatitudeDegrees><LongitudeDegrees>-74.04613</LongitudeDegrees></Position><AltitudeMeters>2561.8</AltitudeMeters><HeartRateBpm><Value>84</Value></HeartRateBpm><Cadence>12</Cadence></Trackpoint><Trackpoint><Time>2026-09-13T20:33:11Z</Time><Position><LatitudeDegrees>4.722399</LatitudeDegrees><LongitudeDegrees>-74.04613</LongitudeDegrees></Position><HeartRateBpm><Value>83</Value></HeartRateBpm><Cadence>12</Cadence></Trackpoint><Trackpoint><Time>2026-09-13T20:33:12Z</Time><Position><LatitudeDegrees>4.722399</LatitudeDegrees><LongitudeDegrees>-74.04613</LongitudeDegrees></Position><HeartRateBpm><Value>82</Value></HeartRateBpm><Cadence>12</Cadence></Trackpoint><Trackpoint><Time>2026-09-13T20:33:13Z</Time><Position><LatitudeDegrees>4.722399</LatitudeDegrees><LongitudeDegrees>-74.04613</LongitudeDegrees></Position><HeartRateBpm><Value>82</Value></HeartRateBpm><Cadence>12</Cadence></Trackpoint><Trackpoint><Time>2026-09-13T20:33:14Z</Time><Position><LatitudeDegrees>4.722399</LatitudeDegrees><LongitudeDegrees>-74.04613</LongitudeDegrees></Position><HeartRateBpm><Value>81</Value></HeartRateBpm><Cadence>12</Cadence></Trackpoint><Trackpoint><Time>2026-09-13T20:33:15Z</Time><Position><LatitudeDegrees>4.722399</LatitudeDegrees><LongitudeDegrees>-74.04613</LongitudeDegrees></Position><AltitudeMeters>2561.9</AltitudeMeters><HeartRateBpm><Value>81</Value></HeartRateBpm><Cadence>12</Cadence></Trackpoint><Trackpoint><Time>2026-09-13T20:33:16Z</Time><Position><LatitudeDegrees>4.722399</LatitudeDegrees><LongitudeDegrees>-74.04613</LongitudeDegrees></Position><HeartRateBpm><Value>81</Value></HeartRateBpm><Cadence>19</Cadence></Trackpoint><Trackpoint><Time>2026-09-13T20:33:17Z</Time><Position><LatitudeDegrees>4.722399</LatitudeDegrees><LongitudeDegrees>-74.04613</LongitudeDegrees></Position><HeartRateBpm><Value>81</Value></HeartRateBpm><Cadence>25</Cadence></Trackpoint><Trackpoint><Time>2026-09-13T20:33:18Z</Time><Position><LatitudeDegrees>4.722399</LatitudeDegrees><LongitudeDegrees>-74.04613</LongitudeDegrees></Position><HeartRateBpm><Value>81</Value></HeartRateBpm><Cadence>32</Cadence></Trackpoint><Trackpoint><Time>2026-09-13T20:33:19Z</Time><Position><LatitudeDegrees>4.722399</LatitudeDegrees><LongitudeDegrees>-74.04613</LongitudeDegrees></Position><HeartRateBpm><Value>81</Value></HeartRateBpm><Cadence>38</Cadence></Trackpoint><Trackpoint><Time>2026-09-13T20:33:20Z</Time><Position><LatitudeDegrees>4.722399</LatitudeDegrees><LongitudeDegrees>-74.04613</LongitudeDegrees></Position><AltitudeMeters>2562.1</AltitudeMeters><HeartRateBpm><Value>82</Value></HeartRateBpm><Cadence>45</Cadence></Trackpoint><Trackpoint><Time>2026-09-13T20:33:21Z</Time><Position><LatitudeDegrees>4.722399</LatitudeDegrees><LongitudeDegrees>-74.04613</LongitudeDegrees></Position><HeartRateBpm><Value>82</Value></HeartRateBpm><Cadence>45</Cadence></Trackpoint><Trackpoint><Time>2026-09-13T20:33:22Z</Time><Position><LatitudeDegrees>4.722399</LatitudeDegrees><LongitudeDegrees>-74.04613</LongitudeDegrees></Position><HeartRateBpm><Value>82</Value></HeartRateBpm><Cadence>45</Cadence></Trackpoint><Trackpoint><Time>2026-09-13T20:33:23Z</Time><Position><LatitudeDegrees>4.722399</LatitudeDegrees><LongitudeDegrees>-74.04613</LongitudeDegrees></Position><HeartRateBpm><Value>82</Value></HeartRateBpm><Cadence>45</Cadence></Trackpoint><Trackpoint><Time>2026-09-13T20:33:24Z</Time><Position><LatitudeDegrees>4.722399</LatitudeDegrees><LongitudeDegrees>-74.04613</LongitudeDegrees></Position><HeartRateBpm><Value>82</Value></HeartRateBpm><Cadence>45</Cadence></Trackpoint><Trackpoint><Time>2026-09-13T20:33:25Z</Time><Position><LatitudeDegrees>4.722399</LatitudeDegrees><LongitudeDegrees>-74.04613</LongitudeDegrees></Position><AltitudeMeters>2562.2</AltitudeMeters><HeartRateBpm><Value>82</Value></HeartRateBpm><Cadence>45</Cadence></Trackpoint><Trackpoint><Time>2026-09-13T20:33:26Z</Time><Position><LatitudeDegrees>4.722399</LatitudeDegrees><LongitudeDegrees>-74.04613</LongitudeDegrees></Position><HeartRateBpm><Value>82</Value></HeartRateBpm><Cadence>45</Cadence></Trackpoint><Trackpoint><Time>2026-09-13T20:33:27Z</Time><Position><LatitudeDegrees>4.722399</LatitudeDegrees><LongitudeDegrees>-74.04613</LongitudeDegrees></Position><HeartRateBpm><Value>82</Value></HeartRateBpm><Cadence>45</Cadence></Trackpoint><Trackpoint><Time>2026-09-13T20:33:28Z</Time><Position><LatitudeDegrees>4.722399</LatitudeDegrees><LongitudeDegrees>-74.04613</LongitudeDegrees></Position><HeartRateBpm><Value>83</Value></HeartRateBpm><Cadence>45</Cadence></Trackpoint><Trackpoint><Time>2026-09-13T20:33:29Z</Time><Position><LatitudeDegrees>4.722399</LatitudeDegrees><LongitudeDegrees>-74.04613</LongitudeDegrees></Position><HeartRateBpm><Value>83</Value></HeartRateBpm><Cadence>45</Cadence></Trackpoint><Trackpoint><Time>2026-09-13T20:33:30Z</Time><Position><LatitudeDegrees>4.722399</LatitudeDegrees><LongitudeDegrees>-74.04613</LongitudeDegrees></Position><AltitudeMeters>2562.2</AltitudeMeters><HeartRateBpm><Value>84</Value></HeartRateBpm><Cadence>45</Cadence></Trackpoint><Trackpoint><Time>2026-09-13T20:33:31Z</Time><Position><LatitudeDegrees>4.722399</LatitudeDegrees><LongitudeDegrees>-74.04613</LongitudeDegrees></Position><HeartRateBpm><Value>83</Value></HeartRateBpm><Cadence>45</Cadence></Trackpoint><Trackpoint><Time>2026-09-13T20:33:32Z</Time><Position><LatitudeDegrees>4.722399</LatitudeDegrees><LongitudeDegrees>-74.04613</LongitudeDegrees></Position><HeartRateBpm><Value>82</Value></HeartRateBpm><Cadence>45</Cadence></Trackpoint><Trackpoint><Time>2026-09-13T20:33:33Z</Time><Position><LatitudeDegrees>4.722399</LatitudeDegrees><LongitudeDegrees>-74.04613</LongitudeDegrees></Position><HeartRateBpm><Value>81</Value></HeartRateBpm><Cadence>45</Cadence></Trackpoint><Trackpoint><Time>2026-09-13T20:33:34Z</Time><Position><LatitudeDegrees>4.722399</LatitudeDegrees><LongitudeDegrees>-74.04613</LongitudeDegrees></Position><HeartRateBpm><Value>80</Value></HeartRateBpm><Cadence>45</Cadence></Trackpoint><Trackpoint><Time>2026-09-13T20:33:35Z</Time><Position><LatitudeDegrees>4.722399</LatitudeDegrees><LongitudeDegrees>-74.04613</LongitudeDegrees></Position><AltitudeMeters>2562.1</AltitudeMeters><HeartRateBpm><Value>80</Value></HeartRateBpm><Cadence>45</Cadence></Trackpoint><Trackpoint><Time>2026-09-13T20:33:36Z</Time><Position><LatitudeDegrees>4.722399</LatitudeDegrees><LongitudeDegrees>-74.04613</LongitudeDegrees></Position><HeartRateBpm><Value>80</Value></HeartRateBpm><Cadence>45</Cadence></Trackpoint><Trackpoint><Time>2026-09-13T20:33:37Z</Time><Position><LatitudeDegrees>4.722399</LatitudeDegrees><LongitudeDegrees>-74.04613</LongitudeDegrees></Position><HeartRateBpm><Value>80</Value></HeartRateBpm><Cadence>45</Cadence></Trackpoint><Trackpoint><Time>2026-09-13T20:33:38Z</Time><Position><LatitudeDegrees>4.722399</LatitudeDegrees><LongitudeDegrees>-74.04613</LongitudeDegrees></Position><HeartRateBpm><Value>80</Value></HeartRateBpm><Cadence>45</Cadence></Trackpoint><Trackpoint><Time>2026-09-13T20:33:39Z</Time><Position><LatitudeDegrees>4.722399</LatitudeDegrees><LongitudeDegrees>-74.04613</LongitudeDegrees></Position><HeartRateBpm><Value>80</Value></HeartRateBpm><Cadence>45</Cadence></Trackpoint><Trackpoint><Time>2026-09-13T20:33:40Z</Time><Position><LatitudeDegrees>4.722399</LatitudeDegrees><LongitudeDegrees>-74.04613</LongitudeDegrees></Position><AltitudeMeters>2562.0</AltitudeMeters><HeartRateBpm><Value>81</Value></HeartRateBpm><Cadence>45</Cadence></Trackpoint><Trackpoint><Time>2026-09-13T20:33:41Z</Time><Position><LatitudeDegrees>4.722399</LatitudeDegrees><LongitudeDegrees>-74.04613</LongitudeDegrees></Position><HeartRateBpm><Value>81</Value></HeartRateBpm><Cadence>45</Cadence></Trackpoint><Trackpoint><Time>2026-09-13T20:33:42Z</Time><Position><LatitudeDegrees>4.722399</LatitudeDegrees><LongitudeDegrees>-74.04613</LongitudeDegrees></Position><HeartRateBpm><Value>81</Value></HeartRateBpm><Cadence>45</Cadence></Trackpoint><Trackpoint><Time>2026-09-13T20:33:43Z</Time><Position><LatitudeDegrees>4.722399</LatitudeDegrees><LongitudeDegrees>-74.04613</LongitudeDegrees></Position><HeartRateBpm><Value>81</Value></HeartRateBpm><Cadence>45</Cadence></Trackpoint><Trackpoint><Time>2026-09-13T20:33:44Z</Time><Position><LatitudeDegrees>4.722399</LatitudeDegrees><LongitudeDegrees>-74.04613</LongitudeDegrees></Position><HeartRateBpm><Value>81</Value></HeartRateBpm><Cadence>45</Cadence></Trackpoint><Trackpoint><Time>2026-09-13T20:33:45Z</Time><Position><LatitudeDegrees>4.722399</LatitudeDegrees><LongitudeDegrees>-74.04613</LongitudeDegrees></Position><AltitudeMeters>2561.9</AltitudeMeters><HeartRateBpm><Value>81</Value></HeartRateBpm><Cadence>45</Cadence></Trackpoint><Trackpoint><Time>2026-09-13T20:33:46Z</Time><Position><LatitudeDegrees>4.722399</LatitudeDegrees><LongitudeDegrees>-74.04613</LongitudeDegrees></Position><HeartRateBpm><Value>80</Value></HeartRateBpm><Cadence>45</Cadence></Trackpoint><Trackpoint><Time>2026-09-13T20:33:47Z</Time><Position><LatitudeDegrees>4.722399</LatitudeDegrees><LongitudeDegrees>-74.04613</LongitudeDegrees></Position><HeartRateBpm><Value>80</Value></HeartRateBpm><Cadence>45</Cadence></Trackpoint><Trackpoint><Time>2026-09-13T20:33:48Z</Time><Position><LatitudeDegrees>4.722399</LatitudeDegrees><LongitudeDegrees>-74.04613</LongitudeDegrees></Position><HeartRateBpm><Value>80</Value></HeartRateBpm><Cadence>45</Cadence></Trackpoint><Trackpoint><Time>2026-09-13T20:33:49Z</Time><Position><LatitudeDegrees>4.722399</LatitudeDegrees><LongitudeDegrees>-74.04613</LongitudeDegrees></Position><HeartRateBpm><Value>80</Value></HeartRateBpm><Cadence>45</Cadence></Trackpoint><Trackpoint><Time>2026-09-13T20:33:50Z</Time><Position><LatitudeDegrees>4.722399</LatitudeDegrees><LongitudeDegrees>-74.04613</LongitudeDegrees></Position><AltitudeMeters>2561.9</AltitudeMeters><HeartRateBpm><Value>80</Value></HeartRateBpm><Cadence>45</Cadence></Trackpoint><Trackpoint><Time>2026-09-13T20:33:51Z</Time><Position><LatitudeDegrees>4.722399</LatitudeDegrees><LongitudeDegrees>-74.04613</LongitudeDegrees></Position><HeartRateBpm><Value>80</Value></HeartRateBpm><Cadence>45</Cadence></Trackpoint><Trackpoint><Time>2026-09-13T20:33:52Z</Time><Position><LatitudeDegrees>4.722399</LatitudeDegrees><LongitudeDegrees>-74.04613</LongitudeDegrees></Position><HeartRateBpm><Value>80</Value></HeartRateBpm><Cadence>45</Cadence></Trackpoint><Trackpoint><Time>2026-09-13T20:33:53Z</Time><Position><LatitudeDegrees>4.722399</LatitudeDegrees><LongitudeDegrees>-74.04613</LongitudeDegrees></Position><HeartRateBpm><Value>80</Value></HeartRateBpm><Cadence>45</Cadence></Trackpoint><Trackpoint><Time>2026-09-13T20:33:54Z</Time><Position><LatitudeDegrees>4.722399</LatitudeDegrees><LongitudeDegrees>-74.04613</LongitudeDegrees></Position><HeartRateBpm><Value>80</Value></HeartRateBpm><Cadence>45</Cadence></Trackpoint><Trackpoint><Time>2026-09-13T20:33:55Z</Time><Position><LatitudeDegrees>4.722399</LatitudeDegrees><LongitudeDegrees>-74.04613</LongitudeDegrees></Position><AltitudeMeters>2561.9</AltitudeMeters><HeartRateBpm><Value>80</Value></HeartRateBpm><Cadence>45</Cadence></Trackpoint><Trackpoint><Time>2026-09-13T20:33:56Z</Time><Position><LatitudeDegrees>4.722399</LatitudeDegrees><LongitudeDegrees>-74.04613</LongitudeDegrees></Position><HeartRateBpm><Value>79</Value></HeartRateBpm><Cadence>45</Cadence></Trackpoint><Trackpoint><Time>2026-09-13T20:33:57Z</Time><Position><LatitudeDegrees>4.722399</LatitudeDegrees><LongitudeDegrees>-74.04613</LongitudeDegrees></Position><HeartRateBpm><Value>79</Value></HeartRateBpm><Cadence>45</Cadence></Trackpoint><Trackpoint><Time>2026-09-13T20:33:58Z</Time><Position><LatitudeDegrees>4.722399</LatitudeDegrees><LongitudeDegrees>-74.04613</LongitudeDegrees></Position><HeartRateBpm><Value>79</Value></HeartRateBpm><Cadence>45</Cadence></Trackpoint><Trackpoint><Time>2026-09-13T20:33:59Z</Time><Position><LatitudeDegrees>4.722399</LatitudeDegrees><LongitudeDegrees>-74.04613</LongitudeDegrees></Position><HeartRateBpm><Value>79</Value></HeartRateBpm><Cadence>45</Cadence></Trackpoint><Trackpoint><Time>2026-09-13T20:34:00Z</Time><Position><LatitudeDegrees>4.722399</LatitudeDegrees><LongitudeDegrees>-74.04613</LongitudeDegrees></Position><AltitudeMeters>2561.8</AltitudeMeters><HeartRateBpm><Value>79</Value></HeartRateBpm><Cadence>45</Cadence></Trackpoint><Trackpoint><Time>2026-09-13T20:34:01Z</Time><Position><LatitudeDegrees>4.722399</LatitudeDegrees><LongitudeDegrees>-74.04613</LongitudeDegrees></Position><HeartRateBpm><Value>79</Value></HeartRateBpm><Cadence>45</Cadence></Trackpoint><Trackpoint><Time>2026-09-13T20:34:02Z</Time><Position><LatitudeDegrees>4.722399</LatitudeDegrees><LongitudeDegrees>-74.04613</LongitudeDegrees></Position><HeartRateBpm><Value>79</Value></HeartRateBpm><Cadence>45</Cadence></Trackpoint><Trackpoint><Time>2026-09-13T20:34:03Z</Time><Position><LatitudeDegrees>4.722399</LatitudeDegrees><LongitudeDegrees>-74.04613</LongitudeDegrees></Position><HeartRateBpm><Value>79</Value></HeartRateBpm><Cadence>45</Cadence></Trackpoint><Trackpoint><Time>2026-09-13T20:34:04Z</Time><Position><LatitudeDegrees>4.722399</LatitudeDegrees><LongitudeDegrees>-74.04613</LongitudeDegrees></Position><HeartRateBpm><Value>79</Value></HeartRateBpm><Cadence>45</Cadence></Trackpoint><Trackpoint><Time>2026-09-13T20:34:05Z</Time><Position><LatitudeDegrees>4.722399</LatitudeDegrees><LongitudeDegrees>-74.04613</LongitudeDegrees></Position><AltitudeMeters>2561.7</AltitudeMeters><HeartRateBpm><Value>80</Value></HeartRateBpm><Cadence>45</Cadence></Trackpoint><Trackpoint><Time>2026-09-13T20:34:06Z</Time><Position><LatitudeDegrees>4.722399</LatitudeDegrees><LongitudeDegrees>-74.04613</LongitudeDegrees></Position><HeartRateBpm><Value>81</Value></HeartRateBpm><Cadence>45</Cadence></Trackpoint><Trackpoint><Time>2026-09-13T20:34:07Z</Time><Position><LatitudeDegrees>4.722399</LatitudeDegrees><LongitudeDegrees>-74.04613</LongitudeDegrees></Position><HeartRateBpm><Value>82</Value></HeartRateBpm><Cadence>45</Cadence></Trackpoint><Trackpoint><Time>2026-09-13T20:34:08Z</Time><Position><LatitudeDegrees>4.722399</LatitudeDegrees><LongitudeDegrees>-74.04613</LongitudeDegrees></Position><HeartRateBpm><Value>83</Value></HeartRateBpm><Cadence>45</Cadence></Trackpoint><Trackpoint><Time>2026-09-13T20:34:09Z</Time><Position><LatitudeDegrees>4.722399</LatitudeDegrees><LongitudeDegrees>-74.04613</LongitudeDegrees></Position><HeartRateBpm><Value>84</Value></HeartRateBpm><Cadence>45</Cadence></Trackpoint><Trackpoint><Time>2026-09-13T20:34:10Z</Time><Position><LatitudeDegrees>4.722399</LatitudeDegrees><LongitudeDegrees>-74.04613</LongitudeDegrees></Position><AltitudeMeters>2561.7</AltitudeMeters><HeartRateBpm><Value>85</Value></HeartRateBpm><Cadence>45</Cadence></Trackpoint><Trackpoint><Time>2026-09-13T20:34:11Z</Time><Position><LatitudeDegrees>4.722399</LatitudeDegrees><LongitudeDegrees>-74.04613</LongitudeDegrees></Position><HeartRateBpm><Value>85</Value></HeartRateBpm><Cadence>45</Cadence></Trackpoint><Trackpoint><Time>2026-09-13T20:34:12Z</Time><Position><LatitudeDegrees>4.722399</LatitudeDegrees><LongitudeDegrees>-74.04613</LongitudeDegrees></Position><HeartRateBpm><Value>85</Value></HeartRateBpm><Cadence>45</Cadence></Trackpoint><Trackpoint><Time>2026-09-13T20:34:13Z</Time><Position><LatitudeDegrees>4.722399</LatitudeDegrees><LongitudeDegrees>-74.04613</LongitudeDegrees></Position><HeartRateBpm><Value>86</Value></HeartRateBpm><Cadence>45</Cadence></Trackpoint><Trackpoint><Time>2026-09-13T20:34:14Z</Time><Position><LatitudeDegrees>4.722399</LatitudeDegrees><LongitudeDegrees>-74.04613</LongitudeDegrees></Position><HeartRateBpm><Value>86</Value></HeartRateBpm><Cadence>45</Cadence></Trackpoint><Trackpoint><Time>2026-09-13T20:34:15Z</Time><Position><LatitudeDegrees>4.722399</LatitudeDegrees><LongitudeDegrees>-74.04613</LongitudeDegrees></Position><AltitudeMeters>2561.8</AltitudeMeters><HeartRateBpm><Value>87</Value></HeartRateBpm><Cadence>45</Cadence></Trackpoint><Trackpoint><Time>2026-09-13T20:34:16Z</Time><Position><LatitudeDegrees>4.722399</LatitudeDegrees><LongitudeDegrees>-74.04613</LongitudeDegrees></Position><HeartRateBpm><Value>86</Value></HeartRateBpm><Cadence>45</Cadence></Trackpoint><Trackpoint><Time>2026-09-13T20:34:17Z</Time><Position><LatitudeDegrees>4.722399</LatitudeDegrees><LongitudeDegrees>-74.04613</LongitudeDegrees></Position><HeartRateBpm><Value>85</Value></HeartRateBpm><Cadence>45</Cadence></Trackpoint><Trackpoint><Time>2026-09-13T20:34:18Z</Time><Position><LatitudeDegrees>4.722399</LatitudeDegrees><LongitudeDegrees>-74.04613</LongitudeDegrees></Position><HeartRateBpm><Value>84</Value></HeartRateBpm><Cadence>45</Cadence></Trackpoint><Trackpoint><Time>2026-09-13T20:34:19Z</Time><Position><LatitudeDegrees>4.722399</LatitudeDegrees><LongitudeDegrees>-74.04613</LongitudeDegrees></Position><HeartRateBpm><Value>83</Value></HeartRateBpm><Cadence>45</Cadence></Trackpoint><Trackpoint><Time>2026-09-13T20:34:20Z</Time><Position><LatitudeDegrees>4.722399</LatitudeDegrees><LongitudeDegrees>-74.04613</LongitudeDegrees></Position><AltitudeMeters>2561.8</AltitudeMeters><HeartRateBpm><Value>83</Value></HeartRateBpm><Cadence>45</Cadence></Trackpoint><Trackpoint><Time>2026-09-13T20:34:21Z</Time><Position><LatitudeDegrees>4.722399</LatitudeDegrees><LongitudeDegrees>-74.04613</LongitudeDegrees></Position><HeartRateBpm><Value>82</Value></HeartRateBpm><Cadence>45</Cadence></Trackpoint><Trackpoint><Time>2026-09-13T20:34:22Z</Time><Position><LatitudeDegrees>4.722399</LatitudeDegrees><LongitudeDegrees>-74.04613</LongitudeDegrees></Position><HeartRateBpm><Value>81</Value></HeartRateBpm><Cadence>45</Cadence></Trackpoint><Trackpoint><Time>2026-09-13T20:34:23Z</Time><Position><LatitudeDegrees>4.722399</LatitudeDegrees><LongitudeDegrees>-74.04613</LongitudeDegrees></Position><HeartRateBpm><Value>80</Value></HeartRateBpm><Cadence>45</Cadence></Trackpoint><Trackpoint><Time>2026-09-13T20:34:24Z</Time><Position><LatitudeDegrees>4.722399</LatitudeDegrees><LongitudeDegrees>-74.04613</LongitudeDegrees></Position><HeartRateBpm><Value>79</Value></HeartRateBpm><Cadence>45</Cadence></Trackpoint><Trackpoint><Time>2026-09-13T20:34:25Z</Time><Position><LatitudeDegrees>4.722399</LatitudeDegrees><LongitudeDegrees>-74.04613</LongitudeDegrees></Position><AltitudeMeters>2561.7</AltitudeMeters><HeartRateBpm><Value>79</Value></HeartRateBpm><Cadence>45</Cadence></Trackpoint><Trackpoint><Time>2026-09-13T20:34:26Z</Time><Position><LatitudeDegrees>4.722399</LatitudeDegrees><LongitudeDegrees>-74.04613</LongitudeDegrees></Position><HeartRateBpm><Value>79</Value></HeartRateBpm><Cadence>45</Cadence></Trackpoint><Trackpoint><Time>2026-09-13T20:34:27Z</Time><Position><LatitudeDegrees>4.722399</LatitudeDegrees><LongitudeDegrees>-74.04613</LongitudeDegrees></Position><HeartRateBpm><Value>79</Value></HeartRateBpm><Cadence>45</Cadence></Trackpoint><Trackpoint><Time>2026-09-13T20:34:28Z</Time><Position><LatitudeDegrees>4.722399</LatitudeDegrees><LongitudeDegrees>-74.04613</LongitudeDegrees></Position><HeartRateBpm><Value>79</Value></HeartRateBpm><Cadence>45</Cadence></Trackpoint><Trackpoint><Time>2026-09-13T20:34:29Z</Time><Position><LatitudeDegrees>4.722399</LatitudeDegrees><LongitudeDegrees>-74.04613</LongitudeDegrees></Position><HeartRateBpm><Value>79</Value></HeartRateBpm><Cadence>45</Cadence></Trackpoint><Trackpoint><Time>2026-09-13T20:34:30Z</Time><Position><LatitudeDegrees>4.722399</LatitudeDegrees><LongitudeDegrees>-74.04613</LongitudeDegrees></Position><AltitudeMeters>2561.5</AltitudeMeters><HeartRateBpm><Value>80</Value></HeartRateBpm><Cadence>45</Cadence></Trackpoint><Trackpoint><Time>2026-09-13T20:34:31Z</Time><Position><LatitudeDegrees>4.722399</LatitudeDegrees><LongitudeDegrees>-74.04613</LongitudeDegrees></Position><HeartRateBpm><Value>79</Value></HeartRateBpm><Cadence>45</Cadence></Trackpoint><Trackpoint><Time>2026-09-13T20:34:32Z</Time><Position><LatitudeDegrees>4.722399</LatitudeDegrees><LongitudeDegrees>-74.04613</LongitudeDegrees></Position><HeartRateBpm><Value>79</Value></HeartRateBpm><Cadence>45</Cadence></Trackpoint><Trackpoint><Time>2026-09-13T20:34:33Z</Time><Position><LatitudeDegrees>4.722399</LatitudeDegrees><LongitudeDegrees>-74.04613</LongitudeDegrees></Position><HeartRateBpm><Value>79</Value></HeartRateBpm><Cadence>45</Cadence></Trackpoint><Trackpoint><Time>2026-09-13T20:34:34Z</Time><Position><LatitudeDegrees>4.722399</LatitudeDegrees><LongitudeDegrees>-74.04613</LongitudeDegrees></Position><HeartRateBpm><Value>79</Value></HeartRateBpm><Cadence>45</Cadence></Trackpoint><Trackpoint><Time>2026-09-13T20:34:35Z</Time><Position><LatitudeDegrees>4.722399</LatitudeDegrees><LongitudeDegrees>-74.04613</LongitudeDegrees></Position><AltitudeMeters>2561.6</AltitudeMeters><HeartRateBpm><Value>79</Value></HeartRateBpm><Cadence>45</Cadence></Trackpoint><Trackpoint><Time>2026-09-13T20:34:36Z</Time><Position><LatitudeDegrees>4.722399</LatitudeDegrees><LongitudeDegrees>-74.04613</LongitudeDegrees></Position><HeartRateBpm><Value>79</Value></HeartRateBpm><Cadence>45</Cadence></Trackpoint><Trackpoint><Time>2026-09-13T20:34:37Z</Time><Position><LatitudeDegrees>4.722399</LatitudeDegrees><LongitudeDegrees>-74.04613</LongitudeDegrees></Position><HeartRateBpm><Value>79</Value></HeartRateBpm><Cadence>45</Cadence></Trackpoint><Trackpoint><Time>2026-09-13T20:34:38Z</Time><Position><LatitudeDegrees>4.722399</LatitudeDegrees><LongitudeDegrees>-74.04613</LongitudeDegrees></Position><HeartRateBpm><Value>79</Value></HeartRateBpm><Cadence>45</Cadence></Trackpoint><Trackpoint><Time>2026-09-13T20:34:39Z</Time><Position><LatitudeDegrees>4.722399</LatitudeDegrees><LongitudeDegrees>-74.04613</LongitudeDegrees></Position><HeartRateBpm><Value>79</Value></HeartRateBpm><Cadence>45</Cadence></Trackpoint><Trackpoint><Time>2026-09-13T20:34:40Z</Time><Position><LatitudeDegrees>4.722399</LatitudeDegrees><LongitudeDegrees>-74.04613</LongitudeDegrees></Position><AltitudeMeters>2561.7</AltitudeMeters><HeartRateBpm><Value>80</Value></HeartRateBpm><Cadence>45</Cadence></Trackpoint><Trackpoint><Time>2026-09-13T20:34:41Z</Time><Position><LatitudeDegrees>4.722399</LatitudeDegrees><LongitudeDegrees>-74.04613</LongitudeDegrees></Position><HeartRateBpm><Value>80</Value></HeartRateBpm><Cadence>45</Cadence></Trackpoint><Trackpoint><Time>2026-09-13T20:34:42Z</Time><Position><LatitudeDegrees>4.722399</LatitudeDegrees><LongitudeDegrees>-74.04613</LongitudeDegrees></Position><HeartRateBpm><Value>81</Value></HeartRateBpm><Cadence>45</Cadence></Trackpoint><Trackpoint><Time>2026-09-13T20:34:43Z</Time><Position><LatitudeDegrees>4.722399</LatitudeDegrees><LongitudeDegrees>-74.04613</LongitudeDegrees></Position><HeartRateBpm><Value>82</Value></HeartRateBpm><Cadence>45</Cadence></Trackpoint><Trackpoint><Time>2026-09-13T20:34:44Z</Time><Position><LatitudeDegrees>4.722399</LatitudeDegrees><LongitudeDegrees>-74.04613</LongitudeDegrees></Position><HeartRateBpm><Value>83</Value></HeartRateBpm><Cadence>45</Cadence></Trackpoint><Trackpoint><Time>2026-09-13T20:34:45Z</Time><Position><LatitudeDegrees>4.722399</LatitudeDegrees><LongitudeDegrees>-74.04613</LongitudeDegrees></Position><AltitudeMeters>2562.0</AltitudeMeters><HeartRateBpm><Value>84</Value></HeartRateBpm><Cadence>45</Cadence></Trackpoint><Trackpoint><Time>2026-09-13T20:34:46Z</Time><Position><LatitudeDegrees>4.722399</LatitudeDegrees><LongitudeDegrees>-74.04613</LongitudeDegrees></Position><HeartRateBpm><Value>85</Value></HeartRateBpm><Cadence>45</Cadence></Trackpoint><Trackpoint><Time>2026-09-13T20:34:47Z</Time><Position><LatitudeDegrees>4.722399</LatitudeDegrees><LongitudeDegrees>-74.04613</LongitudeDegrees></Position><HeartRateBpm><Value>86</Value></HeartRateBpm><Cadence>45</Cadence></Trackpoint><Trackpoint><Time>2026-09-13T20:34:48Z</Time><Position><LatitudeDegrees>4.722399</LatitudeDegrees><LongitudeDegrees>-74.04613</LongitudeDegrees></Position><HeartRateBpm><Value>87</Value></HeartRateBpm><Cadence>45</Cadence></Trackpoint><Trackpoint><Time>2026-09-13T20:34:49Z</Time><Position><LatitudeDegrees>4.722399</LatitudeDegrees><LongitudeDegrees>-74.04613</LongitudeDegrees></Position><HeartRateBpm><Value>88</Value></HeartRateBpm><Cadence>45</Cadence></Trackpoint><Trackpoint><Time>2026-09-13T20:34:50Z</Time><Position><LatitudeDegrees>4.722399</LatitudeDegrees><LongitudeDegrees>-74.04613</LongitudeDegrees></Position><AltitudeMeters>2562.5</AltitudeMeters><HeartRateBpm><Value>89</Value></HeartRateBpm><Cadence>45</Cadence></Trackpoint><Trackpoint><Time>2026-09-13T20:34:51Z</Time><Position><LatitudeDegrees>4.722399</LatitudeDegrees><LongitudeDegrees>-74.04613</LongitudeDegrees></Position><HeartRateBpm><Value>89</Value></HeartRateBpm><Cadence>45</Cadence></Trackpoint><Trackpoint><Time>2026-09-13T20:34:52Z</Time><Position><LatitudeDegrees>4.722399</LatitudeDegrees><LongitudeDegrees>-74.04613</LongitudeDegrees></Position><HeartRateBpm><Value>89</Value></HeartRateBpm><Cadence>45</Cadence></Trackpoint><Trackpoint><Time>2026-09-13T20:34:53Z</Time><Position><LatitudeDegrees>4.722399</LatitudeDegrees><LongitudeDegrees>-74.04613</LongitudeDegrees></Position><HeartRateBpm><Value>89</Value></HeartRateBpm><Cadence>45</Cadence></Trackpoint><Trackpoint><Time>2026-09-13T20:34:54Z</Time><Position><LatitudeDegrees>4.722399</LatitudeDegrees><LongitudeDegrees>-74.04613</LongitudeDegrees></Position><HeartRateBpm><Value>89</Value></HeartRateBpm><Cadence>45</Cadence></Trackpoint><Trackpoint><Time>2026-09-13T20:34:55Z</Time><Position><LatitudeDegrees>4.722399</LatitudeDegrees><LongitudeDegrees>-74.04613</LongitudeDegrees></Position><AltitudeMeters>2562.7</AltitudeMeters><HeartRateBpm><Value>89</Value></HeartRateBpm><Cadence>45</Cadence></Trackpoint><Trackpoint><Time>2026-09-13T20:34:56Z</Time><Position><LatitudeDegrees>4.722399</LatitudeDegrees><LongitudeDegrees>-74.04613</LongitudeDegrees></Position><HeartRateBpm><Value>88</Value></HeartRateBpm><Cadence>45</Cadence></Trackpoint><Trackpoint><Time>2026-09-13T20:34:57Z</Time><Position><LatitudeDegrees>4.722399</LatitudeDegrees><LongitudeDegrees>-74.04613</LongitudeDegrees></Position><HeartRateBpm><Value>88</Value></HeartRateBpm><Cadence>45</Cadence></Trackpoint><Trackpoint><Time>2026-09-13T20:34:58Z</Time><Position><LatitudeDegrees>4.722399</LatitudeDegrees><LongitudeDegrees>-74.04613</LongitudeDegrees></Position><HeartRateBpm><Value>87</Value></HeartRateBpm><Cadence>45</Cadence></Trackpoint><Trackpoint><Time>2026-09-13T20:34:59Z</Time><Position><LatitudeDegrees>4.722399</LatitudeDegrees><LongitudeDegrees>-74.04613</LongitudeDegrees></Position><HeartRateBpm><Value>87</Value></HeartRateBpm><Cadence>45</Cadence></Trackpoint><Trackpoint><Time>2026-09-13T20:35:00Z</Time><Position><LatitudeDegrees>4.722399</LatitudeDegrees><LongitudeDegrees>-74.04613</LongitudeDegrees></Position><AltitudeMeters>2562.8</AltitudeMeters><HeartRateBpm><Value>87</Value></HeartRateBpm><Cadence>45</Cadence></Trackpoint><Trackpoint><Time>2026-09-13T20:35:01Z</Time><Position><LatitudeDegrees>4.722399</LatitudeDegrees><LongitudeDegrees>-74.04613</LongitudeDegrees></Position><HeartRateBpm><Value>87</Value></HeartRateBpm><Cadence>45</Cadence></Trackpoint><Trackpoint><Time>2026-09-13T20:35:02Z</Time><Position><LatitudeDegrees>4.722399</LatitudeDegrees><LongitudeDegrees>-74.04613</LongitudeDegrees></Position><HeartRateBpm><Value>88</Value></HeartRateBpm><Cadence>45</Cadence></Trackpoint><Trackpoint><Time>2026-09-13T20:35:03Z</Time><Position><LatitudeDegrees>4.722399</LatitudeDegrees><LongitudeDegrees>-74.04613</LongitudeDegrees></Position><HeartRateBpm><Value>89</Value></HeartRateBpm><Cadence>45</Cadence></Trackpoint><Trackpoint><Time>2026-09-13T20:35:04Z</Time><Position><LatitudeDegrees>4.722399</LatitudeDegrees><LongitudeDegrees>-74.04613</LongitudeDegrees></Position><HeartRateBpm><Value>90</Value></HeartRateBpm><Cadence>45</Cadence></Trackpoint><Trackpoint><Time>2026-09-13T20:35:05Z</Time><Position><LatitudeDegrees>4.722399</LatitudeDegrees><LongitudeDegrees>-74.04613</LongitudeDegrees></Position><AltitudeMeters>2562.7</AltitudeMeters><HeartRateBpm><Value>91</Value></HeartRateBpm><Cadence>45</Cadence></Trackpoint><Trackpoint><Time>2026-09-13T20:35:06Z</Time><Position><LatitudeDegrees>4.722399</LatitudeDegrees><LongitudeDegrees>-74.04613</LongitudeDegrees></Position><HeartRateBpm><Value>91</Value></HeartRateBpm><Cadence>45</Cadence></Trackpoint><Trackpoint><Time>2026-09-13T20:35:07Z</Time><Position><LatitudeDegrees>4.722399</LatitudeDegrees><LongitudeDegrees>-74.04613</LongitudeDegrees></Position><HeartRateBpm><Value>91</Value></HeartRateBpm><Cadence>45</Cadence></Trackpoint><Trackpoint><Time>2026-09-13T20:35:08Z</Time><Position><LatitudeDegrees>4.722399</LatitudeDegrees><LongitudeDegrees>-74.04613</LongitudeDegrees></Position><HeartRateBpm><Value>92</Value></HeartRateBpm><Cadence>45</Cadence></Trackpoint><Trackpoint><Time>2026-09-13T20:35:09Z</Time><Position><LatitudeDegrees>4.722399</LatitudeDegrees><LongitudeDegrees>-74.04613</LongitudeDegrees></Position><HeartRateBpm><Value>92</Value></HeartRateBpm><Cadence>45</Cadence></Trackpoint><Trackpoint><Time>2026-09-13T20:35:10Z</Time><Position><LatitudeDegrees>4.722399</LatitudeDegrees><LongitudeDegrees>-74.04613</LongitudeDegrees></Position><AltitudeMeters>2562.7</AltitudeMeters><HeartRateBpm><Value>93</Value></HeartRateBpm><Cadence>45</Cadence></Trackpoint><Trackpoint><Time>2026-09-13T20:35:11Z</Time><Position><LatitudeDegrees>4.722399</LatitudeDegrees><LongitudeDegrees>-74.04613</LongitudeDegrees></Position><HeartRateBpm><Value>93</Value></HeartRateBpm><Cadence>45</Cadence></Trackpoint><Trackpoint><Time>2026-09-13T20:35:12Z</Time><Position><LatitudeDegrees>4.722399</LatitudeDegrees><LongitudeDegrees>-74.04613</LongitudeDegrees></Position><HeartRateBpm><Value>93</Value></HeartRateBpm><Cadence>45</Cadence></Trackpoint><Trackpoint><Time>2026-09-13T20:35:13Z</Time><Position><LatitudeDegrees>4.722399</LatitudeDegrees><LongitudeDegrees>-74.04613</LongitudeDegrees></Position><HeartRateBpm><Value>93</Value></HeartRateBpm><Cadence>45</Cadence></Trackpoint><Trackpoint><Time>2026-09-13T20:35:14Z</Time><Position><LatitudeDegrees>4.722399</LatitudeDegrees><LongitudeDegrees>-74.04613</LongitudeDegrees></Position><HeartRateBpm><Value>93</Value></HeartRateBpm><Cadence>45</Cadence></Trackpoint><Trackpoint><Time>2026-09-13T20:35:15Z</Time><Position><LatitudeDegrees>4.722399</LatitudeDegrees><LongitudeDegrees>-74.04613</LongitudeDegrees></Position><AltitudeMeters>2562.7</AltitudeMeters><HeartRateBpm><Value>94</Value></HeartRateBpm><Cadence>45</Cadence></Trackpoint><Trackpoint><Time>2026-09-13T20:35:16Z</Time><Position><LatitudeDegrees>4.722399</LatitudeDegrees><LongitudeDegrees>-74.04613</LongitudeDegrees></Position><HeartRateBpm><Value>93</Value></HeartRateBpm><Cadence>45</Cadence></Trackpoint><Trackpoint><Time>2026-09-13T20:35:17Z</Time><Position><LatitudeDegrees>4.722399</LatitudeDegrees><LongitudeDegrees>-74.04613</LongitudeDegrees></Position><HeartRateBpm><Value>92</Value></HeartRateBpm><Cadence>45</Cadence></Trackpoint><Trackpoint><Time>2026-09-13T20:35:18Z</Time><Position><LatitudeDegrees>4.722399</LatitudeDegrees><LongitudeDegrees>-74.04613</LongitudeDegrees></Position><HeartRateBpm><Value>92</Value></HeartRateBpm><Cadence>45</Cadence></Trackpoint><Trackpoint><Time>2026-09-13T20:35:19Z</Time><Position><LatitudeDegrees>4.722399</LatitudeDegrees><LongitudeDegrees>-74.04613</LongitudeDegrees></Position><HeartRateBpm><Value>91</Value></HeartRateBpm><Cadence>45</Cadence></Trackpoint><Trackpoint><Time>2026-09-13T20:35:20Z</Time><Position><LatitudeDegrees>4.722399</LatitudeDegrees><LongitudeDegrees>-74.04613</LongitudeDegrees></Position><AltitudeMeters>2562.7</AltitudeMeters><HeartRateBpm><Value>91</Value></HeartRateBpm><Cadence>45</Cadence></Trackpoint><Trackpoint><Time>2026-09-13T20:35:21Z</Time><Position><LatitudeDegrees>4.722399</LatitudeDegrees><LongitudeDegrees>-74.04613</LongitudeDegrees></Position><HeartRateBpm><Value>90</Value></HeartRateBpm><Cadence>45</Cadence></Trackpoint><Trackpoint><Time>2026-09-13T20:35:22Z</Time><Position><LatitudeDegrees>4.722399</LatitudeDegrees><LongitudeDegrees>-74.04613</LongitudeDegrees></Position><HeartRateBpm><Value>90</Value></HeartRateBpm><Cadence>45</Cadence></Trackpoint><Trackpoint><Time>2026-09-13T20:35:23Z</Time><Position><LatitudeDegrees>4.722399</LatitudeDegrees><LongitudeDegrees>-74.04613</LongitudeDegrees></Position><HeartRateBpm><Value>90</Value></HeartRateBpm><Cadence>45</Cadence></Trackpoint><Trackpoint><Time>2026-09-13T20:35:24Z</Time><Position><LatitudeDegrees>4.722399</LatitudeDegrees><LongitudeDegrees>-74.04613</LongitudeDegrees></Position><HeartRateBpm><Value>90</Value></HeartRateBpm><Cadence>45</Cadence></Trackpoint><Trackpoint><Time>2026-09-13T20:35:25Z</Time><Position><LatitudeDegrees>4.722399</LatitudeDegrees><LongitudeDegrees>-74.04613</LongitudeDegrees></Position><AltitudeMeters>2562.7</AltitudeMeters><HeartRateBpm><Value>90</Value></HeartRateBpm><Cadence>45</Cadence></Trackpoint><Trackpoint><Time>2026-09-13T20:35:26Z</Time><Position><LatitudeDegrees>4.722399</LatitudeDegrees><LongitudeDegrees>-74.04613</LongitudeDegrees></Position><HeartRateBpm><Value>89</Value></HeartRateBpm><Cadence>45</Cadence></Trackpoint><Trackpoint><Time>2026-09-13T20:35:27Z</Time><Position><LatitudeDegrees>4.722399</LatitudeDegrees><LongitudeDegrees>-74.04613</LongitudeDegrees></Position><HeartRateBpm><Value>88</Value></HeartRateBpm><Cadence>45</Cadence></Trackpoint><Trackpoint><Time>2026-09-13T20:35:28Z</Time><Position><LatitudeDegrees>4.722399</LatitudeDegrees><LongitudeDegrees>-74.04613</LongitudeDegrees></Position><HeartRateBpm><Value>88</Value></HeartRateBpm><Cadence>45</Cadence></Trackpoint><Trackpoint><Time>2026-09-13T20:35:29Z</Time><Position><LatitudeDegrees>4.722399</LatitudeDegrees><LongitudeDegrees>-74.04613</LongitudeDegrees></Position><HeartRateBpm><Value>87</Value></HeartRateBpm><Cadence>45</Cadence></Trackpoint><Trackpoint><Time>2026-09-13T20:35:30Z</Time><Position><LatitudeDegrees>4.722399</LatitudeDegrees><LongitudeDegrees>-74.04613</LongitudeDegrees></Position><AltitudeMeters>2562.7</AltitudeMeters><HeartRateBpm><Value>87</Value></HeartRateBpm><Cadence>45</Cadence></Trackpoint><Trackpoint><Time>2026-09-13T20:35:31Z</Time><Position><LatitudeDegrees>4.722399</LatitudeDegrees><LongitudeDegrees>-74.04613</LongitudeDegrees></Position><HeartRateBpm><Value>87</Value></HeartRateBpm><Cadence>45</Cadence></Trackpoint><Trackpoint><Time>2026-09-13T20:35:32Z</Time><Position><LatitudeDegrees>4.722399</LatitudeDegrees><LongitudeDegrees>-74.04613</LongitudeDegrees></Position><HeartRateBpm><Value>87</Value></HeartRateBpm><Cadence>45</Cadence></Trackpoint><Trackpoint><Time>2026-09-13T20:35:33Z</Time><Position><LatitudeDegrees>4.722399</LatitudeDegrees><LongitudeDegrees>-74.04613</LongitudeDegrees></Position><HeartRateBpm><Value>87</Value></HeartRateBpm><Cadence>45</Cadence></Trackpoint><Trackpoint><Time>2026-09-13T20:35:34Z</Time><Position><LatitudeDegrees>4.722399</LatitudeDegrees><LongitudeDegrees>-74.04613</LongitudeDegrees></Position><HeartRateBpm><Value>87</Value></HeartRateBpm><Cadence>45</Cadence></Trackpoint><Trackpoint><Time>2026-09-13T20:35:35Z</Time><Position><LatitudeDegrees>4.722399</LatitudeDegrees><LongitudeDegrees>-74.04613</LongitudeDegrees></Position><AltitudeMeters>2562.8</AltitudeMeters><HeartRateBpm><Value>87</Value></HeartRateBpm><Cadence>45</Cadence></Trackpoint><Trackpoint><Time>2026-09-13T20:35:36Z</Time><Position><LatitudeDegrees>4.722399</LatitudeDegrees><LongitudeDegrees>-74.04613</LongitudeDegrees></Position><HeartRateBpm><Value>87</Value></HeartRateBpm><Cadence>45</Cadence></Trackpoint><Trackpoint><Time>2026-09-13T20:35:37Z</Time><Position><LatitudeDegrees>4.722399</LatitudeDegrees><LongitudeDegrees>-74.04613</LongitudeDegrees></Position><HeartRateBpm><Value>87</Value></HeartRateBpm><Cadence>45</Cadence></Trackpoint><Trackpoint><Time>2026-09-13T20:35:38Z</Time><Position><LatitudeDegrees>4.722399</LatitudeDegrees><LongitudeDegrees>-74.04613</LongitudeDegrees></Position><HeartRateBpm><Value>87</Value></HeartRateBpm><Cadence>45</Cadence></Trackpoint><Trackpoint><Time>2026-09-13T20:35:39Z</Time><Position><LatitudeDegrees>4.722399</LatitudeDegrees><LongitudeDegrees>-74.04613</LongitudeDegrees></Position><HeartRateBpm><Value>87</Value></HeartRateBpm><Cadence>45</Cadence></Trackpoint><Trackpoint><Time>2026-09-13T20:35:40Z</Time><Position><LatitudeDegrees>4.722399</LatitudeDegrees><LongitudeDegrees>-74.04613</LongitudeDegrees></Position><AltitudeMeters>2562.9</AltitudeMeters><HeartRateBpm><Value>87</Value></HeartRateBpm><Cadence>45</Cadence></Trackpoint><Trackpoint><Time>2026-09-13T20:35:41Z</Time><Position><LatitudeDegrees>4.722399</LatitudeDegrees><LongitudeDegrees>-74.04613</LongitudeDegrees></Position><HeartRateBpm><Value>86</Value></HeartRateBpm><Cadence>45</Cadence></Trackpoint><Trackpoint><Time>2026-09-13T20:35:42Z</Time><Position><LatitudeDegrees>4.722399</LatitudeDegrees><LongitudeDegrees>-74.04613</LongitudeDegrees></Position><HeartRateBpm><Value>86</Value></HeartRateBpm><Cadence>45</Cadence></Trackpoint><Trackpoint><Time>2026-09-13T20:35:43Z</Time><Position><LatitudeDegrees>4.722399</LatitudeDegrees><LongitudeDegrees>-74.04613</LongitudeDegrees></Position><HeartRateBpm><Value>86</Value></HeartRateBpm><Cadence>45</Cadence></Trackpoint><Trackpoint><Time>2026-09-13T20:35:44Z</Time><Position><LatitudeDegrees>4.722399</LatitudeDegrees><LongitudeDegrees>-74.04613</LongitudeDegrees></Position><HeartRateBpm><Value>86</Value></HeartRateBpm><Cadence>45</Cadence></Trackpoint><Trackpoint><Time>2026-09-13T20:35:45Z</Time><Position><LatitudeDegrees>4.722399</LatitudeDegrees><LongitudeDegrees>-74.04613</LongitudeDegrees></Position><AltitudeMeters>2563.0</AltitudeMeters><HeartRateBpm><Value>86</Value></HeartRateBpm><Cadence>45</Cadence></Trackpoint><Trackpoint><Time>2026-09-13T20:35:46Z</Time><Position><LatitudeDegrees>4.722399</LatitudeDegrees><LongitudeDegrees>-74.04613</LongitudeDegrees></Position><HeartRateBpm><Value>85</Value></HeartRateBpm><Cadence>45</Cadence></Trackpoint><Trackpoint><Time>2026-09-13T20:35:47Z</Time><Position><LatitudeDegrees>4.722399</LatitudeDegrees><LongitudeDegrees>-74.04613</LongitudeDegrees></Position><HeartRateBpm><Value>85</Value></HeartRateBpm><Cadence>45</Cadence></Trackpoint><Trackpoint><Time>2026-09-13T20:35:48Z</Time><Position><LatitudeDegrees>4.722399</LatitudeDegrees><LongitudeDegrees>-74.04613</LongitudeDegrees></Position><HeartRateBpm><Value>85</Value></HeartRateBpm><Cadence>46</Cadence></Trackpoint><Trackpoint><Time>2026-09-13T20:35:49Z</Time><Position><LatitudeDegrees>4.722399</LatitudeDegrees><LongitudeDegrees>-74.04613</LongitudeDegrees></Position><HeartRateBpm><Value>85</Value></HeartRateBpm><Cadence>46</Cadence></Trackpoint><Trackpoint><Time>2026-09-13T20:35:50Z</Time><Position><LatitudeDegrees>4.722399</LatitudeDegrees><LongitudeDegrees>-74.04613</LongitudeDegrees></Position><AltitudeMeters>2562.9</AltitudeMeters><HeartRateBpm><Value>85</Value></HeartRateBpm><Cadence>46</Cadence></Trackpoint><Trackpoint><Time>2026-09-13T20:35:51Z</Time><Position><LatitudeDegrees>4.722399</LatitudeDegrees><LongitudeDegrees>-74.04613</LongitudeDegrees></Position><HeartRateBpm><Value>84</Value></HeartRateBpm><Cadence>46</Cadence></Trackpoint><Trackpoint><Time>2026-09-13T20:35:52Z</Time><Position><LatitudeDegrees>4.722399</LatitudeDegrees><LongitudeDegrees>-74.04613</LongitudeDegrees></Position><HeartRateBpm><Value>84</Value></HeartRateBpm><Cadence>45</Cadence></Trackpoint><Trackpoint><Time>2026-09-13T20:35:53Z</Time><Position><LatitudeDegrees>4.722399</LatitudeDegrees><LongitudeDegrees>-74.04613</LongitudeDegrees></Position><HeartRateBpm><Value>84</Value></HeartRateBpm><Cadence>45</Cadence></Trackpoint><Trackpoint><Time>2026-09-13T20:35:54Z</Time><Position><LatitudeDegrees>4.722399</LatitudeDegrees><LongitudeDegrees>-74.04613</LongitudeDegrees></Position><HeartRateBpm><Value>84</Value></HeartRateBpm><Cadence>45</Cadence></Trackpoint><Trackpoint><Time>2026-09-13T20:35:55Z</Time><Position><LatitudeDegrees>4.722399</LatitudeDegrees><LongitudeDegrees>-74.04613</LongitudeDegrees></Position><AltitudeMeters>2562.9</AltitudeMeters><HeartRateBpm><Value>84</Value></HeartRateBpm><Cadence>45</Cadence></Trackpoint><Trackpoint><Time>2026-09-13T20:35:56Z</Time><Position><LatitudeDegrees>4.722399</LatitudeDegrees><LongitudeDegrees>-74.04613</LongitudeDegrees></Position><HeartRateBpm><Value>83</Value></HeartRateBpm><Cadence>44</Cadence></Trackpoint><Trackpoint><Time>2026-09-13T20:35:57Z</Time><Position><LatitudeDegrees>4.722399</LatitudeDegrees><LongitudeDegrees>-74.04613</LongitudeDegrees></Position><HeartRateBpm><Value>82</Value></HeartRateBpm><Cadence>44</Cadence></Trackpoint><Trackpoint><Time>2026-09-13T20:35:58Z</Time><Position><LatitudeDegrees>4.722399</LatitudeDegrees><LongitudeDegrees>-74.04613</LongitudeDegrees></Position><HeartRateBpm><Value>82</Value></HeartRateBpm><Cadence>44</Cadence></Trackpoint><Trackpoint><Time>2026-09-13T20:35:59Z</Time><Position><LatitudeDegrees>4.722399</LatitudeDegrees><LongitudeDegrees>-74.04613</LongitudeDegrees></Position><HeartRateBpm><Value>81</Value></HeartRateBpm><Cadence>43</Cadence></Trackpoint><Trackpoint><Time>2026-09-13T20:36:00Z</Time><Position><LatitudeDegrees>4.722399</LatitudeDegrees><LongitudeDegrees>-74.04613</LongitudeDegrees></Position><AltitudeMeters>2562.8</AltitudeMeters><HeartRateBpm><Value>81</Value></HeartRateBpm><Cadence>43</Cadence></Trackpoint><Trackpoint><Time>2026-09-13T20:36:01Z</Time><Position><LatitudeDegrees>4.722399</LatitudeDegrees><LongitudeDegrees>-74.04613</LongitudeDegrees></Position><HeartRateBpm><Value>80</Value></HeartRateBpm><Cadence>43</Cadence></Trackpoint><Trackpoint><Time>2026-09-13T20:36:02Z</Time><Position><LatitudeDegrees>4.722399</LatitudeDegrees><LongitudeDegrees>-74.04613</LongitudeDegrees></Position><HeartRateBpm><Value>79</Value></HeartRateBpm><Cadence>43</Cadence></Trackpoint><Trackpoint><Time>2026-09-13T20:36:03Z</Time><Position><LatitudeDegrees>4.722399</LatitudeDegrees><LongitudeDegrees>-74.04613</LongitudeDegrees></Position><HeartRateBpm><Value>79</Value></HeartRateBpm><Cadence>42</Cadence></Trackpoint><Trackpoint><Time>2026-09-13T20:36:04Z</Time><Position><LatitudeDegrees>4.722399</LatitudeDegrees><LongitudeDegrees>-74.04613</LongitudeDegrees></Position><HeartRateBpm><Value>78</Value></HeartRateBpm><Cadence>42</Cadence></Trackpoint><Trackpoint><Time>2026-09-13T20:36:05Z</Time><Position><LatitudeDegrees>4.722399</LatitudeDegrees><LongitudeDegrees>-74.04613</LongitudeDegrees></Position><AltitudeMeters>2562.7</AltitudeMeters><HeartRateBpm><Value>78</Value></HeartRateBpm><Cadence>42</Cadence></Trackpoint><Trackpoint><Time>2026-09-13T20:36:06Z</Time><Position><LatitudeDegrees>4.722399</LatitudeDegrees><LongitudeDegrees>-74.04613</LongitudeDegrees></Position><HeartRateBpm><Value>77</Value></HeartRateBpm><Cadence>41</Cadence></Trackpoint><Trackpoint><Time>2026-09-13T20:36:07Z</Time><Position><LatitudeDegrees>4.722399</LatitudeDegrees><LongitudeDegrees>-74.04613</LongitudeDegrees></Position><HeartRateBpm><Value>77</Value></HeartRateBpm><Cadence>41</Cadence></Trackpoint><Trackpoint><Time>2026-09-13T20:36:08Z</Time><Position><LatitudeDegrees>4.722399</LatitudeDegrees><LongitudeDegrees>-74.04613</LongitudeDegrees></Position><HeartRateBpm><Value>77</Value></HeartRateBpm><Cadence>41</Cadence></Trackpoint><Trackpoint><Time>2026-09-13T20:36:09Z</Time><Position><LatitudeDegrees>4.722399</LatitudeDegrees><LongitudeDegrees>-74.04613</LongitudeDegrees></Position><HeartRateBpm><Value>77</Value></HeartRateBpm><Cadence>41</Cadence></Trackpoint><Trackpoint><Time>2026-09-13T20:36:10Z</Time><Position><LatitudeDegrees>4.722399</LatitudeDegrees><LongitudeDegrees>-74.04613</LongitudeDegrees></Position><AltitudeMeters>2562.6</AltitudeMeters><HeartRateBpm><Value>77</Value></HeartRateBpm><Cadence>40</Cadence></Trackpoint><Trackpoint><Time>2026-09-13T20:36:11Z</Time><Position><LatitudeDegrees>4.722399</LatitudeDegrees><LongitudeDegrees>-74.04613</LongitudeDegrees></Position><HeartRateBpm><Value>76</Value></HeartRateBpm><Cadence>40</Cadence></Trackpoint><Trackpoint><Time>2026-09-13T20:36:12Z</Time><Position><LatitudeDegrees>4.722399</LatitudeDegrees><LongitudeDegrees>-74.04613</LongitudeDegrees></Position><HeartRateBpm><Value>76</Value></HeartRateBpm><Cadence>40</Cadence></Trackpoint><Trackpoint><Time>2026-09-13T20:36:13Z</Time><Position><LatitudeDegrees>4.722399</LatitudeDegrees><LongitudeDegrees>-74.04613</LongitudeDegrees></Position><HeartRateBpm><Value>76</Value></HeartRateBpm><Cadence>39</Cadence></Trackpoint><Trackpoint><Time>2026-09-13T20:36:14Z</Time><Position><LatitudeDegrees>4.722399</LatitudeDegrees><LongitudeDegrees>-74.04613</LongitudeDegrees></Position><HeartRateBpm><Value>76</Value></HeartRateBpm><Cadence>39</Cadence></Trackpoint><Trackpoint><Time>2026-09-13T20:36:15Z</Time><Position><LatitudeDegrees>4.722399</LatitudeDegrees><LongitudeDegrees>-74.04613</LongitudeDegrees></Position><AltitudeMeters>2562.2</AltitudeMeters><HeartRateBpm><Value>76</Value></HeartRateBpm><Cadence>39</Cadence></Trackpoint><Trackpoint><Time>2026-09-13T20:36:16Z</Time><Position><LatitudeDegrees>4.722399</LatitudeDegrees><LongitudeDegrees>-74.04613</LongitudeDegrees></Position><HeartRateBpm><Value>75</Value></HeartRateBpm><Cadence>38</Cadence></Trackpoint><Trackpoint><Time>2026-09-13T20:36:17Z</Time><Position><LatitudeDegrees>4.722399</LatitudeDegrees><LongitudeDegrees>-74.04613</LongitudeDegrees></Position><HeartRateBpm><Value>75</Value></HeartRateBpm><Cadence>38</Cadence></Trackpoint><Trackpoint><Time>2026-09-13T20:36:18Z</Time><Position><LatitudeDegrees>4.722399</LatitudeDegrees><LongitudeDegrees>-74.04613</LongitudeDegrees></Position><HeartRateBpm><Value>75</Value></HeartRateBpm><Cadence>38</Cadence></Trackpoint><Trackpoint><Time>2026-09-13T20:36:19Z</Time><Position><LatitudeDegrees>4.722399</LatitudeDegrees><LongitudeDegrees>-74.04613</LongitudeDegrees></Position><HeartRateBpm><Value>75</Value></HeartRateBpm><Cadence>38</Cadence></Trackpoint><Trackpoint><Time>2026-09-13T20:36:20Z</Time><Position><LatitudeDegrees>4.722399</LatitudeDegrees><LongitudeDegrees>-74.04613</LongitudeDegrees></Position><AltitudeMeters>2561.8</AltitudeMeters><HeartRateBpm><Value>75</Value></HeartRateBpm><Cadence>37</Cadence></Trackpoint><Trackpoint><Time>2026-09-13T20:36:21Z</Time><Position><LatitudeDegrees>4.722399</LatitudeDegrees><LongitudeDegrees>-74.04613</LongitudeDegrees></Position><HeartRateBpm><Value>75</Value></HeartRateBpm><Cadence>37</Cadence></Trackpoint><Trackpoint><Time>2026-09-13T20:36:22Z</Time><Position><LatitudeDegrees>4.722399</LatitudeDegrees><LongitudeDegrees>-74.04613</LongitudeDegrees></Position><HeartRateBpm><Value>75</Value></HeartRateBpm><Cadence>37</Cadence></Trackpoint><Trackpoint><Time>2026-09-13T20:36:23Z</Time><Position><LatitudeDegrees>4.722399</LatitudeDegrees><LongitudeDegrees>-74.04613</LongitudeDegrees></Position><HeartRateBpm><Value>75</Value></HeartRateBpm><Cadence>36</Cadence></Trackpoint><Trackpoint><Time>2026-09-13T20:36:24Z</Time><Position><LatitudeDegrees>4.722399</LatitudeDegrees><LongitudeDegrees>-74.04613</LongitudeDegrees></Position><HeartRateBpm><Value>75</Value></HeartRateBpm><Cadence>36</Cadence></Trackpoint><Trackpoint><Time>2026-09-13T20:36:25Z</Time><Position><LatitudeDegrees>4.722399</LatitudeDegrees><LongitudeDegrees>-74.04613</LongitudeDegrees></Position><AltitudeMeters>2561.8</AltitudeMeters><HeartRateBpm><Value>76</Value></HeartRateBpm><Cadence>36</Cadence></Trackpoint><Trackpoint><Time>2026-09-13T20:36:26Z</Time><Position><LatitudeDegrees>4.722399</LatitudeDegrees><LongitudeDegrees>-74.04613</LongitudeDegrees></Position><HeartRateBpm><Value>76</Value></HeartRateBpm><Cadence>36</Cadence></Trackpoint><Trackpoint><Time>2026-09-13T20:36:27Z</Time><Position><LatitudeDegrees>4.722399</LatitudeDegrees><LongitudeDegrees>-74.04613</LongitudeDegrees></Position><HeartRateBpm><Value>77</Value></HeartRateBpm><Cadence>35</Cadence></Trackpoint><Trackpoint><Time>2026-09-13T20:36:28Z</Time><Position><LatitudeDegrees>4.722399</LatitudeDegrees><LongitudeDegrees>-74.04613</LongitudeDegrees></Position><HeartRateBpm><Value>77</Value></HeartRateBpm><Cadence>35</Cadence></Trackpoint><Trackpoint><Time>2026-09-13T20:36:29Z</Time><Position><LatitudeDegrees>4.722399</LatitudeDegrees><LongitudeDegrees>-74.04613</LongitudeDegrees></Position><HeartRateBpm><Value>78</Value></HeartRateBpm><Cadence>35</Cadence></Trackpoint><Trackpoint><Time>2026-09-13T20:36:30Z</Time><Position><LatitudeDegrees>4.722399</LatitudeDegrees><LongitudeDegrees>-74.04613</LongitudeDegrees></Position><AltitudeMeters>2562.2</AltitudeMeters><HeartRateBpm><Value>79</Value></HeartRateBpm><Cadence>34</Cadence></Trackpoint><Trackpoint><Time>2026-09-13T20:36:31Z</Time><Position><LatitudeDegrees>4.722399</LatitudeDegrees><LongitudeDegrees>-74.04613</LongitudeDegrees></Position><HeartRateBpm><Value>79</Value></HeartRateBpm><Cadence>34</Cadence></Trackpoint><Trackpoint><Time>2026-09-13T20:36:32Z</Time><Position><LatitudeDegrees>4.722399</LatitudeDegrees><LongitudeDegrees>-74.04613</LongitudeDegrees></Position><HeartRateBpm><Value>79</Value></HeartRateBpm><Cadence>34</Cadence></Trackpoint><Trackpoint><Time>2026-09-13T20:36:33Z</Time><Position><LatitudeDegrees>4.722399</LatitudeDegrees><LongitudeDegrees>-74.04613</LongitudeDegrees></Position><HeartRateBpm><Value>79</Value></HeartRateBpm><Cadence>34</Cadence></Trackpoint><Trackpoint><Time>2026-09-13T20:36:34Z</Time><Position><LatitudeDegrees>4.722399</LatitudeDegrees><LongitudeDegrees>-74.04613</LongitudeDegrees></Position><HeartRateBpm><Value>79</Value></HeartRateBpm><Cadence>33</Cadence></Trackpoint><Trackpoint><Time>2026-09-13T20:36:35Z</Time><Position><LatitudeDegrees>4.722399</LatitudeDegrees><LongitudeDegrees>-74.04613</LongitudeDegrees></Position><AltitudeMeters>2562.7</AltitudeMeters><HeartRateBpm><Value>80</Value></HeartRateBpm><Cadence>33</Cadence></Trackpoint><Trackpoint><Time>2026-09-13T20:36:36Z</Time><Position><LatitudeDegrees>4.722399</LatitudeDegrees><LongitudeDegrees>-74.04613</LongitudeDegrees></Position><HeartRateBpm><Value>80</Value></HeartRateBpm><Cadence>37</Cadence></Trackpoint><Trackpoint><Time>2026-09-13T20:36:37Z</Time><Position><LatitudeDegrees>4.722399</LatitudeDegrees><LongitudeDegrees>-74.04613</LongitudeDegrees></Position><HeartRateBpm><Value>80</Value></HeartRateBpm><Cadence>40</Cadence></Trackpoint><Trackpoint><Time>2026-09-13T20:36:38Z</Time><Position><LatitudeDegrees>4.722399</LatitudeDegrees><LongitudeDegrees>-74.04613</LongitudeDegrees></Position><HeartRateBpm><Value>80</Value></HeartRateBpm><Cadence>44</Cadence></Trackpoint><Trackpoint><Time>2026-09-13T20:36:39Z</Time><Position><LatitudeDegrees>4.722399</LatitudeDegrees><LongitudeDegrees>-74.04613</LongitudeDegrees></Position><HeartRateBpm><Value>80</Value></HeartRateBpm><Cadence>47</Cadence></Trackpoint><Trackpoint><Time>2026-09-13T20:36:40Z</Time><Position><LatitudeDegrees>4.722399</LatitudeDegrees><LongitudeDegrees>-74.04613</LongitudeDegrees></Position><AltitudeMeters>2562.9</AltitudeMeters><HeartRateBpm><Value>81</Value></HeartRateBpm><Cadence>51</Cadence></Trackpoint><Trackpoint><Time>2026-09-13T20:36:41Z</Time><Position><LatitudeDegrees>4.722399</LatitudeDegrees><LongitudeDegrees>-74.04613</LongitudeDegrees></Position><HeartRateBpm><Value>81</Value></HeartRateBpm><Cadence>47</Cadence></Trackpoint><Trackpoint><Time>2026-09-13T20:36:42Z</Time><Position><LatitudeDegrees>4.722399</LatitudeDegrees><LongitudeDegrees>-74.04613</LongitudeDegrees></Position><HeartRateBpm><Value>82</Value></HeartRateBpm><Cadence>44</Cadence></Trackpoint><Trackpoint><Time>2026-09-13T20:36:43Z</Time><Position><LatitudeDegrees>4.722399</LatitudeDegrees><LongitudeDegrees>-74.04613</LongitudeDegrees></Position><HeartRateBpm><Value>82</Value></HeartRateBpm><Cadence>41</Cadence></Trackpoint><Trackpoint><Time>2026-09-13T20:36:44Z</Time><Position><LatitudeDegrees>4.722399</LatitudeDegrees><LongitudeDegrees>-74.04613</LongitudeDegrees></Position><HeartRateBpm><Value>83</Value></HeartRateBpm><Cadence>38</Cadence></Trackpoint><Trackpoint><Time>2026-09-13T20:36:45Z</Time><Position><LatitudeDegrees>4.722399</LatitudeDegrees><LongitudeDegrees>-74.04613</LongitudeDegrees></Position><AltitudeMeters>2563.0</AltitudeMeters><HeartRateBpm><Value>84</Value></HeartRateBpm><Cadence>35</Cadence></Trackpoint><Trackpoint><Time>2026-09-13T20:36:46Z</Time><Position><LatitudeDegrees>4.722399</LatitudeDegrees><LongitudeDegrees>-74.04613</LongitudeDegrees></Position><HeartRateBpm><Value>83</Value></HeartRateBpm><Cadence>35</Cadence></Trackpoint><Trackpoint><Time>2026-09-13T20:36:47Z</Time><Position><LatitudeDegrees>4.722399</LatitudeDegrees><LongitudeDegrees>-74.04613</LongitudeDegrees></Position><HeartRateBpm><Value>82</Value></HeartRateBpm><Cadence>35</Cadence></Trackpoint><Trackpoint><Time>2026-09-13T20:36:48Z</Time><Position><LatitudeDegrees>4.722399</LatitudeDegrees><LongitudeDegrees>-74.04613</LongitudeDegrees></Position><HeartRateBpm><Value>82</Value></HeartRateBpm><Cadence>35</Cadence></Trackpoint><Trackpoint><Time>2026-09-13T20:36:49Z</Time><Position><LatitudeDegrees>4.722399</LatitudeDegrees><LongitudeDegrees>-74.04613</LongitudeDegrees></Position><HeartRateBpm><Value>81</Value></HeartRateBpm><Cadence>35</Cadence></Trackpoint><Trackpoint><Time>2026-09-13T20:36:50Z</Time><Position><LatitudeDegrees>4.722399</LatitudeDegrees><LongitudeDegrees>-74.04613</LongitudeDegrees></Position><AltitudeMeters>2563.0</AltitudeMeters><HeartRateBpm><Value>81</Value></HeartRateBpm><Cadence>35</Cadence></Trackpoint><Trackpoint><Time>2026-09-13T20:36:51Z</Time><Position><LatitudeDegrees>4.722399</LatitudeDegrees><LongitudeDegrees>-74.04613</LongitudeDegrees></Position><HeartRateBpm><Value>81</Value></HeartRateBpm><Cadence>35</Cadence></Trackpoint><Trackpoint><Time>2026-09-13T20:36:52Z</Time><Position><LatitudeDegrees>4.722399</LatitudeDegrees><LongitudeDegrees>-74.04613</LongitudeDegrees></Position><HeartRateBpm><Value>81</Value></HeartRateBpm><Cadence>35</Cadence></Trackpoint><Trackpoint><Time>2026-09-13T20:36:53Z</Time><Position><LatitudeDegrees>4.722399</LatitudeDegrees><LongitudeDegrees>-74.04613</LongitudeDegrees></Position><HeartRateBpm><Value>81</Value></HeartRateBpm><Cadence>35</Cadence></Trackpoint><Trackpoint><Time>2026-09-13T20:36:54Z</Time><Position><LatitudeDegrees>4.722399</LatitudeDegrees><LongitudeDegrees>-74.04613</LongitudeDegrees></Position><HeartRateBpm><Value>81</Value></HeartRateBpm><Cadence>35</Cadence></Trackpoint><Trackpoint><Time>2026-09-13T20:36:55Z</Time><Position><LatitudeDegrees>4.722399</LatitudeDegrees><LongitudeDegrees>-74.04613</LongitudeDegrees></Position><AltitudeMeters>2563.1</AltitudeMeters><HeartRateBpm><Value>82</Value></HeartRateBpm><Cadence>35</Cadence></Trackpoint><Trackpoint><Time>2026-09-13T20:36:56Z</Time><Position><LatitudeDegrees>4.722399</LatitudeDegrees><LongitudeDegrees>-74.04613</LongitudeDegrees></Position><HeartRateBpm><Value>81</Value></HeartRateBpm><Cadence>37</Cadence></Trackpoint><Trackpoint><Time>2026-09-13T20:36:57Z</Time><Position><LatitudeDegrees>4.722399</LatitudeDegrees><LongitudeDegrees>-74.04613</LongitudeDegrees></Position><HeartRateBpm><Value>81</Value></HeartRateBpm><Cadence>40</Cadence></Trackpoint><Trackpoint><Time>2026-09-13T20:36:58Z</Time><Position><LatitudeDegrees>4.722399</LatitudeDegrees><LongitudeDegrees>-74.04613</LongitudeDegrees></Position><HeartRateBpm><Value>81</Value></HeartRateBpm><Cadence>43</Cadence></Trackpoint><Trackpoint><Time>2026-09-13T20:36:59Z</Time><Position><LatitudeDegrees>4.722399</LatitudeDegrees><LongitudeDegrees>-74.04613</LongitudeDegrees></Position><HeartRateBpm><Value>81</Value></HeartRateBpm><Cadence>46</Cadence></Trackpoint><Trackpoint><Time>2026-09-13T20:37:00Z</Time><Position><LatitudeDegrees>4.722399</LatitudeDegrees><LongitudeDegrees>-74.04613</LongitudeDegrees></Position><AltitudeMeters>2563.3</AltitudeMeters><HeartRateBpm><Value>81</Value></HeartRateBpm><Cadence>49</Cadence></Trackpoint><Trackpoint><Time>2026-09-13T20:37:01Z</Time><Position><LatitudeDegrees>4.722399</LatitudeDegrees><LongitudeDegrees>-74.04613</LongitudeDegrees></Position><HeartRateBpm><Value>80</Value></HeartRateBpm><Cadence>49</Cadence></Trackpoint><Trackpoint><Time>2026-09-13T20:37:02Z</Time><Position><LatitudeDegrees>4.722399</LatitudeDegrees><LongitudeDegrees>-74.04613</LongitudeDegrees></Position><HeartRateBpm><Value>80</Value></HeartRateBpm><Cadence>49</Cadence></Trackpoint><Trackpoint><Time>2026-09-13T20:37:03Z</Time><Position><LatitudeDegrees>4.722399</LatitudeDegrees><LongitudeDegrees>-74.04613</LongitudeDegrees></Position><HeartRateBpm><Value>80</Value></HeartRateBpm><Cadence>49</Cadence></Trackpoint><Trackpoint><Time>2026-09-13T20:37:04Z</Time><Position><LatitudeDegrees>4.722399</LatitudeDegrees><LongitudeDegrees>-74.04613</LongitudeDegrees></Position><HeartRateBpm><Value>80</Value></HeartRateBpm><Cadence>49</Cadence></Trackpoint><Trackpoint><Time>2026-09-13T20:37:05Z</Time><Position><LatitudeDegrees>4.722399</LatitudeDegrees><LongitudeDegrees>-74.04613</LongitudeDegrees></Position><AltitudeMeters>2563.4</AltitudeMeters><HeartRateBpm><Value>80</Value></HeartRateBpm><Cadence>49</Cadence></Trackpoint><Trackpoint><Time>2026-09-13T20:37:06Z</Time><Position><LatitudeDegrees>4.722399</LatitudeDegrees><LongitudeDegrees>-74.04613</LongitudeDegrees></Position><HeartRateBpm><Value>79</Value></HeartRateBpm><Cadence>49</Cadence></Trackpoint><Trackpoint><Time>2026-09-13T20:37:07Z</Time><Position><LatitudeDegrees>4.722399</LatitudeDegrees><LongitudeDegrees>-74.04613</LongitudeDegrees></Position><HeartRateBpm><Value>79</Value></HeartRateBpm><Cadence>49</Cadence></Trackpoint><Trackpoint><Time>2026-09-13T20:37:08Z</Time><Position><LatitudeDegrees>4.722399</LatitudeDegrees><LongitudeDegrees>-74.04613</LongitudeDegrees></Position><HeartRateBpm><Value>79</Value></HeartRateBpm><Cadence>49</Cadence></Trackpoint><Trackpoint><Time>2026-09-13T20:37:09Z</Time><Position><LatitudeDegrees>4.722399</LatitudeDegrees><LongitudeDegrees>-74.04613</LongitudeDegrees></Position><HeartRateBpm><Value>79</Value></HeartRateBpm><Cadence>49</Cadence></Trackpoint><Trackpoint><Time>2026-09-13T20:37:10Z</Time><Position><LatitudeDegrees>4.722399</LatitudeDegrees><LongitudeDegrees>-74.04613</LongitudeDegrees></Position><AltitudeMeters>2563.4</AltitudeMeters><HeartRateBpm><Value>79</Value></HeartRateBpm><Cadence>49</Cadence></Trackpoint><Trackpoint><Time>2026-09-13T20:37:11Z</Time><Position><LatitudeDegrees>4.722399</LatitudeDegrees><LongitudeDegrees>-74.04613</LongitudeDegrees></Position><HeartRateBpm><Value>79</Value></HeartRateBpm><Cadence>49</Cadence></Trackpoint><Trackpoint><Time>2026-09-13T20:37:12Z</Time><Position><LatitudeDegrees>4.722399</LatitudeDegrees><LongitudeDegrees>-74.04613</LongitudeDegrees></Position><HeartRateBpm><Value>79</Value></HeartRateBpm><Cadence>49</Cadence></Trackpoint><Trackpoint><Time>2026-09-13T20:37:13Z</Time><Position><LatitudeDegrees>4.722399</LatitudeDegrees><LongitudeDegrees>-74.04613</LongitudeDegrees></Position><HeartRateBpm><Value>79</Value></HeartRateBpm><Cadence>49</Cadence></Trackpoint><Trackpoint><Time>2026-09-13T20:37:14Z</Time><Position><LatitudeDegrees>4.722399</LatitudeDegrees><LongitudeDegrees>-74.04613</LongitudeDegrees></Position><HeartRateBpm><Value>79</Value></HeartRateBpm><Cadence>49</Cadence></Trackpoint><Trackpoint><Time>2026-09-13T20:37:15Z</Time><Position><LatitudeDegrees>4.722399</LatitudeDegrees><LongitudeDegrees>-74.04613</LongitudeDegrees></Position><AltitudeMeters>2563.3</AltitudeMeters><HeartRateBpm><Value>79</Value></HeartRateBpm><Cadence>49</Cadence></Trackpoint><Trackpoint><Time>2026-09-13T20:37:16Z</Time><Position><LatitudeDegrees>4.722399</LatitudeDegrees><LongitudeDegrees>-74.04613</LongitudeDegrees></Position><HeartRateBpm><Value>78</Value></HeartRateBpm><Cadence>49</Cadence></Trackpoint><Trackpoint><Time>2026-09-13T20:37:17Z</Time><Position><LatitudeDegrees>4.722399</LatitudeDegrees><LongitudeDegrees>-74.04613</LongitudeDegrees></Position><HeartRateBpm><Value>78</Value></HeartRateBpm><Cadence>48</Cadence></Trackpoint><Trackpoint><Time>2026-09-13T20:37:18Z</Time><Position><LatitudeDegrees>4.722399</LatitudeDegrees><LongitudeDegrees>-74.04613</LongitudeDegrees></Position><HeartRateBpm><Value>78</Value></HeartRateBpm><Cadence>48</Cadence></Trackpoint><Trackpoint><Time>2026-09-13T20:37:19Z</Time><Position><LatitudeDegrees>4.722399</LatitudeDegrees><LongitudeDegrees>-74.04613</LongitudeDegrees></Position><HeartRateBpm><Value>78</Value></HeartRateBpm><Cadence>47</Cadence></Trackpoint><Trackpoint><Time>2026-09-13T20:37:20Z</Time><Position><LatitudeDegrees>4.722399</LatitudeDegrees><LongitudeDegrees>-74.04613</LongitudeDegrees></Position><AltitudeMeters>2563.3</AltitudeMeters><HeartRateBpm><Value>78</Value></HeartRateBpm><Cadence>47</Cadence></Trackpoint><Trackpoint><Time>2026-09-13T20:37:21Z</Time><Position><LatitudeDegrees>4.722399</LatitudeDegrees><LongitudeDegrees>-74.04613</LongitudeDegrees></Position><HeartRateBpm><Value>77</Value></HeartRateBpm><Cadence>46</Cadence></Trackpoint><Trackpoint><Time>2026-09-13T20:37:22Z</Time><Position><LatitudeDegrees>4.722399</LatitudeDegrees><LongitudeDegrees>-74.04613</LongitudeDegrees></Position><HeartRateBpm><Value>77</Value></HeartRateBpm><Cadence>46</Cadence></Trackpoint><Trackpoint><Time>2026-09-13T20:37:23Z</Time><Position><LatitudeDegrees>4.722399</LatitudeDegrees><LongitudeDegrees>-74.04613</LongitudeDegrees></Position><HeartRateBpm><Value>77</Value></HeartRateBpm><Cadence>46</Cadence></Trackpoint><Trackpoint><Time>2026-09-13T20:37:24Z</Time><Position><LatitudeDegrees>4.722399</LatitudeDegrees><LongitudeDegrees>-74.04613</LongitudeDegrees></Position><HeartRateBpm><Value>77</Value></HeartRateBpm><Cadence>46</Cadence></Trackpoint><Trackpoint><Time>2026-09-13T20:37:25Z</Time><Position><LatitudeDegrees>4.722399</LatitudeDegrees><LongitudeDegrees>-74.04613</LongitudeDegrees></Position><AltitudeMeters>2563.3</AltitudeMeters><HeartRateBpm><Value>77</Value></HeartRateBpm><Cadence>45</Cadence></Trackpoint><Trackpoint><Time>2026-09-13T20:37:26Z</Time><Position><LatitudeDegrees>4.722399</LatitudeDegrees><LongitudeDegrees>-74.04613</LongitudeDegrees></Position><HeartRateBpm><Value>77</Value></HeartRateBpm><Cadence>45</Cadence></Trackpoint><Trackpoint><Time>2026-09-13T20:37:27Z</Time><Position><LatitudeDegrees>4.722399</LatitudeDegrees><LongitudeDegrees>-74.04613</LongitudeDegrees></Position><HeartRateBpm><Value>77</Value></HeartRateBpm><Cadence>45</Cadence></Trackpoint><Trackpoint><Time>2026-09-13T20:37:28Z</Time><Position><LatitudeDegrees>4.722399</LatitudeDegrees><LongitudeDegrees>-74.04613</LongitudeDegrees></Position><HeartRateBpm><Value>77</Value></HeartRateBpm><Cadence>45</Cadence></Trackpoint><Trackpoint><Time>2026-09-13T20:37:29Z</Time><Position><LatitudeDegrees>4.722399</LatitudeDegrees><LongitudeDegrees>-74.04613</LongitudeDegrees></Position><HeartRateBpm><Value>77</Value></HeartRateBpm><Cadence>44</Cadence></Trackpoint><Trackpoint><Time>2026-09-13T20:37:30Z</Time><Position><LatitudeDegrees>4.722399</LatitudeDegrees><LongitudeDegrees>-74.04613</LongitudeDegrees></Position><AltitudeMeters>2563.4</AltitudeMeters><HeartRateBpm><Value>77</Value></HeartRateBpm><Cadence>44</Cadence></Trackpoint><Trackpoint><Time>2026-09-13T20:37:31Z</Time><Position><LatitudeDegrees>4.722399</LatitudeDegrees><LongitudeDegrees>-74.04613</LongitudeDegrees></Position><HeartRateBpm><Value>76</Value></HeartRateBpm><Cadence>44</Cadence></Trackpoint><Trackpoint><Time>2026-09-13T20:37:32Z</Time><Position><LatitudeDegrees>4.722399</LatitudeDegrees><LongitudeDegrees>-74.04613</LongitudeDegrees></Position><HeartRateBpm><Value>76</Value></HeartRateBpm><Cadence>44</Cadence></Trackpoint><Trackpoint><Time>2026-09-13T20:37:33Z</Time><Position><LatitudeDegrees>4.722399</LatitudeDegrees><LongitudeDegrees>-74.04613</LongitudeDegrees></Position><HeartRateBpm><Value>76</Value></HeartRateBpm><Cadence>43</Cadence></Trackpoint><Trackpoint><Time>2026-09-13T20:37:34Z</Time><Position><LatitudeDegrees>4.722399</LatitudeDegrees><LongitudeDegrees>-74.04613</LongitudeDegrees></Position><HeartRateBpm><Value>76</Value></HeartRateBpm><Cadence>43</Cadence></Trackpoint><Trackpoint><Time>2026-09-13T20:37:35Z</Time><Position><LatitudeDegrees>4.722399</LatitudeDegrees><LongitudeDegrees>-74.04613</LongitudeDegrees></Position><AltitudeMeters>2563.4</AltitudeMeters><HeartRateBpm><Value>76</Value></HeartRateBpm><Cadence>43</Cadence></Trackpoint><Trackpoint><Time>2026-09-13T20:37:36Z</Time><Position><LatitudeDegrees>4.722399</LatitudeDegrees><LongitudeDegrees>-74.04613</LongitudeDegrees></Position><HeartRateBpm><Value>76</Value></HeartRateBpm><Cadence>43</Cadence></Trackpoint><Trackpoint><Time>2026-09-13T20:37:37Z</Time><Position><LatitudeDegrees>4.722399</LatitudeDegrees><LongitudeDegrees>-74.04613</LongitudeDegrees></Position><HeartRateBpm><Value>76</Value></HeartRateBpm><Cadence>42</Cadence></Trackpoint><Trackpoint><Time>2026-09-13T20:37:38Z</Time><Position><LatitudeDegrees>4.722399</LatitudeDegrees><LongitudeDegrees>-74.04613</LongitudeDegrees></Position><HeartRateBpm><Value>77</Value></HeartRateBpm><Cadence>42</Cadence></Trackpoint><Trackpoint><Time>2026-09-13T20:37:39Z</Time><Position><LatitudeDegrees>4.722399</LatitudeDegrees><LongitudeDegrees>-74.04613</LongitudeDegrees></Position><HeartRateBpm><Value>77</Value></HeartRateBpm><Cadence>42</Cadence></Trackpoint><Trackpoint><Time>2026-09-13T20:37:40Z</Time><Position><LatitudeDegrees>4.722399</LatitudeDegrees><LongitudeDegrees>-74.04613</LongitudeDegrees></Position><AltitudeMeters>2563.3</AltitudeMeters><HeartRateBpm><Value>78</Value></HeartRateBpm><Cadence>42</Cadence></Trackpoint><Trackpoint><Time>2026-09-13T20:37:41Z</Time><Position><LatitudeDegrees>4.722399</LatitudeDegrees><LongitudeDegrees>-74.04613</LongitudeDegrees></Position><HeartRateBpm><Value>78</Value></HeartRateBpm><Cadence>42</Cadence></Trackpoint><Trackpoint><Time>2026-09-13T20:37:42Z</Time><Position><LatitudeDegrees>4.722399</LatitudeDegrees><LongitudeDegrees>-74.04613</LongitudeDegrees></Position><HeartRateBpm><Value>78</Value></HeartRateBpm><Cadence>43</Cadence></Trackpoint><Trackpoint><Time>2026-09-13T20:37:43Z</Time><Position><LatitudeDegrees>4.722399</LatitudeDegrees><LongitudeDegrees>-74.04613</LongitudeDegrees></Position><HeartRateBpm><Value>78</Value></HeartRateBpm><Cadence>43</Cadence></Trackpoint><Trackpoint><Time>2026-09-13T20:37:44Z</Time><Position><LatitudeDegrees>4.722399</LatitudeDegrees><LongitudeDegrees>-74.04613</LongitudeDegrees></Position><HeartRateBpm><Value>78</Value></HeartRateBpm><Cadence>44</Cadence></Trackpoint><Trackpoint><Time>2026-09-13T20:37:45Z</Time><Position><LatitudeDegrees>4.722399</LatitudeDegrees><LongitudeDegrees>-74.04613</LongitudeDegrees></Position><AltitudeMeters>2563.3</AltitudeMeters><HeartRateBpm><Value>79</Value></HeartRateBpm><Cadence>45</Cadence></Trackpoint><Trackpoint><Time>2026-09-13T20:37:46Z</Time><Position><LatitudeDegrees>4.722399</LatitudeDegrees><LongitudeDegrees>-74.04613</LongitudeDegrees></Position><HeartRateBpm><Value>78</Value></HeartRateBpm><Cadence>42</Cadence></Trackpoint><Trackpoint><Time>2026-09-13T20:37:47Z</Time><Position><LatitudeDegrees>4.722399</LatitudeDegrees><LongitudeDegrees>-74.04613</LongitudeDegrees></Position><HeartRateBpm><Value>78</Value></HeartRateBpm><Cadence>39</Cadence></Trackpoint><Trackpoint><Time>2026-09-13T20:37:48Z</Time><Position><LatitudeDegrees>4.722399</LatitudeDegrees><LongitudeDegrees>-74.04613</LongitudeDegrees></Position><HeartRateBpm><Value>77</Value></HeartRateBpm><Cadence>36</Cadence></Trackpoint><Trackpoint><Time>2026-09-13T20:37:49Z</Time><Position><LatitudeDegrees>4.722399</LatitudeDegrees><LongitudeDegrees>-74.04613</LongitudeDegrees></Position><HeartRateBpm><Value>77</Value></HeartRateBpm><Cadence>34</Cadence></Trackpoint><Trackpoint><Time>2026-09-13T20:37:50Z</Time><Position><LatitudeDegrees>4.722399</LatitudeDegrees><LongitudeDegrees>-74.04613</LongitudeDegrees></Position><AltitudeMeters>2563.2</AltitudeMeters><HeartRateBpm><Value>77</Value></HeartRateBpm><Cadence>31</Cadence></Trackpoint><Trackpoint><Time>2026-09-13T20:37:51Z</Time><Position><LatitudeDegrees>4.722399</LatitudeDegrees><LongitudeDegrees>-74.04613</LongitudeDegrees></Position><HeartRateBpm><Value>77</Value></HeartRateBpm><Cadence>31</Cadence></Trackpoint><Trackpoint><Time>2026-09-13T20:37:52Z</Time><Position><LatitudeDegrees>4.722399</LatitudeDegrees><LongitudeDegrees>-74.04613</LongitudeDegrees></Position><HeartRateBpm><Value>77</Value></HeartRateBpm><Cadence>31</Cadence></Trackpoint><Trackpoint><Time>2026-09-13T20:37:53Z</Time><Position><LatitudeDegrees>4.722399</LatitudeDegrees><LongitudeDegrees>-74.04613</LongitudeDegrees></Position><HeartRateBpm><Value>77</Value></HeartRateBpm><Cadence>31</Cadence></Trackpoint><Trackpoint><Time>2026-09-13T20:37:54Z</Time><Position><LatitudeDegrees>4.722399</LatitudeDegrees><LongitudeDegrees>-74.04613</LongitudeDegrees></Position><HeartRateBpm><Value>77</Value></HeartRateBpm><Cadence>31</Cadence></Trackpoint><Trackpoint><Time>2026-09-13T20:37:55Z</Time><Position><LatitudeDegrees>4.722399</LatitudeDegrees><LongitudeDegrees>-74.04613</LongitudeDegrees></Position><AltitudeMeters>2563.2</AltitudeMeters><HeartRateBpm><Value>77</Value></HeartRateBpm><Cadence>31</Cadence></Trackpoint><Trackpoint><Time>2026-09-13T20:37:56Z</Time><Position><LatitudeDegrees>4.722399</LatitudeDegrees><LongitudeDegrees>-74.04613</LongitudeDegrees></Position><HeartRateBpm><Value>77</Value></HeartRateBpm><Cadence>34</Cadence></Trackpoint><Trackpoint><Time>2026-09-13T20:37:57Z</Time><Position><LatitudeDegrees>4.722399</LatitudeDegrees><LongitudeDegrees>-74.04613</LongitudeDegrees></Position><HeartRateBpm><Value>77</Value></HeartRateBpm><Cadence>38</Cadence></Trackpoint><Trackpoint><Time>2026-09-13T20:37:58Z</Time><Position><LatitudeDegrees>4.722399</LatitudeDegrees><LongitudeDegrees>-74.04613</LongitudeDegrees></Position><HeartRateBpm><Value>77</Value></HeartRateBpm><Cadence>42</Cadence></Trackpoint><Trackpoint><Time>2026-09-13T20:37:59Z</Time><Position><LatitudeDegrees>4.722399</LatitudeDegrees><LongitudeDegrees>-74.04613</LongitudeDegrees></Position><HeartRateBpm><Value>77</Value></HeartRateBpm><Cadence>45</Cadence></Trackpoint><Trackpoint><Time>2026-09-13T20:38:00Z</Time><Position><LatitudeDegrees>4.722399</LatitudeDegrees><LongitudeDegrees>-74.04613</LongitudeDegrees></Position><AltitudeMeters>2563.1</AltitudeMeters><HeartRateBpm><Value>77</Value></HeartRateBpm><Cadence>49</Cadence></Trackpoint><Trackpoint><Time>2026-09-13T20:38:01Z</Time><Position><LatitudeDegrees>4.722399</LatitudeDegrees><LongitudeDegrees>-74.04613</LongitudeDegrees></Position><HeartRateBpm><Value>76</Value></HeartRateBpm><Cadence>49</Cadence></Trackpoint><Trackpoint><Time>2026-09-13T20:38:02Z</Time><Position><LatitudeDegrees>4.722399</LatitudeDegrees><LongitudeDegrees>-74.04613</LongitudeDegrees></Position><HeartRateBpm><Value>76</Value></HeartRateBpm><Cadence>49</Cadence></Trackpoint><Trackpoint><Time>2026-09-13T20:38:03Z</Time><Position><LatitudeDegrees>4.722399</LatitudeDegrees><LongitudeDegrees>-74.04613</LongitudeDegrees></Position><HeartRateBpm><Value>75</Value></HeartRateBpm><Cadence>48</Cadence></Trackpoint><Trackpoint><Time>2026-09-13T20:38:04Z</Time><Position><LatitudeDegrees>4.722399</LatitudeDegrees><LongitudeDegrees>-74.04613</LongitudeDegrees></Position><HeartRateBpm><Value>75</Value></HeartRateBpm><Cadence>48</Cadence></Trackpoint><Trackpoint><Time>2026-09-13T20:38:05Z</Time><Position><LatitudeDegrees>4.722399</LatitudeDegrees><LongitudeDegrees>-74.04613</LongitudeDegrees></Position><AltitudeMeters>2563.2</AltitudeMeters><HeartRateBpm><Value>75</Value></HeartRateBpm><Cadence>48</Cadence></Trackpoint><Trackpoint><Time>2026-09-13T20:38:06Z</Time><Position><LatitudeDegrees>4.722399</LatitudeDegrees><LongitudeDegrees>-74.04613</LongitudeDegrees></Position><HeartRateBpm><Value>74</Value></HeartRateBpm><Cadence>48</Cadence></Trackpoint><Trackpoint><Time>2026-09-13T20:38:07Z</Time><Position><LatitudeDegrees>4.722399</LatitudeDegrees><LongitudeDegrees>-74.04613</LongitudeDegrees></Position><HeartRateBpm><Value>73</Value></HeartRateBpm><Cadence>48</Cadence></Trackpoint><Trackpoint><Time>2026-09-13T20:38:08Z</Time><Position><LatitudeDegrees>4.722399</LatitudeDegrees><LongitudeDegrees>-74.04613</LongitudeDegrees></Position><HeartRateBpm><Value>73</Value></HeartRateBpm><Cadence>47</Cadence></Trackpoint><Trackpoint><Time>2026-09-13T20:38:09Z</Time><Position><LatitudeDegrees>4.722399</LatitudeDegrees><LongitudeDegrees>-74.04613</LongitudeDegrees></Position><HeartRateBpm><Value>72</Value></HeartRateBpm><Cadence>47</Cadence></Trackpoint><Trackpoint><Time>2026-09-13T20:38:10Z</Time><Position><LatitudeDegrees>4.722399</LatitudeDegrees><LongitudeDegrees>-74.04613</LongitudeDegrees></Position><AltitudeMeters>2563.2</AltitudeMeters><HeartRateBpm><Value>72</Value></HeartRateBpm><Cadence>47</Cadence></Trackpoint><Trackpoint><Time>2026-09-13T20:38:11Z</Time><Position><LatitudeDegrees>4.722399</LatitudeDegrees><LongitudeDegrees>-74.04613</LongitudeDegrees></Position><HeartRateBpm><Value>71</Value></HeartRateBpm><Cadence>47</Cadence></Trackpoint><Trackpoint><Time>2026-09-13T20:38:12Z</Time><Position><LatitudeDegrees>4.722399</LatitudeDegrees><LongitudeDegrees>-74.04613</LongitudeDegrees></Position><HeartRateBpm><Value>71</Value></HeartRateBpm><Cadence>47</Cadence></Trackpoint><Trackpoint><Time>2026-09-13T20:38:13Z</Time><Position><LatitudeDegrees>4.722399</LatitudeDegrees><LongitudeDegrees>-74.04613</LongitudeDegrees></Position><HeartRateBpm><Value>71</Value></HeartRateBpm><Cadence>46</Cadence></Trackpoint><Trackpoint><Time>2026-09-13T20:38:14Z</Time><Position><LatitudeDegrees>4.722399</LatitudeDegrees><LongitudeDegrees>-74.04613</LongitudeDegrees></Position><HeartRateBpm><Value>71</Value></HeartRateBpm><Cadence>46</Cadence></Trackpoint><Trackpoint><Time>2026-09-13T20:38:15Z</Time><Position><LatitudeDegrees>4.722399</LatitudeDegrees><LongitudeDegrees>-74.04613</LongitudeDegrees></Position><AltitudeMeters>2563.3</AltitudeMeters><HeartRateBpm><Value>71</Value></HeartRateBpm><Cadence>46</Cadence></Trackpoint><Trackpoint><Time>2026-09-13T20:38:16Z</Time><Position><LatitudeDegrees>4.722399</LatitudeDegrees><LongitudeDegrees>-74.04613</LongitudeDegrees></Position><HeartRateBpm><Value>71</Value></HeartRateBpm><Cadence>46</Cadence></Trackpoint><Trackpoint><Time>2026-09-13T20:38:17Z</Time><Position><LatitudeDegrees>4.722399</LatitudeDegrees><LongitudeDegrees>-74.04613</LongitudeDegrees></Position><HeartRateBpm><Value>71</Value></HeartRateBpm><Cadence>46</Cadence></Trackpoint><Trackpoint><Time>2026-09-13T20:38:18Z</Time><Position><LatitudeDegrees>4.722399</LatitudeDegrees><LongitudeDegrees>-74.04613</LongitudeDegrees></Position><HeartRateBpm><Value>71</Value></HeartRateBpm><Cadence>45</Cadence></Trackpoint><Trackpoint><Time>2026-09-13T20:38:19Z</Time><Position><LatitudeDegrees>4.722399</LatitudeDegrees><LongitudeDegrees>-74.04613</LongitudeDegrees></Position><HeartRateBpm><Value>71</Value></HeartRateBpm><Cadence>45</Cadence></Trackpoint><Trackpoint><Time>2026-09-13T20:38:20Z</Time><Position><LatitudeDegrees>4.722399</LatitudeDegrees><LongitudeDegrees>-74.04613</LongitudeDegrees></Position><AltitudeMeters>2563.3</AltitudeMeters><HeartRateBpm><Value>72</Value></HeartRateBpm><Cadence>45</Cadence></Trackpoint><Trackpoint><Time>2026-09-13T20:38:21Z</Time><Position><LatitudeDegrees>4.722399</LatitudeDegrees><LongitudeDegrees>-74.04613</LongitudeDegrees></Position><HeartRateBpm><Value>72</Value></HeartRateBpm><Cadence>45</Cadence></Trackpoint><Trackpoint><Time>2026-09-13T20:38:22Z</Time><Position><LatitudeDegrees>4.722399</LatitudeDegrees><LongitudeDegrees>-74.04613</LongitudeDegrees></Position><HeartRateBpm><Value>72</Value></HeartRateBpm><Cadence>45</Cadence></Trackpoint><Trackpoint><Time>2026-09-13T20:38:23Z</Time><Position><LatitudeDegrees>4.722399</LatitudeDegrees><LongitudeDegrees>-74.04613</LongitudeDegrees></Position><HeartRateBpm><Value>72</Value></HeartRateBpm><Cadence>44</Cadence></Trackpoint><Trackpoint><Time>2026-09-13T20:38:24Z</Time><Position><LatitudeDegrees>4.722399</LatitudeDegrees><LongitudeDegrees>-74.04613</LongitudeDegrees></Position><HeartRateBpm><Value>72</Value></HeartRateBpm><Cadence>44</Cadence></Trackpoint><Trackpoint><Time>2026-09-13T20:38:25Z</Time><Position><LatitudeDegrees>4.722399</LatitudeDegrees><LongitudeDegrees>-74.04613</LongitudeDegrees></Position><AltitudeMeters>2563.2</AltitudeMeters><HeartRateBpm><Value>72</Value></HeartRateBpm><Cadence>44</Cadence></Trackpoint><Trackpoint><Time>2026-09-13T20:38:26Z</Time><Position><LatitudeDegrees>4.722399</LatitudeDegrees><LongitudeDegrees>-74.04613</LongitudeDegrees></Position><HeartRateBpm><Value>72</Value></HeartRateBpm><Cadence>44</Cadence></Trackpoint><Trackpoint><Time>2026-09-13T20:38:27Z</Time><Position><LatitudeDegrees>4.722399</LatitudeDegrees><LongitudeDegrees>-74.04613</LongitudeDegrees></Position><HeartRateBpm><Value>72</Value></HeartRateBpm><Cadence>44</Cadence></Trackpoint><Trackpoint><Time>2026-09-13T20:38:28Z</Time><Position><LatitudeDegrees>4.722399</LatitudeDegrees><LongitudeDegrees>-74.04613</LongitudeDegrees></Position><HeartRateBpm><Value>72</Value></HeartRateBpm><Cadence>43</Cadence></Trackpoint><Trackpoint><Time>2026-09-13T20:38:29Z</Time><Position><LatitudeDegrees>4.722399</LatitudeDegrees><LongitudeDegrees>-74.04613</LongitudeDegrees></Position><HeartRateBpm><Value>72</Value></HeartRateBpm><Cadence>43</Cadence></Trackpoint><Trackpoint><Time>2026-09-13T20:38:30Z</Time><Position><LatitudeDegrees>4.722399</LatitudeDegrees><LongitudeDegrees>-74.04613</LongitudeDegrees></Position><AltitudeMeters>2563.2</AltitudeMeters><HeartRateBpm><Value>72</Value></HeartRateBpm><Cadence>43</Cadence></Trackpoint><Trackpoint><Time>2026-09-13T20:38:31Z</Time><Position><LatitudeDegrees>4.722399</LatitudeDegrees><LongitudeDegrees>-74.04613</LongitudeDegrees></Position><HeartRateBpm><Value>72</Value></HeartRateBpm><Cadence>43</Cadence></Trackpoint><Trackpoint><Time>2026-09-13T20:38:32Z</Time><Position><LatitudeDegrees>4.722399</LatitudeDegrees><LongitudeDegrees>-74.04613</LongitudeDegrees></Position><HeartRateBpm><Value>72</Value></HeartRateBpm><Cadence>43</Cadence></Trackpoint><Trackpoint><Time>2026-09-13T20:38:33Z</Time><Position><LatitudeDegrees>4.722399</LatitudeDegrees><LongitudeDegrees>-74.04613</LongitudeDegrees></Position><HeartRateBpm><Value>72</Value></HeartRateBpm><Cadence>42</Cadence></Trackpoint><Trackpoint><Time>2026-09-13T20:38:34Z</Time><Position><LatitudeDegrees>4.722399</LatitudeDegrees><LongitudeDegrees>-74.04613</LongitudeDegrees></Position><HeartRateBpm><Value>72</Value></HeartRateBpm><Cadence>42</Cadence></Trackpoint><Trackpoint><Time>2026-09-13T20:38:35Z</Time><Position><LatitudeDegrees>4.722399</LatitudeDegrees><LongitudeDegrees>-74.04613</LongitudeDegrees></Position><AltitudeMeters>2563.2</AltitudeMeters><HeartRateBpm><Value>72</Value></HeartRateBpm><Cadence>42</Cadence></Trackpoint><Trackpoint><Time>2026-09-13T20:38:36Z</Time><Position><LatitudeDegrees>4.722399</LatitudeDegrees><LongitudeDegrees>-74.04613</LongitudeDegrees></Position><HeartRateBpm><Value>72</Value></HeartRateBpm><Cadence>42</Cadence></Trackpoint><Trackpoint><Time>2026-09-13T20:38:37Z</Time><Position><LatitudeDegrees>4.722399</LatitudeDegrees><LongitudeDegrees>-74.04613</LongitudeDegrees></Position><HeartRateBpm><Value>72</Value></HeartRateBpm><Cadence>42</Cadence></Trackpoint><Trackpoint><Time>2026-09-13T20:38:38Z</Time><Position><LatitudeDegrees>4.722399</LatitudeDegrees><LongitudeDegrees>-74.04613</LongitudeDegrees></Position><HeartRateBpm><Value>72</Value></HeartRateBpm><Cadence>41</Cadence></Trackpoint><Trackpoint><Time>2026-09-13T20:38:39Z</Time><Position><LatitudeDegrees>4.722399</LatitudeDegrees><LongitudeDegrees>-74.04613</LongitudeDegrees></Position><HeartRateBpm><Value>72</Value></HeartRateBpm><Cadence>41</Cadence></Trackpoint><Trackpoint><Time>2026-09-13T20:38:40Z</Time><Position><LatitudeDegrees>4.722399</LatitudeDegrees><LongitudeDegrees>-74.04613</LongitudeDegrees></Position><AltitudeMeters>2563.2</AltitudeMeters><HeartRateBpm><Value>72</Value></HeartRateBpm><Cadence>41</Cadence></Trackpoint><Trackpoint><Time>2026-09-13T20:38:41Z</Time><Position><LatitudeDegrees>4.722399</LatitudeDegrees><LongitudeDegrees>-74.04613</LongitudeDegrees></Position><HeartRateBpm><Value>72</Value></HeartRateBpm><Cadence>41</Cadence></Trackpoint><Trackpoint><Time>2026-09-13T20:38:42Z</Time><Position><LatitudeDegrees>4.722399</LatitudeDegrees><LongitudeDegrees>-74.04613</LongitudeDegrees></Position><HeartRateBpm><Value>72</Value></HeartRateBpm><Cadence>41</Cadence></Trackpoint><Trackpoint><Time>2026-09-13T20:38:43Z</Time><Position><LatitudeDegrees>4.722399</LatitudeDegrees><LongitudeDegrees>-74.04613</LongitudeDegrees></Position><HeartRateBpm><Value>72</Value></HeartRateBpm><Cadence>40</Cadence></Trackpoint><Trackpoint><Time>2026-09-13T20:38:44Z</Time><Position><LatitudeDegrees>4.722399</LatitudeDegrees><LongitudeDegrees>-74.04613</LongitudeDegrees></Position><HeartRateBpm><Value>72</Value></HeartRateBpm><Cadence>40</Cadence></Trackpoint><Trackpoint><Time>2026-09-13T20:38:45Z</Time><Position><LatitudeDegrees>4.722399</LatitudeDegrees><LongitudeDegrees>-74.04613</LongitudeDegrees></Position><AltitudeMeters>2563.3</AltitudeMeters><HeartRateBpm><Value>72</Value></HeartRateBpm><Cadence>40</Cadence></Trackpoint><Trackpoint><Time>2026-09-13T20:38:46Z</Time><Position><LatitudeDegrees>4.722399</LatitudeDegrees><LongitudeDegrees>-74.04613</LongitudeDegrees></Position><HeartRateBpm><Value>72</Value></HeartRateBpm><Cadence>40</Cadence></Trackpoint><Trackpoint><Time>2026-09-13T20:38:47Z</Time><Position><LatitudeDegrees>4.722399</LatitudeDegrees><LongitudeDegrees>-74.04613</LongitudeDegrees></Position><HeartRateBpm><Value>72</Value></HeartRateBpm><Cadence>40</Cadence></Trackpoint><Trackpoint><Time>2026-09-13T20:38:48Z</Time><Position><LatitudeDegrees>4.722399</LatitudeDegrees><LongitudeDegrees>-74.04613</LongitudeDegrees></Position><HeartRateBpm><Value>72</Value></HeartRateBpm><Cadence>40</Cadence></Trackpoint><Trackpoint><Time>2026-09-13T20:38:49Z</Time><Position><LatitudeDegrees>4.722399</LatitudeDegrees><LongitudeDegrees>-74.04613</LongitudeDegrees></Position><HeartRateBpm><Value>72</Value></HeartRateBpm><Cadence>40</Cadence></Trackpoint><Trackpoint><Time>2026-09-13T20:38:50Z</Time><Position><LatitudeDegrees>4.722399</LatitudeDegrees><LongitudeDegrees>-74.04613</LongitudeDegrees></Position><AltitudeMeters>2563.2</AltitudeMeters><HeartRateBpm><Value>72</Value></HeartRateBpm><Cadence>40</Cadence></Trackpoint><Trackpoint><Time>2026-09-13T20:38:51Z</Time><Position><LatitudeDegrees>4.722399</LatitudeDegrees><LongitudeDegrees>-74.04613</LongitudeDegrees></Position><HeartRateBpm><Value>71</Value></HeartRateBpm><Cadence>40</Cadence></Trackpoint><Trackpoint><Time>2026-09-13T20:38:52Z</Time><Position><LatitudeDegrees>4.722399</LatitudeDegrees><LongitudeDegrees>-74.04613</LongitudeDegrees></Position><HeartRateBpm><Value>71</Value></HeartRateBpm><Cadence>40</Cadence></Trackpoint><Trackpoint><Time>2026-09-13T20:38:53Z</Time><Position><LatitudeDegrees>4.722399</LatitudeDegrees><LongitudeDegrees>-74.04613</LongitudeDegrees></Position><HeartRateBpm><Value>71</Value></HeartRateBpm><Cadence>40</Cadence></Trackpoint><Trackpoint><Time>2026-09-13T20:38:54Z</Time><Position><LatitudeDegrees>4.722399</LatitudeDegrees><LongitudeDegrees>-74.04613</LongitudeDegrees></Position><HeartRateBpm><Value>71</Value></HeartRateBpm><Cadence>40</Cadence></Trackpoint><Trackpoint><Time>2026-09-13T20:38:55Z</Time><Position><LatitudeDegrees>4.722399</LatitudeDegrees><LongitudeDegrees>-74.04613</LongitudeDegrees></Position><AltitudeMeters>2563.2</AltitudeMeters><HeartRateBpm><Value>71</Value></HeartRateBpm><Cadence>40</Cadence></Trackpoint><Trackpoint><Time>2026-09-13T20:38:56Z</Time><Position><LatitudeDegrees>4.722399</LatitudeDegrees><LongitudeDegrees>-74.04613</LongitudeDegrees></Position><HeartRateBpm><Value>71</Value></HeartRateBpm><Cadence>40</Cadence></Trackpoint><Trackpoint><Time>2026-09-13T20:38:57Z</Time><Position><LatitudeDegrees>4.722399</LatitudeDegrees><LongitudeDegrees>-74.04613</LongitudeDegrees></Position><HeartRateBpm><Value>71</Value></HeartRateBpm><Cadence>40</Cadence></Trackpoint><Trackpoint><Time>2026-09-13T20:38:58Z</Time><Position><LatitudeDegrees>4.722399</LatitudeDegrees><LongitudeDegrees>-74.04613</LongitudeDegrees></Position><HeartRateBpm><Value>71</Value></HeartRateBpm><Cadence>40</Cadence></Trackpoint><Trackpoint><Time>2026-09-13T20:38:59Z</Time><Position><LatitudeDegrees>4.722399</LatitudeDegrees><LongitudeDegrees>-74.04613</LongitudeDegrees></Position><HeartRateBpm><Value>71</Value></HeartRateBpm><Cadence>40</Cadence></Trackpoint><Trackpoint><Time>2026-09-13T20:39:00Z</Time><Position><LatitudeDegrees>4.722399</LatitudeDegrees><LongitudeDegrees>-74.04613</LongitudeDegrees></Position><AltitudeMeters>2563.2</AltitudeMeters><HeartRateBpm><Value>71</Value></HeartRateBpm><Cadence>40</Cadence></Trackpoint><Trackpoint><Time>2026-09-13T20:39:01Z</Time><Position><LatitudeDegrees>4.722399</LatitudeDegrees><LongitudeDegrees>-74.04613</LongitudeDegrees></Position><HeartRateBpm><Value>71</Value></HeartRateBpm><Cadence>40</Cadence></Trackpoint><Trackpoint><Time>2026-09-13T20:39:02Z</Time><Position><LatitudeDegrees>4.722399</LatitudeDegrees><LongitudeDegrees>-74.04613</LongitudeDegrees></Position><HeartRateBpm><Value>71</Value></HeartRateBpm><Cadence>40</Cadence></Trackpoint><Trackpoint><Time>2026-09-13T20:39:03Z</Time><Position><LatitudeDegrees>4.722399</LatitudeDegrees><LongitudeDegrees>-74.04613</LongitudeDegrees></Position><HeartRateBpm><Value>71</Value></HeartRateBpm><Cadence>40</Cadence></Trackpoint><Trackpoint><Time>2026-09-13T20:39:04Z</Time><Position><LatitudeDegrees>4.722399</LatitudeDegrees><LongitudeDegrees>-74.04613</LongitudeDegrees></Position><HeartRateBpm><Value>71</Value></HeartRateBpm><Cadence>40</Cadence></Trackpoint><Trackpoint><Time>2026-09-13T20:39:05Z</Time><Position><LatitudeDegrees>4.722399</LatitudeDegrees><LongitudeDegrees>-74.04613</LongitudeDegrees></Position><AltitudeMeters>2563.3</AltitudeMeters><HeartRateBpm><Value>72</Value></HeartRateBpm><Cadence>40</Cadence></Trackpoint><Trackpoint><Time>2026-09-13T20:39:06Z</Time><Position><LatitudeDegrees>4.722399</LatitudeDegrees><LongitudeDegrees>-74.04613</LongitudeDegrees></Position><HeartRateBpm><Value>72</Value></HeartRateBpm><Cadence>40</Cadence></Trackpoint><Trackpoint><Time>2026-09-13T20:39:07Z</Time><Position><LatitudeDegrees>4.722399</LatitudeDegrees><LongitudeDegrees>-74.04613</LongitudeDegrees></Position><HeartRateBpm><Value>72</Value></HeartRateBpm><Cadence>40</Cadence></Trackpoint><Trackpoint><Time>2026-09-13T20:39:08Z</Time><Position><LatitudeDegrees>4.722399</LatitudeDegrees><LongitudeDegrees>-74.04613</LongitudeDegrees></Position><HeartRateBpm><Value>73</Value></HeartRateBpm><Cadence>40</Cadence></Trackpoint><Trackpoint><Time>2026-09-13T20:39:09Z</Time><Position><LatitudeDegrees>4.722399</LatitudeDegrees><LongitudeDegrees>-74.04613</LongitudeDegrees></Position><HeartRateBpm><Value>73</Value></HeartRateBpm><Cadence>40</Cadence></Trackpoint><Trackpoint><Time>2026-09-13T20:39:10Z</Time><Position><LatitudeDegrees>4.722399</LatitudeDegrees><LongitudeDegrees>-74.04613</LongitudeDegrees></Position><AltitudeMeters>2563.3</AltitudeMeters><HeartRateBpm><Value>74</Value></HeartRateBpm><Cadence>40</Cadence></Trackpoint><Trackpoint><Time>2026-09-13T20:39:11Z</Time><Position><LatitudeDegrees>4.722399</LatitudeDegrees><LongitudeDegrees>-74.04613</LongitudeDegrees></Position><HeartRateBpm><Value>74</Value></HeartRateBpm><Cadence>40</Cadence></Trackpoint><Trackpoint><Time>2026-09-13T20:39:12Z</Time><Position><LatitudeDegrees>4.722399</LatitudeDegrees><LongitudeDegrees>-74.04613</LongitudeDegrees></Position><HeartRateBpm><Value>74</Value></HeartRateBpm><Cadence>40</Cadence></Trackpoint><Trackpoint><Time>2026-09-13T20:39:13Z</Time><Position><LatitudeDegrees>4.722399</LatitudeDegrees><LongitudeDegrees>-74.04613</LongitudeDegrees></Position><HeartRateBpm><Value>74</Value></HeartRateBpm><Cadence>40</Cadence></Trackpoint><Trackpoint><Time>2026-09-13T20:39:14Z</Time><Position><LatitudeDegrees>4.722399</LatitudeDegrees><LongitudeDegrees>-74.04613</LongitudeDegrees></Position><HeartRateBpm><Value>74</Value></HeartRateBpm><Cadence>40</Cadence></Trackpoint><Trackpoint><Time>2026-09-13T20:39:15Z</Time><Position><LatitudeDegrees>4.722399</LatitudeDegrees><LongitudeDegrees>-74.04613</LongitudeDegrees></Position><AltitudeMeters>2563.5</AltitudeMeters><HeartRateBpm><Value>75</Value></HeartRateBpm><Cadence>40</Cadence></Trackpoint><Trackpoint><Time>2026-09-13T20:39:16Z</Time><Position><LatitudeDegrees>4.722399</LatitudeDegrees><LongitudeDegrees>-74.04613</LongitudeDegrees></Position><HeartRateBpm><Value>75</Value></HeartRateBpm><Cadence>40</Cadence></Trackpoint><Trackpoint><Time>2026-09-13T20:39:17Z</Time><Position><LatitudeDegrees>4.722399</LatitudeDegrees><LongitudeDegrees>-74.04613</LongitudeDegrees></Position><HeartRateBpm><Value>75</Value></HeartRateBpm><Cadence>40</Cadence></Trackpoint><Trackpoint><Time>2026-09-13T20:39:18Z</Time><Position><LatitudeDegrees>4.722399</LatitudeDegrees><LongitudeDegrees>-74.04613</LongitudeDegrees></Position><HeartRateBpm><Value>75</Value></HeartRateBpm><Cadence>40</Cadence></Trackpoint><Trackpoint><Time>2026-09-13T20:39:19Z</Time><Position><LatitudeDegrees>4.722399</LatitudeDegrees><LongitudeDegrees>-74.04613</LongitudeDegrees></Position><HeartRateBpm><Value>75</Value></HeartRateBpm><Cadence>39</Cadence></Trackpoint><Trackpoint><Time>2026-09-13T20:39:20Z</Time><Position><LatitudeDegrees>4.722399</LatitudeDegrees><LongitudeDegrees>-74.04613</LongitudeDegrees></Position><AltitudeMeters>2563.6</AltitudeMeters><HeartRateBpm><Value>76</Value></HeartRateBpm><Cadence>39</Cadence></Trackpoint><Trackpoint><Time>2026-09-13T20:39:21Z</Time><Position><LatitudeDegrees>4.722399</LatitudeDegrees><LongitudeDegrees>-74.04613</LongitudeDegrees></Position><HeartRateBpm><Value>76</Value></HeartRateBpm><Cadence>39</Cadence></Trackpoint><Trackpoint><Time>2026-09-13T20:39:22Z</Time><Position><LatitudeDegrees>4.722399</LatitudeDegrees><LongitudeDegrees>-74.04613</LongitudeDegrees></Position><HeartRateBpm><Value>77</Value></HeartRateBpm><Cadence>39</Cadence></Trackpoint><Trackpoint><Time>2026-09-13T20:39:23Z</Time><Position><LatitudeDegrees>4.722399</LatitudeDegrees><LongitudeDegrees>-74.04613</LongitudeDegrees></Position><HeartRateBpm><Value>77</Value></HeartRateBpm><Cadence>39</Cadence></Trackpoint><Trackpoint><Time>2026-09-13T20:39:24Z</Time><Position><LatitudeDegrees>4.722399</LatitudeDegrees><LongitudeDegrees>-74.04613</LongitudeDegrees></Position><HeartRateBpm><Value>78</Value></HeartRateBpm><Cadence>39</Cadence></Trackpoint><Trackpoint><Time>2026-09-13T20:39:25Z</Time><Position><LatitudeDegrees>4.722399</LatitudeDegrees><LongitudeDegrees>-74.04613</LongitudeDegrees></Position><AltitudeMeters>2563.5</AltitudeMeters><HeartRateBpm><Value>79</Value></HeartRateBpm><Cadence>39</Cadence></Trackpoint><Trackpoint><Time>2026-09-13T20:39:26Z</Time><Position><LatitudeDegrees>4.722399</LatitudeDegrees><LongitudeDegrees>-74.04613</LongitudeDegrees></Position><HeartRateBpm><Value>79</Value></HeartRateBpm><Cadence>39</Cadence></Trackpoint><Trackpoint><Time>2026-09-13T20:39:27Z</Time><Position><LatitudeDegrees>4.722399</LatitudeDegrees><LongitudeDegrees>-74.04613</LongitudeDegrees></Position><HeartRateBpm><Value>79</Value></HeartRateBpm><Cadence>39</Cadence></Trackpoint><Trackpoint><Time>2026-09-13T20:39:28Z</Time><Position><LatitudeDegrees>4.722399</LatitudeDegrees><LongitudeDegrees>-74.04613</LongitudeDegrees></Position><HeartRateBpm><Value>79</Value></HeartRateBpm><Cadence>39</Cadence></Trackpoint><Trackpoint><Time>2026-09-13T20:39:29Z</Time><Position><LatitudeDegrees>4.722399</LatitudeDegrees><LongitudeDegrees>-74.04613</LongitudeDegrees></Position><HeartRateBpm><Value>79</Value></HeartRateBpm><Cadence>39</Cadence></Trackpoint><Trackpoint><Time>2026-09-13T20:39:30Z</Time><Position><LatitudeDegrees>4.722399</LatitudeDegrees><LongitudeDegrees>-74.04613</LongitudeDegrees></Position><AltitudeMeters>2563.2</AltitudeMeters><HeartRateBpm><Value>79</Value></HeartRateBpm><Cadence>39</Cadence></Trackpoint><Trackpoint><Time>2026-09-13T20:39:31Z</Time><Position><LatitudeDegrees>4.722399</LatitudeDegrees><LongitudeDegrees>-74.04613</LongitudeDegrees></Position><HeartRateBpm><Value>79</Value></HeartRateBpm><Cadence>39</Cadence></Trackpoint><Trackpoint><Time>2026-09-13T20:39:32Z</Time><Position><LatitudeDegrees>4.722399</LatitudeDegrees><LongitudeDegrees>-74.04613</LongitudeDegrees></Position><HeartRateBpm><Value>79</Value></HeartRateBpm><Cadence>39</Cadence></Trackpoint><Trackpoint><Time>2026-09-13T20:39:33Z</Time><Position><LatitudeDegrees>4.722399</LatitudeDegrees><LongitudeDegrees>-74.04613</LongitudeDegrees></Position><HeartRateBpm><Value>79</Value></HeartRateBpm><Cadence>39</Cadence></Trackpoint><Trackpoint><Time>2026-09-13T20:39:34Z</Time><Position><LatitudeDegrees>4.722399</LatitudeDegrees><LongitudeDegrees>-74.04613</LongitudeDegrees></Position><HeartRateBpm><Value>79</Value></HeartRateBpm><Cadence>39</Cadence></Trackpoint><Trackpoint><Time>2026-09-13T20:39:35Z</Time><Position><LatitudeDegrees>4.722399</LatitudeDegrees><LongitudeDegrees>-74.04613</LongitudeDegrees></Position><AltitudeMeters>2563.1</AltitudeMeters><HeartRateBpm><Value>79</Value></HeartRateBpm><Cadence>39</Cadence></Trackpoint><Trackpoint><Time>2026-09-13T20:39:36Z</Time><Position><LatitudeDegrees>4.722399</LatitudeDegrees><LongitudeDegrees>-74.04613</LongitudeDegrees></Position><HeartRateBpm><Value>79</Value></HeartRateBpm><Cadence>39</Cadence></Trackpoint><Trackpoint><Time>2026-09-13T20:39:37Z</Time><Position><LatitudeDegrees>4.722399</LatitudeDegrees><LongitudeDegrees>-74.04613</LongitudeDegrees></Position><HeartRateBpm><Value>79</Value></HeartRateBpm><Cadence>39</Cadence></Trackpoint><Trackpoint><Time>2026-09-13T20:39:38Z</Time><Position><LatitudeDegrees>4.722399</LatitudeDegrees><LongitudeDegrees>-74.04613</LongitudeDegrees></Position><HeartRateBpm><Value>79</Value></HeartRateBpm><Cadence>39</Cadence></Trackpoint><Trackpoint><Time>2026-09-13T20:39:39Z</Time><Position><LatitudeDegrees>4.722399</LatitudeDegrees><LongitudeDegrees>-74.04613</LongitudeDegrees></Position><HeartRateBpm><Value>79</Value></HeartRateBpm><Cadence>39</Cadence></Trackpoint><Trackpoint><Time>2026-09-13T20:39:40Z</Time><Position><LatitudeDegrees>4.722399</LatitudeDegrees><LongitudeDegrees>-74.04613</LongitudeDegrees></Position><AltitudeMeters>2563.1</AltitudeMeters><HeartRateBpm><Value>79</Value></HeartRateBpm><Cadence>39</Cadence></Trackpoint><Trackpoint><Time>2026-09-13T20:39:41Z</Time><Position><LatitudeDegrees>4.722399</LatitudeDegrees><LongitudeDegrees>-74.04613</LongitudeDegrees></Position><HeartRateBpm><Value>78</Value></HeartRateBpm><Cadence>39</Cadence></Trackpoint><Trackpoint><Time>2026-09-13T20:39:42Z</Time><Position><LatitudeDegrees>4.722399</LatitudeDegrees><LongitudeDegrees>-74.04613</LongitudeDegrees></Position><HeartRateBpm><Value>77</Value></HeartRateBpm><Cadence>39</Cadence></Trackpoint><Trackpoint><Time>2026-09-13T20:39:43Z</Time><Position><LatitudeDegrees>4.722399</LatitudeDegrees><LongitudeDegrees>-74.04613</LongitudeDegrees></Position><HeartRateBpm><Value>76</Value></HeartRateBpm><Cadence>39</Cadence></Trackpoint><Trackpoint><Time>2026-09-13T20:39:44Z</Time><Position><LatitudeDegrees>4.722399</LatitudeDegrees><LongitudeDegrees>-74.04613</LongitudeDegrees></Position><HeartRateBpm><Value>75</Value></HeartRateBpm><Cadence>39</Cadence></Trackpoint><Trackpoint><Time>2026-09-13T20:39:45Z</Time><Position><LatitudeDegrees>4.722399</LatitudeDegrees><LongitudeDegrees>-74.04613</LongitudeDegrees></Position><AltitudeMeters>2563.1</AltitudeMeters><HeartRateBpm><Value>75</Value></HeartRateBpm><Cadence>39</Cadence></Trackpoint><Trackpoint><Time>2026-09-13T20:39:46Z</Time><Position><LatitudeDegrees>4.722399</LatitudeDegrees><LongitudeDegrees>-74.04613</LongitudeDegrees></Position><HeartRateBpm><Value>74</Value></HeartRateBpm><Cadence>39</Cadence></Trackpoint><Trackpoint><Time>2026-09-13T20:39:47Z</Time><Position><LatitudeDegrees>4.722399</LatitudeDegrees><LongitudeDegrees>-74.04613</LongitudeDegrees></Position><HeartRateBpm><Value>74</Value></HeartRateBpm><Cadence>39</Cadence></Trackpoint><Trackpoint><Time>2026-09-13T20:39:48Z</Time><Position><LatitudeDegrees>4.722399</LatitudeDegrees><LongitudeDegrees>-74.04613</LongitudeDegrees></Position><HeartRateBpm><Value>74</Value></HeartRateBpm><Cadence>39</Cadence></Trackpoint><Trackpoint><Time>2026-09-13T20:39:49Z</Time><Position><LatitudeDegrees>4.722399</LatitudeDegrees><LongitudeDegrees>-74.04613</LongitudeDegrees></Position><HeartRateBpm><Value>74</Value></HeartRateBpm><Cadence>39</Cadence></Trackpoint><Trackpoint><Time>2026-09-13T20:39:50Z</Time><Position><LatitudeDegrees>4.722399</LatitudeDegrees><LongitudeDegrees>-74.04613</LongitudeDegrees></Position><AltitudeMeters>2563.1</AltitudeMeters><HeartRateBpm><Value>74</Value></HeartRateBpm><Cadence>39</Cadence></Trackpoint><Trackpoint><Time>2026-09-13T20:39:51Z</Time><Position><LatitudeDegrees>4.722399</LatitudeDegrees><LongitudeDegrees>-74.04613</LongitudeDegrees></Position><HeartRateBpm><Value>74</Value></HeartRateBpm><Cadence>39</Cadence></Trackpoint><Trackpoint><Time>2026-09-13T20:39:52Z</Time><Position><LatitudeDegrees>4.722399</LatitudeDegrees><LongitudeDegrees>-74.04613</LongitudeDegrees></Position><HeartRateBpm><Value>74</Value></HeartRateBpm><Cadence>39</Cadence></Trackpoint><Trackpoint><Time>2026-09-13T20:39:53Z</Time><Position><LatitudeDegrees>4.722399</LatitudeDegrees><LongitudeDegrees>-74.04613</LongitudeDegrees></Position><HeartRateBpm><Value>74</Value></HeartRateBpm><Cadence>39</Cadence></Trackpoint><Trackpoint><Time>2026-09-13T20:39:54Z</Time><Position><LatitudeDegrees>4.722399</LatitudeDegrees><LongitudeDegrees>-74.04613</LongitudeDegrees></Position><HeartRateBpm><Value>74</Value></HeartRateBpm><Cadence>39</Cadence></Trackpoint><Trackpoint><Time>2026-09-13T20:39:55Z</Time><Position><LatitudeDegrees>4.722399</LatitudeDegrees><LongitudeDegrees>-74.04613</LongitudeDegrees></Position><AltitudeMeters>2563.1</AltitudeMeters><HeartRateBpm><Value>74</Value></HeartRateBpm><Cadence>39</Cadence></Trackpoint><Trackpoint><Time>2026-09-13T20:39:56Z</Time><Position><LatitudeDegrees>4.722399</LatitudeDegrees><LongitudeDegrees>-74.04613</LongitudeDegrees></Position><HeartRateBpm><Value>74</Value></HeartRateBpm><Cadence>39</Cadence></Trackpoint><Trackpoint><Time>2026-09-13T20:39:57Z</Time><Position><LatitudeDegrees>4.722399</LatitudeDegrees><LongitudeDegrees>-74.04613</LongitudeDegrees></Position><HeartRateBpm><Value>74</Value></HeartRateBpm><Cadence>39</Cadence></Trackpoint><Trackpoint><Time>2026-09-13T20:39:58Z</Time><Position><LatitudeDegrees>4.722399</LatitudeDegrees><LongitudeDegrees>-74.04613</LongitudeDegrees></Position><HeartRateBpm><Value>74</Value></HeartRateBpm><Cadence>39</Cadence></Trackpoint><Trackpoint><Time>2026-09-13T20:39:59Z</Time><Position><LatitudeDegrees>4.722399</LatitudeDegrees><LongitudeDegrees>-74.04613</LongitudeDegrees></Position><HeartRateBpm><Value>74</Value></HeartRateBpm><Cadence>39</Cadence></Trackpoint><Trackpoint><Time>2026-09-13T20:40:00Z</Time><Position><LatitudeDegrees>4.722399</LatitudeDegrees><LongitudeDegrees>-74.04613</LongitudeDegrees></Position><AltitudeMeters>2563.2</AltitudeMeters><HeartRateBpm><Value>74</Value></HeartRateBpm><Cadence>39</Cadence></Trackpoint><Trackpoint><Time>2026-09-13T20:40:01Z</Time><Position><LatitudeDegrees>4.722399</LatitudeDegrees><LongitudeDegrees>-74.04613</LongitudeDegrees></Position><HeartRateBpm><Value>74</Value></HeartRateBpm><Cadence>39</Cadence></Trackpoint><Trackpoint><Time>2026-09-13T20:40:02Z</Time><Position><LatitudeDegrees>4.722399</LatitudeDegrees><LongitudeDegrees>-74.04613</LongitudeDegrees></Position><HeartRateBpm><Value>74</Value></HeartRateBpm><Cadence>39</Cadence></Trackpoint><Trackpoint><Time>2026-09-13T20:40:03Z</Time><Position><LatitudeDegrees>4.722399</LatitudeDegrees><LongitudeDegrees>-74.04613</LongitudeDegrees></Position><HeartRateBpm><Value>75</Value></HeartRateBpm><Cadence>39</Cadence></Trackpoint><Trackpoint><Time>2026-09-13T20:40:04Z</Time><Position><LatitudeDegrees>4.722399</LatitudeDegrees><LongitudeDegrees>-74.04613</LongitudeDegrees></Position><HeartRateBpm><Value>75</Value></HeartRateBpm><Cadence>39</Cadence></Trackpoint><Trackpoint><Time>2026-09-13T20:40:05Z</Time><Position><LatitudeDegrees>4.722399</LatitudeDegrees><LongitudeDegrees>-74.04613</LongitudeDegrees></Position><AltitudeMeters>2563.1</AltitudeMeters><HeartRateBpm><Value>76</Value></HeartRateBpm><Cadence>39</Cadence></Trackpoint><Trackpoint><Time>2026-09-13T20:40:06Z</Time><Position><LatitudeDegrees>4.722399</LatitudeDegrees><LongitudeDegrees>-74.04613</LongitudeDegrees></Position><HeartRateBpm><Value>76</Value></HeartRateBpm><Cadence>39</Cadence></Trackpoint><Trackpoint><Time>2026-09-13T20:40:07Z</Time><Position><LatitudeDegrees>4.722399</LatitudeDegrees><LongitudeDegrees>-74.04613</LongitudeDegrees></Position><HeartRateBpm><Value>76</Value></HeartRateBpm><Cadence>39</Cadence></Trackpoint><Trackpoint><Time>2026-09-13T20:40:08Z</Time><Position><LatitudeDegrees>4.722399</LatitudeDegrees><LongitudeDegrees>-74.04613</LongitudeDegrees></Position><HeartRateBpm><Value>76</Value></HeartRateBpm><Cadence>39</Cadence></Trackpoint><Trackpoint><Time>2026-09-13T20:40:09Z</Time><Position><LatitudeDegrees>4.722399</LatitudeDegrees><LongitudeDegrees>-74.04613</LongitudeDegrees></Position><HeartRateBpm><Value>76</Value></HeartRateBpm><Cadence>39</Cadence></Trackpoint><Trackpoint><Time>2026-09-13T20:40:10Z</Time><Position><LatitudeDegrees>4.722399</LatitudeDegrees><LongitudeDegrees>-74.04613</LongitudeDegrees></Position><AltitudeMeters>2563.0</AltitudeMeters><HeartRateBpm><Value>76</Value></HeartRateBpm><Cadence>39</Cadence></Trackpoint><Trackpoint><Time>2026-09-13T20:40:11Z</Time><Position><LatitudeDegrees>4.722399</LatitudeDegrees><LongitudeDegrees>-74.04613</LongitudeDegrees></Position><HeartRateBpm><Value>75</Value></HeartRateBpm><Cadence>39</Cadence></Trackpoint><Trackpoint><Time>2026-09-13T20:40:12Z</Time><Position><LatitudeDegrees>4.722399</LatitudeDegrees><LongitudeDegrees>-74.04613</LongitudeDegrees></Position><HeartRateBpm><Value>75</Value></HeartRateBpm><Cadence>39</Cadence></Trackpoint><Trackpoint><Time>2026-09-13T20:40:13Z</Time><Position><LatitudeDegrees>4.722399</LatitudeDegrees><LongitudeDegrees>-74.04613</LongitudeDegrees></Position><HeartRateBpm><Value>74</Value></HeartRateBpm><Cadence>39</Cadence></Trackpoint><Trackpoint><Time>2026-09-13T20:40:14Z</Time><Position><LatitudeDegrees>4.722399</LatitudeDegrees><LongitudeDegrees>-74.04613</LongitudeDegrees></Position><HeartRateBpm><Value>74</Value></HeartRateBpm><Cadence>39</Cadence></Trackpoint><Trackpoint><Time>2026-09-13T20:40:15Z</Time><Position><LatitudeDegrees>4.722399</LatitudeDegrees><LongitudeDegrees>-74.04613</LongitudeDegrees></Position><AltitudeMeters>2562.8</AltitudeMeters><HeartRateBpm><Value>74</Value></HeartRateBpm><Cadence>39</Cadence></Trackpoint><Trackpoint><Time>2026-09-13T20:40:16Z</Time><Position><LatitudeDegrees>4.722399</LatitudeDegrees><LongitudeDegrees>-74.04613</LongitudeDegrees></Position><HeartRateBpm><Value>73</Value></HeartRateBpm><Cadence>39</Cadence></Trackpoint><Trackpoint><Time>2026-09-13T20:40:17Z</Time><Position><LatitudeDegrees>4.722399</LatitudeDegrees><LongitudeDegrees>-74.04613</LongitudeDegrees></Position><HeartRateBpm><Value>73</Value></HeartRateBpm><Cadence>39</Cadence></Trackpoint><Trackpoint><Time>2026-09-13T20:40:18Z</Time><Position><LatitudeDegrees>4.722399</LatitudeDegrees><LongitudeDegrees>-74.04613</LongitudeDegrees></Position><HeartRateBpm><Value>72</Value></HeartRateBpm><Cadence>39</Cadence></Trackpoint><Trackpoint><Time>2026-09-13T20:40:19Z</Time><Position><LatitudeDegrees>4.722399</LatitudeDegrees><LongitudeDegrees>-74.04613</LongitudeDegrees></Position><HeartRateBpm><Value>72</Value></HeartRateBpm><Cadence>39</Cadence></Trackpoint><Trackpoint><Time>2026-09-13T20:40:20Z</Time><Position><LatitudeDegrees>4.722399</LatitudeDegrees><LongitudeDegrees>-74.04613</LongitudeDegrees></Position><AltitudeMeters>2562.5</AltitudeMeters><HeartRateBpm><Value>72</Value></HeartRateBpm><Cadence>39</Cadence></Trackpoint><Trackpoint><Time>2026-09-13T20:40:21Z</Time><Position><LatitudeDegrees>4.722399</LatitudeDegrees><LongitudeDegrees>-74.04613</LongitudeDegrees></Position><HeartRateBpm><Value>72</Value></HeartRateBpm><Cadence>39</Cadence></Trackpoint><Trackpoint><Time>2026-09-13T20:40:22Z</Time><Position><LatitudeDegrees>4.722399</LatitudeDegrees><LongitudeDegrees>-74.04613</LongitudeDegrees></Position><HeartRateBpm><Value>72</Value></HeartRateBpm><Cadence>39</Cadence></Trackpoint><Trackpoint><Time>2026-09-13T20:40:23Z</Time><Position><LatitudeDegrees>4.722399</LatitudeDegrees><LongitudeDegrees>-74.04613</LongitudeDegrees></Position><HeartRateBpm><Value>72</Value></HeartRateBpm><Cadence>39</Cadence></Trackpoint><Trackpoint><Time>2026-09-13T20:40:24Z</Time><Position><LatitudeDegrees>4.722399</LatitudeDegrees><LongitudeDegrees>-74.04613</LongitudeDegrees></Position><HeartRateBpm><Value>72</Value></HeartRateBpm><Cadence>39</Cadence></Trackpoint><Trackpoint><Time>2026-09-13T20:40:25Z</Time><Position><LatitudeDegrees>4.722399</LatitudeDegrees><LongitudeDegrees>-74.04613</LongitudeDegrees></Position><AltitudeMeters>2562.5</AltitudeMeters><HeartRateBpm><Value>73</Value></HeartRateBpm><Cadence>39</Cadence></Trackpoint><Trackpoint><Time>2026-09-13T20:40:26Z</Time><Position><LatitudeDegrees>4.722399</LatitudeDegrees><LongitudeDegrees>-74.04613</LongitudeDegrees></Position><HeartRateBpm><Value>72</Value></HeartRateBpm><Cadence>39</Cadence></Trackpoint><Trackpoint><Time>2026-09-13T20:40:27Z</Time><Position><LatitudeDegrees>4.722399</LatitudeDegrees><LongitudeDegrees>-74.04613</LongitudeDegrees></Position><HeartRateBpm><Value>72</Value></HeartRateBpm><Cadence>38</Cadence></Trackpoint><Trackpoint><Time>2026-09-13T20:40:28Z</Time><Position><LatitudeDegrees>4.722399</LatitudeDegrees><LongitudeDegrees>-74.04613</LongitudeDegrees></Position><HeartRateBpm><Value>72</Value></HeartRateBpm><Cadence>38</Cadence></Trackpoint><Trackpoint><Time>2026-09-13T20:40:29Z</Time><Position><LatitudeDegrees>4.722399</LatitudeDegrees><LongitudeDegrees>-74.04613</LongitudeDegrees></Position><HeartRateBpm><Value>72</Value></HeartRateBpm><Cadence>38</Cadence></Trackpoint><Trackpoint><Time>2026-09-13T20:40:30Z</Time><Position><LatitudeDegrees>4.722399</LatitudeDegrees><LongitudeDegrees>-74.04613</LongitudeDegrees></Position><AltitudeMeters>2562.4</AltitudeMeters><HeartRateBpm><Value>72</Value></HeartRateBpm><Cadence>38</Cadence></Trackpoint><Trackpoint><Time>2026-09-13T20:40:31Z</Time><Position><LatitudeDegrees>4.722399</LatitudeDegrees><LongitudeDegrees>-74.04613</LongitudeDegrees></Position><HeartRateBpm><Value>72</Value></HeartRateBpm><Cadence>38</Cadence></Trackpoint><Trackpoint><Time>2026-09-13T20:40:32Z</Time><Position><LatitudeDegrees>4.722399</LatitudeDegrees><LongitudeDegrees>-74.04613</LongitudeDegrees></Position><HeartRateBpm><Value>72</Value></HeartRateBpm><Cadence>38</Cadence></Trackpoint><Trackpoint><Time>2026-09-13T20:40:33Z</Time><Position><LatitudeDegrees>4.722399</LatitudeDegrees><LongitudeDegrees>-74.04613</LongitudeDegrees></Position><HeartRateBpm><Value>72</Value></HeartRateBpm><Cadence>38</Cadence></Trackpoint><Trackpoint><Time>2026-09-13T20:40:34Z</Time><Position><LatitudeDegrees>4.722399</LatitudeDegrees><LongitudeDegrees>-74.04613</LongitudeDegrees></Position><HeartRateBpm><Value>72</Value></HeartRateBpm><Cadence>38</Cadence></Trackpoint><Trackpoint><Time>2026-09-13T20:40:35Z</Time><Position><LatitudeDegrees>4.722399</LatitudeDegrees><LongitudeDegrees>-74.04613</LongitudeDegrees></Position><AltitudeMeters>2562.4</AltitudeMeters><HeartRateBpm><Value>73</Value></HeartRateBpm><Cadence>38</Cadence></Trackpoint><Trackpoint><Time>2026-09-13T20:40:36Z</Time><Position><LatitudeDegrees>4.722399</LatitudeDegrees><LongitudeDegrees>-74.04613</LongitudeDegrees></Position><HeartRateBpm><Value>73</Value></HeartRateBpm><Cadence>38</Cadence></Trackpoint><Trackpoint><Time>2026-09-13T20:40:37Z</Time><Position><LatitudeDegrees>4.722399</LatitudeDegrees><LongitudeDegrees>-74.04613</LongitudeDegrees></Position><HeartRateBpm><Value>73</Value></HeartRateBpm><Cadence>38</Cadence></Trackpoint><Trackpoint><Time>2026-09-13T20:40:38Z</Time><Position><LatitudeDegrees>4.722399</LatitudeDegrees><LongitudeDegrees>-74.04613</LongitudeDegrees></Position><HeartRateBpm><Value>73</Value></HeartRateBpm><Cadence>38</Cadence></Trackpoint><Trackpoint><Time>2026-09-13T20:40:39Z</Time><Position><LatitudeDegrees>4.722399</LatitudeDegrees><LongitudeDegrees>-74.04613</LongitudeDegrees></Position><HeartRateBpm><Value>73</Value></HeartRateBpm><Cadence>38</Cadence></Trackpoint><Trackpoint><Time>2026-09-13T20:40:40Z</Time><Position><LatitudeDegrees>4.722399</LatitudeDegrees><LongitudeDegrees>-74.04613</LongitudeDegrees></Position><AltitudeMeters>2562.4</AltitudeMeters><HeartRateBpm><Value>73</Value></HeartRateBpm><Cadence>38</Cadence></Trackpoint><Trackpoint><Time>2026-09-13T20:40:41Z</Time><Position><LatitudeDegrees>4.722399</LatitudeDegrees><LongitudeDegrees>-74.04613</LongitudeDegrees></Position><HeartRateBpm><Value>72</Value></HeartRateBpm><Cadence>38</Cadence></Trackpoint><Trackpoint><Time>2026-09-13T20:40:42Z</Time><Position><LatitudeDegrees>4.722399</LatitudeDegrees><LongitudeDegrees>-74.04613</LongitudeDegrees></Position><HeartRateBpm><Value>72</Value></HeartRateBpm><Cadence>38</Cadence></Trackpoint><Trackpoint><Time>2026-09-13T20:40:43Z</Time><Position><LatitudeDegrees>4.722399</LatitudeDegrees><LongitudeDegrees>-74.04613</LongitudeDegrees></Position><HeartRateBpm><Value>71</Value></HeartRateBpm><Cadence>38</Cadence></Trackpoint><Trackpoint><Time>2026-09-13T20:40:44Z</Time><Position><LatitudeDegrees>4.722399</LatitudeDegrees><LongitudeDegrees>-74.04613</LongitudeDegrees></Position><HeartRateBpm><Value>71</Value></HeartRateBpm><Cadence>38</Cadence></Trackpoint><Trackpoint><Time>2026-09-13T20:40:45Z</Time><Position><LatitudeDegrees>4.722399</LatitudeDegrees><LongitudeDegrees>-74.04613</LongitudeDegrees></Position><AltitudeMeters>2562.5</AltitudeMeters><HeartRateBpm><Value>71</Value></HeartRateBpm><Cadence>38</Cadence></Trackpoint><Trackpoint><Time>2026-09-13T20:40:46Z</Time><Position><LatitudeDegrees>4.722399</LatitudeDegrees><LongitudeDegrees>-74.04613</LongitudeDegrees></Position><HeartRateBpm><Value>71</Value></HeartRateBpm><Cadence>38</Cadence></Trackpoint><Trackpoint><Time>2026-09-13T20:40:47Z</Time><Position><LatitudeDegrees>4.722399</LatitudeDegrees><LongitudeDegrees>-74.04613</LongitudeDegrees></Position><HeartRateBpm><Value>71</Value></HeartRateBpm><Cadence>38</Cadence></Trackpoint><Trackpoint><Time>2026-09-13T20:40:48Z</Time><Position><LatitudeDegrees>4.722399</LatitudeDegrees><LongitudeDegrees>-74.04613</LongitudeDegrees></Position><HeartRateBpm><Value>71</Value></HeartRateBpm><Cadence>38</Cadence></Trackpoint><Trackpoint><Time>2026-09-13T20:40:49Z</Time><Position><LatitudeDegrees>4.722399</LatitudeDegrees><LongitudeDegrees>-74.04613</LongitudeDegrees></Position><HeartRateBpm><Value>71</Value></HeartRateBpm><Cadence>38</Cadence></Trackpoint><Trackpoint><Time>2026-09-13T20:40:50Z</Time><Position><LatitudeDegrees>4.722399</LatitudeDegrees><LongitudeDegrees>-74.04613</LongitudeDegrees></Position><AltitudeMeters>2562.6</AltitudeMeters><HeartRateBpm><Value>71</Value></HeartRateBpm><Cadence>38</Cadence></Trackpoint><Trackpoint><Time>2026-09-13T20:40:51Z</Time><Position><LatitudeDegrees>4.722399</LatitudeDegrees><LongitudeDegrees>-74.04613</LongitudeDegrees></Position><HeartRateBpm><Value>71</Value></HeartRateBpm><Cadence>38</Cadence></Trackpoint><Trackpoint><Time>2026-09-13T20:40:52Z</Time><Position><LatitudeDegrees>4.722399</LatitudeDegrees><LongitudeDegrees>-74.04613</LongitudeDegrees></Position><HeartRateBpm><Value>71</Value></HeartRateBpm><Cadence>38</Cadence></Trackpoint><Trackpoint><Time>2026-09-13T20:40:53Z</Time><Position><LatitudeDegrees>4.722399</LatitudeDegrees><LongitudeDegrees>-74.04613</LongitudeDegrees></Position><HeartRateBpm><Value>72</Value></HeartRateBpm><Cadence>38</Cadence></Trackpoint><Trackpoint><Time>2026-09-13T20:40:54Z</Time><Position><LatitudeDegrees>4.722399</LatitudeDegrees><LongitudeDegrees>-74.04613</LongitudeDegrees></Position><HeartRateBpm><Value>72</Value></HeartRateBpm><Cadence>38</Cadence></Trackpoint><Trackpoint><Time>2026-09-13T20:40:55Z</Time><Position><LatitudeDegrees>4.722399</LatitudeDegrees><LongitudeDegrees>-74.04613</LongitudeDegrees></Position><AltitudeMeters>2562.6</AltitudeMeters><HeartRateBpm><Value>73</Value></HeartRateBpm><Cadence>38</Cadence></Trackpoint><Trackpoint><Time>2026-09-13T20:40:56Z</Time><Position><LatitudeDegrees>4.722399</LatitudeDegrees><LongitudeDegrees>-74.04613</LongitudeDegrees></Position><HeartRateBpm><Value>73</Value></HeartRateBpm><Cadence>38</Cadence></Trackpoint><Trackpoint><Time>2026-09-13T20:40:57Z</Time><Position><LatitudeDegrees>4.722399</LatitudeDegrees><LongitudeDegrees>-74.04613</LongitudeDegrees></Position><HeartRateBpm><Value>73</Value></HeartRateBpm><Cadence>38</Cadence></Trackpoint><Trackpoint><Time>2026-09-13T20:40:58Z</Time><Position><LatitudeDegrees>4.722399</LatitudeDegrees><LongitudeDegrees>-74.04613</LongitudeDegrees></Position><HeartRateBpm><Value>74</Value></HeartRateBpm><Cadence>38</Cadence></Trackpoint><Trackpoint><Time>2026-09-13T20:40:59Z</Time><Position><LatitudeDegrees>4.722399</LatitudeDegrees><LongitudeDegrees>-74.04613</LongitudeDegrees></Position><HeartRateBpm><Value>74</Value></HeartRateBpm><Cadence>38</Cadence></Trackpoint><Trackpoint><Time>2026-09-13T20:41:00Z</Time><Position><LatitudeDegrees>4.722399</LatitudeDegrees><LongitudeDegrees>-74.04613</LongitudeDegrees></Position><AltitudeMeters>2562.6</AltitudeMeters><HeartRateBpm><Value>75</Value></HeartRateBpm><Cadence>38</Cadence></Trackpoint><Trackpoint><Time>2026-09-13T20:41:01Z</Time><Position><LatitudeDegrees>4.722399</LatitudeDegrees><LongitudeDegrees>-74.04613</LongitudeDegrees></Position><HeartRateBpm><Value>75</Value></HeartRateBpm><Cadence>40</Cadence></Trackpoint><Trackpoint><Time>2026-09-13T20:41:02Z</Time><Position><LatitudeDegrees>4.722399</LatitudeDegrees><LongitudeDegrees>-74.04613</LongitudeDegrees></Position><HeartRateBpm><Value>75</Value></HeartRateBpm><Cadence>42</Cadence></Trackpoint><Trackpoint><Time>2026-09-13T20:41:03Z</Time><Position><LatitudeDegrees>4.722399</LatitudeDegrees><LongitudeDegrees>-74.04613</LongitudeDegrees></Position><HeartRateBpm><Value>75</Value></HeartRateBpm><Cadence>44</Cadence></Trackpoint><Trackpoint><Time>2026-09-13T20:41:04Z</Time><Position><LatitudeDegrees>4.722399</LatitudeDegrees><LongitudeDegrees>-74.04613</LongitudeDegrees></Position><HeartRateBpm><Value>75</Value></HeartRateBpm><Cadence>46</Cadence></Trackpoint><Trackpoint><Time>2026-09-13T20:41:05Z</Time><Position><LatitudeDegrees>4.722399</LatitudeDegrees><LongitudeDegrees>-74.04613</LongitudeDegrees></Position><AltitudeMeters>2562.6</AltitudeMeters><HeartRateBpm><Value>76</Value></HeartRateBpm><Cadence>48</Cadence></Trackpoint><Trackpoint><Time>2026-09-13T20:41:06Z</Time><Position><LatitudeDegrees>4.722399</LatitudeDegrees><LongitudeDegrees>-74.04613</LongitudeDegrees></Position><HeartRateBpm><Value>76</Value></HeartRateBpm><Cadence>47</Cadence></Trackpoint><Trackpoint><Time>2026-09-13T20:41:07Z</Time><Position><LatitudeDegrees>4.722399</LatitudeDegrees><LongitudeDegrees>-74.04613</LongitudeDegrees></Position><HeartRateBpm><Value>76</Value></HeartRateBpm><Cadence>47</Cadence></Trackpoint><Trackpoint><Time>2026-09-13T20:41:08Z</Time><Position><LatitudeDegrees>4.722399</LatitudeDegrees><LongitudeDegrees>-74.04613</LongitudeDegrees></Position><HeartRateBpm><Value>76</Value></HeartRateBpm><Cadence>46</Cadence></Trackpoint><Trackpoint><Time>2026-09-13T20:41:09Z</Time><Position><LatitudeDegrees>4.722399</LatitudeDegrees><LongitudeDegrees>-74.04613</LongitudeDegrees></Position><HeartRateBpm><Value>76</Value></HeartRateBpm><Cadence>46</Cadence></Trackpoint><Trackpoint><Time>2026-09-13T20:41:10Z</Time><Position><LatitudeDegrees>4.722399</LatitudeDegrees><LongitudeDegrees>-74.04613</LongitudeDegrees></Position><AltitudeMeters>2562.6</AltitudeMeters><HeartRateBpm><Value>76</Value></HeartRateBpm><Cadence>45</Cadence></Trackpoint><Trackpoint><Time>2026-09-13T20:41:11Z</Time><Position><LatitudeDegrees>4.722399</LatitudeDegrees><LongitudeDegrees>-74.04613</LongitudeDegrees></Position><HeartRateBpm><Value>76</Value></HeartRateBpm><Cadence>45</Cadence></Trackpoint><Trackpoint><Time>2026-09-13T20:41:12Z</Time><Position><LatitudeDegrees>4.722399</LatitudeDegrees><LongitudeDegrees>-74.04613</LongitudeDegrees></Position><HeartRateBpm><Value>76</Value></HeartRateBpm><Cadence>45</Cadence></Trackpoint><Trackpoint><Time>2026-09-13T20:41:13Z</Time><Position><LatitudeDegrees>4.722399</LatitudeDegrees><LongitudeDegrees>-74.04613</LongitudeDegrees></Position><HeartRateBpm><Value>76</Value></HeartRateBpm><Cadence>44</Cadence></Trackpoint><Trackpoint><Time>2026-09-13T20:41:14Z</Time><Position><LatitudeDegrees>4.722399</LatitudeDegrees><LongitudeDegrees>-74.04613</LongitudeDegrees></Position><HeartRateBpm><Value>76</Value></HeartRateBpm><Cadence>44</Cadence></Trackpoint><Trackpoint><Time>2026-09-13T20:41:15Z</Time><Position><LatitudeDegrees>4.722399</LatitudeDegrees><LongitudeDegrees>-74.04613</LongitudeDegrees></Position><AltitudeMeters>2562.6</AltitudeMeters><HeartRateBpm><Value>76</Value></HeartRateBpm><Cadence>44</Cadence></Trackpoint><Trackpoint><Time>2026-09-13T20:41:16Z</Time><Position><LatitudeDegrees>4.722399</LatitudeDegrees><LongitudeDegrees>-74.04613</LongitudeDegrees></Position><HeartRateBpm><Value>76</Value></HeartRateBpm><Cadence>44</Cadence></Trackpoint><Trackpoint><Time>2026-09-13T20:41:17Z</Time><Position><LatitudeDegrees>4.722399</LatitudeDegrees><LongitudeDegrees>-74.04613</LongitudeDegrees></Position><HeartRateBpm><Value>76</Value></HeartRateBpm><Cadence>44</Cadence></Trackpoint><Trackpoint><Time>2026-09-13T20:41:18Z</Time><Position><LatitudeDegrees>4.722399</LatitudeDegrees><LongitudeDegrees>-74.04613</LongitudeDegrees></Position><HeartRateBpm><Value>76</Value></HeartRateBpm><Cadence>44</Cadence></Trackpoint><Trackpoint><Time>2026-09-13T20:41:19Z</Time><Position><LatitudeDegrees>4.722399</LatitudeDegrees><LongitudeDegrees>-74.04613</LongitudeDegrees></Position><HeartRateBpm><Value>76</Value></HeartRateBpm><Cadence>44</Cadence></Trackpoint><Trackpoint><Time>2026-09-13T20:41:20Z</Time><Position><LatitudeDegrees>4.722399</LatitudeDegrees><LongitudeDegrees>-74.04613</LongitudeDegrees></Position><AltitudeMeters>2562.7</AltitudeMeters><HeartRateBpm><Value>76</Value></HeartRateBpm><Cadence>44</Cadence></Trackpoint><Trackpoint><Time>2026-09-13T20:41:21Z</Time><Position><LatitudeDegrees>4.722399</LatitudeDegrees><LongitudeDegrees>-74.04613</LongitudeDegrees></Position><HeartRateBpm><Value>76</Value></HeartRateBpm><Cadence>43</Cadence></Trackpoint><Trackpoint><Time>2026-09-13T20:41:22Z</Time><Position><LatitudeDegrees>4.722399</LatitudeDegrees><LongitudeDegrees>-74.04613</LongitudeDegrees></Position><HeartRateBpm><Value>76</Value></HeartRateBpm><Cadence>43</Cadence></Trackpoint><Trackpoint><Time>2026-09-13T20:41:23Z</Time><Position><LatitudeDegrees>4.722399</LatitudeDegrees><LongitudeDegrees>-74.04613</LongitudeDegrees></Position><HeartRateBpm><Value>76</Value></HeartRateBpm><Cadence>42</Cadence></Trackpoint><Trackpoint><Time>2026-09-13T20:41:24Z</Time><Position><LatitudeDegrees>4.722399</LatitudeDegrees><LongitudeDegrees>-74.04613</LongitudeDegrees></Position><HeartRateBpm><Value>76</Value></HeartRateBpm><Cadence>42</Cadence></Trackpoint><Trackpoint><Time>2026-09-13T20:41:25Z</Time><Position><LatitudeDegrees>4.722399</LatitudeDegrees><LongitudeDegrees>-74.04613</LongitudeDegrees></Position><AltitudeMeters>2562.8</AltitudeMeters><HeartRateBpm><Value>77</Value></HeartRateBpm><Cadence>41</Cadence></Trackpoint><Trackpoint><Time>2026-09-13T20:41:26Z</Time><Position><LatitudeDegrees>4.722399</LatitudeDegrees><LongitudeDegrees>-74.04613</LongitudeDegrees></Position><HeartRateBpm><Value>77</Value></HeartRateBpm><Cadence>42</Cadence></Trackpoint><Trackpoint><Time>2026-09-13T20:41:27Z</Time><Position><LatitudeDegrees>4.722399</LatitudeDegrees><LongitudeDegrees>-74.04613</LongitudeDegrees></Position><HeartRateBpm><Value>78</Value></HeartRateBpm><Cadence>42</Cadence></Trackpoint><Trackpoint><Time>2026-09-13T20:41:28Z</Time><Position><LatitudeDegrees>4.722399</LatitudeDegrees><LongitudeDegrees>-74.04613</LongitudeDegrees></Position><HeartRateBpm><Value>78</Value></HeartRateBpm><Cadence>43</Cadence></Trackpoint><Trackpoint><Time>2026-09-13T20:41:29Z</Time><Position><LatitudeDegrees>4.722399</LatitudeDegrees><LongitudeDegrees>-74.04613</LongitudeDegrees></Position><HeartRateBpm><Value>79</Value></HeartRateBpm><Cadence>43</Cadence></Trackpoint><Trackpoint><Time>2026-09-13T20:41:30Z</Time><Position><LatitudeDegrees>4.722399</LatitudeDegrees><LongitudeDegrees>-74.04613</LongitudeDegrees></Position><AltitudeMeters>2563.0</AltitudeMeters><HeartRateBpm><Value>80</Value></HeartRateBpm><Cadence>44</Cadence></Trackpoint><Trackpoint><Time>2026-09-13T20:41:31Z</Time><Position><LatitudeDegrees>4.722399</LatitudeDegrees><LongitudeDegrees>-74.04613</LongitudeDegrees></Position><HeartRateBpm><Value>80</Value></HeartRateBpm><Cadence>45</Cadence></Trackpoint><Trackpoint><Time>2026-09-13T20:41:32Z</Time><Position><LatitudeDegrees>4.722399</LatitudeDegrees><LongitudeDegrees>-74.04613</LongitudeDegrees></Position><HeartRateBpm><Value>81</Value></HeartRateBpm><Cadence>46</Cadence></Trackpoint><Trackpoint><Time>2026-09-13T20:41:33Z</Time><Position><LatitudeDegrees>4.722399</LatitudeDegrees><LongitudeDegrees>-74.04613</LongitudeDegrees></Position><HeartRateBpm><Value>81</Value></HeartRateBpm><Cadence>47</Cadence></Trackpoint><Trackpoint><Time>2026-09-13T20:41:34Z</Time><Position><LatitudeDegrees>4.722399</LatitudeDegrees><LongitudeDegrees>-74.04613</LongitudeDegrees></Position><HeartRateBpm><Value>82</Value></HeartRateBpm><Cadence>48</Cadence></Trackpoint><Trackpoint><Time>2026-09-13T20:41:35Z</Time><Position><LatitudeDegrees>4.722399</LatitudeDegrees><LongitudeDegrees>-74.04613</LongitudeDegrees></Position><AltitudeMeters>2563.1</AltitudeMeters><HeartRateBpm><Value>83</Value></HeartRateBpm><Cadence>49</Cadence></Trackpoint><Trackpoint><Time>2026-09-13T20:41:36Z</Time><Position><LatitudeDegrees>4.722399</LatitudeDegrees><LongitudeDegrees>-74.04613</LongitudeDegrees></Position><HeartRateBpm><Value>83</Value></HeartRateBpm><Cadence>49</Cadence></Trackpoint><Trackpoint><Time>2026-09-13T20:41:37Z</Time><Position><LatitudeDegrees>4.722399</LatitudeDegrees><LongitudeDegrees>-74.04613</LongitudeDegrees></Position><HeartRateBpm><Value>84</Value></HeartRateBpm><Cadence>50</Cadence></Trackpoint><Trackpoint><Time>2026-09-13T20:41:38Z</Time><Position><LatitudeDegrees>4.722399</LatitudeDegrees><LongitudeDegrees>-74.04613</LongitudeDegrees></Position><HeartRateBpm><Value>84</Value></HeartRateBpm><Cadence>50</Cadence></Trackpoint><Trackpoint><Time>2026-09-13T20:41:39Z</Time><Position><LatitudeDegrees>4.722399</LatitudeDegrees><LongitudeDegrees>-74.04613</LongitudeDegrees></Position><HeartRateBpm><Value>85</Value></HeartRateBpm><Cadence>51</Cadence></Trackpoint><Trackpoint><Time>2026-09-13T20:41:40Z</Time><Position><LatitudeDegrees>4.722399</LatitudeDegrees><LongitudeDegrees>-74.04613</LongitudeDegrees></Position><AltitudeMeters>2563.2</AltitudeMeters><HeartRateBpm><Value>86</Value></HeartRateBpm><Cadence>51</Cadence></Trackpoint><Trackpoint><Time>2026-09-13T20:41:41Z</Time><Position><LatitudeDegrees>4.722399</LatitudeDegrees><LongitudeDegrees>-74.04613</LongitudeDegrees></Position><HeartRateBpm><Value>86</Value></HeartRateBpm><Cadence>51</Cadence></Trackpoint><Trackpoint><Time>2026-09-13T20:41:42Z</Time><Position><LatitudeDegrees>4.722399</LatitudeDegrees><LongitudeDegrees>-74.04613</LongitudeDegrees></Position><HeartRateBpm><Value>87</Value></HeartRateBpm><Cadence>51</Cadence></Trackpoint><Trackpoint><Time>2026-09-13T20:41:43Z</Time><Position><LatitudeDegrees>4.722409</LatitudeDegrees><LongitudeDegrees>-74.04615</LongitudeDegrees></Position><HeartRateBpm><Value>87</Value></HeartRateBpm><Cadence>51</Cadence></Trackpoint><Trackpoint><Time>2026-09-13T20:41:44Z</Time><Position><LatitudeDegrees>4.722419</LatitudeDegrees><LongitudeDegrees>-74.046165</LongitudeDegrees></Position><HeartRateBpm><Value>88</Value></HeartRateBpm><Cadence>51</Cadence></Trackpoint><Trackpoint><Time>2026-09-13T20:41:45Z</Time><Position><LatitudeDegrees>4.72243</LatitudeDegrees><LongitudeDegrees>-74.04618</LongitudeDegrees></Position><AltitudeMeters>2563.3</AltitudeMeters><HeartRateBpm><Value>89</Value></HeartRateBpm><Cadence>51</Cadence></Trackpoint><Trackpoint><Time>2026-09-13T20:41:46Z</Time><Position><LatitudeDegrees>4.72244</LatitudeDegrees><LongitudeDegrees>-74.0462</LongitudeDegrees></Position><HeartRateBpm><Value>89</Value></HeartRateBpm><Cadence>51</Cadence></Trackpoint><Trackpoint><Time>2026-09-13T20:41:47Z</Time><Position><LatitudeDegrees>4.72245</LatitudeDegrees><LongitudeDegrees>-74.04622</LongitudeDegrees></Position><HeartRateBpm><Value>89</Value></HeartRateBpm><Cadence>51</Cadence></Trackpoint><Trackpoint><Time>2026-09-13T20:41:48Z</Time><Position><LatitudeDegrees>4.72246</LatitudeDegrees><LongitudeDegrees>-74.046234</LongitudeDegrees></Position><HeartRateBpm><Value>89</Value></HeartRateBpm><Cadence>51</Cadence></Trackpoint><Trackpoint><Time>2026-09-13T20:41:49Z</Time><Position><LatitudeDegrees>4.722473</LatitudeDegrees><LongitudeDegrees>-74.04624</LongitudeDegrees></Position><HeartRateBpm><Value>89</Value></HeartRateBpm><Cadence>51</Cadence></Trackpoint><Trackpoint><Time>2026-09-13T20:41:50Z</Time><Position><LatitudeDegrees>4.722485</LatitudeDegrees><LongitudeDegrees>-74.04625</LongitudeDegrees></Position><AltitudeMeters>2563.2</AltitudeMeters><HeartRateBpm><Value>90</Value></HeartRateBpm><Cadence>51</Cadence></Trackpoint><Trackpoint><Time>2026-09-13T20:41:51Z</Time><Position><LatitudeDegrees>4.722493</LatitudeDegrees><LongitudeDegrees>-74.04626</LongitudeDegrees></Position><HeartRateBpm><Value>89</Value></HeartRateBpm><Cadence>51</Cadence></Trackpoint><Trackpoint><Time>2026-09-13T20:41:52Z</Time><Position><LatitudeDegrees>4.722502</LatitudeDegrees><LongitudeDegrees>-74.046265</LongitudeDegrees></Position><HeartRateBpm><Value>89</Value></HeartRateBpm><Cadence>51</Cadence></Trackpoint><Trackpoint><Time>2026-09-13T20:41:53Z</Time><Position><LatitudeDegrees>4.72251</LatitudeDegrees><LongitudeDegrees>-74.046265</LongitudeDegrees></Position><HeartRateBpm><Value>88</Value></HeartRateBpm><Cadence>51</Cadence></Trackpoint><Trackpoint><Time>2026-09-13T20:41:54Z</Time><Position><LatitudeDegrees>4.72252</LatitudeDegrees><LongitudeDegrees>-74.046265</LongitudeDegrees></Position><HeartRateBpm><Value>88</Value></HeartRateBpm><Cadence>51</Cadence></Trackpoint><Trackpoint><Time>2026-09-13T20:41:55Z</Time><Position><LatitudeDegrees>4.722527</LatitudeDegrees><LongitudeDegrees>-74.046265</LongitudeDegrees></Position><AltitudeMeters>2563.1</AltitudeMeters><HeartRateBpm><Value>88</Value></HeartRateBpm><Cadence>51</Cadence></Trackpoint><Trackpoint><Time>2026-09-13T20:41:56Z</Time><Position><LatitudeDegrees>4.722537</LatitudeDegrees><LongitudeDegrees>-74.046265</LongitudeDegrees></Position><HeartRateBpm><Value>87</Value></HeartRateBpm><Cadence>51</Cadence></Trackpoint><Trackpoint><Time>2026-09-13T20:41:57Z</Time><Position><LatitudeDegrees>4.722546</LatitudeDegrees><LongitudeDegrees>-74.046265</LongitudeDegrees></Position><HeartRateBpm><Value>86</Value></HeartRateBpm><Cadence>51</Cadence></Trackpoint><Trackpoint><Time>2026-09-13T20:41:58Z</Time><Position><LatitudeDegrees>4.722556</LatitudeDegrees><LongitudeDegrees>-74.04626</LongitudeDegrees></Position><HeartRateBpm><Value>86</Value></HeartRateBpm><Cadence>52</Cadence></Trackpoint><Trackpoint><Time>2026-09-13T20:41:59Z</Time><Position><LatitudeDegrees>4.722567</LatitudeDegrees><LongitudeDegrees>-74.04626</LongitudeDegrees></Position><HeartRateBpm><Value>85</Value></HeartRateBpm><Cadence>52</Cadence></Trackpoint><Trackpoint><Time>2026-09-13T20:42:00Z</Time><Position><LatitudeDegrees>4.722579</LatitudeDegrees><LongitudeDegrees>-74.04625</LongitudeDegrees></Position><AltitudeMeters>2563.1</AltitudeMeters><HeartRateBpm><Value>85</Value></HeartRateBpm><Cadence>53</Cadence></Trackpoint><Trackpoint><Time>2026-09-13T20:42:01Z</Time><Position><LatitudeDegrees>4.722591</LatitudeDegrees><LongitudeDegrees>-74.04625</LongitudeDegrees></Position><HeartRateBpm><Value>84</Value></HeartRateBpm><Cadence>52</Cadence></Trackpoint><Trackpoint><Time>2026-09-13T20:42:02Z</Time><Position><LatitudeDegrees>4.722602</LatitudeDegrees><LongitudeDegrees>-74.04625</LongitudeDegrees></Position><HeartRateBpm><Value>84</Value></HeartRateBpm><Cadence>52</Cadence></Trackpoint><Trackpoint><Time>2026-09-13T20:42:03Z</Time><Position><LatitudeDegrees>4.722611</LatitudeDegrees><LongitudeDegrees>-74.04624</LongitudeDegrees></Position><HeartRateBpm><Value>83</Value></HeartRateBpm><Cadence>52</Cadence></Trackpoint><Trackpoint><Time>2026-09-13T20:42:04Z</Time><Position><LatitudeDegrees>4.72262</LatitudeDegrees><LongitudeDegrees>-74.04624</LongitudeDegrees></Position><HeartRateBpm><Value>83</Value></HeartRateBpm><Cadence>51</Cadence></Trackpoint><Trackpoint><Time>2026-09-13T20:42:05Z</Time><Position><LatitudeDegrees>4.722628</LatitudeDegrees><LongitudeDegrees>-74.046234</LongitudeDegrees></Position><AltitudeMeters>2563.1</AltitudeMeters><HeartRateBpm><Value>83</Value></HeartRateBpm><Cadence>51</Cadence></Trackpoint><Trackpoint><Time>2026-09-13T20:42:06Z</Time><Position><LatitudeDegrees>4.722635</LatitudeDegrees><LongitudeDegrees>-74.046234</LongitudeDegrees></Position><HeartRateBpm><Value>82</Value></HeartRateBpm><Cadence>51</Cadence></Trackpoint><Trackpoint><Time>2026-09-13T20:42:07Z</Time><Position><LatitudeDegrees>4.722643</LatitudeDegrees><LongitudeDegrees>-74.04624</LongitudeDegrees></Position><HeartRateBpm><Value>82</Value></HeartRateBpm><Cadence>51</Cadence></Trackpoint><Trackpoint><Time>2026-09-13T20:42:08Z</Time><Position><LatitudeDegrees>4.722652</LatitudeDegrees><LongitudeDegrees>-74.046234</LongitudeDegrees></Position><HeartRateBpm><Value>82</Value></HeartRateBpm><Cadence>51</Cadence></Trackpoint><Trackpoint><Time>2026-09-13T20:42:09Z</Time><Position><LatitudeDegrees>4.72266</LatitudeDegrees><LongitudeDegrees>-74.046234</LongitudeDegrees></Position><HeartRateBpm><Value>82</Value></HeartRateBpm><Cadence>51</Cadence></Trackpoint><Trackpoint><Time>2026-09-13T20:42:10Z</Time><Position><LatitudeDegrees>4.72267</LatitudeDegrees><LongitudeDegrees>-74.04623</LongitudeDegrees></Position><AltitudeMeters>2563.2</AltitudeMeters><HeartRateBpm><Value>82</Value></HeartRateBpm><Cadence>51</Cadence></Trackpoint><Trackpoint><Time>2026-09-13T20:42:11Z</Time><Position><LatitudeDegrees>4.722682</LatitudeDegrees><LongitudeDegrees>-74.04622</LongitudeDegrees></Position><HeartRateBpm><Value>81</Value></HeartRateBpm><Cadence>51</Cadence></Trackpoint><Trackpoint><Time>2026-09-13T20:42:12Z</Time><Position><LatitudeDegrees>4.722692</LatitudeDegrees><LongitudeDegrees>-74.04622</LongitudeDegrees></Position><HeartRateBpm><Value>81</Value></HeartRateBpm><Cadence>51</Cadence></Trackpoint><Trackpoint><Time>2026-09-13T20:42:13Z</Time><Position><LatitudeDegrees>4.722703</LatitudeDegrees><LongitudeDegrees>-74.04622</LongitudeDegrees></Position><HeartRateBpm><Value>81</Value></HeartRateBpm><Cadence>51</Cadence></Trackpoint><Trackpoint><Time>2026-09-13T20:42:14Z</Time><Position><LatitudeDegrees>4.722713</LatitudeDegrees><LongitudeDegrees>-74.04623</LongitudeDegrees></Position><HeartRateBpm><Value>81</Value></HeartRateBpm><Cadence>51</Cadence></Trackpoint><Trackpoint><Time>2026-09-13T20:42:15Z</Time><Position><LatitudeDegrees>4.722721</LatitudeDegrees><LongitudeDegrees>-74.04622</LongitudeDegrees></Position><AltitudeMeters>2563.3</AltitudeMeters><HeartRateBpm><Value>81</Value></HeartRateBpm><Cadence>52</Cadence></Trackpoint><Trackpoint><Time>2026-09-13T20:42:16Z</Time><Position><LatitudeDegrees>4.722732</LatitudeDegrees><LongitudeDegrees>-74.04622</LongitudeDegrees></Position><HeartRateBpm><Value>81</Value></HeartRateBpm><Cadence>52</Cadence></Trackpoint><Trackpoint><Time>2026-09-13T20:42:17Z</Time><Position><LatitudeDegrees>4.722742</LatitudeDegrees><LongitudeDegrees>-74.04622</LongitudeDegrees></Position><HeartRateBpm><Value>81</Value></HeartRateBpm><Cadence>52</Cadence></Trackpoint><Trackpoint><Time>2026-09-13T20:42:18Z</Time><Position><LatitudeDegrees>4.722752</LatitudeDegrees><LongitudeDegrees>-74.04621</LongitudeDegrees></Position><HeartRateBpm><Value>81</Value></HeartRateBpm><Cadence>52</Cadence></Trackpoint><Trackpoint><Time>2026-09-13T20:42:19Z</Time><Position><LatitudeDegrees>4.722761</LatitudeDegrees><LongitudeDegrees>-74.04621</LongitudeDegrees></Position><HeartRateBpm><Value>81</Value></HeartRateBpm><Cadence>52</Cadence></Trackpoint><Trackpoint><Time>2026-09-13T20:42:20Z</Time><Position><LatitudeDegrees>4.722772</LatitudeDegrees><LongitudeDegrees>-74.04621</LongitudeDegrees></Position><AltitudeMeters>2563.4</AltitudeMeters><HeartRateBpm><Value>82</Value></HeartRateBpm><Cadence>52</Cadence></Trackpoint><Trackpoint><Time>2026-09-13T20:42:21Z</Time><Position><LatitudeDegrees>4.722785</LatitudeDegrees><LongitudeDegrees>-74.04621</LongitudeDegrees></Position><HeartRateBpm><Value>81</Value></HeartRateBpm><Cadence>51</Cadence></Trackpoint><Trackpoint><Time>2026-09-13T20:42:22Z</Time><Position><LatitudeDegrees>4.722789</LatitudeDegrees><LongitudeDegrees>-74.0462</LongitudeDegrees></Position><HeartRateBpm><Value>81</Value></HeartRateBpm><Cadence>51</Cadence></Trackpoint><Trackpoint><Time>2026-09-13T20:42:23Z</Time><Position><LatitudeDegrees>4.7228</LatitudeDegrees><LongitudeDegrees>-74.04621</LongitudeDegrees></Position><HeartRateBpm><Value>81</Value></HeartRateBpm><Cadence>51</Cadence></Trackpoint><Trackpoint><Time>2026-09-13T20:42:24Z</Time><Position><LatitudeDegrees>4.722813</LatitudeDegrees><LongitudeDegrees>-74.0462</LongitudeDegrees></Position><HeartRateBpm><Value>81</Value></HeartRateBpm><Cadence>51</Cadence></Trackpoint><Trackpoint><Time>2026-09-13T20:42:25Z</Time><Position><LatitudeDegrees>4.722824</LatitudeDegrees><LongitudeDegrees>-74.0462</LongitudeDegrees></Position><AltitudeMeters>2563.4</AltitudeMeters><HeartRateBpm><Value>81</Value></HeartRateBpm><Cadence>51</Cadence></Trackpoint><Trackpoint><Time>2026-09-13T20:42:26Z</Time><Position><LatitudeDegrees>4.722843</LatitudeDegrees><LongitudeDegrees>-74.04622</LongitudeDegrees></Position><HeartRateBpm><Value>81</Value></HeartRateBpm><Cadence>51</Cadence></Trackpoint><Trackpoint><Time>2026-09-13T20:42:27Z</Time><Position><LatitudeDegrees>4.722859</LatitudeDegrees><LongitudeDegrees>-74.04622</LongitudeDegrees></Position><HeartRateBpm><Value>81</Value></HeartRateBpm><Cadence>52</Cadence></Trackpoint><Trackpoint><Time>2026-09-13T20:42:28Z</Time><Position><LatitudeDegrees>4.722865</LatitudeDegrees><LongitudeDegrees>-74.04623</LongitudeDegrees></Position><HeartRateBpm><Value>82</Value></HeartRateBpm><Cadence>52</Cadence></Trackpoint><Trackpoint><Time>2026-09-13T20:42:29Z</Time><Position><LatitudeDegrees>4.722874</LatitudeDegrees><LongitudeDegrees>-74.04623</LongitudeDegrees></Position><HeartRateBpm><Value>82</Value></HeartRateBpm><Cadence>53</Cadence></Trackpoint><Trackpoint><Time>2026-09-13T20:42:30Z</Time><Position><LatitudeDegrees>4.722885</LatitudeDegrees><LongitudeDegrees>-74.04623</LongitudeDegrees></Position><AltitudeMeters>2563.2</AltitudeMeters><HeartRateBpm><Value>83</Value></HeartRateBpm><Cadence>53</Cadence></Trackpoint><Trackpoint><Time>2026-09-13T20:42:31Z</Time><Position><LatitudeDegrees>4.722897</LatitudeDegrees><LongitudeDegrees>-74.04623</LongitudeDegrees></Position><HeartRateBpm><Value>83</Value></HeartRateBpm><Cadence>53</Cadence></Trackpoint><Trackpoint><Time>2026-09-13T20:42:32Z</Time><Position><LatitudeDegrees>4.722907</LatitudeDegrees><LongitudeDegrees>-74.04623</LongitudeDegrees></Position><HeartRateBpm><Value>83</Value></HeartRateBpm><Cadence>53</Cadence></Trackpoint><Trackpoint><Time>2026-09-13T20:42:33Z</Time><Position><LatitudeDegrees>4.722917</LatitudeDegrees><LongitudeDegrees>-74.04623</LongitudeDegrees></Position><HeartRateBpm><Value>84</Value></HeartRateBpm><Cadence>54</Cadence></Trackpoint><Trackpoint><Time>2026-09-13T20:42:34Z</Time><Position><LatitudeDegrees>4.722924</LatitudeDegrees><LongitudeDegrees>-74.04623</LongitudeDegrees></Position><HeartRateBpm><Value>84</Value></HeartRateBpm><Cadence>54</Cadence></Trackpoint><Trackpoint><Time>2026-09-13T20:42:35Z</Time><Position><LatitudeDegrees>4.722937</LatitudeDegrees><LongitudeDegrees>-74.04622</LongitudeDegrees></Position><AltitudeMeters>2562.9</AltitudeMeters><HeartRateBpm><Value>85</Value></HeartRateBpm><Cadence>54</Cadence></Trackpoint><Trackpoint><Time>2026-09-13T20:42:36Z</Time><Position><LatitudeDegrees>4.722949</LatitudeDegrees><LongitudeDegrees>-74.04622</LongitudeDegrees></Position><HeartRateBpm><Value>85</Value></HeartRateBpm><Cadence>54</Cadence></Trackpoint><Trackpoint><Time>2026-09-13T20:42:37Z</Time><Position><LatitudeDegrees>4.72296</LatitudeDegrees><LongitudeDegrees>-74.04622</LongitudeDegrees></Position><HeartRateBpm><Value>85</Value></HeartRateBpm><Cadence>54</Cadence></Trackpoint><Trackpoint><Time>2026-09-13T20:42:38Z</Time><Position><LatitudeDegrees>4.722968</LatitudeDegrees><LongitudeDegrees>-74.04622</LongitudeDegrees></Position><HeartRateBpm><Value>85</Value></HeartRateBpm><Cadence>55</Cadence></Trackpoint><Trackpoint><Time>2026-09-13T20:42:39Z</Time><Position><LatitudeDegrees>4.722983</LatitudeDegrees><LongitudeDegrees>-74.04621</LongitudeDegrees></Position><HeartRateBpm><Value>85</Value></HeartRateBpm><Cadence>55</Cadence></Trackpoint><Trackpoint><Time>2026-09-13T20:42:40Z</Time><Position><LatitudeDegrees>4.722996</LatitudeDegrees><LongitudeDegrees>-74.04621</LongitudeDegrees></Position><AltitudeMeters>2562.9</AltitudeMeters><HeartRateBpm><Value>85</Value></HeartRateBpm><Cadence>55</Cadence></Trackpoint><Trackpoint><Time>2026-09-13T20:42:41Z</Time><Position><LatitudeDegrees>4.723003</LatitudeDegrees><LongitudeDegrees>-74.0462</LongitudeDegrees></Position><HeartRateBpm><Value>84</Value></HeartRateBpm><Cadence>55</Cadence></Trackpoint><Trackpoint><Time>2026-09-13T20:42:42Z</Time><Position><LatitudeDegrees>4.723011</LatitudeDegrees><LongitudeDegrees>-74.0462</LongitudeDegrees></Position><HeartRateBpm><Value>84</Value></HeartRateBpm><Cadence>55</Cadence></Trackpoint><Trackpoint><Time>2026-09-13T20:42:43Z</Time><Position><LatitudeDegrees>4.723021</LatitudeDegrees><LongitudeDegrees>-74.046196</LongitudeDegrees></Position><HeartRateBpm><Value>84</Value></HeartRateBpm><Cadence>55</Cadence></Trackpoint><Trackpoint><Time>2026-09-13T20:42:44Z</Time><Position><LatitudeDegrees>4.723031</LatitudeDegrees><LongitudeDegrees>-74.046196</LongitudeDegrees></Position><HeartRateBpm><Value>84</Value></HeartRateBpm><Cadence>55</Cadence></Trackpoint><Trackpoint><Time>2026-09-13T20:42:45Z</Time><Position><LatitudeDegrees>4.723041</LatitudeDegrees><LongitudeDegrees>-74.04619</LongitudeDegrees></Position><AltitudeMeters>2562.8</AltitudeMeters><HeartRateBpm><Value>84</Value></HeartRateBpm><Cadence>55</Cadence></Trackpoint><Trackpoint><Time>2026-09-13T20:42:46Z</Time><Position><LatitudeDegrees>4.723051</LatitudeDegrees><LongitudeDegrees>-74.04619</LongitudeDegrees></Position><HeartRateBpm><Value>84</Value></HeartRateBpm><Cadence>55</Cadence></Trackpoint><Trackpoint><Time>2026-09-13T20:42:47Z</Time><Position><LatitudeDegrees>4.723062</LatitudeDegrees><LongitudeDegrees>-74.04618</LongitudeDegrees></Position><HeartRateBpm><Value>84</Value></HeartRateBpm><Cadence>55</Cadence></Trackpoint><Trackpoint><Time>2026-09-13T20:42:48Z</Time><Position><LatitudeDegrees>4.723074</LatitudeDegrees><LongitudeDegrees>-74.04618</LongitudeDegrees></Position><HeartRateBpm><Value>84</Value></HeartRateBpm><Cadence>55</Cadence></Trackpoint><Trackpoint><Time>2026-09-13T20:42:49Z</Time><Position><LatitudeDegrees>4.723087</LatitudeDegrees><LongitudeDegrees>-74.04618</LongitudeDegrees></Position><HeartRateBpm><Value>84</Value></HeartRateBpm><Cadence>55</Cadence></Trackpoint><Trackpoint><Time>2026-09-13T20:42:50Z</Time><Position><LatitudeDegrees>4.723097</LatitudeDegrees><LongitudeDegrees>-74.04618</LongitudeDegrees></Position><AltitudeMeters>2562.9</AltitudeMeters><HeartRateBpm><Value>84</Value></HeartRateBpm><Cadence>55</Cadence></Trackpoint><Trackpoint><Time>2026-09-13T20:42:51Z</Time><Position><LatitudeDegrees>4.723113</LatitudeDegrees><LongitudeDegrees>-74.04617</LongitudeDegrees></Position><HeartRateBpm><Value>83</Value></HeartRateBpm><Cadence>55</Cadence></Trackpoint><Trackpoint><Time>2026-09-13T20:42:52Z</Time><Position><LatitudeDegrees>4.723125</LatitudeDegrees><LongitudeDegrees>-74.04617</LongitudeDegrees></Position><HeartRateBpm><Value>83</Value></HeartRateBpm><Cadence>55</Cadence></Trackpoint><Trackpoint><Time>2026-09-13T20:42:53Z</Time><Position><LatitudeDegrees>4.723136</LatitudeDegrees><LongitudeDegrees>-74.04617</LongitudeDegrees></Position><HeartRateBpm><Value>83</Value></HeartRateBpm><Cadence>55</Cadence></Trackpoint><Trackpoint><Time>2026-09-13T20:42:54Z</Time><Position><LatitudeDegrees>4.723147</LatitudeDegrees><LongitudeDegrees>-74.046165</LongitudeDegrees></Position><HeartRateBpm><Value>83</Value></HeartRateBpm><Cadence>55</Cadence></Trackpoint><Trackpoint><Time>2026-09-13T20:42:55Z</Time><Position><LatitudeDegrees>4.723156</LatitudeDegrees><LongitudeDegrees>-74.046165</LongitudeDegrees></Position><AltitudeMeters>2563.0</AltitudeMeters><HeartRateBpm><Value>83</Value></HeartRateBpm><Cadence>55</Cadence></Trackpoint><Trackpoint><Time>2026-09-13T20:42:56Z</Time><Position><LatitudeDegrees>4.723165</LatitudeDegrees><LongitudeDegrees>-74.046165</LongitudeDegrees></Position><HeartRateBpm><Value>83</Value></HeartRateBpm><Cadence>55</Cadence></Trackpoint><Trackpoint><Time>2026-09-13T20:42:57Z</Time><Position><LatitudeDegrees>4.723177</LatitudeDegrees><LongitudeDegrees>-74.046165</LongitudeDegrees></Position><HeartRateBpm><Value>83</Value></HeartRateBpm><Cadence>55</Cadence></Trackpoint><Trackpoint><Time>2026-09-13T20:42:58Z</Time><Position><LatitudeDegrees>4.723185</LatitudeDegrees><LongitudeDegrees>-74.04616</LongitudeDegrees></Position><HeartRateBpm><Value>83</Value></HeartRateBpm><Cadence>55</Cadence></Trackpoint><Trackpoint><Time>2026-09-13T20:42:59Z</Time><Position><LatitudeDegrees>4.723192</LatitudeDegrees><LongitudeDegrees>-74.04615</LongitudeDegrees></Position><HeartRateBpm><Value>83</Value></HeartRateBpm><Cadence>55</Cadence></Trackpoint><Trackpoint><Time>2026-09-13T20:43:00Z</Time><Position><LatitudeDegrees>4.723203</LatitudeDegrees><LongitudeDegrees>-74.04615</LongitudeDegrees></Position><AltitudeMeters>2563.0</AltitudeMeters><HeartRateBpm><Value>84</Value></HeartRateBpm><Cadence>56</Cadence></Trackpoint><Trackpoint><Time>2026-09-13T20:43:01Z</Time><Position><LatitudeDegrees>4.723215</LatitudeDegrees><LongitudeDegrees>-74.04614</LongitudeDegrees></Position><HeartRateBpm><Value>84</Value></HeartRateBpm><Cadence>55</Cadence></Trackpoint><Trackpoint><Time>2026-09-13T20:43:02Z</Time><Position><LatitudeDegrees>4.723224</LatitudeDegrees><LongitudeDegrees>-74.046135</LongitudeDegrees></Position><HeartRateBpm><Value>84</Value></HeartRateBpm><Cadence>55</Cadence></Trackpoint><Trackpoint><Time>2026-09-13T20:43:03Z</Time><Position><LatitudeDegrees>4.723234</LatitudeDegrees><LongitudeDegrees>-74.04612</LongitudeDegrees></Position><HeartRateBpm><Value>84</Value></HeartRateBpm><Cadence>55</Cadence></Trackpoint><Trackpoint><Time>2026-09-13T20:43:04Z</Time><Position><LatitudeDegrees>4.723247</LatitudeDegrees><LongitudeDegrees>-74.04611</LongitudeDegrees></Position><HeartRateBpm><Value>84</Value></HeartRateBpm><Cadence>55</Cadence></Trackpoint><Trackpoint><Time>2026-09-13T20:43:05Z</Time><Position><LatitudeDegrees>4.723256</LatitudeDegrees><LongitudeDegrees>-74.04611</LongitudeDegrees></Position><AltitudeMeters>2562.9</AltitudeMeters><HeartRateBpm><Value>84</Value></HeartRateBpm><Cadence>55</Cadence></Trackpoint><Trackpoint><Time>2026-09-13T20:43:06Z</Time><Position><LatitudeDegrees>4.723266</LatitudeDegrees><LongitudeDegrees>-74.04611</LongitudeDegrees></Position><HeartRateBpm><Value>83</Value></HeartRateBpm><Cadence>55</Cadence></Trackpoint><Trackpoint><Time>2026-09-13T20:43:07Z</Time><Position><LatitudeDegrees>4.723279</LatitudeDegrees><LongitudeDegrees>-74.04611</LongitudeDegrees></Position><HeartRateBpm><Value>83</Value></HeartRateBpm><Cadence>55</Cadence></Trackpoint><Trackpoint><Time>2026-09-13T20:43:08Z</Time><Position><LatitudeDegrees>4.723294</LatitudeDegrees><LongitudeDegrees>-74.04611</LongitudeDegrees></Position><HeartRateBpm><Value>83</Value></HeartRateBpm><Cadence>55</Cadence></Trackpoint><Trackpoint><Time>2026-09-13T20:43:09Z</Time><Position><LatitudeDegrees>4.723308</LatitudeDegrees><LongitudeDegrees>-74.04612</LongitudeDegrees></Position><HeartRateBpm><Value>83</Value></HeartRateBpm><Cadence>55</Cadence></Trackpoint><Trackpoint><Time>2026-09-13T20:43:10Z</Time><Position><LatitudeDegrees>4.723318</LatitudeDegrees><LongitudeDegrees>-74.04611</LongitudeDegrees></Position><AltitudeMeters>2562.9</AltitudeMeters><HeartRateBpm><Value>83</Value></HeartRateBpm><Cadence>55</Cadence></Trackpoint><Trackpoint><Time>2026-09-13T20:43:11Z</Time><Position><LatitudeDegrees>4.723328</LatitudeDegrees><LongitudeDegrees>-74.04611</LongitudeDegrees></Position><HeartRateBpm><Value>83</Value></HeartRateBpm><Cadence>56</Cadence></Trackpoint><Trackpoint><Time>2026-09-13T20:43:12Z</Time><Position><LatitudeDegrees>4.723338</LatitudeDegrees><LongitudeDegrees>-74.046104</LongitudeDegrees></Position><HeartRateBpm><Value>83</Value></HeartRateBpm><Cadence>56</Cadence></Trackpoint><Trackpoint><Time>2026-09-13T20:43:13Z</Time><Position><LatitudeDegrees>4.723348</LatitudeDegrees><LongitudeDegrees>-74.046104</LongitudeDegrees></Position><HeartRateBpm><Value>83</Value></HeartRateBpm><Cadence>57</Cadence></Trackpoint><Trackpoint><Time>2026-09-13T20:43:14Z</Time><Position><LatitudeDegrees>4.723358</LatitudeDegrees><LongitudeDegrees>-74.046104</LongitudeDegrees></Position><HeartRateBpm><Value>83</Value></HeartRateBpm><Cadence>57</Cadence></Trackpoint><Trackpoint><Time>2026-09-13T20:43:15Z</Time><Position><LatitudeDegrees>4.723366</LatitudeDegrees><LongitudeDegrees>-74.046104</LongitudeDegrees></Position><AltitudeMeters>2562.8</AltitudeMeters><HeartRateBpm><Value>84</Value></HeartRateBpm><Cadence>58</Cadence></Trackpoint><Trackpoint><Time>2026-09-13T20:43:16Z</Time><Position><LatitudeDegrees>4.723375</LatitudeDegrees><LongitudeDegrees>-74.046104</LongitudeDegrees></Position><HeartRateBpm><Value>84</Value></HeartRateBpm><Cadence>58</Cadence></Trackpoint><Trackpoint><Time>2026-09-13T20:43:17Z</Time><Position><LatitudeDegrees>4.723384</LatitudeDegrees><LongitudeDegrees>-74.046104</LongitudeDegrees></Position><HeartRateBpm><Value>84</Value></HeartRateBpm><Cadence>58</Cadence></Trackpoint><Trackpoint><Time>2026-09-13T20:43:18Z</Time><Position><LatitudeDegrees>4.723401</LatitudeDegrees><LongitudeDegrees>-74.0461</LongitudeDegrees></Position><HeartRateBpm><Value>84</Value></HeartRateBpm><Cadence>58</Cadence></Trackpoint><Trackpoint><Time>2026-09-13T20:43:19Z</Time><Position><LatitudeDegrees>4.723413</LatitudeDegrees><LongitudeDegrees>-74.0461</LongitudeDegrees></Position><HeartRateBpm><Value>84</Value></HeartRateBpm><Cadence>58</Cadence></Trackpoint><Trackpoint><Time>2026-09-13T20:43:20Z</Time><Position><LatitudeDegrees>4.723424</LatitudeDegrees><LongitudeDegrees>-74.0461</LongitudeDegrees></Position><AltitudeMeters>2562.6</AltitudeMeters><HeartRateBpm><Value>85</Value></HeartRateBpm><Cadence>58</Cadence></Trackpoint><Trackpoint><Time>2026-09-13T20:43:21Z</Time><Position><LatitudeDegrees>4.72343</LatitudeDegrees><LongitudeDegrees>-74.0461</LongitudeDegrees></Position><HeartRateBpm><Value>85</Value></HeartRateBpm><Cadence>57</Cadence></Trackpoint><Trackpoint><Time>2026-09-13T20:43:22Z</Time><Position><LatitudeDegrees>4.72344</LatitudeDegrees><LongitudeDegrees>-74.0461</LongitudeDegrees></Position><HeartRateBpm><Value>85</Value></HeartRateBpm><Cadence>56</Cadence></Trackpoint><Trackpoint><Time>2026-09-13T20:43:23Z</Time><Position><LatitudeDegrees>4.723447</LatitudeDegrees><LongitudeDegrees>-74.0461</LongitudeDegrees></Position><HeartRateBpm><Value>85</Value></HeartRateBpm><Cadence>55</Cadence></Trackpoint><Trackpoint><Time>2026-09-13T20:43:24Z</Time><Position><LatitudeDegrees>4.723455</LatitudeDegrees><LongitudeDegrees>-74.0461</LongitudeDegrees></Position><HeartRateBpm><Value>85</Value></HeartRateBpm><Cadence>54</Cadence></Trackpoint><Trackpoint><Time>2026-09-13T20:43:25Z</Time><Position><LatitudeDegrees>4.723466</LatitudeDegrees><LongitudeDegrees>-74.0461</LongitudeDegrees></Position><AltitudeMeters>2562.6</AltitudeMeters><HeartRateBpm><Value>86</Value></HeartRateBpm><Cadence>54</Cadence></Trackpoint><Trackpoint><Time>2026-09-13T20:43:26Z</Time><Position><LatitudeDegrees>4.723479</LatitudeDegrees><LongitudeDegrees>-74.04609</LongitudeDegrees></Position><HeartRateBpm><Value>86</Value></HeartRateBpm><Cadence>53</Cadence></Trackpoint><Trackpoint><Time>2026-09-13T20:43:27Z</Time><Position><LatitudeDegrees>4.723489</LatitudeDegrees><LongitudeDegrees>-74.04609</LongitudeDegrees></Position><HeartRateBpm><Value>86</Value></HeartRateBpm><Cadence>53</Cadence></Trackpoint><Trackpoint><Time>2026-09-13T20:43:28Z</Time><Position><LatitudeDegrees>4.7235</LatitudeDegrees><LongitudeDegrees>-74.04609</LongitudeDegrees></Position><HeartRateBpm><Value>86</Value></HeartRateBpm><Cadence>53</Cadence></Trackpoint><Trackpoint><Time>2026-09-13T20:43:29Z</Time><Position><LatitudeDegrees>4.723511</LatitudeDegrees><LongitudeDegrees>-74.04609</LongitudeDegrees></Position><HeartRateBpm><Value>86</Value></HeartRateBpm><Cadence>53</Cadence></Trackpoint><Trackpoint><Time>2026-09-13T20:43:30Z</Time><Position><LatitudeDegrees>4.723522</LatitudeDegrees><LongitudeDegrees>-74.04608</LongitudeDegrees></Position><AltitudeMeters>2562.7</AltitudeMeters><HeartRateBpm><Value>86</Value></HeartRateBpm><Cadence>53</Cadence></Trackpoint><Trackpoint><Time>2026-09-13T20:43:31Z</Time><Position><LatitudeDegrees>4.723532</LatitudeDegrees><LongitudeDegrees>-74.04608</LongitudeDegrees></Position><HeartRateBpm><Value>85</Value></HeartRateBpm><Cadence>53</Cadence></Trackpoint><Trackpoint><Time>2026-09-13T20:43:32Z</Time><Position><LatitudeDegrees>4.723546</LatitudeDegrees><LongitudeDegrees>-74.04608</LongitudeDegrees></Position><HeartRateBpm><Value>85</Value></HeartRateBpm><Cadence>54</Cadence></Trackpoint><Trackpoint><Time>2026-09-13T20:43:33Z</Time><Position><LatitudeDegrees>4.723558</LatitudeDegrees><LongitudeDegrees>-74.04609</LongitudeDegrees></Position><HeartRateBpm><Value>85</Value></HeartRateBpm><Cadence>54</Cadence></Trackpoint><Trackpoint><Time>2026-09-13T20:43:34Z</Time><Position><LatitudeDegrees>4.723572</LatitudeDegrees><LongitudeDegrees>-74.04609</LongitudeDegrees></Position><HeartRateBpm><Value>85</Value></HeartRateBpm><Cadence>55</Cadence></Trackpoint><Trackpoint><Time>2026-09-13T20:43:35Z</Time><Position><LatitudeDegrees>4.723581</LatitudeDegrees><LongitudeDegrees>-74.04608</LongitudeDegrees></Position><AltitudeMeters>2562.9</AltitudeMeters><HeartRateBpm><Value>85</Value></HeartRateBpm><Cadence>55</Cadence></Trackpoint><Trackpoint><Time>2026-09-13T20:43:36Z</Time><Position><LatitudeDegrees>4.723593</LatitudeDegrees><LongitudeDegrees>-74.04608</LongitudeDegrees></Position><HeartRateBpm><Value>85</Value></HeartRateBpm><Cadence>55</Cadence></Trackpoint><Trackpoint><Time>2026-09-13T20:43:37Z</Time><Position><LatitudeDegrees>4.723599</LatitudeDegrees><LongitudeDegrees>-74.04608</LongitudeDegrees></Position><HeartRateBpm><Value>85</Value></HeartRateBpm><Cadence>55</Cadence></Trackpoint><Trackpoint><Time>2026-09-13T20:43:38Z</Time><Position><LatitudeDegrees>4.723615</LatitudeDegrees><LongitudeDegrees>-74.046074</LongitudeDegrees></Position><HeartRateBpm><Value>85</Value></HeartRateBpm><Cadence>56</Cadence></Trackpoint><Trackpoint><Time>2026-09-13T20:43:39Z</Time><Position><LatitudeDegrees>4.723619</LatitudeDegrees><LongitudeDegrees>-74.046074</LongitudeDegrees></Position><HeartRateBpm><Value>85</Value></HeartRateBpm><Cadence>56</Cadence></Trackpoint><Trackpoint><Time>2026-09-13T20:43:40Z</Time><Position><LatitudeDegrees>4.723632</LatitudeDegrees><LongitudeDegrees>-74.046074</LongitudeDegrees></Position><AltitudeMeters>2562.9</AltitudeMeters><HeartRateBpm><Value>85</Value></HeartRateBpm><Cadence>56</Cadence></Trackpoint><Trackpoint><Time>2026-09-13T20:43:41Z</Time><Position><LatitudeDegrees>4.723646</LatitudeDegrees><LongitudeDegrees>-74.046074</LongitudeDegrees></Position><HeartRateBpm><Value>85</Value></HeartRateBpm><Cadence>56</Cadence></Trackpoint><Trackpoint><Time>2026-09-13T20:43:42Z</Time><Position><LatitudeDegrees>4.723658</LatitudeDegrees><LongitudeDegrees>-74.04607</LongitudeDegrees></Position><HeartRateBpm><Value>85</Value></HeartRateBpm><Cadence>56</Cadence></Trackpoint><Trackpoint><Time>2026-09-13T20:43:43Z</Time><Position><LatitudeDegrees>4.723669</LatitudeDegrees><LongitudeDegrees>-74.04607</LongitudeDegrees></Position><HeartRateBpm><Value>85</Value></HeartRateBpm><Cadence>55</Cadence></Trackpoint><Trackpoint><Time>2026-09-13T20:43:44Z</Time><Position><LatitudeDegrees>4.723684</LatitudeDegrees><LongitudeDegrees>-74.04606</LongitudeDegrees></Position><HeartRateBpm><Value>85</Value></HeartRateBpm><Cadence>55</Cadence></Trackpoint><Trackpoint><Time>2026-09-13T20:43:45Z</Time><Position><LatitudeDegrees>4.723698</LatitudeDegrees><LongitudeDegrees>-74.04605</LongitudeDegrees></Position><AltitudeMeters>2563.0</AltitudeMeters><HeartRateBpm><Value>86</Value></HeartRateBpm><Cadence>55</Cadence></Trackpoint><Trackpoint><Time>2026-09-13T20:43:46Z</Time><Position><LatitudeDegrees>4.723713</LatitudeDegrees><LongitudeDegrees>-74.046036</LongitudeDegrees></Position><HeartRateBpm><Value>85</Value></HeartRateBpm><Cadence>55</Cadence></Trackpoint><Trackpoint><Time>2026-09-13T20:43:47Z</Time><Position><LatitudeDegrees>4.723728</LatitudeDegrees><LongitudeDegrees>-74.04603</LongitudeDegrees></Position><HeartRateBpm><Value>84</Value></HeartRateBpm><Cadence>55</Cadence></Trackpoint><Trackpoint><Time>2026-09-13T20:43:48Z</Time><Position><LatitudeDegrees>4.723743</LatitudeDegrees><LongitudeDegrees>-74.04601</LongitudeDegrees></Position><HeartRateBpm><Value>84</Value></HeartRateBpm><Cadence>54</Cadence></Trackpoint><Trackpoint><Time>2026-09-13T20:43:49Z</Time><Position><LatitudeDegrees>4.723758</LatitudeDegrees><LongitudeDegrees>-74.046005</LongitudeDegrees></Position><HeartRateBpm><Value>83</Value></HeartRateBpm><Cadence>54</Cadence></Trackpoint><Trackpoint><Time>2026-09-13T20:43:50Z</Time><Position><LatitudeDegrees>4.723772</LatitudeDegrees><LongitudeDegrees>-74.04599</LongitudeDegrees></Position><AltitudeMeters>2563.0</AltitudeMeters><HeartRateBpm><Value>83</Value></HeartRateBpm><Cadence>54</Cadence></Trackpoint><Trackpoint><Time>2026-09-13T20:43:51Z</Time><Position><LatitudeDegrees>4.723772</LatitudeDegrees><LongitudeDegrees>-74.04599</LongitudeDegrees></Position><HeartRateBpm><Value>82</Value></HeartRateBpm><Cadence>54</Cadence></Trackpoint><Trackpoint><Time>2026-09-13T20:43:52Z</Time><Position><LatitudeDegrees>4.723772</LatitudeDegrees><LongitudeDegrees>-74.04599</LongitudeDegrees></Position><HeartRateBpm><Value>82</Value></HeartRateBpm><Cadence>53</Cadence></Trackpoint><Trackpoint><Time>2026-09-13T20:43:53Z</Time><Position><LatitudeDegrees>4.723772</LatitudeDegrees><LongitudeDegrees>-74.04599</LongitudeDegrees></Position><HeartRateBpm><Value>82</Value></HeartRateBpm><Cadence>53</Cadence></Trackpoint><Trackpoint><Time>2026-09-13T20:43:54Z</Time><Position><LatitudeDegrees>4.723772</LatitudeDegrees><LongitudeDegrees>-74.04599</LongitudeDegrees></Position><HeartRateBpm><Value>82</Value></HeartRateBpm><Cadence>53</Cadence></Trackpoint><Trackpoint><Time>2026-09-13T20:43:55Z</Time><Position><LatitudeDegrees>4.723772</LatitudeDegrees><LongitudeDegrees>-74.04599</LongitudeDegrees></Position><AltitudeMeters>2563.0</AltitudeMeters><HeartRateBpm><Value>82</Value></HeartRateBpm><Cadence>53</Cadence></Trackpoint><Trackpoint><Time>2026-09-13T20:43:56Z</Time><Position><LatitudeDegrees>4.723772</LatitudeDegrees><LongitudeDegrees>-74.04599</LongitudeDegrees></Position><HeartRateBpm><Value>82</Value></HeartRateBpm><Cadence>52</Cadence></Trackpoint><Trackpoint><Time>2026-09-13T20:43:57Z</Time><Position><LatitudeDegrees>4.723772</LatitudeDegrees><LongitudeDegrees>-74.04599</LongitudeDegrees></Position><HeartRateBpm><Value>82</Value></HeartRateBpm><Cadence>52</Cadence></Trackpoint><Trackpoint><Time>2026-09-13T20:43:58Z</Time><Position><LatitudeDegrees>4.723772</LatitudeDegrees><LongitudeDegrees>-74.04599</LongitudeDegrees></Position><HeartRateBpm><Value>82</Value></HeartRateBpm><Cadence>52</Cadence></Trackpoint><Trackpoint><Time>2026-09-13T20:43:59Z</Time><Position><LatitudeDegrees>4.723772</LatitudeDegrees><LongitudeDegrees>-74.04599</LongitudeDegrees></Position><HeartRateBpm><Value>82</Value></HeartRateBpm><Cadence>51</Cadence></Trackpoint><Trackpoint><Time>2026-09-13T20:44:00Z</Time><Position><LatitudeDegrees>4.723772</LatitudeDegrees><LongitudeDegrees>-74.04599</LongitudeDegrees></Position><AltitudeMeters>2562.9</AltitudeMeters><HeartRateBpm><Value>82</Value></HeartRateBpm><Cadence>51</Cadence></Trackpoint><Trackpoint><Time>2026-09-13T20:44:01Z</Time><Position><LatitudeDegrees>4.723772</LatitudeDegrees><LongitudeDegrees>-74.04599</LongitudeDegrees></Position><HeartRateBpm><Value>81</Value></HeartRateBpm><Cadence>50</Cadence></Trackpoint><Trackpoint><Time>2026-09-13T20:44:02Z</Time><Position><LatitudeDegrees>4.723772</LatitudeDegrees><LongitudeDegrees>-74.04599</LongitudeDegrees></Position><HeartRateBpm><Value>81</Value></HeartRateBpm><Cadence>49</Cadence></Trackpoint><Trackpoint><Time>2026-09-13T20:44:03Z</Time><Position><LatitudeDegrees>4.723772</LatitudeDegrees><LongitudeDegrees>-74.04599</LongitudeDegrees></Position><HeartRateBpm><Value>80</Value></HeartRateBpm><Cadence>49</Cadence></Trackpoint><Trackpoint><Time>2026-09-13T20:44:04Z</Time><Position><LatitudeDegrees>4.723772</LatitudeDegrees><LongitudeDegrees>-74.04599</LongitudeDegrees></Position><HeartRateBpm><Value>80</Value></HeartRateBpm><Cadence>48</Cadence></Trackpoint><Trackpoint><Time>2026-09-13T20:44:05Z</Time><Position><LatitudeDegrees>4.723772</LatitudeDegrees><LongitudeDegrees>-74.04599</LongitudeDegrees></Position><AltitudeMeters>2562.8</AltitudeMeters><HeartRateBpm><Value>80</Value></HeartRateBpm><Cadence>47</Cadence></Trackpoint><Trackpoint><Time>2026-09-13T20:44:06Z</Time><Position><LatitudeDegrees>4.723772</LatitudeDegrees><LongitudeDegrees>-74.04599</LongitudeDegrees></Position><HeartRateBpm><Value>80</Value></HeartRateBpm><Cadence>47</Cadence></Trackpoint><Trackpoint><Time>2026-09-13T20:44:07Z</Time><Position><LatitudeDegrees>4.723772</LatitudeDegrees><LongitudeDegrees>-74.04599</LongitudeDegrees></Position><HeartRateBpm><Value>80</Value></HeartRateBpm><Cadence>47</Cadence></Trackpoint><Trackpoint><Time>2026-09-13T20:44:08Z</Time><Position><LatitudeDegrees>4.723772</LatitudeDegrees><LongitudeDegrees>-74.04599</LongitudeDegrees></Position><HeartRateBpm><Value>80</Value></HeartRateBpm><Cadence>46</Cadence></Trackpoint><Trackpoint><Time>2026-09-13T20:44:09Z</Time><Position><LatitudeDegrees>4.723772</LatitudeDegrees><LongitudeDegrees>-74.04599</LongitudeDegrees></Position><HeartRateBpm><Value>80</Value></HeartRateBpm><Cadence>46</Cadence></Trackpoint><Trackpoint><Time>2026-09-13T20:44:10Z</Time><Position><LatitudeDegrees>4.723772</LatitudeDegrees><LongitudeDegrees>-74.04599</LongitudeDegrees></Position><AltitudeMeters>2562.8</AltitudeMeters><HeartRateBpm><Value>80</Value></HeartRateBpm><Cadence>46</Cadence></Trackpoint><Trackpoint><Time>2026-09-13T20:44:11Z</Time><Position><LatitudeDegrees>4.723772</LatitudeDegrees><LongitudeDegrees>-74.04599</LongitudeDegrees></Position><HeartRateBpm><Value>80</Value></HeartRateBpm><Cadence>45</Cadence></Trackpoint><Trackpoint><Time>2026-09-13T20:44:12Z</Time><Position><LatitudeDegrees>4.723772</LatitudeDegrees><LongitudeDegrees>-74.04599</LongitudeDegrees></Position><HeartRateBpm><Value>80</Value></HeartRateBpm><Cadence>44</Cadence></Trackpoint><Trackpoint><Time>2026-09-13T20:44:13Z</Time><Position><LatitudeDegrees>4.723772</LatitudeDegrees><LongitudeDegrees>-74.04599</LongitudeDegrees></Position><HeartRateBpm><Value>80</Value></HeartRateBpm><Cadence>44</Cadence></Trackpoint><Trackpoint><Time>2026-09-13T20:44:14Z</Time><Position><LatitudeDegrees>4.723772</LatitudeDegrees><LongitudeDegrees>-74.04599</LongitudeDegrees></Position><HeartRateBpm><Value>80</Value></HeartRateBpm><Cadence>43</Cadence></Trackpoint><Trackpoint><Time>2026-09-13T20:44:15Z</Time><Position><LatitudeDegrees>4.723772</LatitudeDegrees><LongitudeDegrees>-74.04599</LongitudeDegrees></Position><AltitudeMeters>2562.9</AltitudeMeters><HeartRateBpm><Value>81</Value></HeartRateBpm><Cadence>42</Cadence></Trackpoint><Trackpoint><Time>2026-09-13T20:44:16Z</Time><Position><LatitudeDegrees>4.723772</LatitudeDegrees><LongitudeDegrees>-74.04599</LongitudeDegrees></Position><HeartRateBpm><Value>81</Value></HeartRateBpm><Cadence>41</Cadence></Trackpoint><Trackpoint><Time>2026-09-13T20:44:17Z</Time><Position><LatitudeDegrees>4.723772</LatitudeDegrees><LongitudeDegrees>-74.04599</LongitudeDegrees></Position><HeartRateBpm><Value>81</Value></HeartRateBpm><Cadence>41</Cadence></Trackpoint><Trackpoint><Time>2026-09-13T20:44:18Z</Time><Position><LatitudeDegrees>4.723772</LatitudeDegrees><LongitudeDegrees>-74.04599</LongitudeDegrees></Position><HeartRateBpm><Value>81</Value></HeartRateBpm><Cadence>40</Cadence></Trackpoint><Trackpoint><Time>2026-09-13T20:44:19Z</Time><Position><LatitudeDegrees>4.723772</LatitudeDegrees><LongitudeDegrees>-74.04599</LongitudeDegrees></Position><HeartRateBpm><Value>81</Value></HeartRateBpm><Cadence>39</Cadence></Trackpoint><Trackpoint><Time>2026-09-13T20:44:20Z</Time><Position><LatitudeDegrees>4.723772</LatitudeDegrees><LongitudeDegrees>-74.04599</LongitudeDegrees></Position><AltitudeMeters>2563.0</AltitudeMeters><HeartRateBpm><Value>81</Value></HeartRateBpm><Cadence>38</Cadence></Trackpoint><Trackpoint><Time>2026-09-13T20:44:21Z</Time><Position><LatitudeDegrees>4.723772</LatitudeDegrees><LongitudeDegrees>-74.04599</LongitudeDegrees></Position><HeartRateBpm><Value>81</Value></HeartRateBpm><Cadence>38</Cadence></Trackpoint><Trackpoint><Time>2026-09-13T20:44:22Z</Time><Position><LatitudeDegrees>4.723772</LatitudeDegrees><LongitudeDegrees>-74.04599</LongitudeDegrees></Position><HeartRateBpm><Value>81</Value></HeartRateBpm><Cadence>37</Cadence></Trackpoint><Trackpoint><Time>2026-09-13T20:44:23Z</Time><Position><LatitudeDegrees>4.723772</LatitudeDegrees><LongitudeDegrees>-74.04599</LongitudeDegrees></Position><HeartRateBpm><Value>81</Value></HeartRateBpm><Cadence>36</Cadence></Trackpoint><Trackpoint><Time>2026-09-13T20:44:24Z</Time><Position><LatitudeDegrees>4.723772</LatitudeDegrees><LongitudeDegrees>-74.04599</LongitudeDegrees></Position><HeartRateBpm><Value>81</Value></HeartRateBpm><Cadence>35</Cadence></Trackpoint><Trackpoint><Time>2026-09-13T20:44:25Z</Time><Position><LatitudeDegrees>4.723772</LatitudeDegrees><LongitudeDegrees>-74.04599</LongitudeDegrees></Position><AltitudeMeters>2563.0</AltitudeMeters><HeartRateBpm><Value>82</Value></HeartRateBpm><Cadence>35</Cadence></Trackpoint><Trackpoint><Time>2026-09-13T20:44:26Z</Time><Position><LatitudeDegrees>4.723772</LatitudeDegrees><LongitudeDegrees>-74.04599</LongitudeDegrees></Position><HeartRateBpm><Value>82</Value></HeartRateBpm><Cadence>34</Cadence></Trackpoint><Trackpoint><Time>2026-09-13T20:44:27Z</Time><Position><LatitudeDegrees>4.723772</LatitudeDegrees><LongitudeDegrees>-74.04599</LongitudeDegrees></Position><HeartRateBpm><Value>82</Value></HeartRateBpm><Cadence>33</Cadence></Trackpoint><Trackpoint><Time>2026-09-13T20:44:28Z</Time><Position><LatitudeDegrees>4.723772</LatitudeDegrees><LongitudeDegrees>-74.04599</LongitudeDegrees></Position><HeartRateBpm><Value>82</Value></HeartRateBpm><Cadence>32</Cadence></Trackpoint><Trackpoint><Time>2026-09-13T20:44:29Z</Time><Position><LatitudeDegrees>4.723772</LatitudeDegrees><LongitudeDegrees>-74.04599</LongitudeDegrees></Position><HeartRateBpm><Value>82</Value></HeartRateBpm><Cadence>32</Cadence></Trackpoint><Trackpoint><Time>2026-09-13T20:44:30Z</Time><Position><LatitudeDegrees>4.723772</LatitudeDegrees><LongitudeDegrees>-74.04599</LongitudeDegrees></Position><AltitudeMeters>2563.0</AltitudeMeters><HeartRateBpm><Value>82</Value></HeartRateBpm><Cadence>31</Cadence></Trackpoint><Trackpoint><Time>2026-09-13T20:44:31Z</Time><Position><LatitudeDegrees>4.723772</LatitudeDegrees><LongitudeDegrees>-74.04599</LongitudeDegrees></Position><HeartRateBpm><Value>82</Value></HeartRateBpm><Cadence>30</Cadence></Trackpoint><Trackpoint><Time>2026-09-13T20:44:32Z</Time><Position><LatitudeDegrees>4.723772</LatitudeDegrees><LongitudeDegrees>-74.04599</LongitudeDegrees></Position><HeartRateBpm><Value>82</Value></HeartRateBpm><Cadence>29</Cadence></Trackpoint><Trackpoint><Time>2026-09-13T20:44:33Z</Time><Position><LatitudeDegrees>4.723772</LatitudeDegrees><LongitudeDegrees>-74.04599</LongitudeDegrees></Position><HeartRateBpm><Value>82</Value></HeartRateBpm><Cadence>29</Cadence></Trackpoint><Trackpoint><Time>2026-09-13T20:44:34Z</Time><Position><LatitudeDegrees>4.723772</LatitudeDegrees><LongitudeDegrees>-74.04599</LongitudeDegrees></Position><HeartRateBpm><Value>82</Value></HeartRateBpm><Cadence>28</Cadence></Trackpoint><Trackpoint><Time>2026-09-13T20:44:35Z</Time><Position><LatitudeDegrees>4.723772</LatitudeDegrees><LongitudeDegrees>-74.04599</LongitudeDegrees></Position><AltitudeMeters>2562.9</AltitudeMeters><HeartRateBpm><Value>83</Value></HeartRateBpm><Cadence>27</Cadence></Trackpoint><Trackpoint><Time>2026-09-13T20:44:36Z</Time><Position><LatitudeDegrees>4.723772</LatitudeDegrees><LongitudeDegrees>-74.04599</LongitudeDegrees></Position><HeartRateBpm><Value>82</Value></HeartRateBpm><Cadence>29</Cadence></Trackpoint><Trackpoint><Time>2026-09-13T20:44:37Z</Time><Position><LatitudeDegrees>4.723772</LatitudeDegrees><LongitudeDegrees>-74.04599</LongitudeDegrees></Position><HeartRateBpm><Value>82</Value></HeartRateBpm><Cadence>31</Cadence></Trackpoint><Trackpoint><Time>2026-09-13T20:44:38Z</Time><Position><LatitudeDegrees>4.723772</LatitudeDegrees><LongitudeDegrees>-74.04599</LongitudeDegrees></Position><HeartRateBpm><Value>82</Value></HeartRateBpm><Cadence>33</Cadence></Trackpoint><Trackpoint><Time>2026-09-13T20:44:39Z</Time><Position><LatitudeDegrees>4.723772</LatitudeDegrees><LongitudeDegrees>-74.04599</LongitudeDegrees></Position><HeartRateBpm><Value>82</Value></HeartRateBpm><Cadence>35</Cadence></Trackpoint><Trackpoint><Time>2026-09-13T20:44:40Z</Time><Position><LatitudeDegrees>4.723772</LatitudeDegrees><LongitudeDegrees>-74.04599</LongitudeDegrees></Position><AltitudeMeters>2562.9</AltitudeMeters><HeartRateBpm><Value>82</Value></HeartRateBpm><Cadence>37</Cadence></Trackpoint><Trackpoint><Time>2026-09-13T20:44:41Z</Time><Position><LatitudeDegrees>4.723772</LatitudeDegrees><LongitudeDegrees>-74.04599</LongitudeDegrees></Position><HeartRateBpm><Value>82</Value></HeartRateBpm><Cadence>39</Cadence></Trackpoint><Trackpoint><Time>2026-09-13T20:44:42Z</Time><Position><LatitudeDegrees>4.723772</LatitudeDegrees><LongitudeDegrees>-74.04599</LongitudeDegrees></Position><HeartRateBpm><Value>82</Value></HeartRateBpm><Cadence>41</Cadence></Trackpoint><Trackpoint><Time>2026-09-13T20:44:43Z</Time><Position><LatitudeDegrees>4.723772</LatitudeDegrees><LongitudeDegrees>-74.04599</LongitudeDegrees></Position><HeartRateBpm><Value>83</Value></HeartRateBpm><Cadence>43</Cadence></Trackpoint><Trackpoint><Time>2026-09-13T20:44:44Z</Time><Position><LatitudeDegrees>4.723772</LatitudeDegrees><LongitudeDegrees>-74.04599</LongitudeDegrees></Position><HeartRateBpm><Value>83</Value></HeartRateBpm><Cadence>45</Cadence></Trackpoint><Trackpoint><Time>2026-09-13T20:44:45Z</Time><Position><LatitudeDegrees>4.723772</LatitudeDegrees><LongitudeDegrees>-74.04599</LongitudeDegrees></Position><AltitudeMeters>2562.9</AltitudeMeters><HeartRateBpm><Value>84</Value></HeartRateBpm><Cadence>47</Cadence></Trackpoint><Trackpoint><Time>2026-09-13T20:44:46Z</Time><Position><LatitudeDegrees>4.723772</LatitudeDegrees><LongitudeDegrees>-74.04599</LongitudeDegrees></Position><HeartRateBpm><Value>84</Value></HeartRateBpm><Cadence>47</Cadence></Trackpoint><Trackpoint><Time>2026-09-13T20:44:47Z</Time><Position><LatitudeDegrees>4.723772</LatitudeDegrees><LongitudeDegrees>-74.04599</LongitudeDegrees></Position><HeartRateBpm><Value>84</Value></HeartRateBpm><Cadence>47</Cadence></Trackpoint><Trackpoint><Time>2026-09-13T20:44:48Z</Time><Position><LatitudeDegrees>4.723772</LatitudeDegrees><LongitudeDegrees>-74.04599</LongitudeDegrees></Position><HeartRateBpm><Value>84</Value></HeartRateBpm><Cadence>47</Cadence></Trackpoint><Trackpoint><Time>2026-09-13T20:44:49Z</Time><Position><LatitudeDegrees>4.723772</LatitudeDegrees><LongitudeDegrees>-74.04599</LongitudeDegrees></Position><HeartRateBpm><Value>84</Value></HeartRateBpm><Cadence>47</Cadence></Trackpoint><Trackpoint><Time>2026-09-13T20:44:50Z</Time><Position><LatitudeDegrees>4.723772</LatitudeDegrees><LongitudeDegrees>-74.04599</LongitudeDegrees></Position><AltitudeMeters>2562.9</AltitudeMeters><HeartRateBpm><Value>85</Value></HeartRateBpm><Cadence>47</Cadence></Trackpoint><Trackpoint><Time>2026-09-13T20:44:51Z</Time><Position><LatitudeDegrees>4.723772</LatitudeDegrees><LongitudeDegrees>-74.04599</LongitudeDegrees></Position><HeartRateBpm><Value>85</Value></HeartRateBpm><Cadence>46</Cadence></Trackpoint><Trackpoint><Time>2026-09-13T20:44:52Z</Time><Position><LatitudeDegrees>4.723772</LatitudeDegrees><LongitudeDegrees>-74.04599</LongitudeDegrees></Position><HeartRateBpm><Value>85</Value></HeartRateBpm><Cadence>46</Cadence></Trackpoint><Trackpoint><Time>2026-09-13T20:44:53Z</Time><Position><LatitudeDegrees>4.723772</LatitudeDegrees><LongitudeDegrees>-74.04599</LongitudeDegrees></Position><HeartRateBpm><Value>86</Value></HeartRateBpm><Cadence>46</Cadence></Trackpoint><Trackpoint><Time>2026-09-13T20:44:54Z</Time><Position><LatitudeDegrees>4.723772</LatitudeDegrees><LongitudeDegrees>-74.04599</LongitudeDegrees></Position><HeartRateBpm><Value>86</Value></HeartRateBpm><Cadence>46</Cadence></Trackpoint><Trackpoint><Time>2026-09-13T20:44:55Z</Time><Position><LatitudeDegrees>4.723772</LatitudeDegrees><LongitudeDegrees>-74.04599</LongitudeDegrees></Position><AltitudeMeters>2562.9</AltitudeMeters><HeartRateBpm><Value>87</Value></HeartRateBpm><Cadence>46</Cadence></Trackpoint><Trackpoint><Time>2026-09-13T20:44:56Z</Time><Position><LatitudeDegrees>4.723772</LatitudeDegrees><LongitudeDegrees>-74.04599</LongitudeDegrees></Position><HeartRateBpm><Value>87</Value></HeartRateBpm><Cadence>46</Cadence></Trackpoint><Trackpoint><Time>2026-09-13T20:44:57Z</Time><Position><LatitudeDegrees>4.723772</LatitudeDegrees><LongitudeDegrees>-74.04599</LongitudeDegrees></Position><HeartRateBpm><Value>87</Value></HeartRateBpm><Cadence>46</Cadence></Trackpoint><Trackpoint><Time>2026-09-13T20:44:58Z</Time><Position><LatitudeDegrees>4.723772</LatitudeDegrees><LongitudeDegrees>-74.04599</LongitudeDegrees></Position><HeartRateBpm><Value>87</Value></HeartRateBpm><Cadence>46</Cadence></Trackpoint><Trackpoint><Time>2026-09-13T20:44:59Z</Time><Position><LatitudeDegrees>4.723772</LatitudeDegrees><LongitudeDegrees>-74.04599</LongitudeDegrees></Position><HeartRateBpm><Value>87</Value></HeartRateBpm><Cadence>46</Cadence></Trackpoint><Trackpoint><Time>2026-09-13T20:45:00Z</Time><Position><LatitudeDegrees>4.723772</LatitudeDegrees><LongitudeDegrees>-74.04599</LongitudeDegrees></Position><AltitudeMeters>2562.7</AltitudeMeters><HeartRateBpm><Value>87</Value></HeartRateBpm><Cadence>46</Cadence></Trackpoint><Trackpoint><Time>2026-09-13T20:45:01Z</Time><Position><LatitudeDegrees>4.723772</LatitudeDegrees><LongitudeDegrees>-74.04599</LongitudeDegrees></Position><HeartRateBpm><Value>87</Value></HeartRateBpm><Cadence>45</Cadence></Trackpoint><Trackpoint><Time>2026-09-13T20:45:02Z</Time><Position><LatitudeDegrees>4.723772</LatitudeDegrees><LongitudeDegrees>-74.04599</LongitudeDegrees></Position><HeartRateBpm><Value>87</Value></HeartRateBpm><Cadence>45</Cadence></Trackpoint><Trackpoint><Time>2026-09-13T20:45:03Z</Time><Position><LatitudeDegrees>4.723772</LatitudeDegrees><LongitudeDegrees>-74.04599</LongitudeDegrees></Position><HeartRateBpm><Value>88</Value></HeartRateBpm><Cadence>45</Cadence></Trackpoint><Trackpoint><Time>2026-09-13T20:45:04Z</Time><Position><LatitudeDegrees>4.723772</LatitudeDegrees><LongitudeDegrees>-74.04599</LongitudeDegrees></Position><HeartRateBpm><Value>88</Value></HeartRateBpm><Cadence>45</Cadence></Trackpoint><Trackpoint><Time>2026-09-13T20:45:05Z</Time><Position><LatitudeDegrees>4.723772</LatitudeDegrees><LongitudeDegrees>-74.04599</LongitudeDegrees></Position><AltitudeMeters>2562.4</AltitudeMeters><HeartRateBpm><Value>89</Value></HeartRateBpm><Cadence>45</Cadence></Trackpoint><Trackpoint><Time>2026-09-13T20:45:06Z</Time><Position><LatitudeDegrees>4.723772</LatitudeDegrees><LongitudeDegrees>-74.04599</LongitudeDegrees></Position><HeartRateBpm><Value>88</Value></HeartRateBpm><Cadence>45</Cadence></Trackpoint><Trackpoint><Time>2026-09-13T20:45:07Z</Time><Position><LatitudeDegrees>4.723772</LatitudeDegrees><LongitudeDegrees>-74.04599</LongitudeDegrees></Position><HeartRateBpm><Value>88</Value></HeartRateBpm><Cadence>45</Cadence></Trackpoint><Trackpoint><Time>2026-09-13T20:45:08Z</Time><Position><LatitudeDegrees>4.723772</LatitudeDegrees><LongitudeDegrees>-74.04599</LongitudeDegrees></Position><HeartRateBpm><Value>87</Value></HeartRateBpm><Cadence>45</Cadence></Trackpoint><Trackpoint><Time>2026-09-13T20:45:09Z</Time><Position><LatitudeDegrees>4.723772</LatitudeDegrees><LongitudeDegrees>-74.04599</LongitudeDegrees></Position><HeartRateBpm><Value>87</Value></HeartRateBpm><Cadence>45</Cadence></Trackpoint><Trackpoint><Time>2026-09-13T20:45:10Z</Time><Position><LatitudeDegrees>4.723772</LatitudeDegrees><LongitudeDegrees>-74.04599</LongitudeDegrees></Position><AltitudeMeters>2562.4</AltitudeMeters><HeartRateBpm><Value>87</Value></HeartRateBpm><Cadence>45</Cadence></Trackpoint><Trackpoint><Time>2026-09-13T20:45:11Z</Time><Position><LatitudeDegrees>4.723772</LatitudeDegrees><LongitudeDegrees>-74.04599</LongitudeDegrees></Position><HeartRateBpm><Value>87</Value></HeartRateBpm><Cadence>44</Cadence></Trackpoint><Trackpoint><Time>2026-09-13T20:45:12Z</Time><Position><LatitudeDegrees>4.723772</LatitudeDegrees><LongitudeDegrees>-74.04599</LongitudeDegrees></Position><HeartRateBpm><Value>87</Value></HeartRateBpm><Cadence>44</Cadence></Trackpoint><Trackpoint><Time>2026-09-13T20:45:13Z</Time><Position><LatitudeDegrees>4.723772</LatitudeDegrees><LongitudeDegrees>-74.04599</LongitudeDegrees></Position><HeartRateBpm><Value>88</Value></HeartRateBpm><Cadence>44</Cadence></Trackpoint><Trackpoint><Time>2026-09-13T20:45:14Z</Time><Position><LatitudeDegrees>4.723772</LatitudeDegrees><LongitudeDegrees>-74.04599</LongitudeDegrees></Position><HeartRateBpm><Value>88</Value></HeartRateBpm><Cadence>44</Cadence></Trackpoint><Trackpoint><Time>2026-09-13T20:45:15Z</Time><Position><LatitudeDegrees>4.723772</LatitudeDegrees><LongitudeDegrees>-74.04599</LongitudeDegrees></Position><AltitudeMeters>2562.4</AltitudeMeters><HeartRateBpm><Value>89</Value></HeartRateBpm><Cadence>44</Cadence></Trackpoint><Trackpoint><Time>2026-09-13T20:45:16Z</Time><Position><LatitudeDegrees>4.723772</LatitudeDegrees><LongitudeDegrees>-74.04599</LongitudeDegrees></Position><HeartRateBpm><Value>88</Value></HeartRateBpm><Cadence>44</Cadence></Trackpoint><Trackpoint><Time>2026-09-13T20:45:17Z</Time><Position><LatitudeDegrees>4.723772</LatitudeDegrees><LongitudeDegrees>-74.04599</LongitudeDegrees></Position><HeartRateBpm><Value>88</Value></HeartRateBpm><Cadence>44</Cadence></Trackpoint><Trackpoint><Time>2026-09-13T20:45:18Z</Time><Position><LatitudeDegrees>4.723772</LatitudeDegrees><LongitudeDegrees>-74.04599</LongitudeDegrees></Position><HeartRateBpm><Value>88</Value></HeartRateBpm><Cadence>44</Cadence></Trackpoint><Trackpoint><Time>2026-09-13T20:45:19Z</Time><Position><LatitudeDegrees>4.723772</LatitudeDegrees><LongitudeDegrees>-74.04599</LongitudeDegrees></Position><HeartRateBpm><Value>88</Value></HeartRateBpm><Cadence>44</Cadence></Trackpoint><Trackpoint><Time>2026-09-13T20:45:20Z</Time><Position><LatitudeDegrees>4.723772</LatitudeDegrees><LongitudeDegrees>-74.04599</LongitudeDegrees></Position><AltitudeMeters>2562.7</AltitudeMeters><HeartRateBpm><Value>88</Value></HeartRateBpm><Cadence>44</Cadence></Trackpoint><Trackpoint><Time>2026-09-13T20:45:21Z</Time><Position><LatitudeDegrees>4.723772</LatitudeDegrees><LongitudeDegrees>-74.04599</LongitudeDegrees></Position><HeartRateBpm><Value>87</Value></HeartRateBpm><Cadence>43</Cadence></Trackpoint><Trackpoint><Time>2026-09-13T20:45:22Z</Time><Position><LatitudeDegrees>4.723772</LatitudeDegrees><LongitudeDegrees>-74.04599</LongitudeDegrees></Position><HeartRateBpm><Value>87</Value></HeartRateBpm><Cadence>43</Cadence></Trackpoint><Trackpoint><Time>2026-09-13T20:45:23Z</Time><Position><LatitudeDegrees>4.723772</LatitudeDegrees><LongitudeDegrees>-74.04599</LongitudeDegrees></Position><HeartRateBpm><Value>87</Value></HeartRateBpm><Cadence>43</Cadence></Trackpoint><Trackpoint><Time>2026-09-13T20:45:24Z</Time><Position><LatitudeDegrees>4.723772</LatitudeDegrees><LongitudeDegrees>-74.04599</LongitudeDegrees></Position><HeartRateBpm><Value>87</Value></HeartRateBpm><Cadence>43</Cadence></Trackpoint><Trackpoint><Time>2026-09-13T20:45:25Z</Time><Position><LatitudeDegrees>4.723772</LatitudeDegrees><LongitudeDegrees>-74.04599</LongitudeDegrees></Position><AltitudeMeters>2562.7</AltitudeMeters><HeartRateBpm><Value>87</Value></HeartRateBpm><Cadence>43</Cadence></Trackpoint><Trackpoint><Time>2026-09-13T20:45:26Z</Time><Position><LatitudeDegrees>4.723772</LatitudeDegrees><LongitudeDegrees>-74.04599</LongitudeDegrees></Position><HeartRateBpm><Value>86</Value></HeartRateBpm><Cadence>43</Cadence></Trackpoint><Trackpoint><Time>2026-09-13T20:45:27Z</Time><Position><LatitudeDegrees>4.723772</LatitudeDegrees><LongitudeDegrees>-74.04599</LongitudeDegrees></Position><HeartRateBpm><Value>86</Value></HeartRateBpm><Cadence>43</Cadence></Trackpoint><Trackpoint><Time>2026-09-13T20:45:28Z</Time><Position><LatitudeDegrees>4.723772</LatitudeDegrees><LongitudeDegrees>-74.04599</LongitudeDegrees></Position><HeartRateBpm><Value>85</Value></HeartRateBpm><Cadence>43</Cadence></Trackpoint><Trackpoint><Time>2026-09-13T20:45:29Z</Time><Position><LatitudeDegrees>4.723772</LatitudeDegrees><LongitudeDegrees>-74.04599</LongitudeDegrees></Position><HeartRateBpm><Value>85</Value></HeartRateBpm><Cadence>43</Cadence></Trackpoint><Trackpoint><Time>2026-09-13T20:45:30Z</Time><Position><LatitudeDegrees>4.723772</LatitudeDegrees><LongitudeDegrees>-74.04599</LongitudeDegrees></Position><AltitudeMeters>2562.7</AltitudeMeters><HeartRateBpm><Value>85</Value></HeartRateBpm><Cadence>43</Cadence></Trackpoint><Trackpoint><Time>2026-09-13T20:45:31Z</Time><Position><LatitudeDegrees>4.723772</LatitudeDegrees><LongitudeDegrees>-74.04599</LongitudeDegrees></Position><HeartRateBpm><Value>84</Value></HeartRateBpm><Cadence>42</Cadence></Trackpoint><Trackpoint><Time>2026-09-13T20:45:32Z</Time><Position><LatitudeDegrees>4.723772</LatitudeDegrees><LongitudeDegrees>-74.04599</LongitudeDegrees></Position><HeartRateBpm><Value>84</Value></HeartRateBpm><Cadence>42</Cadence></Trackpoint><Trackpoint><Time>2026-09-13T20:45:33Z</Time><Position><LatitudeDegrees>4.723772</LatitudeDegrees><LongitudeDegrees>-74.04599</LongitudeDegrees></Position><HeartRateBpm><Value>84</Value></HeartRateBpm><Cadence>42</Cadence></Trackpoint><Trackpoint><Time>2026-09-13T20:45:34Z</Time><Position><LatitudeDegrees>4.723772</LatitudeDegrees><LongitudeDegrees>-74.04599</LongitudeDegrees></Position><HeartRateBpm><Value>84</Value></HeartRateBpm><Cadence>42</Cadence></Trackpoint><Trackpoint><Time>2026-09-13T20:45:35Z</Time><Position><LatitudeDegrees>4.723772</LatitudeDegrees><LongitudeDegrees>-74.04599</LongitudeDegrees></Position><AltitudeMeters>2562.8</AltitudeMeters><HeartRateBpm><Value>84</Value></HeartRateBpm><Cadence>42</Cadence></Trackpoint><Trackpoint><Time>2026-09-13T20:45:36Z</Time><Position><LatitudeDegrees>4.723772</LatitudeDegrees><LongitudeDegrees>-74.04599</LongitudeDegrees></Position><HeartRateBpm><Value>83</Value></HeartRateBpm><Cadence>42</Cadence></Trackpoint><Trackpoint><Time>2026-09-13T20:45:37Z</Time><Position><LatitudeDegrees>4.723772</LatitudeDegrees><LongitudeDegrees>-74.04599</LongitudeDegrees></Position><HeartRateBpm><Value>83</Value></HeartRateBpm><Cadence>42</Cadence></Trackpoint><Trackpoint><Time>2026-09-13T20:45:38Z</Time><Position><LatitudeDegrees>4.723772</LatitudeDegrees><LongitudeDegrees>-74.04599</LongitudeDegrees></Position><HeartRateBpm><Value>82</Value></HeartRateBpm><Cadence>42</Cadence></Trackpoint><Trackpoint><Time>2026-09-13T20:45:39Z</Time><Position><LatitudeDegrees>4.723772</LatitudeDegrees><LongitudeDegrees>-74.04599</LongitudeDegrees></Position><HeartRateBpm><Value>82</Value></HeartRateBpm><Cadence>42</Cadence></Trackpoint><Trackpoint><Time>2026-09-13T20:45:40Z</Time><Position><LatitudeDegrees>4.723772</LatitudeDegrees><LongitudeDegrees>-74.04599</LongitudeDegrees></Position><AltitudeMeters>2562.8</AltitudeMeters><HeartRateBpm><Value>82</Value></HeartRateBpm><Cadence>42</Cadence></Trackpoint><Trackpoint><Time>2026-09-13T20:45:41Z</Time><Position><LatitudeDegrees>4.723772</LatitudeDegrees><LongitudeDegrees>-74.04599</LongitudeDegrees></Position><HeartRateBpm><Value>81</Value></HeartRateBpm><Cadence>41</Cadence></Trackpoint><Trackpoint><Time>2026-09-13T20:45:42Z</Time><Position><LatitudeDegrees>4.723772</LatitudeDegrees><LongitudeDegrees>-74.04599</LongitudeDegrees></Position><HeartRateBpm><Value>81</Value></HeartRateBpm><Cadence>41</Cadence></Trackpoint><Trackpoint><Time>2026-09-13T20:45:43Z</Time><Position><LatitudeDegrees>4.723772</LatitudeDegrees><LongitudeDegrees>-74.04599</LongitudeDegrees></Position><HeartRateBpm><Value>80</Value></HeartRateBpm><Cadence>41</Cadence></Trackpoint><Trackpoint><Time>2026-09-13T20:45:44Z</Time><Position><LatitudeDegrees>4.723772</LatitudeDegrees><LongitudeDegrees>-74.04599</LongitudeDegrees></Position><HeartRateBpm><Value>80</Value></HeartRateBpm><Cadence>41</Cadence></Trackpoint><Trackpoint><Time>2026-09-13T20:45:45Z</Time><Position><LatitudeDegrees>4.723772</LatitudeDegrees><LongitudeDegrees>-74.04599</LongitudeDegrees></Position><AltitudeMeters>2562.9</AltitudeMeters><HeartRateBpm><Value>80</Value></HeartRateBpm><Cadence>41</Cadence></Trackpoint><Trackpoint><Time>2026-09-13T20:45:46Z</Time><Position><LatitudeDegrees>4.723772</LatitudeDegrees><LongitudeDegrees>-74.04599</LongitudeDegrees></Position><HeartRateBpm><Value>80</Value></HeartRateBpm><Cadence>41</Cadence></Trackpoint><Trackpoint><Time>2026-09-13T20:45:47Z</Time><Position><LatitudeDegrees>4.723772</LatitudeDegrees><LongitudeDegrees>-74.04599</LongitudeDegrees></Position><HeartRateBpm><Value>80</Value></HeartRateBpm><Cadence>41</Cadence></Trackpoint><Trackpoint><Time>2026-09-13T20:45:48Z</Time><Position><LatitudeDegrees>4.723772</LatitudeDegrees><LongitudeDegrees>-74.04599</LongitudeDegrees></Position><HeartRateBpm><Value>80</Value></HeartRateBpm><Cadence>41</Cadence></Trackpoint><Trackpoint><Time>2026-09-13T20:45:49Z</Time><Position><LatitudeDegrees>4.723772</LatitudeDegrees><LongitudeDegrees>-74.04599</LongitudeDegrees></Position><HeartRateBpm><Value>80</Value></HeartRateBpm><Cadence>41</Cadence></Trackpoint><Trackpoint><Time>2026-09-13T20:45:50Z</Time><Position><LatitudeDegrees>4.723772</LatitudeDegrees><LongitudeDegrees>-74.04599</LongitudeDegrees></Position><AltitudeMeters>2562.9</AltitudeMeters><HeartRateBpm><Value>80</Value></HeartRateBpm><Cadence>41</Cadence></Trackpoint><Trackpoint><Time>2026-09-13T20:45:51Z</Time><Position><LatitudeDegrees>4.723772</LatitudeDegrees><LongitudeDegrees>-74.04599</LongitudeDegrees></Position><HeartRateBpm><Value>80</Value></HeartRateBpm><Cadence>40</Cadence></Trackpoint><Trackpoint><Time>2026-09-13T20:45:52Z</Time><Position><LatitudeDegrees>4.723772</LatitudeDegrees><LongitudeDegrees>-74.04599</LongitudeDegrees></Position><HeartRateBpm><Value>80</Value></HeartRateBpm><Cadence>40</Cadence></Trackpoint><Trackpoint><Time>2026-09-13T20:45:53Z</Time><Position><LatitudeDegrees>4.723772</LatitudeDegrees><LongitudeDegrees>-74.04599</LongitudeDegrees></Position><HeartRateBpm><Value>80</Value></HeartRateBpm><Cadence>40</Cadence></Trackpoint><Trackpoint><Time>2026-09-13T20:45:54Z</Time><Position><LatitudeDegrees>4.723772</LatitudeDegrees><LongitudeDegrees>-74.04599</LongitudeDegrees></Position><HeartRateBpm><Value>80</Value></HeartRateBpm><Cadence>40</Cadence></Trackpoint><Trackpoint><Time>2026-09-13T20:45:55Z</Time><Position><LatitudeDegrees>4.723772</LatitudeDegrees><LongitudeDegrees>-74.04599</LongitudeDegrees></Position><AltitudeMeters>2562.8</AltitudeMeters><HeartRateBpm><Value>81</Value></HeartRateBpm><Cadence>40</Cadence></Trackpoint><Trackpoint><Time>2026-09-13T20:45:56Z</Time><Position><LatitudeDegrees>4.723772</LatitudeDegrees><LongitudeDegrees>-74.04599</LongitudeDegrees></Position><HeartRateBpm><Value>81</Value></HeartRateBpm><Cadence>41</Cadence></Trackpoint><Trackpoint><Time>2026-09-13T20:45:57Z</Time><Position><LatitudeDegrees>4.723772</LatitudeDegrees><LongitudeDegrees>-74.04599</LongitudeDegrees></Position><HeartRateBpm><Value>81</Value></HeartRateBpm><Cadence>42</Cadence></Trackpoint><Trackpoint><Time>2026-09-13T20:45:58Z</Time><Position><LatitudeDegrees>4.723772</LatitudeDegrees><LongitudeDegrees>-74.04599</LongitudeDegrees></Position><HeartRateBpm><Value>81</Value></HeartRateBpm><Cadence>43</Cadence></Trackpoint><Trackpoint><Time>2026-09-13T20:45:59Z</Time><Position><LatitudeDegrees>4.723772</LatitudeDegrees><LongitudeDegrees>-74.04599</LongitudeDegrees></Position><HeartRateBpm><Value>81</Value></HeartRateBpm><Cadence>44</Cadence></Trackpoint><Trackpoint><Time>2026-09-13T20:46:00Z</Time><Position><LatitudeDegrees>4.723772</LatitudeDegrees><LongitudeDegrees>-74.04599</LongitudeDegrees></Position><AltitudeMeters>2562.8</AltitudeMeters><HeartRateBpm><Value>82</Value></HeartRateBpm><Cadence>45</Cadence></Trackpoint><Trackpoint><Time>2026-09-13T20:46:01Z</Time><Position><LatitudeDegrees>4.723772</LatitudeDegrees><LongitudeDegrees>-74.04599</LongitudeDegrees></Position><HeartRateBpm><Value>82</Value></HeartRateBpm><Cadence>45</Cadence></Trackpoint><Trackpoint><Time>2026-09-13T20:46:02Z</Time><Position><LatitudeDegrees>4.723772</LatitudeDegrees><LongitudeDegrees>-74.04599</LongitudeDegrees></Position><HeartRateBpm><Value>82</Value></HeartRateBpm><Cadence>45</Cadence></Trackpoint><Trackpoint><Time>2026-09-13T20:46:03Z</Time><Position><LatitudeDegrees>4.723772</LatitudeDegrees><LongitudeDegrees>-74.04599</LongitudeDegrees></Position><HeartRateBpm><Value>83</Value></HeartRateBpm><Cadence>45</Cadence></Trackpoint><Trackpoint><Time>2026-09-13T20:46:04Z</Time><Position><LatitudeDegrees>4.723772</LatitudeDegrees><LongitudeDegrees>-74.04599</LongitudeDegrees></Position><HeartRateBpm><Value>83</Value></HeartRateBpm><Cadence>45</Cadence></Trackpoint><Trackpoint><Time>2026-09-13T20:46:05Z</Time><Position><LatitudeDegrees>4.723772</LatitudeDegrees><LongitudeDegrees>-74.04599</LongitudeDegrees></Position><AltitudeMeters>2562.8</AltitudeMeters><HeartRateBpm><Value>84</Value></HeartRateBpm><Cadence>45</Cadence></Trackpoint><Trackpoint><Time>2026-09-13T20:46:06Z</Time><Position><LatitudeDegrees>4.723772</LatitudeDegrees><LongitudeDegrees>-74.04599</LongitudeDegrees></Position><HeartRateBpm><Value>83</Value></HeartRateBpm><Cadence>44</Cadence></Trackpoint><Trackpoint><Time>2026-09-13T20:46:07Z</Time><Position><LatitudeDegrees>4.723772</LatitudeDegrees><LongitudeDegrees>-74.04599</LongitudeDegrees></Position><HeartRateBpm><Value>82</Value></HeartRateBpm><Cadence>44</Cadence></Trackpoint><Trackpoint><Time>2026-09-13T20:46:08Z</Time><Position><LatitudeDegrees>4.723772</LatitudeDegrees><LongitudeDegrees>-74.04599</LongitudeDegrees></Position><HeartRateBpm><Value>82</Value></HeartRateBpm><Cadence>44</Cadence></Trackpoint><Trackpoint><Time>2026-09-13T20:46:09Z</Time><Position><LatitudeDegrees>4.723772</LatitudeDegrees><LongitudeDegrees>-74.04599</LongitudeDegrees></Position><HeartRateBpm><Value>81</Value></HeartRateBpm><Cadence>44</Cadence></Trackpoint><Trackpoint><Time>2026-09-13T20:46:10Z</Time><Position><LatitudeDegrees>4.723772</LatitudeDegrees><LongitudeDegrees>-74.04599</LongitudeDegrees></Position><AltitudeMeters>2562.8</AltitudeMeters><HeartRateBpm><Value>81</Value></HeartRateBpm><Cadence>44</Cadence></Trackpoint><Trackpoint><Time>2026-09-13T20:46:11Z</Time><Position><LatitudeDegrees>4.723772</LatitudeDegrees><LongitudeDegrees>-74.04599</LongitudeDegrees></Position><HeartRateBpm><Value>80</Value></HeartRateBpm><Cadence>45</Cadence></Trackpoint><Trackpoint><Time>2026-09-13T20:46:12Z</Time><Position><LatitudeDegrees>4.723772</LatitudeDegrees><LongitudeDegrees>-74.04599</LongitudeDegrees></Position><HeartRateBpm><Value>80</Value></HeartRateBpm><Cadence>46</Cadence></Trackpoint><Trackpoint><Time>2026-09-13T20:46:13Z</Time><Position><LatitudeDegrees>4.723772</LatitudeDegrees><LongitudeDegrees>-74.04599</LongitudeDegrees></Position><HeartRateBpm><Value>80</Value></HeartRateBpm><Cadence>46</Cadence></Trackpoint><Trackpoint><Time>2026-09-13T20:46:14Z</Time><Position><LatitudeDegrees>4.723772</LatitudeDegrees><LongitudeDegrees>-74.04599</LongitudeDegrees></Position><HeartRateBpm><Value>80</Value></HeartRateBpm><Cadence>47</Cadence></Trackpoint><Trackpoint><Time>2026-09-13T20:46:15Z</Time><Position><LatitudeDegrees>4.723772</LatitudeDegrees><LongitudeDegrees>-74.04599</LongitudeDegrees></Position><AltitudeMeters>2562.8</AltitudeMeters><HeartRateBpm><Value>80</Value></HeartRateBpm><Cadence>48</Cadence></Trackpoint><Trackpoint><Time>2026-09-13T20:46:16Z</Time><Position><LatitudeDegrees>4.723772</LatitudeDegrees><LongitudeDegrees>-74.04599</LongitudeDegrees></Position><HeartRateBpm><Value>79</Value></HeartRateBpm><Cadence>46</Cadence></Trackpoint><Trackpoint><Time>2026-09-13T20:46:17Z</Time><Position><LatitudeDegrees>4.723772</LatitudeDegrees><LongitudeDegrees>-74.04599</LongitudeDegrees></Position><HeartRateBpm><Value>79</Value></HeartRateBpm><Cadence>45</Cadence></Trackpoint><Trackpoint><Time>2026-09-13T20:46:18Z</Time><Position><LatitudeDegrees>4.723772</LatitudeDegrees><LongitudeDegrees>-74.04599</LongitudeDegrees></Position><HeartRateBpm><Value>79</Value></HeartRateBpm><Cadence>43</Cadence></Trackpoint><Trackpoint><Time>2026-09-13T20:46:19Z</Time><Position><LatitudeDegrees>4.723772</LatitudeDegrees><LongitudeDegrees>-74.04599</LongitudeDegrees></Position><HeartRateBpm><Value>79</Value></HeartRateBpm><Cadence>42</Cadence></Trackpoint><Trackpoint><Time>2026-09-13T20:46:20Z</Time><Position><LatitudeDegrees>4.723772</LatitudeDegrees><LongitudeDegrees>-74.04599</LongitudeDegrees></Position><AltitudeMeters>2562.8</AltitudeMeters><HeartRateBpm><Value>79</Value></HeartRateBpm><Cadence>40</Cadence></Trackpoint><Trackpoint><Time>2026-09-13T20:46:21Z</Time><Position><LatitudeDegrees>4.723772</LatitudeDegrees><LongitudeDegrees>-74.04599</LongitudeDegrees></Position><HeartRateBpm><Value>78</Value></HeartRateBpm><Cadence>39</Cadence></Trackpoint><Trackpoint><Time>2026-09-13T20:46:22Z</Time><Position><LatitudeDegrees>4.723772</LatitudeDegrees><LongitudeDegrees>-74.04599</LongitudeDegrees></Position><HeartRateBpm><Value>78</Value></HeartRateBpm><Cadence>38</Cadence></Trackpoint><Trackpoint><Time>2026-09-13T20:46:23Z</Time><Position><LatitudeDegrees>4.723772</LatitudeDegrees><LongitudeDegrees>-74.04599</LongitudeDegrees></Position><HeartRateBpm><Value>78</Value></HeartRateBpm><Cadence>38</Cadence></Trackpoint><Trackpoint><Time>2026-09-13T20:46:24Z</Time><Position><LatitudeDegrees>4.723772</LatitudeDegrees><LongitudeDegrees>-74.04599</LongitudeDegrees></Position><HeartRateBpm><Value>78</Value></HeartRateBpm><Cadence>37</Cadence></Trackpoint><Trackpoint><Time>2026-09-13T20:46:25Z</Time><Position><LatitudeDegrees>4.723772</LatitudeDegrees><LongitudeDegrees>-74.04599</LongitudeDegrees></Position><AltitudeMeters>2562.8</AltitudeMeters><HeartRateBpm><Value>78</Value></HeartRateBpm><Cadence>36</Cadence></Trackpoint><Trackpoint><Time>2026-09-13T20:46:26Z</Time><Position><LatitudeDegrees>4.723772</LatitudeDegrees><LongitudeDegrees>-74.04599</LongitudeDegrees></Position><HeartRateBpm><Value>77</Value></HeartRateBpm><Cadence>37</Cadence></Trackpoint><Trackpoint><Time>2026-09-13T20:46:27Z</Time><Position><LatitudeDegrees>4.723772</LatitudeDegrees><LongitudeDegrees>-74.04599</LongitudeDegrees></Position><HeartRateBpm><Value>77</Value></HeartRateBpm><Cadence>38</Cadence></Trackpoint><Trackpoint><Time>2026-09-13T20:46:28Z</Time><Position><LatitudeDegrees>4.723772</LatitudeDegrees><LongitudeDegrees>-74.04599</LongitudeDegrees></Position><HeartRateBpm><Value>77</Value></HeartRateBpm><Cadence>39</Cadence></Trackpoint><Trackpoint><Time>2026-09-13T20:46:29Z</Time><Position><LatitudeDegrees>4.723772</LatitudeDegrees><LongitudeDegrees>-74.04599</LongitudeDegrees></Position><HeartRateBpm><Value>77</Value></HeartRateBpm><Cadence>40</Cadence></Trackpoint><Trackpoint><Time>2026-09-13T20:46:30Z</Time><Position><LatitudeDegrees>4.723772</LatitudeDegrees><LongitudeDegrees>-74.04599</LongitudeDegrees></Position><AltitudeMeters>2562.8</AltitudeMeters><HeartRateBpm><Value>77</Value></HeartRateBpm><Cadence>41</Cadence></Trackpoint><Trackpoint><Time>2026-09-13T20:46:31Z</Time><Position><LatitudeDegrees>4.723772</LatitudeDegrees><LongitudeDegrees>-74.04599</LongitudeDegrees></Position><HeartRateBpm><Value>77</Value></HeartRateBpm><Cadence>41</Cadence></Trackpoint><Trackpoint><Time>2026-09-13T20:46:32Z</Time><Position><LatitudeDegrees>4.723772</LatitudeDegrees><LongitudeDegrees>-74.04599</LongitudeDegrees></Position><HeartRateBpm><Value>77</Value></HeartRateBpm><Cadence>42</Cadence></Trackpoint><Trackpoint><Time>2026-09-13T20:46:33Z</Time><Position><LatitudeDegrees>4.723772</LatitudeDegrees><LongitudeDegrees>-74.04599</LongitudeDegrees></Position><HeartRateBpm><Value>77</Value></HeartRateBpm><Cadence>42</Cadence></Trackpoint><Trackpoint><Time>2026-09-13T20:46:34Z</Time><Position><LatitudeDegrees>4.723772</LatitudeDegrees><LongitudeDegrees>-74.04599</LongitudeDegrees></Position><HeartRateBpm><Value>77</Value></HeartRateBpm><Cadence>43</Cadence></Trackpoint><Trackpoint><Time>2026-09-13T20:46:35Z</Time><Position><LatitudeDegrees>4.723772</LatitudeDegrees><LongitudeDegrees>-74.04599</LongitudeDegrees></Position><AltitudeMeters>2562.8</AltitudeMeters><HeartRateBpm><Value>78</Value></HeartRateBpm><Cadence>43</Cadence></Trackpoint><Trackpoint><Time>2026-09-13T20:46:36Z</Time><Position><LatitudeDegrees>4.723772</LatitudeDegrees><LongitudeDegrees>-74.04599</LongitudeDegrees></Position><HeartRateBpm><Value>78</Value></HeartRateBpm><Cadence>43</Cadence></Trackpoint><Trackpoint><Time>2026-09-13T20:46:37Z</Time><Position><LatitudeDegrees>4.723772</LatitudeDegrees><LongitudeDegrees>-74.04599</LongitudeDegrees></Position><HeartRateBpm><Value>78</Value></HeartRateBpm><Cadence>43</Cadence></Trackpoint><Trackpoint><Time>2026-09-13T20:46:38Z</Time><Position><LatitudeDegrees>4.723772</LatitudeDegrees><LongitudeDegrees>-74.04599</LongitudeDegrees></Position><HeartRateBpm><Value>78</Value></HeartRateBpm><Cadence>43</Cadence></Trackpoint><Trackpoint><Time>2026-09-13T20:46:39Z</Time><Position><LatitudeDegrees>4.723772</LatitudeDegrees><LongitudeDegrees>-74.04599</LongitudeDegrees></Position><HeartRateBpm><Value>78</Value></HeartRateBpm><Cadence>43</Cadence></Trackpoint><Trackpoint><Time>2026-09-13T20:46:40Z</Time><Position><LatitudeDegrees>4.723772</LatitudeDegrees><LongitudeDegrees>-74.04599</LongitudeDegrees></Position><AltitudeMeters>2562.8</AltitudeMeters><HeartRateBpm><Value>79</Value></HeartRateBpm><Cadence>43</Cadence></Trackpoint><Trackpoint><Time>2026-09-13T20:46:41Z</Time><Position><LatitudeDegrees>4.723772</LatitudeDegrees><LongitudeDegrees>-74.04599</LongitudeDegrees></Position><HeartRateBpm><Value>79</Value></HeartRateBpm><Cadence>42</Cadence></Trackpoint><Trackpoint><Time>2026-09-13T20:46:42Z</Time><Position><LatitudeDegrees>4.723772</LatitudeDegrees><LongitudeDegrees>-74.04599</LongitudeDegrees></Position><HeartRateBpm><Value>79</Value></HeartRateBpm><Cadence>42</Cadence></Trackpoint><Trackpoint><Time>2026-09-13T20:46:43Z</Time><Position><LatitudeDegrees>4.723772</LatitudeDegrees><LongitudeDegrees>-74.04599</LongitudeDegrees></Position><HeartRateBpm><Value>79</Value></HeartRateBpm><Cadence>41</Cadence></Trackpoint><Trackpoint><Time>2026-09-13T20:46:44Z</Time><Position><LatitudeDegrees>4.723772</LatitudeDegrees><LongitudeDegrees>-74.04599</LongitudeDegrees></Position><HeartRateBpm><Value>79</Value></HeartRateBpm><Cadence>41</Cadence></Trackpoint><Trackpoint><Time>2026-09-13T20:46:45Z</Time><Position><LatitudeDegrees>4.723772</LatitudeDegrees><LongitudeDegrees>-74.04599</LongitudeDegrees></Position><AltitudeMeters>2562.8</AltitudeMeters><HeartRateBpm><Value>80</Value></HeartRateBpm><Cadence>41</Cadence></Trackpoint><Trackpoint><Time>2026-09-13T20:46:46Z</Time><Position><LatitudeDegrees>4.723772</LatitudeDegrees><LongitudeDegrees>-74.04599</LongitudeDegrees></Position><HeartRateBpm><Value>80</Value></HeartRateBpm><Cadence>35</Cadence></Trackpoint><Trackpoint><Time>2026-09-13T20:46:47Z</Time><Position><LatitudeDegrees>4.723772</LatitudeDegrees><LongitudeDegrees>-74.04599</LongitudeDegrees></Position><HeartRateBpm><Value>81</Value></HeartRateBpm><Cadence>30</Cadence></Trackpoint><Trackpoint><Time>2026-09-13T20:46:48Z</Time><Position><LatitudeDegrees>4.723772</LatitudeDegrees><LongitudeDegrees>-74.04599</LongitudeDegrees></Position><HeartRateBpm><Value>81</Value></HeartRateBpm><Cadence>25</Cadence></Trackpoint><Trackpoint><Time>2026-09-13T20:46:49Z</Time><Position><LatitudeDegrees>4.723772</LatitudeDegrees><LongitudeDegrees>-74.04599</LongitudeDegrees></Position><HeartRateBpm><Value>82</Value></HeartRateBpm><Cadence>20</Cadence></Trackpoint><Trackpoint><Time>2026-09-13T20:46:50Z</Time><Position><LatitudeDegrees>4.723772</LatitudeDegrees><LongitudeDegrees>-74.04599</LongitudeDegrees></Position><AltitudeMeters>2562.9</AltitudeMeters><HeartRateBpm><Value>83</Value></HeartRateBpm><Cadence>15</Cadence></Trackpoint><Trackpoint><Time>2026-09-13T20:46:51Z</Time><Position><LatitudeDegrees>4.723772</LatitudeDegrees><LongitudeDegrees>-74.04599</LongitudeDegrees></Position><HeartRateBpm><Value>83</Value></HeartRateBpm><Cadence>16</Cadence></Trackpoint><Trackpoint><Time>2026-09-13T20:46:52Z</Time><Position><LatitudeDegrees>4.723772</LatitudeDegrees><LongitudeDegrees>-74.04599</LongitudeDegrees></Position><HeartRateBpm><Value>83</Value></HeartRateBpm><Cadence>17</Cadence></Trackpoint><Trackpoint><Time>2026-09-13T20:46:53Z</Time><Position><LatitudeDegrees>4.723772</LatitudeDegrees><LongitudeDegrees>-74.04599</LongitudeDegrees></Position><HeartRateBpm><Value>84</Value></HeartRateBpm><Cadence>17</Cadence></Trackpoint><Trackpoint><Time>2026-09-13T20:46:54Z</Time><Position><LatitudeDegrees>4.723772</LatitudeDegrees><LongitudeDegrees>-74.04599</LongitudeDegrees></Position><HeartRateBpm><Value>84</Value></HeartRateBpm><Cadence>18</Cadence></Trackpoint><Trackpoint><Time>2026-09-13T20:46:55Z</Time><Position><LatitudeDegrees>4.723772</LatitudeDegrees><LongitudeDegrees>-74.04599</LongitudeDegrees></Position><AltitudeMeters>2562.9</AltitudeMeters><HeartRateBpm><Value>85</Value></HeartRateBpm><Cadence>19</Cadence></Trackpoint><Trackpoint><Time>2026-09-13T20:46:56Z</Time><Position><LatitudeDegrees>4.723772</LatitudeDegrees><LongitudeDegrees>-74.04599</LongitudeDegrees></Position><HeartRateBpm><Value>85</Value></HeartRateBpm><Cadence>20</Cadence></Trackpoint><Trackpoint><Time>2026-09-13T20:46:57Z</Time><Position><LatitudeDegrees>4.723772</LatitudeDegrees><LongitudeDegrees>-74.04599</LongitudeDegrees></Position><HeartRateBpm><Value>85</Value></HeartRateBpm><Cadence>21</Cadence></Trackpoint><Trackpoint><Time>2026-09-13T20:46:58Z</Time><Position><LatitudeDegrees>4.723772</LatitudeDegrees><LongitudeDegrees>-74.04599</LongitudeDegrees></Position><HeartRateBpm><Value>85</Value></HeartRateBpm><Cadence>22</Cadence></Trackpoint><Trackpoint><Time>2026-09-13T20:46:59Z</Time><Position><LatitudeDegrees>4.723772</LatitudeDegrees><LongitudeDegrees>-74.04599</LongitudeDegrees></Position><HeartRateBpm><Value>85</Value></HeartRateBpm><Cadence>22</Cadence></Trackpoint><Trackpoint><Time>2026-09-13T20:47:00Z</Time><Position><LatitudeDegrees>4.723772</LatitudeDegrees><LongitudeDegrees>-74.04599</LongitudeDegrees></Position><AltitudeMeters>2563.0</AltitudeMeters><HeartRateBpm><Value>86</Value></HeartRateBpm><Cadence>23</Cadence></Trackpoint><Trackpoint><Time>2026-09-13T20:47:01Z</Time><Position><LatitudeDegrees>4.723772</LatitudeDegrees><LongitudeDegrees>-74.04599</LongitudeDegrees></Position><HeartRateBpm><Value>85</Value></HeartRateBpm><Cadence>24</Cadence></Trackpoint><Trackpoint><Time>2026-09-13T20:47:02Z</Time><Position><LatitudeDegrees>4.723772</LatitudeDegrees><LongitudeDegrees>-74.04599</LongitudeDegrees></Position><HeartRateBpm><Value>84</Value></HeartRateBpm><Cadence>25</Cadence></Trackpoint><Trackpoint><Time>2026-09-13T20:47:03Z</Time><Position><LatitudeDegrees>4.723772</LatitudeDegrees><LongitudeDegrees>-74.04599</LongitudeDegrees></Position><HeartRateBpm><Value>84</Value></HeartRateBpm><Cadence>26</Cadence></Trackpoint><Trackpoint><Time>2026-09-13T20:47:04Z</Time><Position><LatitudeDegrees>4.723772</LatitudeDegrees><LongitudeDegrees>-74.04599</LongitudeDegrees></Position><HeartRateBpm><Value>83</Value></HeartRateBpm><Cadence>26</Cadence></Trackpoint><Trackpoint><Time>2026-09-13T20:47:05Z</Time><Position><LatitudeDegrees>4.723772</LatitudeDegrees><LongitudeDegrees>-74.04599</LongitudeDegrees></Position><AltitudeMeters>2563.0</AltitudeMeters><HeartRateBpm><Value>83</Value></HeartRateBpm><Cadence>27</Cadence></Trackpoint><Trackpoint><Time>2026-09-13T20:47:06Z</Time><Position><LatitudeDegrees>4.723772</LatitudeDegrees><LongitudeDegrees>-74.04599</LongitudeDegrees></Position><HeartRateBpm><Value>82</Value></HeartRateBpm><Cadence>28</Cadence></Trackpoint><Trackpoint><Time>2026-09-13T20:47:07Z</Time><Position><LatitudeDegrees>4.723772</LatitudeDegrees><LongitudeDegrees>-74.04599</LongitudeDegrees></Position><HeartRateBpm><Value>82</Value></HeartRateBpm><Cadence>29</Cadence></Trackpoint><Trackpoint><Time>2026-09-13T20:47:08Z</Time><Position><LatitudeDegrees>4.723772</LatitudeDegrees><LongitudeDegrees>-74.04599</LongitudeDegrees></Position><HeartRateBpm><Value>82</Value></HeartRateBpm><Cadence>30</Cadence></Trackpoint><Trackpoint><Time>2026-09-13T20:47:09Z</Time><Position><LatitudeDegrees>4.723772</LatitudeDegrees><LongitudeDegrees>-74.04599</LongitudeDegrees></Position><HeartRateBpm><Value>82</Value></HeartRateBpm><Cadence>30</Cadence></Trackpoint><Trackpoint><Time>2026-09-13T20:47:10Z</Time><Position><LatitudeDegrees>4.723772</LatitudeDegrees><LongitudeDegrees>-74.04599</LongitudeDegrees></Position><AltitudeMeters>2563.0</AltitudeMeters><HeartRateBpm><Value>82</Value></HeartRateBpm><Cadence>31</Cadence></Trackpoint><Trackpoint><Time>2026-09-13T20:47:11Z</Time><Position><LatitudeDegrees>4.723772</LatitudeDegrees><LongitudeDegrees>-74.04599</LongitudeDegrees></Position><HeartRateBpm><Value>82</Value></HeartRateBpm><Cadence>32</Cadence></Trackpoint><Trackpoint><Time>2026-09-13T20:47:12Z</Time><Position><LatitudeDegrees>4.723772</LatitudeDegrees><LongitudeDegrees>-74.04599</LongitudeDegrees></Position><HeartRateBpm><Value>82</Value></HeartRateBpm><Cadence>33</Cadence></Trackpoint><Trackpoint><Time>2026-09-13T20:47:13Z</Time><Position><LatitudeDegrees>4.723772</LatitudeDegrees><LongitudeDegrees>-74.04599</LongitudeDegrees></Position><HeartRateBpm><Value>82</Value></HeartRateBpm><Cadence>34</Cadence></Trackpoint><Trackpoint><Time>2026-09-13T20:47:14Z</Time><Position><LatitudeDegrees>4.723772</LatitudeDegrees><LongitudeDegrees>-74.04599</LongitudeDegrees></Position><HeartRateBpm><Value>82</Value></HeartRateBpm><Cadence>35</Cadence></Trackpoint><Trackpoint><Time>2026-09-13T20:47:15Z</Time><Position><LatitudeDegrees>4.723772</LatitudeDegrees><LongitudeDegrees>-74.04599</LongitudeDegrees></Position><AltitudeMeters>2563.0</AltitudeMeters><HeartRateBpm><Value>82</Value></HeartRateBpm><Cadence>35</Cadence></Trackpoint><Trackpoint><Time>2026-09-13T20:47:16Z</Time><Position><LatitudeDegrees>4.723772</LatitudeDegrees><LongitudeDegrees>-74.04599</LongitudeDegrees></Position><HeartRateBpm><Value>82</Value></HeartRateBpm><Cadence>36</Cadence></Trackpoint><Trackpoint><Time>2026-09-13T20:47:17Z</Time><Position><LatitudeDegrees>4.723772</LatitudeDegrees><LongitudeDegrees>-74.04599</LongitudeDegrees></Position><HeartRateBpm><Value>82</Value></HeartRateBpm><Cadence>37</Cadence></Trackpoint><Trackpoint><Time>2026-09-13T20:47:18Z</Time><Position><LatitudeDegrees>4.723772</LatitudeDegrees><LongitudeDegrees>-74.04599</LongitudeDegrees></Position><HeartRateBpm><Value>82</Value></HeartRateBpm><Cadence>38</Cadence></Trackpoint><Trackpoint><Time>2026-09-13T20:47:19Z</Time><Position><LatitudeDegrees>4.723772</LatitudeDegrees><LongitudeDegrees>-74.04599</LongitudeDegrees></Position><HeartRateBpm><Value>82</Value></HeartRateBpm><Cadence>39</Cadence></Trackpoint><Trackpoint><Time>2026-09-13T20:47:20Z</Time><Position><LatitudeDegrees>4.723772</LatitudeDegrees><LongitudeDegrees>-74.04599</LongitudeDegrees></Position><AltitudeMeters>2563.1</AltitudeMeters><HeartRateBpm><Value>82</Value></HeartRateBpm><Cadence>39</Cadence></Trackpoint><Trackpoint><Time>2026-09-13T20:47:21Z</Time><Position><LatitudeDegrees>4.723772</LatitudeDegrees><LongitudeDegrees>-74.04599</LongitudeDegrees></Position><HeartRateBpm><Value>82</Value></HeartRateBpm><Cadence>40</Cadence></Trackpoint><Trackpoint><Time>2026-09-13T20:47:22Z</Time><Position><LatitudeDegrees>4.723772</LatitudeDegrees><LongitudeDegrees>-74.04599</LongitudeDegrees></Position><HeartRateBpm><Value>82</Value></HeartRateBpm><Cadence>41</Cadence></Trackpoint><Trackpoint><Time>2026-09-13T20:47:23Z</Time><Position><LatitudeDegrees>4.723772</LatitudeDegrees><LongitudeDegrees>-74.04599</LongitudeDegrees></Position><HeartRateBpm><Value>82</Value></HeartRateBpm><Cadence>42</Cadence></Trackpoint><Trackpoint><Time>2026-09-13T20:47:24Z</Time><Position><LatitudeDegrees>4.723772</LatitudeDegrees><LongitudeDegrees>-74.04599</LongitudeDegrees></Position><HeartRateBpm><Value>82</Value></HeartRateBpm><Cadence>43</Cadence></Trackpoint><Trackpoint><Time>2026-09-13T20:47:25Z</Time><Position><LatitudeDegrees>4.723772</LatitudeDegrees><LongitudeDegrees>-74.04599</LongitudeDegrees></Position><AltitudeMeters>2563.1</AltitudeMeters><HeartRateBpm><Value>83</Value></HeartRateBpm><Cadence>44</Cadence></Trackpoint><Trackpoint><Time>2026-09-13T20:47:26Z</Time><Position><LatitudeDegrees>4.723772</LatitudeDegrees><LongitudeDegrees>-74.04599</LongitudeDegrees></Position><HeartRateBpm><Value>82</Value></HeartRateBpm><Cadence>44</Cadence></Trackpoint><Trackpoint><Time>2026-09-13T20:47:27Z</Time><Position><LatitudeDegrees>4.723772</LatitudeDegrees><LongitudeDegrees>-74.04599</LongitudeDegrees></Position><HeartRateBpm><Value>82</Value></HeartRateBpm><Cadence>45</Cadence></Trackpoint><Trackpoint><Time>2026-09-13T20:47:28Z</Time><Position><LatitudeDegrees>4.723772</LatitudeDegrees><LongitudeDegrees>-74.04599</LongitudeDegrees></Position><HeartRateBpm><Value>81</Value></HeartRateBpm><Cadence>46</Cadence></Trackpoint><Trackpoint><Time>2026-09-13T20:47:29Z</Time><Position><LatitudeDegrees>4.723772</LatitudeDegrees><LongitudeDegrees>-74.04599</LongitudeDegrees></Position><HeartRateBpm><Value>81</Value></HeartRateBpm><Cadence>46</Cadence></Trackpoint><Trackpoint><Time>2026-09-13T20:47:30Z</Time><Position><LatitudeDegrees>4.723772</LatitudeDegrees><LongitudeDegrees>-74.04599</LongitudeDegrees></Position><AltitudeMeters>2563.2</AltitudeMeters><HeartRateBpm><Value>81</Value></HeartRateBpm><Cadence>47</Cadence></Trackpoint><Trackpoint><Time>2026-09-13T20:47:31Z</Time><Position><LatitudeDegrees>4.723772</LatitudeDegrees><LongitudeDegrees>-74.04599</LongitudeDegrees></Position><HeartRateBpm><Value>81</Value></HeartRateBpm><Cadence>47</Cadence></Trackpoint><Trackpoint><Time>2026-09-13T20:47:32Z</Time><Position><LatitudeDegrees>4.723772</LatitudeDegrees><LongitudeDegrees>-74.04599</LongitudeDegrees></Position><HeartRateBpm><Value>81</Value></HeartRateBpm><Cadence>46</Cadence></Trackpoint><Trackpoint><Time>2026-09-13T20:47:33Z</Time><Position><LatitudeDegrees>4.723772</LatitudeDegrees><LongitudeDegrees>-74.04599</LongitudeDegrees></Position><HeartRateBpm><Value>81</Value></HeartRateBpm><Cadence>46</Cadence></Trackpoint><Trackpoint><Time>2026-09-13T20:47:34Z</Time><Position><LatitudeDegrees>4.723772</LatitudeDegrees><LongitudeDegrees>-74.04599</LongitudeDegrees></Position><HeartRateBpm><Value>81</Value></HeartRateBpm><Cadence>46</Cadence></Trackpoint><Trackpoint><Time>2026-09-13T20:47:35Z</Time><Position><LatitudeDegrees>4.723772</LatitudeDegrees><LongitudeDegrees>-74.04599</LongitudeDegrees></Position><AltitudeMeters>2563.0</AltitudeMeters><HeartRateBpm><Value>81</Value></HeartRateBpm><Cadence>46</Cadence></Trackpoint><Trackpoint><Time>2026-09-13T20:47:36Z</Time><Position><LatitudeDegrees>4.723772</LatitudeDegrees><LongitudeDegrees>-74.04599</LongitudeDegrees></Position><HeartRateBpm><Value>80</Value></HeartRateBpm><Cadence>45</Cadence></Trackpoint><Trackpoint><Time>2026-09-13T20:47:37Z</Time><Position><LatitudeDegrees>4.723772</LatitudeDegrees><LongitudeDegrees>-74.04599</LongitudeDegrees></Position><HeartRateBpm><Value>80</Value></HeartRateBpm><Cadence>45</Cadence></Trackpoint><Trackpoint><Time>2026-09-13T20:47:38Z</Time><Position><LatitudeDegrees>4.723772</LatitudeDegrees><LongitudeDegrees>-74.04599</LongitudeDegrees></Position><HeartRateBpm><Value>80</Value></HeartRateBpm><Cadence>45</Cadence></Trackpoint><Trackpoint><Time>2026-09-13T20:47:39Z</Time><Position><LatitudeDegrees>4.723772</LatitudeDegrees><LongitudeDegrees>-74.04599</LongitudeDegrees></Position><HeartRateBpm><Value>80</Value></HeartRateBpm><Cadence>45</Cadence></Trackpoint><Trackpoint><Time>2026-09-13T20:47:40Z</Time><Position><LatitudeDegrees>4.723772</LatitudeDegrees><LongitudeDegrees>-74.04599</LongitudeDegrees></Position><AltitudeMeters>2562.9</AltitudeMeters><HeartRateBpm><Value>80</Value></HeartRateBpm><Cadence>45</Cadence></Trackpoint><Trackpoint><Time>2026-09-13T20:47:41Z</Time><Position><LatitudeDegrees>4.723772</LatitudeDegrees><LongitudeDegrees>-74.04599</LongitudeDegrees></Position><HeartRateBpm><Value>79</Value></HeartRateBpm><Cadence>45</Cadence></Trackpoint><Trackpoint><Time>2026-09-13T20:47:42Z</Time><Position><LatitudeDegrees>4.723772</LatitudeDegrees><LongitudeDegrees>-74.04599</LongitudeDegrees></Position><HeartRateBpm><Value>79</Value></HeartRateBpm><Cadence>45</Cadence></Trackpoint><Trackpoint><Time>2026-09-13T20:47:43Z</Time><Position><LatitudeDegrees>4.723772</LatitudeDegrees><LongitudeDegrees>-74.04599</LongitudeDegrees></Position><HeartRateBpm><Value>78</Value></HeartRateBpm><Cadence>45</Cadence></Trackpoint><Trackpoint><Time>2026-09-13T20:47:44Z</Time><Position><LatitudeDegrees>4.723772</LatitudeDegrees><LongitudeDegrees>-74.04599</LongitudeDegrees></Position><HeartRateBpm><Value>78</Value></HeartRateBpm><Cadence>45</Cadence></Trackpoint><Trackpoint><Time>2026-09-13T20:47:45Z</Time><Position><LatitudeDegrees>4.723772</LatitudeDegrees><LongitudeDegrees>-74.04599</LongitudeDegrees></Position><AltitudeMeters>2562.7</AltitudeMeters><HeartRateBpm><Value>78</Value></HeartRateBpm><Cadence>45</Cadence></Trackpoint><Trackpoint><Time>2026-09-13T20:47:46Z</Time><Position><LatitudeDegrees>4.723772</LatitudeDegrees><LongitudeDegrees>-74.04599</LongitudeDegrees></Position><HeartRateBpm><Value>77</Value></HeartRateBpm><Cadence>45</Cadence></Trackpoint><Trackpoint><Time>2026-09-13T20:47:47Z</Time><Position><LatitudeDegrees>4.723772</LatitudeDegrees><LongitudeDegrees>-74.04599</LongitudeDegrees></Position><HeartRateBpm><Value>77</Value></HeartRateBpm><Cadence>46</Cadence></Trackpoint><Trackpoint><Time>2026-09-13T20:47:48Z</Time><Position><LatitudeDegrees>4.723772</LatitudeDegrees><LongitudeDegrees>-74.04599</LongitudeDegrees></Position><HeartRateBpm><Value>76</Value></HeartRateBpm><Cadence>47</Cadence></Trackpoint><Trackpoint><Time>2026-09-13T20:47:49Z</Time><Position><LatitudeDegrees>4.723772</LatitudeDegrees><LongitudeDegrees>-74.04599</LongitudeDegrees></Position><HeartRateBpm><Value>76</Value></HeartRateBpm><Cadence>47</Cadence></Trackpoint><Trackpoint><Time>2026-09-13T20:47:50Z</Time><Position><LatitudeDegrees>4.723772</LatitudeDegrees><LongitudeDegrees>-74.04599</LongitudeDegrees></Position><AltitudeMeters>2562.6</AltitudeMeters><HeartRateBpm><Value>76</Value></HeartRateBpm><Cadence>48</Cadence></Trackpoint><Trackpoint><Time>2026-09-13T20:47:51Z</Time><Position><LatitudeDegrees>4.723772</LatitudeDegrees><LongitudeDegrees>-74.04599</LongitudeDegrees></Position><HeartRateBpm><Value>76</Value></HeartRateBpm><Cadence>48</Cadence></Trackpoint><Trackpoint><Time>2026-09-13T20:47:52Z</Time><Position><LatitudeDegrees>4.723772</LatitudeDegrees><LongitudeDegrees>-74.04599</LongitudeDegrees></Position><HeartRateBpm><Value>77</Value></HeartRateBpm><Cadence>48</Cadence></Trackpoint><Trackpoint><Time>2026-09-13T20:47:53Z</Time><Position><LatitudeDegrees>4.723772</LatitudeDegrees><LongitudeDegrees>-74.04599</LongitudeDegrees></Position><HeartRateBpm><Value>77</Value></HeartRateBpm><Cadence>49</Cadence></Trackpoint><Trackpoint><Time>2026-09-13T20:47:54Z</Time><Position><LatitudeDegrees>4.723772</LatitudeDegrees><LongitudeDegrees>-74.04599</LongitudeDegrees></Position><HeartRateBpm><Value>78</Value></HeartRateBpm><Cadence>49</Cadence></Trackpoint><Trackpoint><Time>2026-09-13T20:47:55Z</Time><Position><LatitudeDegrees>4.723772</LatitudeDegrees><LongitudeDegrees>-74.04599</LongitudeDegrees></Position><AltitudeMeters>2562.6</AltitudeMeters><HeartRateBpm><Value>79</Value></HeartRateBpm><Cadence>49</Cadence></Trackpoint><Trackpoint><Time>2026-09-13T20:47:56Z</Time><Position><LatitudeDegrees>4.723772</LatitudeDegrees><LongitudeDegrees>-74.04599</LongitudeDegrees></Position><HeartRateBpm><Value>79</Value></HeartRateBpm><Cadence>49</Cadence></Trackpoint><Trackpoint><Time>2026-09-13T20:47:57Z</Time><Position><LatitudeDegrees>4.723772</LatitudeDegrees><LongitudeDegrees>-74.04599</LongitudeDegrees></Position><HeartRateBpm><Value>79</Value></HeartRateBpm><Cadence>49</Cadence></Trackpoint><Trackpoint><Time>2026-09-13T20:47:58Z</Time><Position><LatitudeDegrees>4.723772</LatitudeDegrees><LongitudeDegrees>-74.04599</LongitudeDegrees></Position><HeartRateBpm><Value>79</Value></HeartRateBpm><Cadence>49</Cadence></Trackpoint><Trackpoint><Time>2026-09-13T20:47:59Z</Time><Position><LatitudeDegrees>4.723772</LatitudeDegrees><LongitudeDegrees>-74.04599</LongitudeDegrees></Position><HeartRateBpm><Value>79</Value></HeartRateBpm><Cadence>48</Cadence></Trackpoint><Trackpoint><Time>2026-09-13T20:48:00Z</Time><Position><LatitudeDegrees>4.723772</LatitudeDegrees><LongitudeDegrees>-74.04599</LongitudeDegrees></Position><AltitudeMeters>2562.8</AltitudeMeters><HeartRateBpm><Value>80</Value></HeartRateBpm><Cadence>48</Cadence></Trackpoint><Trackpoint><Time>2026-09-13T20:48:01Z</Time><Position><LatitudeDegrees>4.723772</LatitudeDegrees><LongitudeDegrees>-74.04599</LongitudeDegrees></Position><HeartRateBpm><Value>80</Value></HeartRateBpm><Cadence>48</Cadence></Trackpoint><Trackpoint><Time>2026-09-13T20:48:02Z</Time><Position><LatitudeDegrees>4.723772</LatitudeDegrees><LongitudeDegrees>-74.04599</LongitudeDegrees></Position><HeartRateBpm><Value>80</Value></HeartRateBpm><Cadence>48</Cadence></Trackpoint><Trackpoint><Time>2026-09-13T20:48:03Z</Time><Position><LatitudeDegrees>4.723772</LatitudeDegrees><LongitudeDegrees>-74.04599</LongitudeDegrees></Position><HeartRateBpm><Value>81</Value></HeartRateBpm><Cadence>48</Cadence></Trackpoint><Trackpoint><Time>2026-09-13T20:48:04Z</Time><Position><LatitudeDegrees>4.723772</LatitudeDegrees><LongitudeDegrees>-74.04599</LongitudeDegrees></Position><HeartRateBpm><Value>81</Value></HeartRateBpm><Cadence>48</Cadence></Trackpoint><Trackpoint><Time>2026-09-13T20:48:05Z</Time><Position><LatitudeDegrees>4.723772</LatitudeDegrees><LongitudeDegrees>-74.04599</LongitudeDegrees></Position><AltitudeMeters>2562.9</AltitudeMeters><HeartRateBpm><Value>82</Value></HeartRateBpm><Cadence>48</Cadence></Trackpoint><Trackpoint><Time>2026-09-13T20:48:06Z</Time><Position><LatitudeDegrees>4.723772</LatitudeDegrees><LongitudeDegrees>-74.04599</LongitudeDegrees></Position><HeartRateBpm><Value>82</Value></HeartRateBpm><Cadence>47</Cadence></Trackpoint><Trackpoint><Time>2026-09-13T20:48:07Z</Time><Position><LatitudeDegrees>4.723772</LatitudeDegrees><LongitudeDegrees>-74.04599</LongitudeDegrees></Position><HeartRateBpm><Value>83</Value></HeartRateBpm><Cadence>47</Cadence></Trackpoint><Trackpoint><Time>2026-09-13T20:48:08Z</Time><Position><LatitudeDegrees>4.723772</LatitudeDegrees><LongitudeDegrees>-74.04599</LongitudeDegrees></Position><HeartRateBpm><Value>84</Value></HeartRateBpm><Cadence>47</Cadence></Trackpoint><Trackpoint><Time>2026-09-13T20:48:09Z</Time><Position><LatitudeDegrees>4.723772</LatitudeDegrees><LongitudeDegrees>-74.04599</LongitudeDegrees></Position><HeartRateBpm><Value>85</Value></HeartRateBpm><Cadence>47</Cadence></Trackpoint><Trackpoint><Time>2026-09-13T20:48:10Z</Time><Position><LatitudeDegrees>4.723772</LatitudeDegrees><LongitudeDegrees>-74.04599</LongitudeDegrees></Position><AltitudeMeters>2562.9</AltitudeMeters><HeartRateBpm><Value>86</Value></HeartRateBpm><Cadence>47</Cadence></Trackpoint><Trackpoint><Time>2026-09-13T20:48:11Z</Time><Position><LatitudeDegrees>4.723772</LatitudeDegrees><LongitudeDegrees>-74.04599</LongitudeDegrees></Position><HeartRateBpm><Value>86</Value></HeartRateBpm><Cadence>47</Cadence></Trackpoint><Trackpoint><Time>2026-09-13T20:48:12Z</Time><Position><LatitudeDegrees>4.723772</LatitudeDegrees><LongitudeDegrees>-74.04599</LongitudeDegrees></Position><HeartRateBpm><Value>86</Value></HeartRateBpm><Cadence>46</Cadence></Trackpoint><Trackpoint><Time>2026-09-13T20:48:13Z</Time><Position><LatitudeDegrees>4.723772</LatitudeDegrees><LongitudeDegrees>-74.04599</LongitudeDegrees></Position><HeartRateBpm><Value>86</Value></HeartRateBpm><Cadence>46</Cadence></Trackpoint><Trackpoint><Time>2026-09-13T20:48:14Z</Time><Position><LatitudeDegrees>4.723772</LatitudeDegrees><LongitudeDegrees>-74.04599</LongitudeDegrees></Position><HeartRateBpm><Value>86</Value></HeartRateBpm><Cadence>46</Cadence></Trackpoint><Trackpoint><Time>2026-09-13T20:48:15Z</Time><Position><LatitudeDegrees>4.723772</LatitudeDegrees><LongitudeDegrees>-74.04599</LongitudeDegrees></Position><AltitudeMeters>2562.8</AltitudeMeters><HeartRateBpm><Value>86</Value></HeartRateBpm><Cadence>46</Cadence></Trackpoint><Trackpoint><Time>2026-09-13T20:48:16Z</Time><Position><LatitudeDegrees>4.723772</LatitudeDegrees><LongitudeDegrees>-74.04599</LongitudeDegrees></Position><HeartRateBpm><Value>86</Value></HeartRateBpm><Cadence>46</Cadence></Trackpoint><Trackpoint><Time>2026-09-13T20:48:17Z</Time><Position><LatitudeDegrees>4.723772</LatitudeDegrees><LongitudeDegrees>-74.04599</LongitudeDegrees></Position><HeartRateBpm><Value>86</Value></HeartRateBpm><Cadence>46</Cadence></Trackpoint><Trackpoint><Time>2026-09-13T20:48:18Z</Time><Position><LatitudeDegrees>4.723772</LatitudeDegrees><LongitudeDegrees>-74.04599</LongitudeDegrees></Position><HeartRateBpm><Value>86</Value></HeartRateBpm><Cadence>46</Cadence></Trackpoint><Trackpoint><Time>2026-09-13T20:48:19Z</Time><Position><LatitudeDegrees>4.723772</LatitudeDegrees><LongitudeDegrees>-74.04599</LongitudeDegrees></Position><HeartRateBpm><Value>86</Value></HeartRateBpm><Cadence>45</Cadence></Trackpoint><Trackpoint><Time>2026-09-13T20:48:20Z</Time><Position><LatitudeDegrees>4.723772</LatitudeDegrees><LongitudeDegrees>-74.04599</LongitudeDegrees></Position><AltitudeMeters>2562.7</AltitudeMeters><HeartRateBpm><Value>87</Value></HeartRateBpm><Cadence>45</Cadence></Trackpoint><Trackpoint><Time>2026-09-13T20:48:21Z</Time><Position><LatitudeDegrees>4.723772</LatitudeDegrees><LongitudeDegrees>-74.04599</LongitudeDegrees></Position><HeartRateBpm><Value>86</Value></HeartRateBpm><Cadence>45</Cadence></Trackpoint><Trackpoint><Time>2026-09-13T20:48:22Z</Time><Position><LatitudeDegrees>4.723772</LatitudeDegrees><LongitudeDegrees>-74.04599</LongitudeDegrees></Position><HeartRateBpm><Value>85</Value></HeartRateBpm><Cadence>45</Cadence></Trackpoint><Trackpoint><Time>2026-09-13T20:48:23Z</Time><Position><LatitudeDegrees>4.723772</LatitudeDegrees><LongitudeDegrees>-74.04599</LongitudeDegrees></Position><HeartRateBpm><Value>85</Value></HeartRateBpm><Cadence>45</Cadence></Trackpoint><Trackpoint><Time>2026-09-13T20:48:24Z</Time><Position><LatitudeDegrees>4.723772</LatitudeDegrees><LongitudeDegrees>-74.04599</LongitudeDegrees></Position><HeartRateBpm><Value>84</Value></HeartRateBpm><Cadence>45</Cadence></Trackpoint><Trackpoint><Time>2026-09-13T20:48:25Z</Time><Position><LatitudeDegrees>4.723772</LatitudeDegrees><LongitudeDegrees>-74.04599</LongitudeDegrees></Position><AltitudeMeters>2562.7</AltitudeMeters><HeartRateBpm><Value>84</Value></HeartRateBpm><Cadence>45</Cadence></Trackpoint><Trackpoint><Time>2026-09-13T20:48:26Z</Time><Position><LatitudeDegrees>4.723772</LatitudeDegrees><LongitudeDegrees>-74.04599</LongitudeDegrees></Position><HeartRateBpm><Value>84</Value></HeartRateBpm><Cadence>45</Cadence></Trackpoint><Trackpoint><Time>2026-09-13T20:48:27Z</Time><Position><LatitudeDegrees>4.723772</LatitudeDegrees><LongitudeDegrees>-74.04599</LongitudeDegrees></Position><HeartRateBpm><Value>84</Value></HeartRateBpm><Cadence>45</Cadence></Trackpoint><Trackpoint><Time>2026-09-13T20:48:28Z</Time><Position><LatitudeDegrees>4.723772</LatitudeDegrees><LongitudeDegrees>-74.04599</LongitudeDegrees></Position><HeartRateBpm><Value>84</Value></HeartRateBpm><Cadence>46</Cadence></Trackpoint><Trackpoint><Time>2026-09-13T20:48:29Z</Time><Position><LatitudeDegrees>4.723772</LatitudeDegrees><LongitudeDegrees>-74.04599</LongitudeDegrees></Position><HeartRateBpm><Value>84</Value></HeartRateBpm><Cadence>46</Cadence></Trackpoint><Trackpoint><Time>2026-09-13T20:48:30Z</Time><Position><LatitudeDegrees>4.723772</LatitudeDegrees><LongitudeDegrees>-74.04599</LongitudeDegrees></Position><AltitudeMeters>2562.7</AltitudeMeters><HeartRateBpm><Value>85</Value></HeartRateBpm><Cadence>47</Cadence></Trackpoint><Trackpoint><Time>2026-09-13T20:48:31Z</Time><Position><LatitudeDegrees>4.723772</LatitudeDegrees><LongitudeDegrees>-74.04599</LongitudeDegrees></Position><HeartRateBpm><Value>85</Value></HeartRateBpm><Cadence>48</Cadence></Trackpoint><Trackpoint><Time>2026-09-13T20:48:32Z</Time><Position><LatitudeDegrees>4.723772</LatitudeDegrees><LongitudeDegrees>-74.04599</LongitudeDegrees></Position><HeartRateBpm><Value>85</Value></HeartRateBpm><Cadence>49</Cadence></Trackpoint><Trackpoint><Time>2026-09-13T20:48:33Z</Time><Position><LatitudeDegrees>4.723772</LatitudeDegrees><LongitudeDegrees>-74.04599</LongitudeDegrees></Position><HeartRateBpm><Value>86</Value></HeartRateBpm><Cadence>50</Cadence></Trackpoint><Trackpoint><Time>2026-09-13T20:48:34Z</Time><Position><LatitudeDegrees>4.723772</LatitudeDegrees><LongitudeDegrees>-74.04599</LongitudeDegrees></Position><HeartRateBpm><Value>86</Value></HeartRateBpm><Cadence>52</Cadence></Trackpoint><Trackpoint><Time>2026-09-13T20:48:35Z</Time><Position><LatitudeDegrees>4.723772</LatitudeDegrees><LongitudeDegrees>-74.04599</LongitudeDegrees></Position><AltitudeMeters>2562.9</AltitudeMeters><HeartRateBpm><Value>87</Value></HeartRateBpm><Cadence>53</Cadence></Trackpoint><Trackpoint><Time>2026-09-13T20:48:36Z</Time><Position><LatitudeDegrees>4.723772</LatitudeDegrees><LongitudeDegrees>-74.04599</LongitudeDegrees></Position><HeartRateBpm><Value>87</Value></HeartRateBpm><Cadence>52</Cadence></Trackpoint><Trackpoint><Time>2026-09-13T20:48:37Z</Time><Position><LatitudeDegrees>4.723772</LatitudeDegrees><LongitudeDegrees>-74.04599</LongitudeDegrees></Position><HeartRateBpm><Value>87</Value></HeartRateBpm><Cadence>51</Cadence></Trackpoint><Trackpoint><Time>2026-09-13T20:48:38Z</Time><Position><LatitudeDegrees>4.723772</LatitudeDegrees><LongitudeDegrees>-74.04599</LongitudeDegrees></Position><HeartRateBpm><Value>87</Value></HeartRateBpm><Cadence>50</Cadence></Trackpoint><Trackpoint><Time>2026-09-13T20:48:39Z</Time><Position><LatitudeDegrees>4.723772</LatitudeDegrees><LongitudeDegrees>-74.04599</LongitudeDegrees></Position><HeartRateBpm><Value>87</Value></HeartRateBpm><Cadence>49</Cadence></Trackpoint><Trackpoint><Time>2026-09-13T20:48:40Z</Time><Position><LatitudeDegrees>4.723772</LatitudeDegrees><LongitudeDegrees>-74.04599</LongitudeDegrees></Position><AltitudeMeters>2563.0</AltitudeMeters><HeartRateBpm><Value>88</Value></HeartRateBpm><Cadence>49</Cadence></Trackpoint><Trackpoint><Time>2026-09-13T20:48:41Z</Time><Position><LatitudeDegrees>4.723772</LatitudeDegrees><LongitudeDegrees>-74.04599</LongitudeDegrees></Position><HeartRateBpm><Value>88</Value></HeartRateBpm><Cadence>48</Cadence></Trackpoint><Trackpoint><Time>2026-09-13T20:48:42Z</Time><Position><LatitudeDegrees>4.723772</LatitudeDegrees><LongitudeDegrees>-74.04599</LongitudeDegrees></Position><HeartRateBpm><Value>89</Value></HeartRateBpm><Cadence>48</Cadence></Trackpoint><Trackpoint><Time>2026-09-13T20:48:43Z</Time><Position><LatitudeDegrees>4.723772</LatitudeDegrees><LongitudeDegrees>-74.04599</LongitudeDegrees></Position><HeartRateBpm><Value>89</Value></HeartRateBpm><Cadence>48</Cadence></Trackpoint><Trackpoint><Time>2026-09-13T20:48:44Z</Time><Position><LatitudeDegrees>4.723772</LatitudeDegrees><LongitudeDegrees>-74.04599</LongitudeDegrees></Position><HeartRateBpm><Value>90</Value></HeartRateBpm><Cadence>48</Cadence></Trackpoint><Trackpoint><Time>2026-09-13T20:48:45Z</Time><Position><LatitudeDegrees>4.723772</LatitudeDegrees><LongitudeDegrees>-74.04599</LongitudeDegrees></Position><AltitudeMeters>2563.7</AltitudeMeters><HeartRateBpm><Value>91</Value></HeartRateBpm><Cadence>48</Cadence></Trackpoint><Trackpoint><Time>2026-09-13T20:48:46Z</Time><Position><LatitudeDegrees>4.723772</LatitudeDegrees><LongitudeDegrees>-74.04599</LongitudeDegrees></Position><HeartRateBpm><Value>91</Value></HeartRateBpm><Cadence>47</Cadence></Trackpoint><Trackpoint><Time>2026-09-13T20:48:47Z</Time><Position><LatitudeDegrees>4.723772</LatitudeDegrees><LongitudeDegrees>-74.04599</LongitudeDegrees></Position><HeartRateBpm><Value>92</Value></HeartRateBpm><Cadence>47</Cadence></Trackpoint><Trackpoint><Time>2026-09-13T20:48:48Z</Time><Position><LatitudeDegrees>4.723772</LatitudeDegrees><LongitudeDegrees>-74.04599</LongitudeDegrees></Position><HeartRateBpm><Value>92</Value></HeartRateBpm><Cadence>46</Cadence></Trackpoint><Trackpoint><Time>2026-09-13T20:48:49Z</Time><Position><LatitudeDegrees>4.723772</LatitudeDegrees><LongitudeDegrees>-74.04599</LongitudeDegrees></Position><HeartRateBpm><Value>93</Value></HeartRateBpm><Cadence>46</Cadence></Trackpoint><Trackpoint><Time>2026-09-13T20:48:50Z</Time><Position><LatitudeDegrees>4.723772</LatitudeDegrees><LongitudeDegrees>-74.04599</LongitudeDegrees></Position><AltitudeMeters>2564.6</AltitudeMeters><HeartRateBpm><Value>94</Value></HeartRateBpm><Cadence>45</Cadence></Trackpoint><Trackpoint><Time>2026-09-13T20:48:51Z</Time><Position><LatitudeDegrees>4.723772</LatitudeDegrees><LongitudeDegrees>-74.04599</LongitudeDegrees></Position><HeartRateBpm><Value>95</Value></HeartRateBpm><Cadence>45</Cadence></Trackpoint><Trackpoint><Time>2026-09-13T20:48:52Z</Time><Position><LatitudeDegrees>4.723772</LatitudeDegrees><LongitudeDegrees>-74.04599</LongitudeDegrees></Position><HeartRateBpm><Value>96</Value></HeartRateBpm><Cadence>44</Cadence></Trackpoint><Trackpoint><Time>2026-09-13T20:48:53Z</Time><Position><LatitudeDegrees>4.723772</LatitudeDegrees><LongitudeDegrees>-74.04599</LongitudeDegrees></Position><HeartRateBpm><Value>97</Value></HeartRateBpm><Cadence>44</Cadence></Trackpoint><Trackpoint><Time>2026-09-13T20:48:54Z</Time><Position><LatitudeDegrees>4.723772</LatitudeDegrees><LongitudeDegrees>-74.04599</LongitudeDegrees></Position><HeartRateBpm><Value>98</Value></HeartRateBpm><Cadence>43</Cadence></Trackpoint><Trackpoint><Time>2026-09-13T20:48:55Z</Time><Position><LatitudeDegrees>4.723772</LatitudeDegrees><LongitudeDegrees>-74.04599</LongitudeDegrees></Position><AltitudeMeters>2565.0</AltitudeMeters><HeartRateBpm><Value>99</Value></HeartRateBpm><Cadence>43</Cadence></Trackpoint><Trackpoint><Time>2026-09-13T20:48:56Z</Time><Position><LatitudeDegrees>4.723772</LatitudeDegrees><LongitudeDegrees>-74.04599</LongitudeDegrees></Position><HeartRateBpm><Value>99</Value></HeartRateBpm><Cadence>44</Cadence></Trackpoint><Trackpoint><Time>2026-09-13T20:48:57Z</Time><Position><LatitudeDegrees>4.723772</LatitudeDegrees><LongitudeDegrees>-74.04599</LongitudeDegrees></Position><HeartRateBpm><Value>99</Value></HeartRateBpm><Cadence>46</Cadence></Trackpoint><Trackpoint><Time>2026-09-13T20:48:58Z</Time><Position><LatitudeDegrees>4.723772</LatitudeDegrees><LongitudeDegrees>-74.04599</LongitudeDegrees></Position><HeartRateBpm><Value>100</Value></HeartRateBpm><Cadence>48</Cadence></Trackpoint><Trackpoint><Time>2026-09-13T20:48:59Z</Time><Position><LatitudeDegrees>4.723772</LatitudeDegrees><LongitudeDegrees>-74.04599</LongitudeDegrees></Position><HeartRateBpm><Value>100</Value></HeartRateBpm><Cadence>49</Cadence></Trackpoint><Trackpoint><Time>2026-09-13T20:49:00Z</Time><Position><LatitudeDegrees>4.723772</LatitudeDegrees><LongitudeDegrees>-74.04599</LongitudeDegrees></Position><AltitudeMeters>2565.7</AltitudeMeters><HeartRateBpm><Value>101</Value></HeartRateBpm><Cadence>51</Cadence></Trackpoint><Trackpoint><Time>2026-09-13T20:49:01Z</Time><Position><LatitudeDegrees>4.723772</LatitudeDegrees><LongitudeDegrees>-74.04599</LongitudeDegrees></Position><HeartRateBpm><Value>101</Value></HeartRateBpm><Cadence>52</Cadence></Trackpoint><Trackpoint><Time>2026-09-13T20:49:02Z</Time><Position><LatitudeDegrees>4.723772</LatitudeDegrees><LongitudeDegrees>-74.04599</LongitudeDegrees></Position><HeartRateBpm><Value>101</Value></HeartRateBpm><Cadence>53</Cadence></Trackpoint><Trackpoint><Time>2026-09-13T20:49:03Z</Time><Position><LatitudeDegrees>4.723772</LatitudeDegrees><LongitudeDegrees>-74.04599</LongitudeDegrees></Position><HeartRateBpm><Value>101</Value></HeartRateBpm><Cadence>55</Cadence></Trackpoint><Trackpoint><Time>2026-09-13T20:49:04Z</Time><Position><LatitudeDegrees>4.723772</LatitudeDegrees><LongitudeDegrees>-74.04599</LongitudeDegrees></Position><HeartRateBpm><Value>101</Value></HeartRateBpm><Cadence>56</Cadence></Trackpoint><Trackpoint><Time>2026-09-13T20:49:05Z</Time><Position><LatitudeDegrees>4.723772</LatitudeDegrees><LongitudeDegrees>-74.04599</LongitudeDegrees></Position><AltitudeMeters>2566.0</AltitudeMeters><HeartRateBpm><Value>101</Value></HeartRateBpm><Cadence>57</Cadence></Trackpoint><Trackpoint><Time>2026-09-13T20:49:06Z</Time><Position><LatitudeDegrees>4.723772</LatitudeDegrees><LongitudeDegrees>-74.04599</LongitudeDegrees></Position><HeartRateBpm><Value>101</Value></HeartRateBpm><Cadence>57</Cadence></Trackpoint><Trackpoint><Time>2026-09-13T20:49:07Z</Time><Position><LatitudeDegrees>4.723772</LatitudeDegrees><LongitudeDegrees>-74.04599</LongitudeDegrees></Position><HeartRateBpm><Value>101</Value></HeartRateBpm><Cadence>56</Cadence></Trackpoint><Trackpoint><Time>2026-09-13T20:49:08Z</Time><Position><LatitudeDegrees>4.723772</LatitudeDegrees><LongitudeDegrees>-74.04599</LongitudeDegrees></Position><HeartRateBpm><Value>101</Value></HeartRateBpm><Cadence>56</Cadence></Trackpoint><Trackpoint><Time>2026-09-13T20:49:09Z</Time><Position><LatitudeDegrees>4.723772</LatitudeDegrees><LongitudeDegrees>-74.04599</LongitudeDegrees></Position><HeartRateBpm><Value>101</Value></HeartRateBpm><Cadence>55</Cadence></Trackpoint><Trackpoint><Time>2026-09-13T20:49:10Z</Time><Position><LatitudeDegrees>4.723772</LatitudeDegrees><LongitudeDegrees>-74.04599</LongitudeDegrees></Position><AltitudeMeters>2566.1</AltitudeMeters><HeartRateBpm><Value>102</Value></HeartRateBpm><Cadence>55</Cadence></Trackpoint><Trackpoint><Time>2026-09-13T20:49:11Z</Time><Position><LatitudeDegrees>4.723772</LatitudeDegrees><LongitudeDegrees>-74.04599</LongitudeDegrees></Position><HeartRateBpm><Value>101</Value></HeartRateBpm><Cadence>55</Cadence></Trackpoint><Trackpoint><Time>2026-09-13T20:49:12Z</Time><Position><LatitudeDegrees>4.723772</LatitudeDegrees><LongitudeDegrees>-74.04599</LongitudeDegrees></Position><HeartRateBpm><Value>101</Value></HeartRateBpm><Cadence>55</Cadence></Trackpoint><Trackpoint><Time>2026-09-13T20:49:13Z</Time><Position><LatitudeDegrees>4.723772</LatitudeDegrees><LongitudeDegrees>-74.04599</LongitudeDegrees></Position><HeartRateBpm><Value>100</Value></HeartRateBpm><Cadence>55</Cadence></Trackpoint><Trackpoint><Time>2026-09-13T20:49:14Z</Time><Position><LatitudeDegrees>4.723772</LatitudeDegrees><LongitudeDegrees>-74.04599</LongitudeDegrees></Position><HeartRateBpm><Value>100</Value></HeartRateBpm><Cadence>55</Cadence></Trackpoint><Trackpoint><Time>2026-09-13T20:49:15Z</Time><Position><LatitudeDegrees>4.723772</LatitudeDegrees><LongitudeDegrees>-74.04599</LongitudeDegrees></Position><AltitudeMeters>2566.0</AltitudeMeters><HeartRateBpm><Value>100</Value></HeartRateBpm><Cadence>55</Cadence></Trackpoint><Trackpoint><Time>2026-09-13T20:49:16Z</Time><Position><LatitudeDegrees>4.723772</LatitudeDegrees><LongitudeDegrees>-74.04599</LongitudeDegrees></Position><HeartRateBpm><Value>99</Value></HeartRateBpm><Cadence>55</Cadence></Trackpoint><Trackpoint><Time>2026-09-13T20:49:17Z</Time><Position><LatitudeDegrees>4.723772</LatitudeDegrees><LongitudeDegrees>-74.04599</LongitudeDegrees></Position><HeartRateBpm><Value>99</Value></HeartRateBpm><Cadence>55</Cadence></Trackpoint><Trackpoint><Time>2026-09-13T20:49:18Z</Time><Position><LatitudeDegrees>4.723772</LatitudeDegrees><LongitudeDegrees>-74.04599</LongitudeDegrees></Position><HeartRateBpm><Value>98</Value></HeartRateBpm><Cadence>54</Cadence></Trackpoint><Trackpoint><Time>2026-09-13T20:49:19Z</Time><Position><LatitudeDegrees>4.723772</LatitudeDegrees><LongitudeDegrees>-74.04599</LongitudeDegrees></Position><HeartRateBpm><Value>98</Value></HeartRateBpm><Cadence>54</Cadence></Trackpoint><Trackpoint><Time>2026-09-13T20:49:20Z</Time><Position><LatitudeDegrees>4.723772</LatitudeDegrees><LongitudeDegrees>-74.04599</LongitudeDegrees></Position><AltitudeMeters>2565.8</AltitudeMeters><HeartRateBpm><Value>98</Value></HeartRateBpm><Cadence>54</Cadence></Trackpoint><Trackpoint><Time>2026-09-13T20:49:21Z</Time><Position><LatitudeDegrees>4.723772</LatitudeDegrees><LongitudeDegrees>-74.04599</LongitudeDegrees></Position><HeartRateBpm><Value>97</Value></HeartRateBpm><Cadence>53</Cadence></Trackpoint><Trackpoint><Time>2026-09-13T20:49:22Z</Time><Position><LatitudeDegrees>4.723772</LatitudeDegrees><LongitudeDegrees>-74.04599</LongitudeDegrees></Position><HeartRateBpm><Value>97</Value></HeartRateBpm><Cadence>53</Cadence></Trackpoint><Trackpoint><Time>2026-09-13T20:49:23Z</Time><Position><LatitudeDegrees>4.723772</LatitudeDegrees><LongitudeDegrees>-74.04599</LongitudeDegrees></Position><HeartRateBpm><Value>97</Value></HeartRateBpm><Cadence>52</Cadence></Trackpoint><Trackpoint><Time>2026-09-13T20:49:24Z</Time><Position><LatitudeDegrees>4.723772</LatitudeDegrees><LongitudeDegrees>-74.04599</LongitudeDegrees></Position><HeartRateBpm><Value>97</Value></HeartRateBpm><Cadence>52</Cadence></Trackpoint><Trackpoint><Time>2026-09-13T20:49:25Z</Time><Position><LatitudeDegrees>4.723772</LatitudeDegrees><LongitudeDegrees>-74.04599</LongitudeDegrees></Position><AltitudeMeters>2565.7</AltitudeMeters><HeartRateBpm><Value>97</Value></HeartRateBpm><Cadence>51</Cadence></Trackpoint><Trackpoint><Time>2026-09-13T20:49:26Z</Time><Position><LatitudeDegrees>4.723772</LatitudeDegrees><LongitudeDegrees>-74.04599</LongitudeDegrees></Position><HeartRateBpm><Value>96</Value></HeartRateBpm><Cadence>50</Cadence></Trackpoint><Trackpoint><Time>2026-09-13T20:49:27Z</Time><Position><LatitudeDegrees>4.723772</LatitudeDegrees><LongitudeDegrees>-74.04599</LongitudeDegrees></Position><HeartRateBpm><Value>95</Value></HeartRateBpm><Cadence>49</Cadence></Trackpoint><Trackpoint><Time>2026-09-13T20:49:28Z</Time><Position><LatitudeDegrees>4.723772</LatitudeDegrees><LongitudeDegrees>-74.04599</LongitudeDegrees></Position><HeartRateBpm><Value>94</Value></HeartRateBpm><Cadence>49</Cadence></Trackpoint><Trackpoint><Time>2026-09-13T20:49:29Z</Time><Position><LatitudeDegrees>4.723772</LatitudeDegrees><LongitudeDegrees>-74.04599</LongitudeDegrees></Position><HeartRateBpm><Value>93</Value></HeartRateBpm><Cadence>48</Cadence></Trackpoint><Trackpoint><Time>2026-09-13T20:49:30Z</Time><Position><LatitudeDegrees>4.723772</LatitudeDegrees><LongitudeDegrees>-74.04599</LongitudeDegrees></Position><AltitudeMeters>2565.6</AltitudeMeters><HeartRateBpm><Value>93</Value></HeartRateBpm><Cadence>47</Cadence></Trackpoint><Trackpoint><Time>2026-09-13T20:49:31Z</Time><Position><LatitudeDegrees>4.723772</LatitudeDegrees><LongitudeDegrees>-74.04599</LongitudeDegrees></Position><HeartRateBpm><Value>93</Value></HeartRateBpm><Cadence>46</Cadence></Trackpoint><Trackpoint><Time>2026-09-13T20:49:32Z</Time><Position><LatitudeDegrees>4.723772</LatitudeDegrees><LongitudeDegrees>-74.04599</LongitudeDegrees></Position><HeartRateBpm><Value>93</Value></HeartRateBpm><Cadence>46</Cadence></Trackpoint><Trackpoint><Time>2026-09-13T20:49:33Z</Time><Position><LatitudeDegrees>4.723772</LatitudeDegrees><LongitudeDegrees>-74.04599</LongitudeDegrees></Position><HeartRateBpm><Value>93</Value></HeartRateBpm><Cadence>45</Cadence></Trackpoint><Trackpoint><Time>2026-09-13T20:49:34Z</Time><Position><LatitudeDegrees>4.723772</LatitudeDegrees><LongitudeDegrees>-74.04599</LongitudeDegrees></Position><HeartRateBpm><Value>93</Value></HeartRateBpm><Cadence>45</Cadence></Trackpoint><Trackpoint><Time>2026-09-13T20:49:35Z</Time><Position><LatitudeDegrees>4.723772</LatitudeDegrees><LongitudeDegrees>-74.04599</LongitudeDegrees></Position><AltitudeMeters>2565.5</AltitudeMeters><HeartRateBpm><Value>93</Value></HeartRateBpm><Cadence>44</Cadence></Trackpoint><Trackpoint><Time>2026-09-13T20:49:36Z</Time><Position><LatitudeDegrees>4.723772</LatitudeDegrees><LongitudeDegrees>-74.04599</LongitudeDegrees></Position><HeartRateBpm><Value>93</Value></HeartRateBpm><Cadence>45</Cadence></Trackpoint><Trackpoint><Time>2026-09-13T20:49:37Z</Time><Position><LatitudeDegrees>4.723772</LatitudeDegrees><LongitudeDegrees>-74.04599</LongitudeDegrees></Position><HeartRateBpm><Value>93</Value></HeartRateBpm><Cadence>46</Cadence></Trackpoint><Trackpoint><Time>2026-09-13T20:49:38Z</Time><Position><LatitudeDegrees>4.723772</LatitudeDegrees><LongitudeDegrees>-74.04599</LongitudeDegrees></Position><HeartRateBpm><Value>93</Value></HeartRateBpm><Cadence>47</Cadence></Trackpoint><Trackpoint><Time>2026-09-13T20:49:39Z</Time><Position><LatitudeDegrees>4.723772</LatitudeDegrees><LongitudeDegrees>-74.04599</LongitudeDegrees></Position><HeartRateBpm><Value>93</Value></HeartRateBpm><Cadence>48</Cadence></Trackpoint><Trackpoint><Time>2026-09-13T20:49:40Z</Time><Position><LatitudeDegrees>4.723772</LatitudeDegrees><LongitudeDegrees>-74.04599</LongitudeDegrees></Position><AltitudeMeters>2565.5</AltitudeMeters><HeartRateBpm><Value>93</Value></HeartRateBpm><Cadence>49</Cadence></Trackpoint><Trackpoint><Time>2026-09-13T20:49:41Z</Time><Position><LatitudeDegrees>4.723772</LatitudeDegrees><LongitudeDegrees>-74.04599</LongitudeDegrees></Position><HeartRateBpm><Value>92</Value></HeartRateBpm><Cadence>48</Cadence></Trackpoint><Trackpoint><Time>2026-09-13T20:49:42Z</Time><Position><LatitudeDegrees>4.723772</LatitudeDegrees><LongitudeDegrees>-74.04599</LongitudeDegrees></Position><HeartRateBpm><Value>92</Value></HeartRateBpm><Cadence>47</Cadence></Trackpoint><Trackpoint><Time>2026-09-13T20:49:43Z</Time><Position><LatitudeDegrees>4.723772</LatitudeDegrees><LongitudeDegrees>-74.04599</LongitudeDegrees></Position><HeartRateBpm><Value>91</Value></HeartRateBpm><Cadence>47</Cadence></Trackpoint><Trackpoint><Time>2026-09-13T20:49:44Z</Time><Position><LatitudeDegrees>4.723772</LatitudeDegrees><LongitudeDegrees>-74.04599</LongitudeDegrees></Position><HeartRateBpm><Value>91</Value></HeartRateBpm><Cadence>46</Cadence></Trackpoint><Trackpoint><Time>2026-09-13T20:49:45Z</Time><Position><LatitudeDegrees>4.723772</LatitudeDegrees><LongitudeDegrees>-74.04599</LongitudeDegrees></Position><AltitudeMeters>2565.6</AltitudeMeters><HeartRateBpm><Value>91</Value></HeartRateBpm><Cadence>46</Cadence></Trackpoint><Trackpoint><Time>2026-09-13T20:49:46Z</Time><Position><LatitudeDegrees>4.723772</LatitudeDegrees><LongitudeDegrees>-74.04599</LongitudeDegrees></Position><HeartRateBpm><Value>89</Value></HeartRateBpm><Cadence>45</Cadence></Trackpoint><Trackpoint><Time>2026-09-13T20:49:47Z</Time><Position><LatitudeDegrees>4.723772</LatitudeDegrees><LongitudeDegrees>-74.04599</LongitudeDegrees></Position><HeartRateBpm><Value>88</Value></HeartRateBpm><Cadence>45</Cadence></Trackpoint><Trackpoint><Time>2026-09-13T20:49:48Z</Time><Position><LatitudeDegrees>4.723772</LatitudeDegrees><LongitudeDegrees>-74.04599</LongitudeDegrees></Position><HeartRateBpm><Value>86</Value></HeartRateBpm><Cadence>44</Cadence></Trackpoint><Trackpoint><Time>2026-09-13T20:49:49Z</Time><Position><LatitudeDegrees>4.723772</LatitudeDegrees><LongitudeDegrees>-74.04599</LongitudeDegrees></Position><HeartRateBpm><Value>85</Value></HeartRateBpm><Cadence>44</Cadence></Trackpoint><Trackpoint><Time>2026-09-13T20:49:50Z</Time><Position><LatitudeDegrees>4.723772</LatitudeDegrees><LongitudeDegrees>-74.04599</LongitudeDegrees></Position><AltitudeMeters>2565.6</AltitudeMeters><HeartRateBpm><Value>84</Value></HeartRateBpm><Cadence>43</Cadence></Trackpoint><Trackpoint><Time>2026-09-13T20:49:51Z</Time><Position><LatitudeDegrees>4.723772</LatitudeDegrees><LongitudeDegrees>-74.04599</LongitudeDegrees></Position><HeartRateBpm><Value>83</Value></HeartRateBpm><Cadence>43</Cadence></Trackpoint><Trackpoint><Time>2026-09-13T20:49:52Z</Time><Position><LatitudeDegrees>4.723772</LatitudeDegrees><LongitudeDegrees>-74.04599</LongitudeDegrees></Position><HeartRateBpm><Value>82</Value></HeartRateBpm><Cadence>42</Cadence></Trackpoint><Trackpoint><Time>2026-09-13T20:49:53Z</Time><Position><LatitudeDegrees>4.723772</LatitudeDegrees><LongitudeDegrees>-74.04599</LongitudeDegrees></Position><HeartRateBpm><Value>82</Value></HeartRateBpm><Cadence>42</Cadence></Trackpoint><Trackpoint><Time>2026-09-13T20:49:54Z</Time><Position><LatitudeDegrees>4.723772</LatitudeDegrees><LongitudeDegrees>-74.04599</LongitudeDegrees></Position><HeartRateBpm><Value>81</Value></HeartRateBpm><Cadence>41</Cadence></Trackpoint><Trackpoint><Time>2026-09-13T20:49:55Z</Time><Position><LatitudeDegrees>4.723772</LatitudeDegrees><LongitudeDegrees>-74.04599</LongitudeDegrees></Position><AltitudeMeters>2565.6</AltitudeMeters><HeartRateBpm><Value>81</Value></HeartRateBpm><Cadence>41</Cadence></Trackpoint><Trackpoint><Time>2026-09-13T20:49:56Z</Time><Position><LatitudeDegrees>4.723772</LatitudeDegrees><LongitudeDegrees>-74.04599</LongitudeDegrees></Position><HeartRateBpm><Value>81</Value></HeartRateBpm><Cadence>40</Cadence></Trackpoint><Trackpoint><Time>2026-09-13T20:49:57Z</Time><Position><LatitudeDegrees>4.723772</LatitudeDegrees><LongitudeDegrees>-74.04599</LongitudeDegrees></Position><HeartRateBpm><Value>81</Value></HeartRateBpm><Cadence>40</Cadence></Trackpoint><Trackpoint><Time>2026-09-13T20:49:58Z</Time><Position><LatitudeDegrees>4.723772</LatitudeDegrees><LongitudeDegrees>-74.04599</LongitudeDegrees></Position><HeartRateBpm><Value>81</Value></HeartRateBpm><Cadence>39</Cadence></Trackpoint><Trackpoint><Time>2026-09-13T20:49:59Z</Time><Position><LatitudeDegrees>4.723772</LatitudeDegrees><LongitudeDegrees>-74.04599</LongitudeDegrees></Position><HeartRateBpm><Value>81</Value></HeartRateBpm><Cadence>39</Cadence></Trackpoint><Trackpoint><Time>2026-09-13T20:50:00Z</Time><Position><LatitudeDegrees>4.723772</LatitudeDegrees><LongitudeDegrees>-74.04599</LongitudeDegrees></Position><AltitudeMeters>2565.6</AltitudeMeters><HeartRateBpm><Value>82</Value></HeartRateBpm><Cadence>38</Cadence></Trackpoint><Trackpoint><Time>2026-09-13T20:50:01Z</Time><Position><LatitudeDegrees>4.723772</LatitudeDegrees><LongitudeDegrees>-74.04599</LongitudeDegrees></Position><HeartRateBpm><Value>82</Value></HeartRateBpm><Cadence>41</Cadence></Trackpoint><Trackpoint><Time>2026-09-13T20:50:02Z</Time><Position><LatitudeDegrees>4.723772</LatitudeDegrees><LongitudeDegrees>-74.04599</LongitudeDegrees></Position><HeartRateBpm><Value>82</Value></HeartRateBpm><Cadence>44</Cadence></Trackpoint><Trackpoint><Time>2026-09-13T20:50:03Z</Time><Position><LatitudeDegrees>4.723772</LatitudeDegrees><LongitudeDegrees>-74.04599</LongitudeDegrees></Position><HeartRateBpm><Value>83</Value></HeartRateBpm><Cadence>47</Cadence></Trackpoint><Trackpoint><Time>2026-09-13T20:50:04Z</Time><Position><LatitudeDegrees>4.723772</LatitudeDegrees><LongitudeDegrees>-74.04599</LongitudeDegrees></Position><HeartRateBpm><Value>83</Value></HeartRateBpm><Cadence>50</Cadence></Trackpoint><Trackpoint><Time>2026-09-13T20:50:05Z</Time><Position><LatitudeDegrees>4.723772</LatitudeDegrees><LongitudeDegrees>-74.04599</LongitudeDegrees></Position><AltitudeMeters>2565.8</AltitudeMeters><HeartRateBpm><Value>84</Value></HeartRateBpm><Cadence>53</Cadence></Trackpoint><Trackpoint><Time>2026-09-13T20:50:06Z</Time><Position><LatitudeDegrees>4.723772</LatitudeDegrees><LongitudeDegrees>-74.04599</LongitudeDegrees></Position><HeartRateBpm><Value>84</Value></HeartRateBpm><Cadence>52</Cadence></Trackpoint><Trackpoint><Time>2026-09-13T20:50:07Z</Time><Position><LatitudeDegrees>4.723772</LatitudeDegrees><LongitudeDegrees>-74.04599</LongitudeDegrees></Position><HeartRateBpm><Value>84</Value></HeartRateBpm><Cadence>51</Cadence></Trackpoint><Trackpoint><Time>2026-09-13T20:50:08Z</Time><Position><LatitudeDegrees>4.723772</LatitudeDegrees><LongitudeDegrees>-74.04599</LongitudeDegrees></Position><HeartRateBpm><Value>84</Value></HeartRateBpm><Cadence>51</Cadence></Trackpoint><Trackpoint><Time>2026-09-13T20:50:09Z</Time><Position><LatitudeDegrees>4.723772</LatitudeDegrees><LongitudeDegrees>-74.04599</LongitudeDegrees></Position><HeartRateBpm><Value>84</Value></HeartRateBpm><Cadence>50</Cadence></Trackpoint><Trackpoint><Time>2026-09-13T20:50:10Z</Time><Position><LatitudeDegrees>4.723772</LatitudeDegrees><LongitudeDegrees>-74.04599</LongitudeDegrees></Position><AltitudeMeters>2565.8</AltitudeMeters><HeartRateBpm><Value>85</Value></HeartRateBpm><Cadence>49</Cadence></Trackpoint><Trackpoint><Time>2026-09-13T20:50:11Z</Time><Position><LatitudeDegrees>4.723772</LatitudeDegrees><LongitudeDegrees>-74.04599</LongitudeDegrees></Position><HeartRateBpm><Value>84</Value></HeartRateBpm><Cadence>48</Cadence></Trackpoint><Trackpoint><Time>2026-09-13T20:50:12Z</Time><Position><LatitudeDegrees>4.723772</LatitudeDegrees><LongitudeDegrees>-74.04599</LongitudeDegrees></Position><HeartRateBpm><Value>83</Value></HeartRateBpm><Cadence>47</Cadence></Trackpoint><Trackpoint><Time>2026-09-13T20:50:13Z</Time><Position><LatitudeDegrees>4.723772</LatitudeDegrees><LongitudeDegrees>-74.04599</LongitudeDegrees></Position><HeartRateBpm><Value>83</Value></HeartRateBpm><Cadence>47</Cadence></Trackpoint><Trackpoint><Time>2026-09-13T20:50:14Z</Time><Position><LatitudeDegrees>4.723772</LatitudeDegrees><LongitudeDegrees>-74.04599</LongitudeDegrees></Position><HeartRateBpm><Value>82</Value></HeartRateBpm><Cadence>46</Cadence></Trackpoint><Trackpoint><Time>2026-09-13T20:50:15Z</Time><Position><LatitudeDegrees>4.723772</LatitudeDegrees><LongitudeDegrees>-74.04599</LongitudeDegrees></Position><AltitudeMeters>2565.9</AltitudeMeters><HeartRateBpm><Value>82</Value></HeartRateBpm><Cadence>45</Cadence></Trackpoint><Trackpoint><Time>2026-09-13T20:50:16Z</Time><Position><LatitudeDegrees>4.723772</LatitudeDegrees><LongitudeDegrees>-74.04599</LongitudeDegrees></Position><HeartRateBpm><Value>81</Value></HeartRateBpm><Cadence>45</Cadence></Trackpoint><Trackpoint><Time>2026-09-13T20:50:17Z</Time><Position><LatitudeDegrees>4.723772</LatitudeDegrees><LongitudeDegrees>-74.04599</LongitudeDegrees></Position><HeartRateBpm><Value>80</Value></HeartRateBpm><Cadence>44</Cadence></Trackpoint><Trackpoint><Time>2026-09-13T20:50:18Z</Time><Position><LatitudeDegrees>4.723772</LatitudeDegrees><LongitudeDegrees>-74.04599</LongitudeDegrees></Position><HeartRateBpm><Value>79</Value></HeartRateBpm><Cadence>44</Cadence></Trackpoint><Trackpoint><Time>2026-09-13T20:50:19Z</Time><Position><LatitudeDegrees>4.723772</LatitudeDegrees><LongitudeDegrees>-74.04599</LongitudeDegrees></Position><HeartRateBpm><Value>78</Value></HeartRateBpm><Cadence>43</Cadence></Trackpoint><Trackpoint><Time>2026-09-13T20:50:20Z</Time><Position><LatitudeDegrees>4.723772</LatitudeDegrees><LongitudeDegrees>-74.04599</LongitudeDegrees></Position><AltitudeMeters>2566.0</AltitudeMeters><HeartRateBpm><Value>78</Value></HeartRateBpm><Cadence>43</Cadence></Trackpoint><Trackpoint><Time>2026-09-13T20:50:21Z</Time><Position><LatitudeDegrees>4.723772</LatitudeDegrees><LongitudeDegrees>-74.04599</LongitudeDegrees></Position><HeartRateBpm><Value>78</Value></HeartRateBpm><Cadence>42</Cadence></Trackpoint><Trackpoint><Time>2026-09-13T20:50:22Z</Time><Position><LatitudeDegrees>4.723772</LatitudeDegrees><LongitudeDegrees>-74.04599</LongitudeDegrees></Position><HeartRateBpm><Value>78</Value></HeartRateBpm><Cadence>42</Cadence></Trackpoint><Trackpoint><Time>2026-09-13T20:50:23Z</Time><Position><LatitudeDegrees>4.723772</LatitudeDegrees><LongitudeDegrees>-74.04599</LongitudeDegrees></Position><HeartRateBpm><Value>78</Value></HeartRateBpm><Cadence>41</Cadence></Trackpoint><Trackpoint><Time>2026-09-13T20:50:24Z</Time><Position><LatitudeDegrees>4.723772</LatitudeDegrees><LongitudeDegrees>-74.04599</LongitudeDegrees></Position><HeartRateBpm><Value>78</Value></HeartRateBpm><Cadence>40</Cadence></Trackpoint><Trackpoint><Time>2026-09-13T20:50:25Z</Time><Position><LatitudeDegrees>4.723772</LatitudeDegrees><LongitudeDegrees>-74.04599</LongitudeDegrees></Position><AltitudeMeters>2566.0</AltitudeMeters><HeartRateBpm><Value>79</Value></HeartRateBpm><Cadence>40</Cadence></Trackpoint><Trackpoint><Time>2026-09-13T20:50:26Z</Time><Position><LatitudeDegrees>4.723772</LatitudeDegrees><LongitudeDegrees>-74.04599</LongitudeDegrees></Position><HeartRateBpm><Value>78</Value></HeartRateBpm><Cadence>39</Cadence></Trackpoint><Trackpoint><Time>2026-09-13T20:50:27Z</Time><Position><LatitudeDegrees>4.723772</LatitudeDegrees><LongitudeDegrees>-74.04599</LongitudeDegrees></Position><HeartRateBpm><Value>78</Value></HeartRateBpm><Cadence>38</Cadence></Trackpoint><Trackpoint><Time>2026-09-13T20:50:28Z</Time><Position><LatitudeDegrees>4.723772</LatitudeDegrees><LongitudeDegrees>-74.04599</LongitudeDegrees></Position><HeartRateBpm><Value>78</Value></HeartRateBpm><Cadence>37</Cadence></Trackpoint><Trackpoint><Time>2026-09-13T20:50:29Z</Time><Position><LatitudeDegrees>4.723772</LatitudeDegrees><LongitudeDegrees>-74.04599</LongitudeDegrees></Position><HeartRateBpm><Value>78</Value></HeartRateBpm><Cadence>37</Cadence></Trackpoint><Trackpoint><Time>2026-09-13T20:50:30Z</Time><Position><LatitudeDegrees>4.723772</LatitudeDegrees><LongitudeDegrees>-74.04599</LongitudeDegrees></Position><AltitudeMeters>2566.0</AltitudeMeters><HeartRateBpm><Value>78</Value></HeartRateBpm><Cadence>36</Cadence></Trackpoint><Trackpoint><Time>2026-09-13T20:50:31Z</Time><Position><LatitudeDegrees>4.723772</LatitudeDegrees><LongitudeDegrees>-74.04599</LongitudeDegrees></Position><HeartRateBpm><Value>78</Value></HeartRateBpm><Cadence>35</Cadence></Trackpoint><Trackpoint><Time>2026-09-13T20:50:32Z</Time><Position><LatitudeDegrees>4.723772</LatitudeDegrees><LongitudeDegrees>-74.04599</LongitudeDegrees></Position><HeartRateBpm><Value>78</Value></HeartRateBpm><Cadence>35</Cadence></Trackpoint><Trackpoint><Time>2026-09-13T20:50:33Z</Time><Position><LatitudeDegrees>4.723772</LatitudeDegrees><LongitudeDegrees>-74.04599</LongitudeDegrees></Position><HeartRateBpm><Value>78</Value></HeartRateBpm><Cadence>34</Cadence></Trackpoint><Trackpoint><Time>2026-09-13T20:50:34Z</Time><Position><LatitudeDegrees>4.723772</LatitudeDegrees><LongitudeDegrees>-74.04599</LongitudeDegrees></Position><HeartRateBpm><Value>78</Value></HeartRateBpm><Cadence>33</Cadence></Trackpoint><Trackpoint><Time>2026-09-13T20:50:35Z</Time><Position><LatitudeDegrees>4.723772</LatitudeDegrees><LongitudeDegrees>-74.04599</LongitudeDegrees></Position><AltitudeMeters>2566.1</AltitudeMeters><HeartRateBpm><Value>79</Value></HeartRateBpm><Cadence>33</Cadence></Trackpoint><Trackpoint><Time>2026-09-13T20:50:36Z</Time><Position><LatitudeDegrees>4.723772</LatitudeDegrees><LongitudeDegrees>-74.04599</LongitudeDegrees></Position><HeartRateBpm><Value>79</Value></HeartRateBpm><Cadence>35</Cadence></Trackpoint><Trackpoint><Time>2026-09-13T20:50:37Z</Time><Position><LatitudeDegrees>4.723772</LatitudeDegrees><LongitudeDegrees>-74.04599</LongitudeDegrees></Position><HeartRateBpm><Value>79</Value></HeartRateBpm><Cadence>37</Cadence></Trackpoint><Trackpoint><Time>2026-09-13T20:50:38Z</Time><Position><LatitudeDegrees>4.723772</LatitudeDegrees><LongitudeDegrees>-74.04599</LongitudeDegrees></Position><HeartRateBpm><Value>80</Value></HeartRateBpm><Cadence>40</Cadence></Trackpoint><Trackpoint><Time>2026-09-13T20:50:39Z</Time><Position><LatitudeDegrees>4.723772</LatitudeDegrees><LongitudeDegrees>-74.04599</LongitudeDegrees></Position><HeartRateBpm><Value>80</Value></HeartRateBpm><Cadence>42</Cadence></Trackpoint><Trackpoint><Time>2026-09-13T20:50:40Z</Time><Position><LatitudeDegrees>4.723772</LatitudeDegrees><LongitudeDegrees>-74.04599</LongitudeDegrees></Position><AltitudeMeters>2566.1</AltitudeMeters><HeartRateBpm><Value>81</Value></HeartRateBpm><Cadence>45</Cadence></Trackpoint><Trackpoint><Time>2026-09-13T20:50:41Z</Time><Position><LatitudeDegrees>4.723772</LatitudeDegrees><LongitudeDegrees>-74.04599</LongitudeDegrees></Position><HeartRateBpm><Value>81</Value></HeartRateBpm><Cadence>44</Cadence></Trackpoint><Trackpoint><Time>2026-09-13T20:50:42Z</Time><Position><LatitudeDegrees>4.723772</LatitudeDegrees><LongitudeDegrees>-74.04599</LongitudeDegrees></Position><HeartRateBpm><Value>81</Value></HeartRateBpm><Cadence>44</Cadence></Trackpoint><Trackpoint><Time>2026-09-13T20:50:43Z</Time><Position><LatitudeDegrees>4.723772</LatitudeDegrees><LongitudeDegrees>-74.04599</LongitudeDegrees></Position><HeartRateBpm><Value>81</Value></HeartRateBpm><Cadence>44</Cadence></Trackpoint><Trackpoint><Time>2026-09-13T20:50:44Z</Time><Position><LatitudeDegrees>4.723772</LatitudeDegrees><LongitudeDegrees>-74.04599</LongitudeDegrees></Position><HeartRateBpm><Value>81</Value></HeartRateBpm><Cadence>44</Cadence></Trackpoint><Trackpoint><Time>2026-09-13T20:50:45Z</Time><Position><LatitudeDegrees>4.723772</LatitudeDegrees><LongitudeDegrees>-74.04599</LongitudeDegrees></Position><AltitudeMeters>2566.0</AltitudeMeters><HeartRateBpm><Value>81</Value></HeartRateBpm><Cadence>44</Cadence></Trackpoint><Trackpoint><Time>2026-09-13T20:50:46Z</Time><Position><LatitudeDegrees>4.723772</LatitudeDegrees><LongitudeDegrees>-74.04599</LongitudeDegrees></Position><HeartRateBpm><Value>80</Value></HeartRateBpm><Cadence>44</Cadence></Trackpoint><Trackpoint><Time>2026-09-13T20:50:47Z</Time><Position><LatitudeDegrees>4.723772</LatitudeDegrees><LongitudeDegrees>-74.04599</LongitudeDegrees></Position><HeartRateBpm><Value>80</Value></HeartRateBpm><Cadence>44</Cadence></Trackpoint><Trackpoint><Time>2026-09-13T20:50:48Z</Time><Position><LatitudeDegrees>4.723772</LatitudeDegrees><LongitudeDegrees>-74.04599</LongitudeDegrees></Position><HeartRateBpm><Value>79</Value></HeartRateBpm><Cadence>44</Cadence></Trackpoint><Trackpoint><Time>2026-09-13T20:50:49Z</Time><Position><LatitudeDegrees>4.723772</LatitudeDegrees><LongitudeDegrees>-74.04599</LongitudeDegrees></Position><HeartRateBpm><Value>79</Value></HeartRateBpm><Cadence>44</Cadence></Trackpoint><Trackpoint><Time>2026-09-13T20:50:50Z</Time><Position><LatitudeDegrees>4.723772</LatitudeDegrees><LongitudeDegrees>-74.04599</LongitudeDegrees></Position><AltitudeMeters>2565.7</AltitudeMeters><HeartRateBpm><Value>79</Value></HeartRateBpm><Cadence>44</Cadence></Trackpoint><Trackpoint><Time>2026-09-13T20:50:51Z</Time><Position><LatitudeDegrees>4.723772</LatitudeDegrees><LongitudeDegrees>-74.04599</LongitudeDegrees></Position><HeartRateBpm><Value>78</Value></HeartRateBpm><Cadence>44</Cadence></Trackpoint><Trackpoint><Time>2026-09-13T20:50:52Z</Time><Position><LatitudeDegrees>4.723772</LatitudeDegrees><LongitudeDegrees>-74.04599</LongitudeDegrees></Position><HeartRateBpm><Value>77</Value></HeartRateBpm><Cadence>45</Cadence></Trackpoint><Trackpoint><Time>2026-09-13T20:50:53Z</Time><Position><LatitudeDegrees>4.723772</LatitudeDegrees><LongitudeDegrees>-74.04599</LongitudeDegrees></Position><HeartRateBpm><Value>76</Value></HeartRateBpm><Cadence>45</Cadence></Trackpoint><Trackpoint><Time>2026-09-13T20:50:54Z</Time><Position><LatitudeDegrees>4.723772</LatitudeDegrees><LongitudeDegrees>-74.04599</LongitudeDegrees></Position><HeartRateBpm><Value>75</Value></HeartRateBpm><Cadence>45</Cadence></Trackpoint><Trackpoint><Time>2026-09-13T20:50:55Z</Time><Position><LatitudeDegrees>4.723772</LatitudeDegrees><LongitudeDegrees>-74.04599</LongitudeDegrees></Position><AltitudeMeters>2565.6</AltitudeMeters><HeartRateBpm><Value>75</Value></HeartRateBpm><Cadence>46</Cadence></Trackpoint><Trackpoint><Time>2026-09-13T20:50:56Z</Time><Position><LatitudeDegrees>4.723772</LatitudeDegrees><LongitudeDegrees>-74.04599</LongitudeDegrees></Position><HeartRateBpm><Value>74</Value></HeartRateBpm><Cadence>47</Cadence></Trackpoint><Trackpoint><Time>2026-09-13T20:50:57Z</Time><Position><LatitudeDegrees>4.723772</LatitudeDegrees><LongitudeDegrees>-74.04599</LongitudeDegrees></Position><HeartRateBpm><Value>74</Value></HeartRateBpm><Cadence>48</Cadence></Trackpoint><Trackpoint><Time>2026-09-13T20:50:58Z</Time><Position><LatitudeDegrees>4.723772</LatitudeDegrees><LongitudeDegrees>-74.04599</LongitudeDegrees></Position><HeartRateBpm><Value>73</Value></HeartRateBpm><Cadence>49</Cadence></Trackpoint><Trackpoint><Time>2026-09-13T20:50:59Z</Time><Position><LatitudeDegrees>4.723772</LatitudeDegrees><LongitudeDegrees>-74.04599</LongitudeDegrees></Position><HeartRateBpm><Value>73</Value></HeartRateBpm><Cadence>50</Cadence></Trackpoint><Trackpoint><Time>2026-09-13T20:51:00Z</Time><Position><LatitudeDegrees>4.723772</LatitudeDegrees><LongitudeDegrees>-74.04599</LongitudeDegrees></Position><AltitudeMeters>2565.6</AltitudeMeters><HeartRateBpm><Value>73</Value></HeartRateBpm><Cadence>51</Cadence></Trackpoint><Trackpoint><Time>2026-09-13T20:51:01Z</Time><Position><LatitudeDegrees>4.723772</LatitudeDegrees><LongitudeDegrees>-74.04599</LongitudeDegrees></Position><HeartRateBpm><Value>73</Value></HeartRateBpm><Cadence>51</Cadence></Trackpoint><Trackpoint><Time>2026-09-13T20:51:02Z</Time><Position><LatitudeDegrees>4.723772</LatitudeDegrees><LongitudeDegrees>-74.04599</LongitudeDegrees></Position><HeartRateBpm><Value>73</Value></HeartRateBpm><Cadence>52</Cadence></Trackpoint><Trackpoint><Time>2026-09-13T20:51:03Z</Time><Position><LatitudeDegrees>4.723772</LatitudeDegrees><LongitudeDegrees>-74.04599</LongitudeDegrees></Position><HeartRateBpm><Value>73</Value></HeartRateBpm><Cadence>53</Cadence></Trackpoint><Trackpoint><Time>2026-09-13T20:51:04Z</Time><Position><LatitudeDegrees>4.723772</LatitudeDegrees><LongitudeDegrees>-74.04599</LongitudeDegrees></Position><HeartRateBpm><Value>73</Value></HeartRateBpm><Cadence>53</Cadence></Trackpoint><Trackpoint><Time>2026-09-13T20:51:05Z</Time><Position><LatitudeDegrees>4.723772</LatitudeDegrees><LongitudeDegrees>-74.04599</LongitudeDegrees></Position><AltitudeMeters>2565.4</AltitudeMeters><HeartRateBpm><Value>73</Value></HeartRateBpm><Cadence>54</Cadence></Trackpoint><Trackpoint><Time>2026-09-13T20:51:06Z</Time><Position><LatitudeDegrees>4.723772</LatitudeDegrees><LongitudeDegrees>-74.04599</LongitudeDegrees></Position><HeartRateBpm><Value>73</Value></HeartRateBpm><Cadence>54</Cadence></Trackpoint><Trackpoint><Time>2026-09-13T20:51:07Z</Time><Position><LatitudeDegrees>4.723772</LatitudeDegrees><LongitudeDegrees>-74.04599</LongitudeDegrees></Position><HeartRateBpm><Value>74</Value></HeartRateBpm><Cadence>54</Cadence></Trackpoint><Trackpoint><Time>2026-09-13T20:51:08Z</Time><Position><LatitudeDegrees>4.723772</LatitudeDegrees><LongitudeDegrees>-74.04599</LongitudeDegrees></Position><HeartRateBpm><Value>74</Value></HeartRateBpm><Cadence>54</Cadence></Trackpoint><Trackpoint><Time>2026-09-13T20:51:09Z</Time><Position><LatitudeDegrees>4.723772</LatitudeDegrees><LongitudeDegrees>-74.04599</LongitudeDegrees></Position><HeartRateBpm><Value>75</Value></HeartRateBpm><Cadence>54</Cadence></Trackpoint><Trackpoint><Time>2026-09-13T20:51:10Z</Time><Position><LatitudeDegrees>4.723772</LatitudeDegrees><LongitudeDegrees>-74.04599</LongitudeDegrees></Position><AltitudeMeters>2565.2</AltitudeMeters><HeartRateBpm><Value>76</Value></HeartRateBpm><Cadence>54</Cadence></Trackpoint><Trackpoint><Time>2026-09-13T20:51:11Z</Time><Position><LatitudeDegrees>4.723772</LatitudeDegrees><LongitudeDegrees>-74.04599</LongitudeDegrees></Position><HeartRateBpm><Value>76</Value></HeartRateBpm><Cadence>54</Cadence></Trackpoint><Trackpoint><Time>2026-09-13T20:51:12Z</Time><Position><LatitudeDegrees>4.723772</LatitudeDegrees><LongitudeDegrees>-74.04599</LongitudeDegrees></Position><HeartRateBpm><Value>77</Value></HeartRateBpm><Cadence>53</Cadence></Trackpoint><Trackpoint><Time>2026-09-13T20:51:13Z</Time><Position><LatitudeDegrees>4.723772</LatitudeDegrees><LongitudeDegrees>-74.04599</LongitudeDegrees></Position><HeartRateBpm><Value>77</Value></HeartRateBpm><Cadence>53</Cadence></Trackpoint><Trackpoint><Time>2026-09-13T20:51:14Z</Time><Position><LatitudeDegrees>4.723772</LatitudeDegrees><LongitudeDegrees>-74.04599</LongitudeDegrees></Position><HeartRateBpm><Value>78</Value></HeartRateBpm><Cadence>52</Cadence></Trackpoint><Trackpoint><Time>2026-09-13T20:51:15Z</Time><Position><LatitudeDegrees>4.723772</LatitudeDegrees><LongitudeDegrees>-74.04599</LongitudeDegrees></Position><AltitudeMeters>2564.4</AltitudeMeters><HeartRateBpm><Value>79</Value></HeartRateBpm><Cadence>52</Cadence></Trackpoint><Trackpoint><Time>2026-09-13T20:51:16Z</Time><Position><LatitudeDegrees>4.723772</LatitudeDegrees><LongitudeDegrees>-74.04599</LongitudeDegrees></Position><HeartRateBpm><Value>78</Value></HeartRateBpm><Cadence>50</Cadence></Trackpoint><Trackpoint><Time>2026-09-13T20:51:17Z</Time><Position><LatitudeDegrees>4.723772</LatitudeDegrees><LongitudeDegrees>-74.04599</LongitudeDegrees></Position><HeartRateBpm><Value>78</Value></HeartRateBpm><Cadence>48</Cadence></Trackpoint><Trackpoint><Time>2026-09-13T20:51:18Z</Time><Position><LatitudeDegrees>4.723772</LatitudeDegrees><LongitudeDegrees>-74.04599</LongitudeDegrees></Position><HeartRateBpm><Value>77</Value></HeartRateBpm><Cadence>46</Cadence></Trackpoint><Trackpoint><Time>2026-09-13T20:51:19Z</Time><Position><LatitudeDegrees>4.723772</LatitudeDegrees><LongitudeDegrees>-74.04599</LongitudeDegrees></Position><HeartRateBpm><Value>77</Value></HeartRateBpm><Cadence>44</Cadence></Trackpoint><Trackpoint><Time>2026-09-13T20:51:20Z</Time><Position><LatitudeDegrees>4.723772</LatitudeDegrees><LongitudeDegrees>-74.04599</LongitudeDegrees></Position><AltitudeMeters>2563.3</AltitudeMeters><HeartRateBpm><Value>77</Value></HeartRateBpm><Cadence>42</Cadence></Trackpoint><Trackpoint><Time>2026-09-13T20:51:21Z</Time><Position><LatitudeDegrees>4.723772</LatitudeDegrees><LongitudeDegrees>-74.04599</LongitudeDegrees></Position><HeartRateBpm><Value>77</Value></HeartRateBpm><Cadence>43</Cadence></Trackpoint><Trackpoint><Time>2026-09-13T20:51:22Z</Time><Position><LatitudeDegrees>4.723772</LatitudeDegrees><LongitudeDegrees>-74.04599</LongitudeDegrees></Position><HeartRateBpm><Value>77</Value></HeartRateBpm><Cadence>44</Cadence></Trackpoint><Trackpoint><Time>2026-09-13T20:51:23Z</Time><Position><LatitudeDegrees>4.723772</LatitudeDegrees><LongitudeDegrees>-74.04599</LongitudeDegrees></Position><HeartRateBpm><Value>77</Value></HeartRateBpm><Cadence>45</Cadence></Trackpoint><Trackpoint><Time>2026-09-13T20:51:24Z</Time><Position><LatitudeDegrees>4.723772</LatitudeDegrees><LongitudeDegrees>-74.04599</LongitudeDegrees></Position><HeartRateBpm><Value>77</Value></HeartRateBpm><Cadence>46</Cadence></Trackpoint><Trackpoint><Time>2026-09-13T20:51:25Z</Time><Position><LatitudeDegrees>4.723772</LatitudeDegrees><LongitudeDegrees>-74.04599</LongitudeDegrees></Position><AltitudeMeters>2562.9</AltitudeMeters><HeartRateBpm><Value>77</Value></HeartRateBpm><Cadence>47</Cadence></Trackpoint><Trackpoint><Time>2026-09-13T20:51:26Z</Time><Position><LatitudeDegrees>4.723772</LatitudeDegrees><LongitudeDegrees>-74.04599</LongitudeDegrees></Position><HeartRateBpm><Value>77</Value></HeartRateBpm><Cadence>48</Cadence></Trackpoint><Trackpoint><Time>2026-09-13T20:51:27Z</Time><Position><LatitudeDegrees>4.723772</LatitudeDegrees><LongitudeDegrees>-74.04599</LongitudeDegrees></Position><HeartRateBpm><Value>77</Value></HeartRateBpm><Cadence>48</Cadence></Trackpoint><Trackpoint><Time>2026-09-13T20:51:28Z</Time><Position><LatitudeDegrees>4.723772</LatitudeDegrees><LongitudeDegrees>-74.04599</LongitudeDegrees></Position><HeartRateBpm><Value>77</Value></HeartRateBpm><Cadence>49</Cadence></Trackpoint><Trackpoint><Time>2026-09-13T20:51:29Z</Time><Position><LatitudeDegrees>4.723772</LatitudeDegrees><LongitudeDegrees>-74.04599</LongitudeDegrees></Position><HeartRateBpm><Value>77</Value></HeartRateBpm><Cadence>49</Cadence></Trackpoint><Trackpoint><Time>2026-09-13T20:51:30Z</Time><Position><LatitudeDegrees>4.723772</LatitudeDegrees><LongitudeDegrees>-74.04599</LongitudeDegrees></Position><AltitudeMeters>2562.3</AltitudeMeters><HeartRateBpm><Value>77</Value></HeartRateBpm><Cadence>50</Cadence></Trackpoint><Trackpoint><Time>2026-09-13T20:51:31Z</Time><Position><LatitudeDegrees>4.723772</LatitudeDegrees><LongitudeDegrees>-74.04599</LongitudeDegrees></Position><HeartRateBpm><Value>76</Value></HeartRateBpm><Cadence>50</Cadence></Trackpoint><Trackpoint><Time>2026-09-13T20:51:32Z</Time><Position><LatitudeDegrees>4.723772</LatitudeDegrees><LongitudeDegrees>-74.04599</LongitudeDegrees></Position><HeartRateBpm><Value>76</Value></HeartRateBpm><Cadence>50</Cadence></Trackpoint><Trackpoint><Time>2026-09-13T20:51:33Z</Time><Position><LatitudeDegrees>4.723772</LatitudeDegrees><LongitudeDegrees>-74.04599</LongitudeDegrees></Position><HeartRateBpm><Value>76</Value></HeartRateBpm><Cadence>50</Cadence></Trackpoint><Trackpoint><Time>2026-09-13T20:51:34Z</Time><Position><LatitudeDegrees>4.72379</LatitudeDegrees><LongitudeDegrees>-74.046</LongitudeDegrees></Position><HeartRateBpm><Value>76</Value></HeartRateBpm><Cadence>50</Cadence></Trackpoint><Trackpoint><Time>2026-09-13T20:51:35Z</Time><Position><LatitudeDegrees>4.723807</LatitudeDegrees><LongitudeDegrees>-74.046005</LongitudeDegrees></Position><AltitudeMeters>2562.1</AltitudeMeters><HeartRateBpm><Value>76</Value></HeartRateBpm><Cadence>50</Cadence></Trackpoint><Trackpoint><Time>2026-09-13T20:51:36Z</Time><Position><LatitudeDegrees>4.723824</LatitudeDegrees><LongitudeDegrees>-74.046005</LongitudeDegrees></Position><HeartRateBpm><Value>75</Value></HeartRateBpm><Cadence>49</Cadence></Trackpoint><Trackpoint><Time>2026-09-13T20:51:37Z</Time><Position><LatitudeDegrees>4.723841</LatitudeDegrees><LongitudeDegrees>-74.04601</LongitudeDegrees></Position><HeartRateBpm><Value>75</Value></HeartRateBpm><Cadence>49</Cadence></Trackpoint><Trackpoint><Time>2026-09-13T20:51:38Z</Time><Position><LatitudeDegrees>4.723859</LatitudeDegrees><LongitudeDegrees>-74.04602</LongitudeDegrees></Position><HeartRateBpm><Value>74</Value></HeartRateBpm><Cadence>49</Cadence></Trackpoint><Trackpoint><Time>2026-09-13T20:51:39Z</Time><Position><LatitudeDegrees>4.723876</LatitudeDegrees><LongitudeDegrees>-74.04603</LongitudeDegrees></Position><HeartRateBpm><Value>74</Value></HeartRateBpm><Cadence>49</Cadence></Trackpoint><Trackpoint><Time>2026-09-13T20:51:40Z</Time><Position><LatitudeDegrees>4.723893</LatitudeDegrees><LongitudeDegrees>-74.046036</LongitudeDegrees></Position><AltitudeMeters>2562.1</AltitudeMeters><HeartRateBpm><Value>74</Value></HeartRateBpm><Cadence>49</Cadence></Trackpoint><Trackpoint><Time>2026-09-13T20:51:41Z</Time><Position><LatitudeDegrees>4.72391</LatitudeDegrees><LongitudeDegrees>-74.046036</LongitudeDegrees></Position><HeartRateBpm><Value>73</Value></HeartRateBpm><Cadence>49</Cadence></Trackpoint><Trackpoint><Time>2026-09-13T20:51:42Z</Time><Position><LatitudeDegrees>4.723912</LatitudeDegrees><LongitudeDegrees>-74.046036</LongitudeDegrees></Position><HeartRateBpm><Value>73</Value></HeartRateBpm><Cadence>49</Cadence></Trackpoint><Trackpoint><Time>2026-09-13T20:51:43Z</Time><Position><LatitudeDegrees>4.723909</LatitudeDegrees><LongitudeDegrees>-74.04604</LongitudeDegrees></Position><HeartRateBpm><Value>73</Value></HeartRateBpm><Cadence>48</Cadence></Trackpoint><Trackpoint><Time>2026-09-13T20:51:44Z</Time><Position><LatitudeDegrees>4.723915</LatitudeDegrees><LongitudeDegrees>-74.04604</LongitudeDegrees></Position><HeartRateBpm><Value>73</Value></HeartRateBpm><Cadence>48</Cadence></Trackpoint><Trackpoint><Time>2026-09-13T20:51:45Z</Time><Position><LatitudeDegrees>4.723916</LatitudeDegrees><LongitudeDegrees>-74.04604</LongitudeDegrees></Position><AltitudeMeters>2562.0</AltitudeMeters><HeartRateBpm><Value>73</Value></HeartRateBpm><Cadence>48</Cadence></Trackpoint><Trackpoint><Time>2026-09-13T20:51:46Z</Time><Position><LatitudeDegrees>4.723921</LatitudeDegrees><LongitudeDegrees>-74.046036</LongitudeDegrees></Position><HeartRateBpm><Value>73</Value></HeartRateBpm><Cadence>48</Cadence></Trackpoint><Trackpoint><Time>2026-09-13T20:51:47Z</Time><Position><LatitudeDegrees>4.723924</LatitudeDegrees><LongitudeDegrees>-74.046036</LongitudeDegrees></Position><HeartRateBpm><Value>73</Value></HeartRateBpm><Cadence>49</Cadence></Trackpoint><Trackpoint><Time>2026-09-13T20:51:48Z</Time><Position><LatitudeDegrees>4.723935</LatitudeDegrees><LongitudeDegrees>-74.04602</LongitudeDegrees></Position><HeartRateBpm><Value>74</Value></HeartRateBpm><Cadence>49</Cadence></Trackpoint><Trackpoint><Time>2026-09-13T20:51:49Z</Time><Position><LatitudeDegrees>4.723944</LatitudeDegrees><LongitudeDegrees>-74.04601</LongitudeDegrees></Position><HeartRateBpm><Value>74</Value></HeartRateBpm><Cadence>49</Cadence></Trackpoint><Trackpoint><Time>2026-09-13T20:51:50Z</Time><Position><LatitudeDegrees>4.723948</LatitudeDegrees><LongitudeDegrees>-74.046</LongitudeDegrees></Position><AltitudeMeters>2561.9</AltitudeMeters><HeartRateBpm><Value>75</Value></HeartRateBpm><Cadence>50</Cadence></Trackpoint><Trackpoint><Time>2026-09-13T20:51:51Z</Time><Position><LatitudeDegrees>4.723953</LatitudeDegrees><LongitudeDegrees>-74.04598</LongitudeDegrees></Position><HeartRateBpm><Value>74</Value></HeartRateBpm><Cadence>50</Cadence></Trackpoint><Trackpoint><Time>2026-09-13T20:51:52Z</Time><Position><LatitudeDegrees>4.723971</LatitudeDegrees><LongitudeDegrees>-74.04598</LongitudeDegrees></Position><HeartRateBpm><Value>74</Value></HeartRateBpm><Cadence>50</Cadence></Trackpoint><Trackpoint><Time>2026-09-13T20:51:53Z</Time><Position><LatitudeDegrees>4.723984</LatitudeDegrees><LongitudeDegrees>-74.04597</LongitudeDegrees></Position><HeartRateBpm><Value>73</Value></HeartRateBpm><Cadence>50</Cadence></Trackpoint><Trackpoint><Time>2026-09-13T20:51:54Z</Time><Position><LatitudeDegrees>4.723984</LatitudeDegrees><LongitudeDegrees>-74.04596</LongitudeDegrees></Position><HeartRateBpm><Value>73</Value></HeartRateBpm><Cadence>50</Cadence></Trackpoint><Trackpoint><Time>2026-09-13T20:51:55Z</Time><Position><LatitudeDegrees>4.723982</LatitudeDegrees><LongitudeDegrees>-74.04595</LongitudeDegrees></Position><AltitudeMeters>2561.9</AltitudeMeters><HeartRateBpm><Value>73</Value></HeartRateBpm><Cadence>50</Cadence></Trackpoint><Trackpoint><Time>2026-09-13T20:51:56Z</Time><Position><LatitudeDegrees>4.723975</LatitudeDegrees><LongitudeDegrees>-74.04595</LongitudeDegrees></Position><HeartRateBpm><Value>72</Value></HeartRateBpm><Cadence>49</Cadence></Trackpoint><Trackpoint><Time>2026-09-13T20:51:57Z</Time><Position><LatitudeDegrees>4.72398</LatitudeDegrees><LongitudeDegrees>-74.04595</LongitudeDegrees></Position><HeartRateBpm><Value>72</Value></HeartRateBpm><Cadence>49</Cadence></Trackpoint><Trackpoint><Time>2026-09-13T20:51:58Z</Time><Position><LatitudeDegrees>4.723988</LatitudeDegrees><LongitudeDegrees>-74.045944</LongitudeDegrees></Position><HeartRateBpm><Value>72</Value></HeartRateBpm><Cadence>49</Cadence></Trackpoint><Trackpoint><Time>2026-09-13T20:51:59Z</Time><Position><LatitudeDegrees>4.724001</LatitudeDegrees><LongitudeDegrees>-74.04594</LongitudeDegrees></Position><HeartRateBpm><Value>72</Value></HeartRateBpm><Cadence>48</Cadence></Trackpoint><Trackpoint><Time>2026-09-13T20:52:00Z</Time><Position><LatitudeDegrees>4.724</LatitudeDegrees><LongitudeDegrees>-74.04594</LongitudeDegrees></Position><AltitudeMeters>2562.0</AltitudeMeters><HeartRateBpm><Value>72</Value></HeartRateBpm><Cadence>48</Cadence></Trackpoint><Trackpoint><Time>2026-09-13T20:52:01Z</Time><Position><LatitudeDegrees>4.724005</LatitudeDegrees><LongitudeDegrees>-74.04593</LongitudeDegrees></Position><HeartRateBpm><Value>72</Value></HeartRateBpm><Cadence>49</Cadence></Trackpoint><Trackpoint><Time>2026-09-13T20:52:02Z</Time><Position><LatitudeDegrees>4.724007</LatitudeDegrees><LongitudeDegrees>-74.04592</LongitudeDegrees></Position><HeartRateBpm><Value>72</Value></HeartRateBpm><Cadence>50</Cadence></Trackpoint><Trackpoint><Time>2026-09-13T20:52:03Z</Time><Position><LatitudeDegrees>4.724017</LatitudeDegrees><LongitudeDegrees>-74.04592</LongitudeDegrees></Position><HeartRateBpm><Value>72</Value></HeartRateBpm><Cadence>50</Cadence></Trackpoint><Trackpoint><Time>2026-09-13T20:52:04Z</Time><Position><LatitudeDegrees>4.724029</LatitudeDegrees><LongitudeDegrees>-74.04591</LongitudeDegrees></Position><HeartRateBpm><Value>72</Value></HeartRateBpm><Cadence>51</Cadence></Trackpoint><Trackpoint><Time>2026-09-13T20:52:05Z</Time><Position><LatitudeDegrees>4.724045</LatitudeDegrees><LongitudeDegrees>-74.04591</LongitudeDegrees></Position><AltitudeMeters>2562.0</AltitudeMeters><HeartRateBpm><Value>72</Value></HeartRateBpm><Cadence>52</Cadence></Trackpoint><Trackpoint><Time>2026-09-13T20:52:06Z</Time><Position><LatitudeDegrees>4.724055</LatitudeDegrees><LongitudeDegrees>-74.04592</LongitudeDegrees></Position><HeartRateBpm><Value>72</Value></HeartRateBpm><Cadence>52</Cadence></Trackpoint><Trackpoint><Time>2026-09-13T20:52:07Z</Time><Position><LatitudeDegrees>4.724061</LatitudeDegrees><LongitudeDegrees>-74.04592</LongitudeDegrees></Position><HeartRateBpm><Value>73</Value></HeartRateBpm><Cadence>52</Cadence></Trackpoint><Trackpoint><Time>2026-09-13T20:52:08Z</Time><Position><LatitudeDegrees>4.724075</LatitudeDegrees><LongitudeDegrees>-74.04592</LongitudeDegrees></Position><HeartRateBpm><Value>73</Value></HeartRateBpm><Cadence>52</Cadence></Trackpoint><Trackpoint><Time>2026-09-13T20:52:09Z</Time><Position><LatitudeDegrees>4.724084</LatitudeDegrees><LongitudeDegrees>-74.04591</LongitudeDegrees></Position><HeartRateBpm><Value>74</Value></HeartRateBpm><Cadence>52</Cadence></Trackpoint><Trackpoint><Time>2026-09-13T20:52:10Z</Time><Position><LatitudeDegrees>4.724085</LatitudeDegrees><LongitudeDegrees>-74.045906</LongitudeDegrees></Position><AltitudeMeters>2562.0</AltitudeMeters><HeartRateBpm><Value>75</Value></HeartRateBpm><Cadence>53</Cadence></Trackpoint><Trackpoint><Time>2026-09-13T20:52:11Z</Time><Position><LatitudeDegrees>4.724059</LatitudeDegrees><LongitudeDegrees>-74.04588</LongitudeDegrees></Position><HeartRateBpm><Value>75</Value></HeartRateBpm><Cadence>50</Cadence></Trackpoint><Trackpoint><Time>2026-09-13T20:52:12Z</Time><Position><LatitudeDegrees>4.724048</LatitudeDegrees><LongitudeDegrees>-74.045876</LongitudeDegrees></Position><HeartRateBpm><Value>75</Value></HeartRateBpm><Cadence>47</Cadence></Trackpoint><Trackpoint><Time>2026-09-13T20:52:13Z</Time><Position><LatitudeDegrees>4.724044</LatitudeDegrees><LongitudeDegrees>-74.04587</LongitudeDegrees></Position><HeartRateBpm><Value>76</Value></HeartRateBpm><Cadence>44</Cadence></Trackpoint><Trackpoint><Time>2026-09-13T20:52:14Z</Time><Position><LatitudeDegrees>4.724043</LatitudeDegrees><LongitudeDegrees>-74.04586</LongitudeDegrees></Position><HeartRateBpm><Value>76</Value></HeartRateBpm><Cadence>42</Cadence></Trackpoint><Trackpoint><Time>2026-09-13T20:52:15Z</Time><Position><LatitudeDegrees>4.724059</LatitudeDegrees><LongitudeDegrees>-74.04586</LongitudeDegrees></Position><AltitudeMeters>2562.0</AltitudeMeters><HeartRateBpm><Value>77</Value></HeartRateBpm><Cadence>39</Cadence></Trackpoint><Trackpoint><Time>2026-09-13T20:52:16Z</Time><Position><LatitudeDegrees>4.724063</LatitudeDegrees><LongitudeDegrees>-74.04586</LongitudeDegrees></Position><HeartRateBpm><Value>77</Value></HeartRateBpm><Cadence>39</Cadence></Trackpoint><Trackpoint><Time>2026-09-13T20:52:17Z</Time><Position><LatitudeDegrees>4.724067</LatitudeDegrees><LongitudeDegrees>-74.04586</LongitudeDegrees></Position><HeartRateBpm><Value>77</Value></HeartRateBpm><Cadence>39</Cadence></Trackpoint><Trackpoint><Time>2026-09-13T20:52:18Z</Time><Position><LatitudeDegrees>4.724078</LatitudeDegrees><LongitudeDegrees>-74.04585</LongitudeDegrees></Position><HeartRateBpm><Value>78</Value></HeartRateBpm><Cadence>39</Cadence></Trackpoint><Trackpoint><Time>2026-09-13T20:52:19Z</Time><Position><LatitudeDegrees>4.724075</LatitudeDegrees><LongitudeDegrees>-74.04585</LongitudeDegrees></Position><HeartRateBpm><Value>78</Value></HeartRateBpm><Cadence>39</Cadence></Trackpoint><Trackpoint><Time>2026-09-13T20:52:20Z</Time><Position><LatitudeDegrees>4.724073</LatitudeDegrees><LongitudeDegrees>-74.04585</LongitudeDegrees></Position><AltitudeMeters>2562.0</AltitudeMeters><HeartRateBpm><Value>79</Value></HeartRateBpm><Cadence>39</Cadence></Trackpoint><Trackpoint><Time>2026-09-13T20:52:21Z</Time><Position><LatitudeDegrees>4.724065</LatitudeDegrees><LongitudeDegrees>-74.04586</LongitudeDegrees></Position><HeartRateBpm><Value>79</Value></HeartRateBpm><Cadence>39</Cadence></Trackpoint><Trackpoint><Time>2026-09-13T20:52:22Z</Time><Position><LatitudeDegrees>4.724079</LatitudeDegrees><LongitudeDegrees>-74.04587</LongitudeDegrees></Position><HeartRateBpm><Value>79</Value></HeartRateBpm><Cadence>39</Cadence></Trackpoint><Trackpoint><Time>2026-09-13T20:52:23Z</Time><Position><LatitudeDegrees>4.724077</LatitudeDegrees><LongitudeDegrees>-74.04587</LongitudeDegrees></Position><HeartRateBpm><Value>79</Value></HeartRateBpm><Cadence>40</Cadence></Trackpoint><Trackpoint><Time>2026-09-13T20:52:24Z</Time><Position><LatitudeDegrees>4.724079</LatitudeDegrees><LongitudeDegrees>-74.04586</LongitudeDegrees></Position><HeartRateBpm><Value>79</Value></HeartRateBpm><Cadence>40</Cadence></Trackpoint><Trackpoint><Time>2026-09-13T20:52:25Z</Time><Position><LatitudeDegrees>4.724083</LatitudeDegrees><LongitudeDegrees>-74.04587</LongitudeDegrees></Position><AltitudeMeters>2562.0</AltitudeMeters><HeartRateBpm><Value>80</Value></HeartRateBpm><Cadence>40</Cadence></Trackpoint><Trackpoint><Time>2026-09-13T20:52:26Z</Time><Position><LatitudeDegrees>4.724095</LatitudeDegrees><LongitudeDegrees>-74.04586</LongitudeDegrees></Position><HeartRateBpm><Value>80</Value></HeartRateBpm><Cadence>40</Cadence></Trackpoint><Trackpoint><Time>2026-09-13T20:52:27Z</Time><Position><LatitudeDegrees>4.724096</LatitudeDegrees><LongitudeDegrees>-74.04586</LongitudeDegrees></Position><HeartRateBpm><Value>80</Value></HeartRateBpm><Cadence>40</Cadence></Trackpoint><Trackpoint><Time>2026-09-13T20:52:28Z</Time><Position><LatitudeDegrees>4.724103</LatitudeDegrees><LongitudeDegrees>-74.04587</LongitudeDegrees></Position><HeartRateBpm><Value>81</Value></HeartRateBpm><Cadence>40</Cadence></Trackpoint><Trackpoint><Time>2026-09-13T20:52:29Z</Time><Position><LatitudeDegrees>4.72411</LatitudeDegrees><LongitudeDegrees>-74.04587</LongitudeDegrees></Position><HeartRateBpm><Value>81</Value></HeartRateBpm><Cadence>40</Cadence></Trackpoint><Trackpoint><Time>2026-09-13T20:52:30Z</Time><Position><LatitudeDegrees>4.724115</LatitudeDegrees><LongitudeDegrees>-74.04587</LongitudeDegrees></Position><AltitudeMeters>2561.9</AltitudeMeters><HeartRateBpm><Value>82</Value></HeartRateBpm><Cadence>40</Cadence></Trackpoint><Trackpoint><Time>2026-09-13T20:52:31Z</Time><Position><LatitudeDegrees>4.724118</LatitudeDegrees><LongitudeDegrees>-74.04586</LongitudeDegrees></Position><HeartRateBpm><Value>82</Value></HeartRateBpm><Cadence>41</Cadence></Trackpoint><Trackpoint><Time>2026-09-13T20:52:32Z</Time><Position><LatitudeDegrees>4.724135</LatitudeDegrees><LongitudeDegrees>-74.04586</LongitudeDegrees></Position><HeartRateBpm><Value>82</Value></HeartRateBpm><Cadence>43</Cadence></Trackpoint><Trackpoint><Time>2026-09-13T20:52:33Z</Time><Position><LatitudeDegrees>4.724144</LatitudeDegrees><LongitudeDegrees>-74.04586</LongitudeDegrees></Position><HeartRateBpm><Value>83</Value></HeartRateBpm><Cadence>44</Cadence></Trackpoint><Trackpoint><Time>2026-09-13T20:52:34Z</Time><Position><LatitudeDegrees>4.724158</LatitudeDegrees><LongitudeDegrees>-74.04586</LongitudeDegrees></Position><HeartRateBpm><Value>83</Value></HeartRateBpm><Cadence>46</Cadence></Trackpoint><Trackpoint><Time>2026-09-13T20:52:35Z</Time><Position><LatitudeDegrees>4.724169</LatitudeDegrees><LongitudeDegrees>-74.04585</LongitudeDegrees></Position><AltitudeMeters>2561.7</AltitudeMeters><HeartRateBpm><Value>84</Value></HeartRateBpm><Cadence>47</Cadence></Trackpoint><Trackpoint><Time>2026-09-13T20:52:36Z</Time><Position><LatitudeDegrees>4.724169</LatitudeDegrees><LongitudeDegrees>-74.045845</LongitudeDegrees></Position><HeartRateBpm><Value>83</Value></HeartRateBpm><Cadence>47</Cadence></Trackpoint><Trackpoint><Time>2026-09-13T20:52:37Z</Time><Position><LatitudeDegrees>4.724177</LatitudeDegrees><LongitudeDegrees>-74.04584</LongitudeDegrees></Position><HeartRateBpm><Value>83</Value></HeartRateBpm><Cadence>47</Cadence></Trackpoint><Trackpoint><Time>2026-09-13T20:52:38Z</Time><Position><LatitudeDegrees>4.724186</LatitudeDegrees><LongitudeDegrees>-74.04583</LongitudeDegrees></Position><HeartRateBpm><Value>82</Value></HeartRateBpm><Cadence>47</Cadence></Trackpoint><Trackpoint><Time>2026-09-13T20:52:39Z</Time><Position><LatitudeDegrees>4.724197</LatitudeDegrees><LongitudeDegrees>-74.04583</LongitudeDegrees></Position><HeartRateBpm><Value>82</Value></HeartRateBpm><Cadence>47</Cadence></Trackpoint><Trackpoint><Time>2026-09-13T20:52:40Z</Time><Position><LatitudeDegrees>4.724199</LatitudeDegrees><LongitudeDegrees>-74.04583</LongitudeDegrees></Position><AltitudeMeters>2561.7</AltitudeMeters><HeartRateBpm><Value>82</Value></HeartRateBpm><Cadence>47</Cadence></Trackpoint><Trackpoint><Time>2026-09-13T20:52:41Z</Time><Position><LatitudeDegrees>4.724229</LatitudeDegrees><LongitudeDegrees>-74.04584</LongitudeDegrees></Position><HeartRateBpm><Value>82</Value></HeartRateBpm><Cadence>47</Cadence></Trackpoint><Trackpoint><Time>2026-09-13T20:52:42Z</Time><Position><LatitudeDegrees>4.724253</LatitudeDegrees><LongitudeDegrees>-74.04584</LongitudeDegrees></Position><HeartRateBpm><Value>82</Value></HeartRateBpm><Cadence>47</Cadence></Trackpoint><Trackpoint><Time>2026-09-13T20:52:43Z</Time><Position><LatitudeDegrees>4.724301</LatitudeDegrees><LongitudeDegrees>-74.04583</LongitudeDegrees></Position><HeartRateBpm><Value>83</Value></HeartRateBpm><Cadence>47</Cadence></Trackpoint><Trackpoint><Time>2026-09-13T20:52:44Z</Time><Position><LatitudeDegrees>4.724313</LatitudeDegrees><LongitudeDegrees>-74.04583</LongitudeDegrees></Position><HeartRateBpm><Value>83</Value></HeartRateBpm><Cadence>47</Cadence></Trackpoint><Trackpoint><Time>2026-09-13T20:52:45Z</Time><Position><LatitudeDegrees>4.724327</LatitudeDegrees><LongitudeDegrees>-74.04583</LongitudeDegrees></Position><AltitudeMeters>2561.6</AltitudeMeters><HeartRateBpm><Value>84</Value></HeartRateBpm><Cadence>48</Cadence></Trackpoint><Trackpoint><Time>2026-09-13T20:52:46Z</Time><Position><LatitudeDegrees>4.72434</LatitudeDegrees><LongitudeDegrees>-74.04582</LongitudeDegrees></Position><HeartRateBpm><Value>84</Value></HeartRateBpm><Cadence>48</Cadence></Trackpoint><Trackpoint><Time>2026-09-13T20:52:47Z</Time><Position><LatitudeDegrees>4.724352</LatitudeDegrees><LongitudeDegrees>-74.04582</LongitudeDegrees></Position><HeartRateBpm><Value>84</Value></HeartRateBpm><Cadence>48</Cadence></Trackpoint><Trackpoint><Time>2026-09-13T20:52:48Z</Time><Position><LatitudeDegrees>4.724363</LatitudeDegrees><LongitudeDegrees>-74.04582</LongitudeDegrees></Position><HeartRateBpm><Value>84</Value></HeartRateBpm><Cadence>48</Cadence></Trackpoint><Trackpoint><Time>2026-09-13T20:52:49Z</Time><Position><LatitudeDegrees>4.724374</LatitudeDegrees><LongitudeDegrees>-74.045815</LongitudeDegrees></Position><HeartRateBpm><Value>84</Value></HeartRateBpm><Cadence>48</Cadence></Trackpoint><Trackpoint><Time>2026-09-13T20:52:50Z</Time><Position><LatitudeDegrees>4.724386</LatitudeDegrees><LongitudeDegrees>-74.045815</LongitudeDegrees></Position><AltitudeMeters>2561.6</AltitudeMeters><HeartRateBpm><Value>85</Value></HeartRateBpm><Cadence>48</Cadence></Trackpoint><Trackpoint><Time>2026-09-13T20:52:51Z</Time><Position><LatitudeDegrees>4.724396</LatitudeDegrees><LongitudeDegrees>-74.04581</LongitudeDegrees></Position><HeartRateBpm><Value>85</Value></HeartRateBpm><Cadence>47</Cadence></Trackpoint><Trackpoint><Time>2026-09-13T20:52:52Z</Time><Position><LatitudeDegrees>4.724407</LatitudeDegrees><LongitudeDegrees>-74.04581</LongitudeDegrees></Position><HeartRateBpm><Value>85</Value></HeartRateBpm><Cadence>47</Cadence></Trackpoint><Trackpoint><Time>2026-09-13T20:52:53Z</Time><Position><LatitudeDegrees>4.724417</LatitudeDegrees><LongitudeDegrees>-74.0458</LongitudeDegrees></Position><HeartRateBpm><Value>85</Value></HeartRateBpm><Cadence>47</Cadence></Trackpoint><Trackpoint><Time>2026-09-13T20:52:54Z</Time><Position><LatitudeDegrees>4.724358</LatitudeDegrees><LongitudeDegrees>-74.045815</LongitudeDegrees></Position><HeartRateBpm><Value>85</Value></HeartRateBpm><Cadence>47</Cadence></Trackpoint><Trackpoint><Time>2026-09-13T20:52:55Z</Time><Position><LatitudeDegrees>4.724357</LatitudeDegrees><LongitudeDegrees>-74.04581</LongitudeDegrees></Position><AltitudeMeters>2561.6</AltitudeMeters><HeartRateBpm><Value>85</Value></HeartRateBpm><Cadence>47</Cadence></Trackpoint><Trackpoint><Time>2026-09-13T20:52:56Z</Time><Position><LatitudeDegrees>4.724356</LatitudeDegrees><LongitudeDegrees>-74.04581</LongitudeDegrees></Position><HeartRateBpm><Value>84</Value></HeartRateBpm><Cadence>44</Cadence></Trackpoint><Trackpoint><Time>2026-09-13T20:52:57Z</Time><Position><LatitudeDegrees>4.72439</LatitudeDegrees><LongitudeDegrees>-74.045746</LongitudeDegrees></Position><HeartRateBpm><Value>84</Value></HeartRateBpm><Cadence>41</Cadence></Trackpoint><Trackpoint><Time>2026-09-13T20:53:24Z</Time><Position><LatitudeDegrees>4.72438</LatitudeDegrees><LongitudeDegrees>-74.045746</LongitudeDegrees></Position><AltitudeMeters>2561.7</AltitudeMeters><HeartRateBpm><Value>84</Value></HeartRateBpm><Cadence>47</Cadence></Trackpoint><Trackpoint><Time>2026-09-13T20:53:25Z</Time><Position><LatitudeDegrees>4.724389</LatitudeDegrees><LongitudeDegrees>-74.04577</LongitudeDegrees></Position><AltitudeMeters>2561.9</AltitudeMeters><HeartRateBpm><Value>85</Value></HeartRateBpm><Cadence>47</Cadence></Trackpoint><Trackpoint><Time>2026-09-13T20:53:26Z</Time><Position><LatitudeDegrees>4.724355</LatitudeDegrees><LongitudeDegrees>-74.04578</LongitudeDegrees></Position><AltitudeMeters>2561.8</AltitudeMeters><HeartRateBpm><Value>84</Value></HeartRateBpm><Cadence>47</Cadence></Trackpoint><Trackpoint><Time>2026-09-13T20:53:27Z</Time><Position><LatitudeDegrees>4.724295</LatitudeDegrees><LongitudeDegrees>-74.04579</LongitudeDegrees></Position><AltitudeMeters>2561.7</AltitudeMeters><HeartRateBpm><Value>84</Value></HeartRateBpm><Cadence>46</Cadence></Trackpoint><Trackpoint><Time>2026-09-13T20:53:28Z</Time><Position><LatitudeDegrees>4.724292</LatitudeDegrees><LongitudeDegrees>-74.045784</LongitudeDegrees></Position><AltitudeMeters>2561.6</AltitudeMeters><HeartRateBpm><Value>84</Value></HeartRateBpm><Cadence>46</Cadence></Trackpoint><Trackpoint><Time>2026-09-13T20:53:29Z</Time><Position><LatitudeDegrees>4.724258</LatitudeDegrees><LongitudeDegrees>-74.045784</LongitudeDegrees></Position><AltitudeMeters>2561.6</AltitudeMeters><HeartRateBpm><Value>84</Value></HeartRateBpm><Cadence>45</Cadence></Trackpoint><Trackpoint><Time>2026-09-13T20:53:30Z</Time><Position><LatitudeDegrees>4.724236</LatitudeDegrees><LongitudeDegrees>-74.045784</LongitudeDegrees></Position><AltitudeMeters>2561.6</AltitudeMeters><HeartRateBpm><Value>84</Value></HeartRateBpm><Cadence>45</Cadence></Trackpoint><Trackpoint><Time>2026-09-13T20:53:31Z</Time><Position><LatitudeDegrees>4.724263</LatitudeDegrees><LongitudeDegrees>-74.0458</LongitudeDegrees></Position><HeartRateBpm><Value>84</Value></HeartRateBpm><Cadence>46</Cadence></Trackpoint><Trackpoint><Time>2026-09-13T20:53:32Z</Time><Position><LatitudeDegrees>4.724285</LatitudeDegrees><LongitudeDegrees>-74.0458</LongitudeDegrees></Position><HeartRateBpm><Value>84</Value></HeartRateBpm><Cadence>48</Cadence></Trackpoint><Trackpoint><Time>2026-09-13T20:53:33Z</Time><Position><LatitudeDegrees>4.724354</LatitudeDegrees><LongitudeDegrees>-74.045815</LongitudeDegrees></Position><HeartRateBpm><Value>84</Value></HeartRateBpm><Cadence>50</Cadence></Trackpoint><Trackpoint><Time>2026-09-13T20:53:34Z</Time><Position><LatitudeDegrees>4.724349</LatitudeDegrees><LongitudeDegrees>-74.045815</LongitudeDegrees></Position><HeartRateBpm><Value>84</Value></HeartRateBpm><Cadence>52</Cadence></Trackpoint><Trackpoint><Time>2026-09-13T20:53:35Z</Time><Position><LatitudeDegrees>4.724343</LatitudeDegrees><LongitudeDegrees>-74.04582</LongitudeDegrees></Position><AltitudeMeters>2561.5</AltitudeMeters><HeartRateBpm><Value>84</Value></HeartRateBpm><Cadence>54</Cadence></Trackpoint><Trackpoint><Time>2026-09-13T20:53:36Z</Time><Position><LatitudeDegrees>4.724325</LatitudeDegrees><LongitudeDegrees>-74.04582</LongitudeDegrees></Position><HeartRateBpm><Value>83</Value></HeartRateBpm><Cadence>53</Cadence></Trackpoint><Trackpoint><Time>2026-09-13T20:53:37Z</Time><Position><LatitudeDegrees>4.724325</LatitudeDegrees><LongitudeDegrees>-74.04582</LongitudeDegrees></Position><HeartRateBpm><Value>83</Value></HeartRateBpm><Cadence>53</Cadence></Trackpoint><Trackpoint><Time>2026-09-13T20:53:38Z</Time><Position><LatitudeDegrees>4.724344</LatitudeDegrees><LongitudeDegrees>-74.04583</LongitudeDegrees></Position><HeartRateBpm><Value>83</Value></HeartRateBpm><Cadence>53</Cadence></Trackpoint><Trackpoint><Time>2026-09-13T20:53:39Z</Time><Position><LatitudeDegrees>4.724344</LatitudeDegrees><LongitudeDegrees>-74.04583</LongitudeDegrees></Position><HeartRateBpm><Value>83</Value></HeartRateBpm><Cadence>53</Cadence></Trackpoint><Trackpoint><Time>2026-09-13T20:53:40Z</Time><Position><LatitudeDegrees>4.724383</LatitudeDegrees><LongitudeDegrees>-74.04581</LongitudeDegrees></Position><AltitudeMeters>2561.3</AltitudeMeters><HeartRateBpm><Value>83</Value></HeartRateBpm><Cadence>53</Cadence></Trackpoint><Trackpoint><Time>2026-09-13T20:53:41Z</Time><Position><LatitudeDegrees>4.724383</LatitudeDegrees><LongitudeDegrees>-74.04581</LongitudeDegrees></Position><HeartRateBpm><Value>82</Value></HeartRateBpm><Cadence>51</Cadence></Trackpoint><Trackpoint><Time>2026-09-13T20:53:42Z</Time><Position><LatitudeDegrees>4.724383</LatitudeDegrees><LongitudeDegrees>-74.04581</LongitudeDegrees></Position><HeartRateBpm><Value>81</Value></HeartRateBpm><Cadence>49</Cadence></Trackpoint><Trackpoint><Time>2026-09-13T20:53:43Z</Time><Position><LatitudeDegrees>4.724393</LatitudeDegrees><LongitudeDegrees>-74.045845</LongitudeDegrees></Position><HeartRateBpm><Value>81</Value></HeartRateBpm><Cadence>47</Cadence></Trackpoint><Trackpoint><Time>2026-09-13T20:53:44Z</Time><Position><LatitudeDegrees>4.724314</LatitudeDegrees><LongitudeDegrees>-74.045876</LongitudeDegrees></Position><HeartRateBpm><Value>80</Value></HeartRateBpm><Cadence>46</Cadence></Trackpoint><Trackpoint><Time>2026-09-13T20:53:45Z</Time><Position><LatitudeDegrees>4.724251</LatitudeDegrees><LongitudeDegrees>-74.045876</LongitudeDegrees></Position><AltitudeMeters>2561.0</AltitudeMeters><HeartRateBpm><Value>80</Value></HeartRateBpm><Cadence>44</Cadence></Trackpoint><Trackpoint><Time>2026-09-13T20:53:46Z</Time><Position><LatitudeDegrees>4.724184</LatitudeDegrees><LongitudeDegrees>-74.04589</LongitudeDegrees></Position><HeartRateBpm><Value>80</Value></HeartRateBpm></Trackpoint><Trackpoint><Time>2026-09-13T20:53:47Z</Time><Position><LatitudeDegrees>4.724144</LatitudeDegrees><LongitudeDegrees>-74.04588</LongitudeDegrees></Position><HeartRateBpm><Value>80</Value></HeartRateBpm></Trackpoint><Trackpoint><Time>2026-09-13T20:53:48Z</Time><Position><LatitudeDegrees>4.724116</LatitudeDegrees><LongitudeDegrees>-74.045876</LongitudeDegrees></Position><HeartRateBpm><Value>80</Value></HeartRateBpm></Trackpoint><Trackpoint><Time>2026-09-13T20:53:49Z</Time><Position><LatitudeDegrees>4.724102</LatitudeDegrees><LongitudeDegrees>-74.04587</LongitudeDegrees></Position><HeartRateBpm><Value>80</Value></HeartRateBpm></Trackpoint><Trackpoint><Time>2026-09-13T20:53:50Z</Time><Position><LatitudeDegrees>4.724115</LatitudeDegrees><LongitudeDegrees>-74.045906</LongitudeDegrees></Position><AltitudeMeters>2561.1</AltitudeMeters><HeartRateBpm><Value>81</Value></HeartRateBpm></Trackpoint><Trackpoint><Time>2026-09-13T20:53:51Z</Time><Position><LatitudeDegrees>4.724089</LatitudeDegrees><LongitudeDegrees>-74.04592</LongitudeDegrees></Position><HeartRateBpm><Value>82</Value></HeartRateBpm></Trackpoint><Trackpoint><Time>2026-09-13T20:53:52Z</Time><Position><LatitudeDegrees>4.724083</LatitudeDegrees><LongitudeDegrees>-74.04593</LongitudeDegrees></Position><HeartRateBpm><Value>83</Value></HeartRateBpm></Trackpoint><Trackpoint><Time>2026-09-13T20:53:53Z</Time><Position><LatitudeDegrees>4.724083</LatitudeDegrees><LongitudeDegrees>-74.04593</LongitudeDegrees></Position><HeartRateBpm><Value>84</Value></HeartRateBpm></Trackpoint><Trackpoint><Time>2026-09-13T20:53:54Z</Time><Position><LatitudeDegrees>4.724083</LatitudeDegrees><LongitudeDegrees>-74.04593</LongitudeDegrees></Position><HeartRateBpm><Value>85</Value></HeartRateBpm></Trackpoint><Trackpoint><Time>2026-09-13T20:53:55Z</Time><Position><LatitudeDegrees>4.724096</LatitudeDegrees><LongitudeDegrees>-74.045944</LongitudeDegrees></Position><AltitudeMeters>2561.2</AltitudeMeters><HeartRateBpm><Value>86</Value></HeartRateBpm></Trackpoint><Trackpoint><Time>2026-09-13T20:53:56Z</Time><Position><LatitudeDegrees>4.720166</LatitudeDegrees><LongitudeDegrees>-74.04581</LongitudeDegrees></Position><HeartRateBpm><Value>81</Value></HeartRateBpm></Trackpoint><Trackpoint><Time>2026-09-13T20:53:57Z</Time><Position><LatitudeDegrees>4.720166</LatitudeDegrees><LongitudeDegrees>-74.04581</LongitudeDegrees></Position><HeartRateBpm><Value>77</Value></HeartRateBpm></Trackpoint><Trackpoint><Time>2026-09-13T21:20:45Z</Time><Position><LatitudeDegrees>4.720166</LatitudeDegrees><LongitudeDegrees>-74.04581</LongitudeDegrees></Position><AltitudeMeters>2562.3</AltitudeMeters><HeartRateBpm><Value>71</Value></HeartRateBpm></Trackpoint><Trackpoint><Time>2026-09-13T21:20:46Z</Time><Position><LatitudeDegrees>4.720166</LatitudeDegrees><LongitudeDegrees>-74.04581</LongitudeDegrees></Position><AltitudeMeters>2562.4</AltitudeMeters><HeartRateBpm><Value>71</Value></HeartRateBpm></Trackpoint><Trackpoint><Time>2026-09-13T21:20:47Z</Time><Position><LatitudeDegrees>4.720166</LatitudeDegrees><LongitudeDegrees>-74.04581</LongitudeDegrees></Position><AltitudeMeters>2562.4</AltitudeMeters><HeartRateBpm><Value>71</Value></HeartRateBpm></Trackpoint><Trackpoint><Time>2026-09-13T21:20:48Z</Time><Position><LatitudeDegrees>4.720166</LatitudeDegrees><LongitudeDegrees>-74.04581</LongitudeDegrees></Position><AltitudeMeters>2562.4</AltitudeMeters><HeartRateBpm><Value>71</Value></HeartRateBpm></Trackpoint><Trackpoint><Time>2026-09-13T21:20:49Z</Time><Position><LatitudeDegrees>4.720166</LatitudeDegrees><LongitudeDegrees>-74.04581</LongitudeDegrees></Position><AltitudeMeters>2562.2</AltitudeMeters><HeartRateBpm><Value>71</Value></HeartRateBpm></Trackpoint><Trackpoint><Time>2026-09-13T21:20:50Z</Time><Position><LatitudeDegrees>4.720166</LatitudeDegrees><LongitudeDegrees>-74.04581</LongitudeDegrees></Position><AltitudeMeters>2562.1</AltitudeMeters><HeartRateBpm><Value>71</Value></HeartRateBpm></Trackpoint><Trackpoint><Time>2026-09-13T21:20:51Z</Time><Position><LatitudeDegrees>4.720166</LatitudeDegrees><LongitudeDegrees>-74.04581</LongitudeDegrees></Position><AltitudeMeters>2562.1</AltitudeMeters><HeartRateBpm><Value>71</Value></HeartRateBpm></Trackpoint><Trackpoint><Time>2026-09-13T21:20:52Z</Time><Position><LatitudeDegrees>4.720166</LatitudeDegrees><LongitudeDegrees>-74.04581</LongitudeDegrees></Position><AltitudeMeters>2562.1</AltitudeMeters><HeartRateBpm><Value>71</Value></HeartRateBpm></Trackpoint><Trackpoint><Time>2026-09-13T21:20:53Z</Time><Position><LatitudeDegrees>4.720166</LatitudeDegrees><LongitudeDegrees>-74.04581</LongitudeDegrees></Position><AltitudeMeters>2562.1</AltitudeMeters><HeartRateBpm><Value>71</Value></HeartRateBpm></Trackpoint><Trackpoint><Time>2026-09-13T21:20:54Z</Time><Position><LatitudeDegrees>4.720166</LatitudeDegrees><LongitudeDegrees>-74.04581</LongitudeDegrees></Position><AltitudeMeters>2562.1</AltitudeMeters><HeartRateBpm><Value>71</Value></HeartRateBpm></Trackpoint><Trackpoint><Time>2026-09-13T21:20:55Z</Time><Position><LatitudeDegrees>4.720166</LatitudeDegrees><LongitudeDegrees>-74.04581</LongitudeDegrees></Position><AltitudeMeters>2562.2</AltitudeMeters><HeartRateBpm><Value>71</Value></HeartRateBpm></Trackpoint><Trackpoint><Time>2026-09-13T21:20:56Z</Time><Position><LatitudeDegrees>4.720166</LatitudeDegrees><LongitudeDegrees>-74.04581</LongitudeDegrees></Position><AltitudeMeters>2562.2</AltitudeMeters><HeartRateBpm><Value>71</Value></HeartRateBpm></Trackpoint><Trackpoint><Time>2026-09-13T21:20:57Z</Time><Position><LatitudeDegrees>4.720166</LatitudeDegrees><LongitudeDegrees>-74.04581</LongitudeDegrees></Position><AltitudeMeters>2562.2</AltitudeMeters><HeartRateBpm><Value>71</Value></HeartRateBpm></Trackpoint><Trackpoint><Time>2026-09-13T21:20:58Z</Time><Position><LatitudeDegrees>4.720166</LatitudeDegrees><LongitudeDegrees>-74.04581</LongitudeDegrees></Position><AltitudeMeters>2562.3</AltitudeMeters><HeartRateBpm><Value>71</Value></HeartRateBpm></Trackpoint><Trackpoint><Time>2026-09-13T21:20:59Z</Time><Position><LatitudeDegrees>4.720166</LatitudeDegrees><LongitudeDegrees>-74.04581</LongitudeDegrees></Position><AltitudeMeters>2562.3</AltitudeMeters><HeartRateBpm><Value>71</Value></HeartRateBpm></Trackpoint><Trackpoint><Time>2026-09-13T21:21:00Z</Time><Position><LatitudeDegrees>4.720166</LatitudeDegrees><LongitudeDegrees>-74.04581</LongitudeDegrees></Position><AltitudeMeters>2562.3</AltitudeMeters><HeartRateBpm><Value>71</Value></HeartRateBpm></Trackpoint><Trackpoint><Time>2026-09-13T21:21:01Z</Time><Position><LatitudeDegrees>4.720166</LatitudeDegrees><LongitudeDegrees>-74.04581</LongitudeDegrees></Position><AltitudeMeters>2562.2</AltitudeMeters><HeartRateBpm><Value>71</Value></HeartRateBpm></Trackpoint><Trackpoint><Time>2026-09-13T21:21:02Z</Time><Position><LatitudeDegrees>4.720166</LatitudeDegrees><LongitudeDegrees>-74.04581</LongitudeDegrees></Position><AltitudeMeters>2562.4</AltitudeMeters><HeartRateBpm><Value>71</Value></HeartRateBpm></Trackpoint><Trackpoint><Time>2026-09-13T21:21:03Z</Time><Position><LatitudeDegrees>4.720166</LatitudeDegrees><LongitudeDegrees>-74.04581</LongitudeDegrees></Position><AltitudeMeters>2562.5</AltitudeMeters><HeartRateBpm><Value>71</Value></HeartRateBpm></Trackpoint><Trackpoint><Time>2026-09-13T21:21:04Z</Time><Position><LatitudeDegrees>4.720166</LatitudeDegrees><LongitudeDegrees>-74.04581</LongitudeDegrees></Position><AltitudeMeters>2562.6</AltitudeMeters><HeartRateBpm><Value>71</Value></HeartRateBpm></Trackpoint><Trackpoint><Time>2026-09-13T21:21:05Z</Time><Position><LatitudeDegrees>4.720166</LatitudeDegrees><LongitudeDegrees>-74.04581</LongitudeDegrees></Position><AltitudeMeters>2562.5</AltitudeMeters><HeartRateBpm><Value>71</Value></HeartRateBpm></Trackpoint><Trackpoint><Time>2026-09-13T21:21:06Z</Time><Position><LatitudeDegrees>4.720166</LatitudeDegrees><LongitudeDegrees>-74.04581</LongitudeDegrees></Position><AltitudeMeters>2562.4</AltitudeMeters><HeartRateBpm><Value>71</Value></HeartRateBpm></Trackpoint><Trackpoint><Time>2026-09-13T21:21:07Z</Time><Position><LatitudeDegrees>4.720166</LatitudeDegrees><LongitudeDegrees>-74.04581</LongitudeDegrees></Position><AltitudeMeters>2562.3</AltitudeMeters><HeartRateBpm><Value>71</Value></HeartRateBpm></Trackpoint><Trackpoint><Time>2026-09-13T21:21:08Z</Time><Position><LatitudeDegrees>4.720166</LatitudeDegrees><LongitudeDegrees>-74.04581</LongitudeDegrees></Position><AltitudeMeters>2562.3</AltitudeMeters><HeartRateBpm><Value>71</Value></HeartRateBpm></Trackpoint><Trackpoint><Time>2026-09-13T21:21:09Z</Time><Position><LatitudeDegrees>4.720166</LatitudeDegrees><LongitudeDegrees>-74.04581</LongitudeDegrees></Position><AltitudeMeters>2562.4</AltitudeMeters><HeartRateBpm><Value>71</Value></HeartRateBpm></Trackpoint><Trackpoint><Time>2026-09-13T21:21:10Z</Time><Position><LatitudeDegrees>4.720166</LatitudeDegrees><LongitudeDegrees>-74.04581</LongitudeDegrees></Position><AltitudeMeters>2562.4</AltitudeMeters><HeartRateBpm><Value>71</Value></HeartRateBpm></Trackpoint><Trackpoint><Time>2026-09-13T21:21:11Z</Time><Position><LatitudeDegrees>4.720166</LatitudeDegrees><LongitudeDegrees>-74.04581</LongitudeDegrees></Position><AltitudeMeters>2562.5</AltitudeMeters><HeartRateBpm><Value>71</Value></HeartRateBpm></Trackpoint><Trackpoint><Time>2026-09-13T21:21:12Z</Time><Position><LatitudeDegrees>4.720166</LatitudeDegrees><LongitudeDegrees>-74.04581</LongitudeDegrees></Position><AltitudeMeters>2562.5</AltitudeMeters><HeartRateBpm><Value>71</Value></HeartRateBpm></Trackpoint><Trackpoint><Time>2026-09-13T21:21:13Z</Time><Position><LatitudeDegrees>4.720166</LatitudeDegrees><LongitudeDegrees>-74.04581</LongitudeDegrees></Position><AltitudeMeters>2562.4</AltitudeMeters><HeartRateBpm><Value>71</Value></HeartRateBpm></Trackpoint><Trackpoint><Time>2026-09-13T21:21:14Z</Time><Position><LatitudeDegrees>4.720166</LatitudeDegrees><LongitudeDegrees>-74.04581</LongitudeDegrees></Position><AltitudeMeters>2562.3</AltitudeMeters><HeartRateBpm><Value>71</Value></HeartRateBpm></Trackpoint><Trackpoint><Time>2026-09-13T21:21:15Z</Time><Position><LatitudeDegrees>4.720166</LatitudeDegrees><LongitudeDegrees>-74.04581</LongitudeDegrees></Position><AltitudeMeters>2562.2</AltitudeMeters><HeartRateBpm><Value>71</Value></HeartRateBpm></Trackpoint><Trackpoint><Time>2026-09-13T21:21:16Z</Time><Position><LatitudeDegrees>4.720166</LatitudeDegrees><LongitudeDegrees>-74.04581</LongitudeDegrees></Position><AltitudeMeters>2562.2</AltitudeMeters><HeartRateBpm><Value>71</Value></HeartRateBpm></Trackpoint><Trackpoint><Time>2026-09-13T21:21:17Z</Time><Position><LatitudeDegrees>4.720166</LatitudeDegrees><LongitudeDegrees>-74.04581</LongitudeDegrees></Position><AltitudeMeters>2562.2</AltitudeMeters><HeartRateBpm><Value>71</Value></HeartRateBpm></Trackpoint><Trackpoint><Time>2026-09-13T21:21:18Z</Time><Position><LatitudeDegrees>4.720166</LatitudeDegrees><LongitudeDegrees>-74.04581</LongitudeDegrees></Position><AltitudeMeters>2562.3</AltitudeMeters><HeartRateBpm><Value>71</Value></HeartRateBpm></Trackpoint><Trackpoint><Time>2026-09-13T21:21:19Z</Time><Position><LatitudeDegrees>4.720166</LatitudeDegrees><LongitudeDegrees>-74.04581</LongitudeDegrees></Position><AltitudeMeters>2562.3</AltitudeMeters><HeartRateBpm><Value>71</Value></HeartRateBpm></Trackpoint><Trackpoint><Time>2026-09-13T21:21:20Z</Time><Position><LatitudeDegrees>4.720166</LatitudeDegrees><LongitudeDegrees>-74.04581</LongitudeDegrees></Position><AltitudeMeters>2562.4</AltitudeMeters><HeartRateBpm><Value>71</Value></HeartRateBpm></Trackpoint><Trackpoint><Time>2026-09-13T21:21:21Z</Time><Position><LatitudeDegrees>4.720166</LatitudeDegrees><LongitudeDegrees>-74.04581</LongitudeDegrees></Position><AltitudeMeters>2562.4</AltitudeMeters><HeartRateBpm><Value>71</Value></HeartRateBpm></Trackpoint><Trackpoint><Time>2026-09-13T21:21:22Z</Time><Position><LatitudeDegrees>4.720166</LatitudeDegrees><LongitudeDegrees>-74.04581</LongitudeDegrees></Position><AltitudeMeters>2562.4</AltitudeMeters><HeartRateBpm><Value>71</Value></HeartRateBpm></Trackpoint><Trackpoint><Time>2026-09-13T21:21:23Z</Time><Position><LatitudeDegrees>4.720166</LatitudeDegrees><LongitudeDegrees>-74.04581</LongitudeDegrees></Position><AltitudeMeters>2562.3</AltitudeMeters><HeartRateBpm><Value>71</Value></HeartRateBpm></Trackpoint><Trackpoint><Time>2026-09-13T21:21:24Z</Time><Position><LatitudeDegrees>4.720166</LatitudeDegrees><LongitudeDegrees>-74.04581</LongitudeDegrees></Position><AltitudeMeters>2562.3</AltitudeMeters><HeartRateBpm><Value>71</Value></HeartRateBpm></Trackpoint><Trackpoint><Time>2026-09-13T21:21:25Z</Time><Position><LatitudeDegrees>4.720166</LatitudeDegrees><LongitudeDegrees>-74.04581</LongitudeDegrees></Position><AltitudeMeters>2562.2</AltitudeMeters><HeartRateBpm><Value>71</Value></HeartRateBpm></Trackpoint><Trackpoint><Time>2026-09-13T21:21:26Z</Time><Position><LatitudeDegrees>4.720166</LatitudeDegrees><LongitudeDegrees>-74.04581</LongitudeDegrees></Position><AltitudeMeters>2562.4</AltitudeMeters><HeartRateBpm><Value>71</Value></HeartRateBpm></Trackpoint><Trackpoint><Time>2026-09-13T21:21:27Z</Time><Position><LatitudeDegrees>4.720166</LatitudeDegrees><LongitudeDegrees>-74.04581</LongitudeDegrees></Position><AltitudeMeters>2562.4</AltitudeMeters><HeartRateBpm><Value>71</Value></HeartRateBpm></Trackpoint><Trackpoint><Time>2026-09-13T21:21:28Z</Time><Position><LatitudeDegrees>4.720166</LatitudeDegrees><LongitudeDegrees>-74.04581</LongitudeDegrees></Position><AltitudeMeters>2562.5</AltitudeMeters><HeartRateBpm><Value>71</Value></HeartRateBpm></Trackpoint><Trackpoint><Time>2026-09-13T21:21:29Z</Time><Position><LatitudeDegrees>4.720166</LatitudeDegrees><LongitudeDegrees>-74.04581</LongitudeDegrees></Position><AltitudeMeters>2562.4</AltitudeMeters><HeartRateBpm><Value>71</Value></HeartRateBpm></Trackpoint><Trackpoint><Time>2026-09-13T21:21:30Z</Time><Position><LatitudeDegrees>4.720166</LatitudeDegrees><LongitudeDegrees>-74.04581</LongitudeDegrees></Position><AltitudeMeters>2562.4</AltitudeMeters><HeartRateBpm><Value>71</Value></HeartRateBpm></Trackpoint><Trackpoint><Time>2026-09-13T21:21:31Z</Time><Position><LatitudeDegrees>4.720166</LatitudeDegrees><LongitudeDegrees>-74.04581</LongitudeDegrees></Position><AltitudeMeters>2562.2</AltitudeMeters><HeartRateBpm><Value>71</Value></HeartRateBpm></Trackpoint><Trackpoint><Time>2026-09-13T21:21:32Z</Time><Position><LatitudeDegrees>4.720166</LatitudeDegrees><LongitudeDegrees>-74.04581</LongitudeDegrees></Position><AltitudeMeters>2562.2</AltitudeMeters><HeartRateBpm><Value>71</Value></HeartRateBpm></Trackpoint><Trackpoint><Time>2026-09-13T21:21:33Z</Time><Position><LatitudeDegrees>4.720166</LatitudeDegrees><LongitudeDegrees>-74.04581</LongitudeDegrees></Position><AltitudeMeters>2562.1</AltitudeMeters><HeartRateBpm><Value>71</Value></HeartRateBpm></Trackpoint><Trackpoint><Time>2026-09-13T21:21:34Z</Time><Position><LatitudeDegrees>4.720166</LatitudeDegrees><LongitudeDegrees>-74.04581</LongitudeDegrees></Position><AltitudeMeters>2562.1</AltitudeMeters><HeartRateBpm><Value>71</Value></HeartRateBpm></Trackpoint><Trackpoint><Time>2026-09-13T21:21:35Z</Time><Position><LatitudeDegrees>4.720166</LatitudeDegrees><LongitudeDegrees>-74.04581</LongitudeDegrees></Position><AltitudeMeters>2562.1</AltitudeMeters><HeartRateBpm><Value>71</Value></HeartRateBpm></Trackpoint><Trackpoint><Time>2026-09-13T21:21:36Z</Time><Position><LatitudeDegrees>4.720166</LatitudeDegrees><LongitudeDegrees>-74.04581</LongitudeDegrees></Position><AltitudeMeters>2562.1</AltitudeMeters><HeartRateBpm><Value>71</Value></HeartRateBpm></Trackpoint><Trackpoint><Time>2026-09-13T21:21:37Z</Time><Position><LatitudeDegrees>4.720166</LatitudeDegrees><LongitudeDegrees>-74.04581</LongitudeDegrees></Position><AltitudeMeters>2562.1</AltitudeMeters><HeartRateBpm><Value>71</Value></HeartRateBpm></Trackpoint><Trackpoint><Time>2026-09-13T21:21:38Z</Time><Position><LatitudeDegrees>4.720166</LatitudeDegrees><LongitudeDegrees>-74.04581</LongitudeDegrees></Position><AltitudeMeters>2562.0</AltitudeMeters><HeartRateBpm><Value>71</Value></HeartRateBpm></Trackpoint><Trackpoint><Time>2026-09-13T21:21:39Z</Time><Position><LatitudeDegrees>4.720166</LatitudeDegrees><LongitudeDegrees>-74.04581</LongitudeDegrees></Position><HeartRateBpm><Value>71</Value></HeartRateBpm></Trackpoint><Trackpoint><Time>2026-09-13T21:21:40Z</Time><Position><LatitudeDegrees>4.720166</LatitudeDegrees><LongitudeDegrees>-74.04581</LongitudeDegrees></Position><HeartRateBpm><Value>71</Value></HeartRateBpm></Trackpoint><Trackpoint><Time>2026-09-13T21:21:41Z</Time><Position><LatitudeDegrees>4.720166</LatitudeDegrees><LongitudeDegrees>-74.04581</LongitudeDegrees></Position><HeartRateBpm><Value>71</Value></HeartRateBpm></Trackpoint><Trackpoint><Time>2026-09-13T21:21:42Z</Time><Position><LatitudeDegrees>4.720166</LatitudeDegrees><LongitudeDegrees>-74.04581</LongitudeDegrees></Position><HeartRateBpm><Value>71</Value></HeartRateBpm></Trackpoint><Trackpoint><Time>2026-09-13T21:21:43Z</Time><Position><LatitudeDegrees>4.720166</LatitudeDegrees><LongitudeDegrees>-74.04581</LongitudeDegrees></Position><HeartRateBpm><Value>71</Value></HeartRateBpm></Trackpoint><Trackpoint><Time>2026-09-13T21:21:44Z</Time><Position><LatitudeDegrees>4.720166</LatitudeDegrees><LongitudeDegrees>-74.04581</LongitudeDegrees></Position><HeartRateBpm><Value>71</Value></HeartRateBpm></Trackpoint><Trackpoint><Time>2026-09-13T21:21:45Z</Time><Position><LatitudeDegrees>4.720166</LatitudeDegrees><LongitudeDegrees>-74.04581</LongitudeDegrees></Position><HeartRateBpm><Value>71</Value></HeartRateBpm></Trackpoint><Trackpoint><Time>2026-09-13T21:21:46Z</Time><Position><LatitudeDegrees>4.720166</LatitudeDegrees><LongitudeDegrees>-74.04581</LongitudeDegrees></Position><HeartRateBpm><Value>71</Value></HeartRateBpm></Trackpoint><Trackpoint><Time>2026-09-13T21:21:47Z</Time><Position><LatitudeDegrees>4.720166</LatitudeDegrees><LongitudeDegrees>-74.04581</LongitudeDegrees></Position><HeartRateBpm><Value>71</Value></HeartRateBpm></Trackpoint><Trackpoint><Time>2026-09-13T21:21:48Z</Time><Position><LatitudeDegrees>4.720166</LatitudeDegrees><LongitudeDegrees>-74.04581</LongitudeDegrees></Position><HeartRateBpm><Value>71</Value></HeartRateBpm></Trackpoint><Trackpoint><Time>2026-09-13T21:21:49Z</Time><Position><LatitudeDegrees>4.720166</LatitudeDegrees><LongitudeDegrees>-74.04581</LongitudeDegrees></Position><HeartRateBpm><Value>71</Value></HeartRateBpm></Trackpoint><Trackpoint><Time>2026-09-13T21:21:50Z</Time><Position><LatitudeDegrees>4.720166</LatitudeDegrees><LongitudeDegrees>-74.04581</LongitudeDegrees></Position><HeartRateBpm><Value>71</Value></HeartRateBpm></Trackpoint><Trackpoint><Time>2026-09-13T21:21:51Z</Time><Position><LatitudeDegrees>4.720166</LatitudeDegrees><LongitudeDegrees>-74.04581</LongitudeDegrees></Position><HeartRateBpm><Value>71</Value></HeartRateBpm></Trackpoint><Trackpoint><Time>2026-09-13T21:21:52Z</Time><Position><LatitudeDegrees>4.720166</LatitudeDegrees><LongitudeDegrees>-74.04581</LongitudeDegrees></Position><HeartRateBpm><Value>71</Value></HeartRateBpm></Trackpoint><Trackpoint><Time>2026-09-13T21:21:53Z</Time><Position><LatitudeDegrees>4.720166</LatitudeDegrees><LongitudeDegrees>-74.04581</LongitudeDegrees></Position><HeartRateBpm><Value>71</Value></HeartRateBpm></Trackpoint><Trackpoint><Time>2026-09-13T21:21:54Z</Time><Position><LatitudeDegrees>4.720166</LatitudeDegrees><LongitudeDegrees>-74.04581</LongitudeDegrees></Position><HeartRateBpm><Value>71</Value></HeartRateBpm></Trackpoint><Trackpoint><Time>2026-09-13T21:21:55Z</Time><Position><LatitudeDegrees>4.720166</LatitudeDegrees><LongitudeDegrees>-74.04581</LongitudeDegrees></Position><HeartRateBpm><Value>71</Value></HeartRateBpm></Trackpoint><Trackpoint><Time>2026-09-13T21:21:56Z</Time><Position><LatitudeDegrees>4.720166</LatitudeDegrees><LongitudeDegrees>-74.04581</LongitudeDegrees></Position><HeartRateBpm><Value>71</Value></HeartRateBpm></Trackpoint><Trackpoint><Time>2026-09-13T21:21:57Z</Time><Position><LatitudeDegrees>4.720166</LatitudeDegrees><LongitudeDegrees>-74.04581</LongitudeDegrees></Position><HeartRateBpm><Value>71</Value></HeartRateBpm></Trackpoint><Trackpoint><Time>2026-09-13T21:21:58Z</Time><Position><LatitudeDegrees>4.720166</LatitudeDegrees><LongitudeDegrees>-74.04581</LongitudeDegrees></Position><HeartRateBpm><Value>71</Value></HeartRateBpm></Trackpoint><Trackpoint><Time>2026-09-13T21:21:59Z</Time><Position><LatitudeDegrees>4.720166</LatitudeDegrees><LongitudeDegrees>-74.04581</LongitudeDegrees></Position><HeartRateBpm><Value>71</Value></HeartRateBpm></Trackpoint><Trackpoint><Time>2026-09-13T21:22:00Z</Time><Position><LatitudeDegrees>4.720166</LatitudeDegrees><LongitudeDegrees>-74.04581</LongitudeDegrees></Position><HeartRateBpm><Value>71</Value></HeartRateBpm></Trackpoint><Trackpoint><Time>2026-09-13T21:22:01Z</Time><Position><LatitudeDegrees>4.720166</LatitudeDegrees><LongitudeDegrees>-74.04581</LongitudeDegrees></Position><HeartRateBpm><Value>71</Value></HeartRateBpm></Trackpoint><Trackpoint><Time>2026-09-13T21:22:02Z</Time><Position><LatitudeDegrees>4.720166</LatitudeDegrees><LongitudeDegrees>-74.04581</LongitudeDegrees></Position><HeartRateBpm><Value>71</Value></HeartRateBpm></Trackpoint><Trackpoint><Time>2026-09-13T21:22:03Z</Time><Position><LatitudeDegrees>4.720166</LatitudeDegrees><LongitudeDegrees>-74.04581</LongitudeDegrees></Position><HeartRateBpm><Value>71</Value></HeartRateBpm></Trackpoint><Trackpoint><Time>2026-09-13T21:22:04Z</Time><Position><LatitudeDegrees>4.720166</LatitudeDegrees><LongitudeDegrees>-74.04581</LongitudeDegrees></Position><HeartRateBpm><Value>71</Value></HeartRateBpm></Trackpoint><Trackpoint><Time>2026-09-13T21:22:05Z</Time><Position><LatitudeDegrees>4.720166</LatitudeDegrees><LongitudeDegrees>-74.04581</LongitudeDegrees></Position><HeartRateBpm><Value>71</Value></HeartRateBpm></Trackpoint><Trackpoint><Time>2026-09-13T21:22:06Z</Time><Position><LatitudeDegrees>4.720166</LatitudeDegrees><LongitudeDegrees>-74.04581</LongitudeDegrees></Position><HeartRateBpm><Value>71</Value></HeartRateBpm></Trackpoint><Trackpoint><Time>2026-09-13T21:22:07Z</Time><Position><LatitudeDegrees>4.720166</LatitudeDegrees><LongitudeDegrees>-74.04581</LongitudeDegrees></Position><HeartRateBpm><Value>71</Value></HeartRateBpm></Trackpoint><Trackpoint><Time>2026-09-13T21:22:08Z</Time><Position><LatitudeDegrees>4.720166</LatitudeDegrees><LongitudeDegrees>-74.04581</LongitudeDegrees></Position><HeartRateBpm><Value>71</Value></HeartRateBpm></Trackpoint><Trackpoint><Time>2026-09-13T21:22:09Z</Time><Position><LatitudeDegrees>4.720166</LatitudeDegrees><LongitudeDegrees>-74.04581</LongitudeDegrees></Position><HeartRateBpm><Value>71</Value></HeartRateBpm></Trackpoint><Trackpoint><Time>2026-09-13T21:22:10Z</Time><Position><LatitudeDegrees>4.720166</LatitudeDegrees><LongitudeDegrees>-74.04581</LongitudeDegrees></Position><HeartRateBpm><Value>71</Value></HeartRateBpm></Trackpoint><Trackpoint><Time>2026-09-13T21:22:11Z</Time><Position><LatitudeDegrees>4.720166</LatitudeDegrees><LongitudeDegrees>-74.04581</LongitudeDegrees></Position><HeartRateBpm><Value>71</Value></HeartRateBpm></Trackpoint><Trackpoint><Time>2026-09-13T21:22:12Z</Time><Position><LatitudeDegrees>4.720166</LatitudeDegrees><LongitudeDegrees>-74.04581</LongitudeDegrees></Position><HeartRateBpm><Value>71</Value></HeartRateBpm></Trackpoint><Trackpoint><Time>2026-09-13T21:22:13Z</Time><Position><LatitudeDegrees>4.720166</LatitudeDegrees><LongitudeDegrees>-74.04581</LongitudeDegrees></Position><HeartRateBpm><Value>71</Value></HeartRateBpm></Trackpoint><Trackpoint><Time>2026-09-13T21:22:14Z</Time><Position><LatitudeDegrees>4.720166</LatitudeDegrees><LongitudeDegrees>-74.04581</LongitudeDegrees></Position><HeartRateBpm><Value>71</Value></HeartRateBpm></Trackpoint><Trackpoint><Time>2026-09-13T21:22:15Z</Time><Position><LatitudeDegrees>4.720166</LatitudeDegrees><LongitudeDegrees>-74.04581</LongitudeDegrees></Position><HeartRateBpm><Value>71</Value></HeartRateBpm></Trackpoint><Trackpoint><Time>2026-09-13T21:22:16Z</Time><Position><LatitudeDegrees>4.720166</LatitudeDegrees><LongitudeDegrees>-74.04581</LongitudeDegrees></Position><HeartRateBpm><Value>71</Value></HeartRateBpm></Trackpoint><Trackpoint><Time>2026-09-13T21:22:17Z</Time><Position><LatitudeDegrees>4.720166</LatitudeDegrees><LongitudeDegrees>-74.04581</LongitudeDegrees></Position><HeartRateBpm><Value>71</Value></HeartRateBpm></Trackpoint><Trackpoint><Time>2026-09-13T21:22:18Z</Time><Position><LatitudeDegrees>4.720166</LatitudeDegrees><LongitudeDegrees>-74.04581</LongitudeDegrees></Position><HeartRateBpm><Value>71</Value></HeartRateBpm></Trackpoint><Trackpoint><Time>2026-09-13T21:22:19Z</Time><Position><LatitudeDegrees>4.720166</LatitudeDegrees><LongitudeDegrees>-74.04581</LongitudeDegrees></Position><HeartRateBpm><Value>71</Value></HeartRateBpm></Trackpoint><Trackpoint><Time>2026-09-13T21:22:20Z</Time><Position><LatitudeDegrees>4.720166</LatitudeDegrees><LongitudeDegrees>-74.04581</LongitudeDegrees></Position><HeartRateBpm><Value>71</Value></HeartRateBpm></Trackpoint><Trackpoint><Time>2026-09-13T21:22:21Z</Time><Position><LatitudeDegrees>4.720166</LatitudeDegrees><LongitudeDegrees>-74.04581</LongitudeDegrees></Position><HeartRateBpm><Value>71</Value></HeartRateBpm></Trackpoint><Trackpoint><Time>2026-09-13T21:22:22Z</Time><Position><LatitudeDegrees>4.720166</LatitudeDegrees><LongitudeDegrees>-74.04581</LongitudeDegrees></Position><HeartRateBpm><Value>71</Value></HeartRateBpm></Trackpoint><Trackpoint><Time>2026-09-13T21:22:23Z</Time><Position><LatitudeDegrees>4.720166</LatitudeDegrees><LongitudeDegrees>-74.04581</LongitudeDegrees></Position><HeartRateBpm><Value>71</Value></HeartRateBpm></Trackpoint><Trackpoint><Time>2026-09-13T21:22:24Z</Time><Position><LatitudeDegrees>4.720166</LatitudeDegrees><LongitudeDegrees>-74.04581</LongitudeDegrees></Position><HeartRateBpm><Value>71</Value></HeartRateBpm></Trackpoint><Trackpoint><Time>2026-09-13T21:22:25Z</Time><Position><LatitudeDegrees>4.720166</LatitudeDegrees><LongitudeDegrees>-74.04581</LongitudeDegrees></Position><HeartRateBpm><Value>71</Value></HeartRateBpm></Trackpoint><Trackpoint><Time>2026-09-13T21:22:26Z</Time><Position><LatitudeDegrees>4.720166</LatitudeDegrees><LongitudeDegrees>-74.04581</LongitudeDegrees></Position><HeartRateBpm><Value>71</Value></HeartRateBpm></Trackpoint><Trackpoint><Time>2026-09-13T21:22:27Z</Time><Position><LatitudeDegrees>4.720166</LatitudeDegrees><LongitudeDegrees>-74.04581</LongitudeDegrees></Position><HeartRateBpm><Value>71</Value></HeartRateBpm></Trackpoint><Trackpoint><Time>2026-09-13T21:22:28Z</Time><Position><LatitudeDegrees>4.720166</LatitudeDegrees><LongitudeDegrees>-74.04581</LongitudeDegrees></Position><HeartRateBpm><Value>71</Value></HeartRateBpm></Trackpoint><Trackpoint><Time>2026-09-13T21:22:29Z</Time><Position><LatitudeDegrees>4.720166</LatitudeDegrees><LongitudeDegrees>-74.04581</LongitudeDegrees></Position><HeartRateBpm><Value>71</Value></HeartRateBpm></Trackpoint><Trackpoint><Time>2026-09-13T21:22:30Z</Time><Position><LatitudeDegrees>4.720166</LatitudeDegrees><LongitudeDegrees>-74.04581</LongitudeDegrees></Position><HeartRateBpm><Value>71</Value></HeartRateBpm></Trackpoint><Trackpoint><Time>2026-09-13T21:22:31Z</Time><Position><LatitudeDegrees>4.720166</LatitudeDegrees><LongitudeDegrees>-74.04581</LongitudeDegrees></Position><HeartRateBpm><Value>71</Value></HeartRateBpm></Trackpoint><Trackpoint><Time>2026-09-13T21:22:32Z</Time><Position><LatitudeDegrees>4.720166</LatitudeDegrees><LongitudeDegrees>-74.04581</LongitudeDegrees></Position><HeartRateBpm><Value>71</Value></HeartRateBpm></Trackpoint><Trackpoint><Time>2026-09-13T21:22:33Z</Time><Position><LatitudeDegrees>4.720166</LatitudeDegrees><LongitudeDegrees>-74.04581</LongitudeDegrees></Position><HeartRateBpm><Value>71</Value></HeartRateBpm></Trackpoint><Trackpoint><Time>2026-09-13T21:22:34Z</Time><Position><LatitudeDegrees>4.720166</LatitudeDegrees><LongitudeDegrees>-74.04581</LongitudeDegrees></Position><HeartRateBpm><Value>71</Value></HeartRateBpm></Trackpoint><Trackpoint><Time>2026-09-13T21:22:35Z</Time><Position><LatitudeDegrees>4.720166</LatitudeDegrees><LongitudeDegrees>-74.04581</LongitudeDegrees></Position><HeartRateBpm><Value>71</Value></HeartRateBpm></Trackpoint><Trackpoint><Time>2026-09-13T21:22:36Z</Time><Position><LatitudeDegrees>4.720166</LatitudeDegrees><LongitudeDegrees>-74.04581</LongitudeDegrees></Position><HeartRateBpm><Value>71</Value></HeartRateBpm></Trackpoint><Trackpoint><Time>2026-09-13T21:22:37Z</Time><Position><LatitudeDegrees>4.720166</LatitudeDegrees><LongitudeDegrees>-74.04581</LongitudeDegrees></Position><HeartRateBpm><Value>71</Value></HeartRateBpm></Trackpoint><Trackpoint><Time>2026-09-13T21:22:38Z</Time><Position><LatitudeDegrees>4.720166</LatitudeDegrees><LongitudeDegrees>-74.04581</LongitudeDegrees></Position><HeartRateBpm><Value>71</Value></HeartRateBpm></Trackpoint><Trackpoint><Time>2026-09-13T21:22:39Z</Time><Position><LatitudeDegrees>4.720166</LatitudeDegrees><LongitudeDegrees>-74.04581</LongitudeDegrees></Position><HeartRateBpm><Value>71</Value></HeartRateBpm></Trackpoint><Trackpoint><Time>2026-09-13T21:22:40Z</Time><Position><LatitudeDegrees>4.720166</LatitudeDegrees><LongitudeDegrees>-74.04581</LongitudeDegrees></Position><HeartRateBpm><Value>71</Value></HeartRateBpm></Trackpoint><Trackpoint><Time>2026-09-13T21:22:41Z</Time><Position><LatitudeDegrees>4.720166</LatitudeDegrees><LongitudeDegrees>-74.04581</LongitudeDegrees></Position><HeartRateBpm><Value>71</Value></HeartRateBpm></Trackpoint><Trackpoint><Time>2026-09-13T21:22:42Z</Time><Position><LatitudeDegrees>4.720166</LatitudeDegrees><LongitudeDegrees>-74.04581</LongitudeDegrees></Position><HeartRateBpm><Value>71</Value></HeartRateBpm></Trackpoint><Trackpoint><Time>2026-09-13T21:22:43Z</Time><Position><LatitudeDegrees>4.720166</LatitudeDegrees><LongitudeDegrees>-74.04581</LongitudeDegrees></Position><HeartRateBpm><Value>71</Value></HeartRateBpm></Trackpoint><Trackpoint><Time>2026-09-13T21:22:44Z</Time><Position><LatitudeDegrees>4.720166</LatitudeDegrees><LongitudeDegrees>-74.04581</LongitudeDegrees></Position><HeartRateBpm><Value>71</Value></HeartRateBpm></Trackpoint><Trackpoint><Time>2026-09-13T21:22:45Z</Time><Position><LatitudeDegrees>4.720166</LatitudeDegrees><LongitudeDegrees>-74.04581</LongitudeDegrees></Position><HeartRateBpm><Value>71</Value></HeartRateBpm></Trackpoint><Trackpoint><Time>2026-09-13T21:22:46Z</Time><Position><LatitudeDegrees>4.720166</LatitudeDegrees><LongitudeDegrees>-74.04581</LongitudeDegrees></Position><HeartRateBpm><Value>71</Value></HeartRateBpm></Trackpoint><Trackpoint><Time>2026-09-13T21:22:47Z</Time><Position><LatitudeDegrees>4.720166</LatitudeDegrees><LongitudeDegrees>-74.04581</LongitudeDegrees></Position><HeartRateBpm><Value>71</Value></HeartRateBpm></Trackpoint><Trackpoint><Time>2026-09-13T21:22:48Z</Time><Position><LatitudeDegrees>4.720166</LatitudeDegrees><LongitudeDegrees>-74.04581</LongitudeDegrees></Position><HeartRateBpm><Value>71</Value></HeartRateBpm></Trackpoint><Trackpoint><Time>2026-09-13T21:22:49Z</Time><Position><LatitudeDegrees>4.720166</LatitudeDegrees><LongitudeDegrees>-74.04581</LongitudeDegrees></Position><HeartRateBpm><Value>71</Value></HeartRateBpm></Trackpoint><Trackpoint><Time>2026-09-13T21:22:50Z</Time><Position><LatitudeDegrees>4.720166</LatitudeDegrees><LongitudeDegrees>-74.04581</LongitudeDegrees></Position><HeartRateBpm><Value>71</Value></HeartRateBpm></Trackpoint><Trackpoint><Time>2026-09-13T21:22:51Z</Time><Position><LatitudeDegrees>4.720166</LatitudeDegrees><LongitudeDegrees>-74.04581</LongitudeDegrees></Position><HeartRateBpm><Value>71</Value></HeartRateBpm></Trackpoint><Trackpoint><Time>2026-09-13T21:22:52Z</Time><Position><LatitudeDegrees>4.720166</LatitudeDegrees><LongitudeDegrees>-74.04581</LongitudeDegrees></Position><HeartRateBpm><Value>71</Value></HeartRateBpm></Trackpoint><Trackpoint><Time>2026-09-13T21:22:53Z</Time><Position><LatitudeDegrees>4.720166</LatitudeDegrees><LongitudeDegrees>-74.04581</LongitudeDegrees></Position><HeartRateBpm><Value>71</Value></HeartRateBpm></Trackpoint><Trackpoint><Time>2026-09-13T21:22:54Z</Time><Position><LatitudeDegrees>4.720166</LatitudeDegrees><LongitudeDegrees>-74.04581</LongitudeDegrees></Position><HeartRateBpm><Value>71</Value></HeartRateBpm></Trackpoint><Trackpoint><Time>2026-09-13T21:22:55Z</Time><Position><LatitudeDegrees>4.720166</LatitudeDegrees><LongitudeDegrees>-74.04581</LongitudeDegrees></Position><HeartRateBpm><Value>71</Value></HeartRateBpm></Trackpoint><Trackpoint><Time>2026-09-13T21:22:56Z</Time><Position><LatitudeDegrees>4.720166</LatitudeDegrees><LongitudeDegrees>-74.04581</LongitudeDegrees></Position><HeartRateBpm><Value>71</Value></HeartRateBpm></Trackpoint><Trackpoint><Time>2026-09-13T21:22:57Z</Time><Position><LatitudeDegrees>4.720166</LatitudeDegrees><LongitudeDegrees>-74.04581</LongitudeDegrees></Position><HeartRateBpm><Value>71</Value></HeartRateBpm></Trackpoint><Trackpoint><Time>2026-09-13T21:22:58Z</Time><Position><LatitudeDegrees>4.720166</LatitudeDegrees><LongitudeDegrees>-74.04581</LongitudeDegrees></Position><HeartRateBpm><Value>71</Value></HeartRateBpm></Trackpoint><Trackpoint><Time>2026-09-13T21:22:59Z</Time><Position><LatitudeDegrees>4.720166</LatitudeDegrees><LongitudeDegrees>-74.04581</LongitudeDegrees></Position><HeartRateBpm><Value>71</Value></HeartRateBpm></Trackpoint><Trackpoint><Time>2026-09-13T21:23:00Z</Time><Position><LatitudeDegrees>4.720166</LatitudeDegrees><LongitudeDegrees>-74.04581</LongitudeDegrees></Position><HeartRateBpm><Value>71</Value></HeartRateBpm></Trackpoint><Trackpoint><Time>2026-09-13T21:23:01Z</Time><Position><LatitudeDegrees>4.720166</LatitudeDegrees><LongitudeDegrees>-74.04581</LongitudeDegrees></Position><HeartRateBpm><Value>71</Value></HeartRateBpm></Trackpoint><Trackpoint><Time>2026-09-13T21:23:02Z</Time><Position><LatitudeDegrees>4.720166</LatitudeDegrees><LongitudeDegrees>-74.04581</LongitudeDegrees></Position><HeartRateBpm><Value>71</Value></HeartRateBpm></Trackpoint><Trackpoint><Time>2026-09-13T21:23:03Z</Time><Position><LatitudeDegrees>4.720166</LatitudeDegrees><LongitudeDegrees>-74.04581</LongitudeDegrees></Position><HeartRateBpm><Value>71</Value></HeartRateBpm></Trackpoint><Trackpoint><Time>2026-09-13T21:23:04Z</Time><Position><LatitudeDegrees>4.720166</LatitudeDegrees><LongitudeDegrees>-74.04581</LongitudeDegrees></Position><HeartRateBpm><Value>71</Value></HeartRateBpm></Trackpoint><Trackpoint><Time>2026-09-13T21:23:05Z</Time><Position><LatitudeDegrees>4.720166</LatitudeDegrees><LongitudeDegrees>-74.04581</LongitudeDegrees></Position><HeartRateBpm><Value>71</Value></HeartRateBpm></Trackpoint><Trackpoint><Time>2026-09-13T21:23:06Z</Time><Position><LatitudeDegrees>4.720166</LatitudeDegrees><LongitudeDegrees>-74.04581</LongitudeDegrees></Position><HeartRateBpm><Value>71</Value></HeartRateBpm></Trackpoint><Trackpoint><Time>2026-09-13T21:23:07Z</Time><Position><LatitudeDegrees>4.720166</LatitudeDegrees><LongitudeDegrees>-74.04581</LongitudeDegrees></Position><HeartRateBpm><Value>71</Value></HeartRateBpm></Trackpoint><Trackpoint><Time>2026-09-13T21:23:08Z</Time><Position><LatitudeDegrees>4.720166</LatitudeDegrees><LongitudeDegrees>-74.04581</LongitudeDegrees></Position><HeartRateBpm><Value>71</Value></HeartRateBpm></Trackpoint><Trackpoint><Time>2026-09-13T21:23:09Z</Time><Position><LatitudeDegrees>4.720166</LatitudeDegrees><LongitudeDegrees>-74.04581</LongitudeDegrees></Position><HeartRateBpm><Value>71</Value></HeartRateBpm></Trackpoint><Trackpoint><Time>2026-09-13T21:23:10Z</Time><Position><LatitudeDegrees>4.720166</LatitudeDegrees><LongitudeDegrees>-74.04581</LongitudeDegrees></Position><HeartRateBpm><Value>71</Value></HeartRateBpm></Trackpoint><Trackpoint><Time>2026-09-13T21:23:11Z</Time><Position><LatitudeDegrees>4.720166</LatitudeDegrees><LongitudeDegrees>-74.04581</LongitudeDegrees></Position><HeartRateBpm><Value>71</Value></HeartRateBpm></Trackpoint><Trackpoint><Time>2026-09-13T21:23:12Z</Time><Position><LatitudeDegrees>4.720166</LatitudeDegrees><LongitudeDegrees>-74.04581</LongitudeDegrees></Position><HeartRateBpm><Value>71</Value></HeartRateBpm></Trackpoint><Trackpoint><Time>2026-09-13T21:23:13Z</Time><Position><LatitudeDegrees>4.720166</LatitudeDegrees><LongitudeDegrees>-74.04581</LongitudeDegrees></Position><HeartRateBpm><Value>71</Value></HeartRateBpm></Trackpoint><Trackpoint><Time>2026-09-13T21:23:14Z</Time><Position><LatitudeDegrees>4.720166</LatitudeDegrees><LongitudeDegrees>-74.04581</LongitudeDegrees></Position><HeartRateBpm><Value>71</Value></HeartRateBpm></Trackpoint><Trackpoint><Time>2026-09-13T21:23:15Z</Time><Position><LatitudeDegrees>4.720166</LatitudeDegrees><LongitudeDegrees>-74.04581</LongitudeDegrees></Position><HeartRateBpm><Value>71</Value></HeartRateBpm></Trackpoint><Trackpoint><Time>2026-09-13T21:23:16Z</Time><Position><LatitudeDegrees>4.720166</LatitudeDegrees><LongitudeDegrees>-74.04581</LongitudeDegrees></Position><HeartRateBpm><Value>71</Value></HeartRateBpm></Trackpoint><Trackpoint><Time>2026-09-13T21:23:17Z</Time><Position><LatitudeDegrees>4.720166</LatitudeDegrees><LongitudeDegrees>-74.04581</LongitudeDegrees></Position><HeartRateBpm><Value>71</Value></HeartRateBpm></Trackpoint><Trackpoint><Time>2026-09-13T21:23:18Z</Time><Position><LatitudeDegrees>4.720166</LatitudeDegrees><LongitudeDegrees>-74.04581</LongitudeDegrees></Position><HeartRateBpm><Value>71</Value></HeartRateBpm></Trackpoint><Trackpoint><Time>2026-09-13T21:23:19Z</Time><Position><LatitudeDegrees>4.720166</LatitudeDegrees><LongitudeDegrees>-74.04581</LongitudeDegrees></Position><HeartRateBpm><Value>71</Value></HeartRateBpm></Trackpoint><Trackpoint><Time>2026-09-13T21:23:20Z</Time><Position><LatitudeDegrees>4.720166</LatitudeDegrees><LongitudeDegrees>-74.04581</LongitudeDegrees></Position><HeartRateBpm><Value>71</Value></HeartRateBpm></Trackpoint><Trackpoint><Time>2026-09-13T21:23:21Z</Time><Position><LatitudeDegrees>4.720166</LatitudeDegrees><LongitudeDegrees>-74.04581</LongitudeDegrees></Position><HeartRateBpm><Value>71</Value></HeartRateBpm></Trackpoint><Trackpoint><Time>2026-09-13T21:23:22Z</Time><Position><LatitudeDegrees>4.720166</LatitudeDegrees><LongitudeDegrees>-74.04581</LongitudeDegrees></Position><HeartRateBpm><Value>71</Value></HeartRateBpm></Trackpoint><Trackpoint><Time>2026-09-13T21:23:23Z</Time><Position><LatitudeDegrees>4.720166</LatitudeDegrees><LongitudeDegrees>-74.04581</LongitudeDegrees></Position><HeartRateBpm><Value>71</Value></HeartRateBpm></Trackpoint><Trackpoint><Time>2026-09-13T21:23:24Z</Time><Position><LatitudeDegrees>4.720166</LatitudeDegrees><LongitudeDegrees>-74.04581</LongitudeDegrees></Position><HeartRateBpm><Value>71</Value></HeartRateBpm></Trackpoint><Trackpoint><Time>2026-09-13T21:23:25Z</Time><Position><LatitudeDegrees>4.720166</LatitudeDegrees><LongitudeDegrees>-74.04581</LongitudeDegrees></Position><HeartRateBpm><Value>71</Value></HeartRateBpm></Trackpoint><Trackpoint><Time>2026-09-13T21:23:26Z</Time><Position><LatitudeDegrees>4.720166</LatitudeDegrees><LongitudeDegrees>-74.04581</LongitudeDegrees></Position><HeartRateBpm><Value>71</Value></HeartRateBpm></Trackpoint><Trackpoint><Time>2026-09-13T21:23:27Z</Time><Position><LatitudeDegrees>4.720166</LatitudeDegrees><LongitudeDegrees>-74.04581</LongitudeDegrees></Position><HeartRateBpm><Value>71</Value></HeartRateBpm></Trackpoint><Trackpoint><Time>2026-09-13T21:23:28Z</Time><Position><LatitudeDegrees>4.720166</LatitudeDegrees><LongitudeDegrees>-74.04581</LongitudeDegrees></Position><HeartRateBpm><Value>71</Value></HeartRateBpm></Trackpoint><Trackpoint><Time>2026-09-13T21:23:29Z</Time><Position><LatitudeDegrees>4.720166</LatitudeDegrees><LongitudeDegrees>-74.04581</LongitudeDegrees></Position><HeartRateBpm><Value>71</Value></HeartRateBpm></Trackpoint><Trackpoint><Time>2026-09-13T21:23:30Z</Time><Position><LatitudeDegrees>4.720166</LatitudeDegrees><LongitudeDegrees>-74.04581</LongitudeDegrees></Position><HeartRateBpm><Value>71</Value></HeartRateBpm></Trackpoint><Trackpoint><Time>2026-09-13T21:23:31Z</Time><Position><LatitudeDegrees>4.720166</LatitudeDegrees><LongitudeDegrees>-74.04581</LongitudeDegrees></Position><HeartRateBpm><Value>71</Value></HeartRateBpm></Trackpoint><Trackpoint><Time>2026-09-13T21:23:32Z</Time><Position><LatitudeDegrees>4.720166</LatitudeDegrees><LongitudeDegrees>-74.04581</LongitudeDegrees></Position><HeartRateBpm><Value>71</Value></HeartRateBpm></Trackpoint><Trackpoint><Time>2026-09-13T21:23:33Z</Time><Position><LatitudeDegrees>4.720166</LatitudeDegrees><LongitudeDegrees>-74.04581</LongitudeDegrees></Position><HeartRateBpm><Value>71</Value></HeartRateBpm></Trackpoint><Trackpoint><Time>2026-09-13T21:23:34Z</Time><Position><LatitudeDegrees>4.720166</LatitudeDegrees><LongitudeDegrees>-74.04581</LongitudeDegrees></Position><HeartRateBpm><Value>71</Value></HeartRateBpm></Trackpoint><Trackpoint><Time>2026-09-13T21:23:35Z</Time><Position><LatitudeDegrees>4.720166</LatitudeDegrees><LongitudeDegrees>-74.04581</LongitudeDegrees></Position><HeartRateBpm><Value>71</Value></HeartRateBpm></Trackpoint><Trackpoint><Time>2026-09-13T21:23:36Z</Time><Position><LatitudeDegrees>4.720166</LatitudeDegrees><LongitudeDegrees>-74.04581</LongitudeDegrees></Position><HeartRateBpm><Value>71</Value></HeartRateBpm></Trackpoint><Trackpoint><Time>2026-09-13T21:23:37Z</Time><Position><LatitudeDegrees>4.720166</LatitudeDegrees><LongitudeDegrees>-74.04581</LongitudeDegrees></Position><HeartRateBpm><Value>71</Value></HeartRateBpm></Trackpoint><Trackpoint><Time>2026-09-13T21:23:38Z</Time><Position><LatitudeDegrees>4.720166</LatitudeDegrees><LongitudeDegrees>-74.04581</LongitudeDegrees></Position><HeartRateBpm><Value>71</Value></HeartRateBpm></Trackpoint><Trackpoint><Time>2026-09-13T21:23:39Z</Time><Position><LatitudeDegrees>4.720166</LatitudeDegrees><LongitudeDegrees>-74.04581</LongitudeDegrees></Position><HeartRateBpm><Value>71</Value></HeartRateBpm></Trackpoint><Trackpoint><Time>2026-09-13T21:23:40Z</Time><Position><LatitudeDegrees>4.720166</LatitudeDegrees><LongitudeDegrees>-74.04581</LongitudeDegrees></Position><HeartRateBpm><Value>71</Value></HeartRateBpm></Trackpoint><Trackpoint><Time>2026-09-13T21:23:41Z</Time><Position><LatitudeDegrees>4.720166</LatitudeDegrees><LongitudeDegrees>-74.04581</LongitudeDegrees></Position><HeartRateBpm><Value>71</Value></HeartRateBpm></Trackpoint><Trackpoint><Time>2026-09-13T21:23:42Z</Time><Position><LatitudeDegrees>4.720166</LatitudeDegrees><LongitudeDegrees>-74.04581</LongitudeDegrees></Position><HeartRateBpm><Value>71</Value></HeartRateBpm></Trackpoint><Trackpoint><Time>2026-09-13T21:23:43Z</Time><Position><LatitudeDegrees>4.720166</LatitudeDegrees><LongitudeDegrees>-74.04581</LongitudeDegrees></Position><HeartRateBpm><Value>71</Value></HeartRateBpm></Trackpoint><Trackpoint><Time>2026-09-13T21:23:44Z</Time><Position><LatitudeDegrees>4.720166</LatitudeDegrees><LongitudeDegrees>-74.04581</LongitudeDegrees></Position><HeartRateBpm><Value>71</Value></HeartRateBpm></Trackpoint><Trackpoint><Time>2026-09-13T21:23:45Z</Time><Position><LatitudeDegrees>4.720166</LatitudeDegrees><LongitudeDegrees>-74.04581</LongitudeDegrees></Position><HeartRateBpm><Value>71</Value></HeartRateBpm></Trackpoint><Trackpoint><Time>2026-09-13T21:23:46Z</Time><Position><LatitudeDegrees>4.720166</LatitudeDegrees><LongitudeDegrees>-74.04581</LongitudeDegrees></Position><HeartRateBpm><Value>71</Value></HeartRateBpm></Trackpoint><Trackpoint><Time>2026-09-13T21:23:47Z</Time><Position><LatitudeDegrees>4.720166</LatitudeDegrees><LongitudeDegrees>-74.04581</LongitudeDegrees></Position><HeartRateBpm><Value>71</Value></HeartRateBpm></Trackpoint><Trackpoint><Time>2026-09-13T21:23:48Z</Time><Position><LatitudeDegrees>4.720166</LatitudeDegrees><LongitudeDegrees>-74.04581</LongitudeDegrees></Position><HeartRateBpm><Value>71</Value></HeartRateBpm></Trackpoint><Trackpoint><Time>2026-09-13T21:23:49Z</Time><Position><LatitudeDegrees>4.720166</LatitudeDegrees><LongitudeDegrees>-74.04581</LongitudeDegrees></Position><HeartRateBpm><Value>71</Value></HeartRateBpm></Trackpoint><Trackpoint><Time>2026-09-13T21:23:50Z</Time><Position><LatitudeDegrees>4.720166</LatitudeDegrees><LongitudeDegrees>-74.04581</LongitudeDegrees></Position><HeartRateBpm><Value>71</Value></HeartRateBpm></Trackpoint><Trackpoint><Time>2026-09-13T21:23:51Z</Time><Position><LatitudeDegrees>4.720166</LatitudeDegrees><LongitudeDegrees>-74.04581</LongitudeDegrees></Position><HeartRateBpm><Value>71</Value></HeartRateBpm></Trackpoint><Trackpoint><Time>2026-09-13T21:23:52Z</Time><Position><LatitudeDegrees>4.720166</LatitudeDegrees><LongitudeDegrees>-74.04581</LongitudeDegrees></Position><HeartRateBpm><Value>71</Value></HeartRateBpm></Trackpoint><Trackpoint><Time>2026-09-13T21:23:53Z</Time><Position><LatitudeDegrees>4.720166</LatitudeDegrees><LongitudeDegrees>-74.04581</LongitudeDegrees></Position><HeartRateBpm><Value>71</Value></HeartRateBpm></Trackpoint><Trackpoint><Time>2026-09-13T21:23:54Z</Time><Position><LatitudeDegrees>4.720166</LatitudeDegrees><LongitudeDegrees>-74.04581</LongitudeDegrees></Position><HeartRateBpm><Value>71</Value></HeartRateBpm></Trackpoint><Trackpoint><Time>2026-09-13T21:23:55Z</Time><Position><LatitudeDegrees>4.720166</LatitudeDegrees><LongitudeDegrees>-74.04581</LongitudeDegrees></Position><HeartRateBpm><Value>71</Value></HeartRateBpm></Trackpoint><Trackpoint><Time>2026-09-13T21:23:56Z</Time><Position><LatitudeDegrees>4.720166</LatitudeDegrees><LongitudeDegrees>-74.04581</LongitudeDegrees></Position><HeartRateBpm><Value>71</Value></HeartRateBpm></Trackpoint><Trackpoint><Time>2026-09-13T21:23:57Z</Time><Position><LatitudeDegrees>4.720166</LatitudeDegrees><LongitudeDegrees>-74.04581</LongitudeDegrees></Position><HeartRateBpm><Value>71</Value></HeartRateBpm></Trackpoint><Trackpoint><Time>2026-09-13T21:23:58Z</Time><Position><LatitudeDegrees>4.720166</LatitudeDegrees><LongitudeDegrees>-74.04581</LongitudeDegrees></Position><HeartRateBpm><Value>71</Value></HeartRateBpm></Trackpoint><Trackpoint><Time>2026-09-13T21:23:59Z</Time><Position><LatitudeDegrees>4.720166</LatitudeDegrees><LongitudeDegrees>-74.04581</LongitudeDegrees></Position><HeartRateBpm><Value>71</Value></HeartRateBpm></Trackpoint><Trackpoint><Time>2026-09-13T21:24:00Z</Time><Position><LatitudeDegrees>4.720166</LatitudeDegrees><LongitudeDegrees>-74.04581</LongitudeDegrees></Position><HeartRateBpm><Value>71</Value></HeartRateBpm></Trackpoint><Trackpoint><Time>2026-09-13T21:24:01Z</Time><Position><LatitudeDegrees>4.720166</LatitudeDegrees><LongitudeDegrees>-74.04581</LongitudeDegrees></Position><HeartRateBpm><Value>71</Value></HeartRateBpm></Trackpoint><Trackpoint><Time>2026-09-13T21:24:02Z</Time><Position><LatitudeDegrees>4.720166</LatitudeDegrees><LongitudeDegrees>-74.04581</LongitudeDegrees></Position><HeartRateBpm><Value>71</Value></HeartRateBpm></Trackpoint><Trackpoint><Time>2026-09-13T21:24:03Z</Time><Position><LatitudeDegrees>4.720166</LatitudeDegrees><LongitudeDegrees>-74.04581</LongitudeDegrees></Position><HeartRateBpm><Value>71</Value></HeartRateBpm></Trackpoint><Trackpoint><Time>2026-09-13T21:24:04Z</Time><Position><LatitudeDegrees>4.720166</LatitudeDegrees><LongitudeDegrees>-74.04581</LongitudeDegrees></Position><HeartRateBpm><Value>71</Value></HeartRateBpm></Trackpoint><Trackpoint><Time>2026-09-13T21:24:05Z</Time><Position><LatitudeDegrees>4.720166</LatitudeDegrees><LongitudeDegrees>-74.04581</LongitudeDegrees></Position><HeartRateBpm><Value>71</Value></HeartRateBpm></Trackpoint><Trackpoint><Time>2026-09-13T21:24:06Z</Time><Position><LatitudeDegrees>4.720166</LatitudeDegrees><LongitudeDegrees>-74.04581</LongitudeDegrees></Position><HeartRateBpm><Value>71</Value></HeartRateBpm></Trackpoint><Trackpoint><Time>2026-09-13T21:24:07Z</Time><Position><LatitudeDegrees>4.720166</LatitudeDegrees><LongitudeDegrees>-74.04581</LongitudeDegrees></Position><HeartRateBpm><Value>71</Value></HeartRateBpm></Trackpoint><Trackpoint><Time>2026-09-13T21:24:08Z</Time><Position><LatitudeDegrees>4.720166</LatitudeDegrees><LongitudeDegrees>-74.04581</LongitudeDegrees></Position><HeartRateBpm><Value>71</Value></HeartRateBpm></Trackpoint><Trackpoint><Time>2026-09-13T21:24:09Z</Time><Position><LatitudeDegrees>4.720166</LatitudeDegrees><LongitudeDegrees>-74.04581</LongitudeDegrees></Position><HeartRateBpm><Value>71</Value></HeartRateBpm></Trackpoint><Trackpoint><Time>2026-09-13T21:24:10Z</Time><Position><LatitudeDegrees>4.720166</LatitudeDegrees><LongitudeDegrees>-74.04581</LongitudeDegrees></Position><HeartRateBpm><Value>71</Value></HeartRateBpm></Trackpoint><Trackpoint><Time>2026-09-13T21:24:11Z</Time><Position><LatitudeDegrees>4.720166</LatitudeDegrees><LongitudeDegrees>-74.04581</LongitudeDegrees></Position><HeartRateBpm><Value>71</Value></HeartRateBpm></Trackpoint><Trackpoint><Time>2026-09-13T21:24:12Z</Time><Position><LatitudeDegrees>4.720166</LatitudeDegrees><LongitudeDegrees>-74.04581</LongitudeDegrees></Position><HeartRateBpm><Value>71</Value></HeartRateBpm></Trackpoint><Trackpoint><Time>2026-09-13T21:24:13Z</Time><Position><LatitudeDegrees>4.720166</LatitudeDegrees><LongitudeDegrees>-74.04581</LongitudeDegrees></Position><HeartRateBpm><Value>71</Value></HeartRateBpm></Trackpoint><Trackpoint><Time>2026-09-13T21:24:14Z</Time><Position><LatitudeDegrees>4.720166</LatitudeDegrees><LongitudeDegrees>-74.04581</LongitudeDegrees></Position><HeartRateBpm><Value>71</Value></HeartRateBpm></Trackpoint><Trackpoint><Time>2026-09-13T21:24:15Z</Time><Position><LatitudeDegrees>4.720166</LatitudeDegrees><LongitudeDegrees>-74.04581</LongitudeDegrees></Position><HeartRateBpm><Value>71</Value></HeartRateBpm></Trackpoint><Trackpoint><Time>2026-09-13T21:24:16Z</Time><Position><LatitudeDegrees>4.720166</LatitudeDegrees><LongitudeDegrees>-74.04581</LongitudeDegrees></Position><HeartRateBpm><Value>71</Value></HeartRateBpm></Trackpoint><Trackpoint><Time>2026-09-13T21:24:17Z</Time><Position><LatitudeDegrees>4.720166</LatitudeDegrees><LongitudeDegrees>-74.04581</LongitudeDegrees></Position><HeartRateBpm><Value>71</Value></HeartRateBpm></Trackpoint><Trackpoint><Time>2026-09-13T21:24:18Z</Time><Position><LatitudeDegrees>4.720166</LatitudeDegrees><LongitudeDegrees>-74.04581</LongitudeDegrees></Position><HeartRateBpm><Value>71</Value></HeartRateBpm></Trackpoint><Trackpoint><Time>2026-09-13T21:24:19Z</Time><Position><LatitudeDegrees>4.720166</LatitudeDegrees><LongitudeDegrees>-74.04581</LongitudeDegrees></Position><HeartRateBpm><Value>71</Value></HeartRateBpm></Trackpoint><Trackpoint><Time>2026-09-13T21:24:20Z</Time><Position><LatitudeDegrees>4.720166</LatitudeDegrees><LongitudeDegrees>-74.04581</LongitudeDegrees></Position><HeartRateBpm><Value>71</Value></HeartRateBpm></Trackpoint><Trackpoint><Time>2026-09-13T21:24:21Z</Time><Position><LatitudeDegrees>4.720166</LatitudeDegrees><LongitudeDegrees>-74.04581</LongitudeDegrees></Position><HeartRateBpm><Value>71</Value></HeartRateBpm></Trackpoint><Trackpoint><Time>2026-09-13T21:24:22Z</Time><Position><LatitudeDegrees>4.720166</LatitudeDegrees><LongitudeDegrees>-74.04581</LongitudeDegrees></Position><HeartRateBpm><Value>71</Value></HeartRateBpm></Trackpoint><Trackpoint><Time>2026-09-13T21:24:23Z</Time><Position><LatitudeDegrees>4.720166</LatitudeDegrees><LongitudeDegrees>-74.04581</LongitudeDegrees></Position><HeartRateBpm><Value>71</Value></HeartRateBpm></Trackpoint><Trackpoint><Time>2026-09-13T21:24:24Z</Time><Position><LatitudeDegrees>4.720166</LatitudeDegrees><LongitudeDegrees>-74.04581</LongitudeDegrees></Position><HeartRateBpm><Value>71</Value></HeartRateBpm></Trackpoint><Trackpoint><Time>2026-09-13T21:24:25Z</Time><Position><LatitudeDegrees>4.720166</LatitudeDegrees><LongitudeDegrees>-74.04581</LongitudeDegrees></Position><HeartRateBpm><Value>71</Value></HeartRateBpm></Trackpoint><Trackpoint><Time>2026-09-13T21:24:26Z</Time><Position><LatitudeDegrees>4.720166</LatitudeDegrees><LongitudeDegrees>-74.04581</LongitudeDegrees></Position><HeartRateBpm><Value>71</Value></HeartRateBpm></Trackpoint><Trackpoint><Time>2026-09-13T21:24:27Z</Time><Position><LatitudeDegrees>4.720166</LatitudeDegrees><LongitudeDegrees>-74.04581</LongitudeDegrees></Position><HeartRateBpm><Value>71</Value></HeartRateBpm></Trackpoint><Trackpoint><Time>2026-09-13T21:24:28Z</Time><Position><LatitudeDegrees>4.720166</LatitudeDegrees><LongitudeDegrees>-74.04581</LongitudeDegrees></Position><HeartRateBpm><Value>71</Value></HeartRateBpm></Trackpoint><Trackpoint><Time>2026-09-13T21:24:29Z</Time><Position><LatitudeDegrees>4.720166</LatitudeDegrees><LongitudeDegrees>-74.04581</LongitudeDegrees></Position><HeartRateBpm><Value>71</Value></HeartRateBpm></Trackpoint><Trackpoint><Time>2026-09-13T21:24:30Z</Time><Position><LatitudeDegrees>4.720166</LatitudeDegrees><LongitudeDegrees>-74.04581</LongitudeDegrees></Position><HeartRateBpm><Value>71</Value></HeartRateBpm></Trackpoint><Trackpoint><Time>2026-09-13T21:24:31Z</Time><Position><LatitudeDegrees>4.720166</LatitudeDegrees><LongitudeDegrees>-74.04581</LongitudeDegrees></Position><HeartRateBpm><Value>71</Value></HeartRateBpm></Trackpoint><Trackpoint><Time>2026-09-13T21:24:32Z</Time><Position><LatitudeDegrees>4.720166</LatitudeDegrees><LongitudeDegrees>-74.04581</LongitudeDegrees></Position><HeartRateBpm><Value>71</Value></HeartRateBpm></Trackpoint><Trackpoint><Time>2026-09-13T21:24:33Z</Time><Position><LatitudeDegrees>4.720166</LatitudeDegrees><LongitudeDegrees>-74.04581</LongitudeDegrees></Position><HeartRateBpm><Value>71</Value></HeartRateBpm></Trackpoint><Trackpoint><Time>2026-09-13T21:24:34Z</Time><Position><LatitudeDegrees>4.720166</LatitudeDegrees><LongitudeDegrees>-74.04581</LongitudeDegrees></Position><HeartRateBpm><Value>71</Value></HeartRateBpm></Trackpoint><Trackpoint><Time>2026-09-13T21:24:35Z</Time><Position><LatitudeDegrees>4.720166</LatitudeDegrees><LongitudeDegrees>-74.04581</LongitudeDegrees></Position><HeartRateBpm><Value>71</Value></HeartRateBpm></Trackpoint><Trackpoint><Time>2026-09-13T21:24:36Z</Time><Position><LatitudeDegrees>4.720166</LatitudeDegrees><LongitudeDegrees>-74.04581</LongitudeDegrees></Position><HeartRateBpm><Value>71</Value></HeartRateBpm></Trackpoint><Trackpoint><Time>2026-09-13T21:24:37Z</Time><Position><LatitudeDegrees>4.720166</LatitudeDegrees><LongitudeDegrees>-74.04581</LongitudeDegrees></Position><HeartRateBpm><Value>71</Value></HeartRateBpm></Trackpoint><Trackpoint><Time>2026-09-13T21:24:38Z</Time><Position><LatitudeDegrees>4.720166</LatitudeDegrees><LongitudeDegrees>-74.04581</LongitudeDegrees></Position><HeartRateBpm><Value>71</Value></HeartRateBpm></Trackpoint><Trackpoint><Time>2026-09-13T21:24:39Z</Time><Position><LatitudeDegrees>4.720166</LatitudeDegrees><LongitudeDegrees>-74.04581</LongitudeDegrees></Position><HeartRateBpm><Value>71</Value></HeartRateBpm></Trackpoint><Trackpoint><Time>2026-09-13T21:24:40Z</Time><Position><LatitudeDegrees>4.720166</LatitudeDegrees><LongitudeDegrees>-74.04581</LongitudeDegrees></Position><HeartRateBpm><Value>71</Value></HeartRateBpm></Trackpoint><Trackpoint><Time>2026-09-13T21:24:41Z</Time><Position><LatitudeDegrees>4.720166</LatitudeDegrees><LongitudeDegrees>-74.04581</LongitudeDegrees></Position><HeartRateBpm><Value>71</Value></HeartRateBpm></Trackpoint><Trackpoint><Time>2026-09-13T21:24:42Z</Time><Position><LatitudeDegrees>4.720166</LatitudeDegrees><LongitudeDegrees>-74.04581</LongitudeDegrees></Position><HeartRateBpm><Value>71</Value></HeartRateBpm></Trackpoint><Trackpoint><Time>2026-09-13T21:24:43Z</Time><Position><LatitudeDegrees>4.720166</LatitudeDegrees><LongitudeDegrees>-74.04581</LongitudeDegrees></Position><HeartRateBpm><Value>71</Value></HeartRateBpm></Trackpoint><Trackpoint><Time>2026-09-13T21:24:44Z</Time><Position><LatitudeDegrees>4.720166</LatitudeDegrees><LongitudeDegrees>-74.04581</LongitudeDegrees></Position><HeartRateBpm><Value>71</Value></HeartRateBpm></Trackpoint><Trackpoint><Time>2026-09-13T21:24:45Z</Time><Position><LatitudeDegrees>4.720166</LatitudeDegrees><LongitudeDegrees>-74.04581</LongitudeDegrees></Position><HeartRateBpm><Value>71</Value></HeartRateBpm></Trackpoint><Trackpoint><Time>2026-09-13T21:24:46Z</Time><Position><LatitudeDegrees>4.720166</LatitudeDegrees><LongitudeDegrees>-74.04581</LongitudeDegrees></Position><HeartRateBpm><Value>71</Value></HeartRateBpm></Trackpoint><Trackpoint><Time>2026-09-13T21:24:47Z</Time><Position><LatitudeDegrees>4.720166</LatitudeDegrees><LongitudeDegrees>-74.04581</LongitudeDegrees></Position><HeartRateBpm><Value>71</Value></HeartRateBpm></Trackpoint><Trackpoint><Time>2026-09-13T21:24:48Z</Time><Position><LatitudeDegrees>4.720166</LatitudeDegrees><LongitudeDegrees>-74.04581</LongitudeDegrees></Position><HeartRateBpm><Value>71</Value></HeartRateBpm></Trackpoint><Trackpoint><Time>2026-09-13T21:24:49Z</Time><Position><LatitudeDegrees>4.720166</LatitudeDegrees><LongitudeDegrees>-74.04581</LongitudeDegrees></Position><HeartRateBpm><Value>71</Value></HeartRateBpm></Trackpoint><Trackpoint><Time>2026-09-13T21:24:50Z</Time><Position><LatitudeDegrees>4.720166</LatitudeDegrees><LongitudeDegrees>-74.04581</LongitudeDegrees></Position><HeartRateBpm><Value>71</Value></HeartRateBpm></Trackpoint><Trackpoint><Time>2026-09-13T21:24:51Z</Time><Position><LatitudeDegrees>4.720166</LatitudeDegrees><LongitudeDegrees>-74.04581</LongitudeDegrees></Position><HeartRateBpm><Value>71</Value></HeartRateBpm></Trackpoint><Trackpoint><Time>2026-09-13T21:24:52Z</Time><Position><LatitudeDegrees>4.720166</LatitudeDegrees><LongitudeDegrees>-74.04581</LongitudeDegrees></Position><HeartRateBpm><Value>71</Value></HeartRateBpm></Trackpoint><Trackpoint><Time>2026-09-13T21:24:53Z</Time><Position><LatitudeDegrees>4.720166</LatitudeDegrees><LongitudeDegrees>-74.04581</LongitudeDegrees></Position><HeartRateBpm><Value>71</Value></HeartRateBpm></Trackpoint><Trackpoint><Time>2026-09-13T21:24:54Z</Time><Position><LatitudeDegrees>4.720166</LatitudeDegrees><LongitudeDegrees>-74.04581</LongitudeDegrees></Position><HeartRateBpm><Value>71</Value></HeartRateBpm></Trackpoint><Trackpoint><Time>2026-09-13T21:24:55Z</Time><Position><LatitudeDegrees>4.720166</LatitudeDegrees><LongitudeDegrees>-74.04581</LongitudeDegrees></Position><HeartRateBpm><Value>71</Value></HeartRateBpm></Trackpoint><Trackpoint><Time>2026-09-13T21:24:56Z</Time><Position><LatitudeDegrees>4.720166</LatitudeDegrees><LongitudeDegrees>-74.04581</LongitudeDegrees></Position><HeartRateBpm><Value>71</Value></HeartRateBpm></Trackpoint><Trackpoint><Time>2026-09-13T21:24:57Z</Time><Position><LatitudeDegrees>4.720166</LatitudeDegrees><LongitudeDegrees>-74.04581</LongitudeDegrees></Position><HeartRateBpm><Value>71</Value></HeartRateBpm></Trackpoint><Trackpoint><Time>2026-09-13T21:24:58Z</Time><Position><LatitudeDegrees>4.720166</LatitudeDegrees><LongitudeDegrees>-74.04581</LongitudeDegrees></Position><HeartRateBpm><Value>71</Value></HeartRateBpm></Trackpoint><Trackpoint><Time>2026-09-13T21:24:59Z</Time><Position><LatitudeDegrees>4.720166</LatitudeDegrees><LongitudeDegrees>-74.04581</LongitudeDegrees></Position><HeartRateBpm><Value>71</Value></HeartRateBpm></Trackpoint><Trackpoint><Time>2026-09-13T21:25:00Z</Time><Position><LatitudeDegrees>4.720166</LatitudeDegrees><LongitudeDegrees>-74.04581</LongitudeDegrees></Position><HeartRateBpm><Value>71</Value></HeartRateBpm></Trackpoint><Trackpoint><Time>2026-09-13T21:25:01Z</Time><Position><LatitudeDegrees>4.720166</LatitudeDegrees><LongitudeDegrees>-74.04581</LongitudeDegrees></Position><HeartRateBpm><Value>71</Value></HeartRateBpm></Trackpoint><Trackpoint><Time>2026-09-13T21:25:02Z</Time><Position><LatitudeDegrees>4.720166</LatitudeDegrees><LongitudeDegrees>-74.04581</LongitudeDegrees></Position><HeartRateBpm><Value>71</Value></HeartRateBpm></Trackpoint><Trackpoint><Time>2026-09-13T21:25:03Z</Time><Position><LatitudeDegrees>4.720166</LatitudeDegrees><LongitudeDegrees>-74.04581</LongitudeDegrees></Position><HeartRateBpm><Value>71</Value></HeartRateBpm></Trackpoint><Trackpoint><Time>2026-09-13T21:25:04Z</Time><Position><LatitudeDegrees>4.720166</LatitudeDegrees><LongitudeDegrees>-74.04581</LongitudeDegrees></Position><HeartRateBpm><Value>71</Value></HeartRateBpm></Trackpoint><Trackpoint><Time>2026-09-13T21:25:05Z</Time><Position><LatitudeDegrees>4.720166</LatitudeDegrees><LongitudeDegrees>-74.04581</LongitudeDegrees></Position><HeartRateBpm><Value>71</Value></HeartRateBpm></Trackpoint><Trackpoint><Time>2026-09-13T21:25:06Z</Time><Position><LatitudeDegrees>4.720166</LatitudeDegrees><LongitudeDegrees>-74.04581</LongitudeDegrees></Position><HeartRateBpm><Value>71</Value></HeartRateBpm></Trackpoint><Trackpoint><Time>2026-09-13T21:25:07Z</Time><Position><LatitudeDegrees>4.720166</LatitudeDegrees><LongitudeDegrees>-74.04581</LongitudeDegrees></Position><HeartRateBpm><Value>71</Value></HeartRateBpm></Trackpoint><Trackpoint><Time>2026-09-13T21:25:08Z</Time><Position><LatitudeDegrees>4.720166</LatitudeDegrees><LongitudeDegrees>-74.04581</LongitudeDegrees></Position><HeartRateBpm><Value>71</Value></HeartRateBpm></Trackpoint><Trackpoint><Time>2026-09-13T21:25:09Z</Time><Position><LatitudeDegrees>4.720166</LatitudeDegrees><LongitudeDegrees>-74.04581</LongitudeDegrees></Position><HeartRateBpm><Value>71</Value></HeartRateBpm></Trackpoint><Trackpoint><Time>2026-09-13T21:25:10Z</Time><Position><LatitudeDegrees>4.720166</LatitudeDegrees><LongitudeDegrees>-74.04581</LongitudeDegrees></Position><HeartRateBpm><Value>71</Value></HeartRateBpm></Trackpoint><Trackpoint><Time>2026-09-13T21:25:11Z</Time><Position><LatitudeDegrees>4.720166</LatitudeDegrees><LongitudeDegrees>-74.04581</LongitudeDegrees></Position><HeartRateBpm><Value>71</Value></HeartRateBpm></Trackpoint><Trackpoint><Time>2026-09-13T21:25:12Z</Time><Position><LatitudeDegrees>4.720166</LatitudeDegrees><LongitudeDegrees>-74.04581</LongitudeDegrees></Position><HeartRateBpm><Value>71</Value></HeartRateBpm></Trackpoint><Trackpoint><Time>2026-09-13T21:25:13Z</Time><Position><LatitudeDegrees>4.720166</LatitudeDegrees><LongitudeDegrees>-74.04581</LongitudeDegrees></Position><HeartRateBpm><Value>71</Value></HeartRateBpm></Trackpoint><Trackpoint><Time>2026-09-13T21:25:14Z</Time><Position><LatitudeDegrees>4.720166</LatitudeDegrees><LongitudeDegrees>-74.04581</LongitudeDegrees></Position><HeartRateBpm><Value>71</Value></HeartRateBpm></Trackpoint><Trackpoint><Time>2026-09-13T21:25:15Z</Time><Position><LatitudeDegrees>4.720166</LatitudeDegrees><LongitudeDegrees>-74.04581</LongitudeDegrees></Position><HeartRateBpm><Value>71</Value></HeartRateBpm></Trackpoint><Trackpoint><Time>2026-09-13T21:25:16Z</Time><Position><LatitudeDegrees>4.720166</LatitudeDegrees><LongitudeDegrees>-74.04581</LongitudeDegrees></Position><HeartRateBpm><Value>71</Value></HeartRateBpm></Trackpoint><Trackpoint><Time>2026-09-13T21:25:17Z</Time><Position><LatitudeDegrees>4.720166</LatitudeDegrees><LongitudeDegrees>-74.04581</LongitudeDegrees></Position><HeartRateBpm><Value>71</Value></HeartRateBpm></Trackpoint><Trackpoint><Time>2026-09-13T21:25:18Z</Time><Position><LatitudeDegrees>4.720166</LatitudeDegrees><LongitudeDegrees>-74.04581</LongitudeDegrees></Position><HeartRateBpm><Value>71</Value></HeartRateBpm></Trackpoint><Trackpoint><Time>2026-09-13T21:25:19Z</Time><Position><LatitudeDegrees>4.720166</LatitudeDegrees><LongitudeDegrees>-74.04581</LongitudeDegrees></Position><AltitudeMeters>2562.0</AltitudeMeters><HeartRateBpm><Value>72</Value></HeartRateBpm></Trackpoint><Trackpoint><Time>2026-09-13T21:25:20Z</Time><Position><LatitudeDegrees>4.720166</LatitudeDegrees><LongitudeDegrees>-74.04581</LongitudeDegrees></Position><HeartRateBpm><Value>71</Value></HeartRateBpm></Trackpoint><Trackpoint><Time>2026-09-13T21:25:21Z</Time><Position><LatitudeDegrees>4.720166</LatitudeDegrees><LongitudeDegrees>-74.04581</LongitudeDegrees></Position><HeartRateBpm><Value>71</Value></HeartRateBpm></Trackpoint><Trackpoint><Time>2026-09-13T21:25:22Z</Time><Position><LatitudeDegrees>4.720166</LatitudeDegrees><LongitudeDegrees>-74.04581</LongitudeDegrees></Position><HeartRateBpm><Value>71</Value></HeartRateBpm></Trackpoint><Trackpoint><Time>2026-09-13T21:25:23Z</Time><Position><LatitudeDegrees>4.720166</LatitudeDegrees><LongitudeDegrees>-74.04581</LongitudeDegrees></Position><HeartRateBpm><Value>71</Value></HeartRateBpm></Trackpoint><Trackpoint><Time>2026-09-13T21:25:24Z</Time><Position><LatitudeDegrees>4.720166</LatitudeDegrees><LongitudeDegrees>-74.04581</LongitudeDegrees></Position><AltitudeMeters>2562.0</AltitudeMeters><HeartRateBpm><Value>71</Value></HeartRateBpm></Trackpoint><Trackpoint><Time>2026-09-13T21:25:25Z</Time><Position><LatitudeDegrees>4.720166</LatitudeDegrees><LongitudeDegrees>-74.04581</LongitudeDegrees></Position><HeartRateBpm><Value>70</Value></HeartRateBpm></Trackpoint><Trackpoint><Time>2026-09-13T21:25:26Z</Time><Position><LatitudeDegrees>4.720166</LatitudeDegrees><LongitudeDegrees>-74.04581</LongitudeDegrees></Position><HeartRateBpm><Value>69</Value></HeartRateBpm></Trackpoint><Trackpoint><Time>2026-09-13T21:25:27Z</Time><Position><LatitudeDegrees>4.720166</LatitudeDegrees><LongitudeDegrees>-74.04581</LongitudeDegrees></Position><HeartRateBpm><Value>69</Value></HeartRateBpm></Trackpoint><Trackpoint><Time>2026-09-13T21:25:28Z</Time><Position><LatitudeDegrees>4.720166</LatitudeDegrees><LongitudeDegrees>-74.04581</LongitudeDegrees></Position><HeartRateBpm><Value>68</Value></HeartRateBpm></Trackpoint><Trackpoint><Time>2026-09-13T21:25:29Z</Time><Position><LatitudeDegrees>4.720166</LatitudeDegrees><LongitudeDegrees>-74.04581</LongitudeDegrees></Position><AltitudeMeters>2562.1</AltitudeMeters><HeartRateBpm><Value>68</Value></HeartRateBpm></Trackpoint><Trackpoint><Time>2026-09-13T21:25:30Z</Time><Position><LatitudeDegrees>4.720166</LatitudeDegrees><LongitudeDegrees>-74.04581</LongitudeDegrees></Position><HeartRateBpm><Value>67</Value></HeartRateBpm></Trackpoint><Trackpoint><Time>2026-09-13T21:25:31Z</Time><Position><LatitudeDegrees>4.720166</LatitudeDegrees><LongitudeDegrees>-74.04581</LongitudeDegrees></Position><HeartRateBpm><Value>67</Value></HeartRateBpm></Trackpoint><Trackpoint><Time>2026-09-13T21:25:32Z</Time><Position><LatitudeDegrees>4.720166</LatitudeDegrees><LongitudeDegrees>-74.04581</LongitudeDegrees></Position><HeartRateBpm><Value>66</Value></HeartRateBpm></Trackpoint><Trackpoint><Time>2026-09-13T21:25:33Z</Time><Position><LatitudeDegrees>4.720166</LatitudeDegrees><LongitudeDegrees>-74.04581</LongitudeDegrees></Position><HeartRateBpm><Value>66</Value></HeartRateBpm></Trackpoint><Trackpoint><Time>2026-09-13T21:25:34Z</Time><Position><LatitudeDegrees>4.720166</LatitudeDegrees><LongitudeDegrees>-74.04581</LongitudeDegrees></Position><AltitudeMeters>2562.1</AltitudeMeters><HeartRateBpm><Value>66</Value></HeartRateBpm></Trackpoint><Trackpoint><Time>2026-09-13T21:25:35Z</Time><Position><LatitudeDegrees>4.720166</LatitudeDegrees><LongitudeDegrees>-74.04581</LongitudeDegrees></Position><HeartRateBpm><Value>65</Value></HeartRateBpm></Trackpoint><Trackpoint><Time>2026-09-13T21:25:36Z</Time><Position><LatitudeDegrees>4.720166</LatitudeDegrees><LongitudeDegrees>-74.04581</LongitudeDegrees></Position><HeartRateBpm><Value>65</Value></HeartRateBpm></Trackpoint><Trackpoint><Time>2026-09-13T21:25:37Z</Time><Position><LatitudeDegrees>4.720166</LatitudeDegrees><LongitudeDegrees>-74.04581</LongitudeDegrees></Position><HeartRateBpm><Value>64</Value></HeartRateBpm></Trackpoint><Trackpoint><Time>2026-09-13T21:25:38Z</Time><Position><LatitudeDegrees>4.720166</LatitudeDegrees><LongitudeDegrees>-74.04581</LongitudeDegrees></Position><HeartRateBpm><Value>64</Value></HeartRateBpm></Trackpoint><Trackpoint><Time>2026-09-13T21:25:39Z</Time><Position><LatitudeDegrees>4.720166</LatitudeDegrees><LongitudeDegrees>-74.04581</LongitudeDegrees></Position><AltitudeMeters>2562.1</AltitudeMeters><HeartRateBpm><Value>64</Value></HeartRateBpm></Trackpoint><Trackpoint><Time>2026-09-13T21:25:40Z</Time><Position><LatitudeDegrees>4.720166</LatitudeDegrees><LongitudeDegrees>-74.04581</LongitudeDegrees></Position><HeartRateBpm><Value>64</Value></HeartRateBpm></Trackpoint><Trackpoint><Time>2026-09-13T21:25:41Z</Time><Position><LatitudeDegrees>4.720166</LatitudeDegrees><LongitudeDegrees>-74.04581</LongitudeDegrees></Position><HeartRateBpm><Value>64</Value></HeartRateBpm></Trackpoint><Trackpoint><Time>2026-09-13T21:25:42Z</Time><Position><LatitudeDegrees>4.720166</LatitudeDegrees><LongitudeDegrees>-74.04581</LongitudeDegrees></Position><HeartRateBpm><Value>64</Value></HeartRateBpm></Trackpoint><Trackpoint><Time>2026-09-13T21:25:43Z</Time><Position><LatitudeDegrees>4.720166</LatitudeDegrees><LongitudeDegrees>-74.04581</LongitudeDegrees></Position><HeartRateBpm><Value>64</Value></HeartRateBpm></Trackpoint><Trackpoint><Time>2026-09-13T21:25:44Z</Time><Position><LatitudeDegrees>4.720166</LatitudeDegrees><LongitudeDegrees>-74.04581</LongitudeDegrees></Position><AltitudeMeters>2562.2</AltitudeMeters><HeartRateBpm><Value>64</Value></HeartRateBpm></Trackpoint><Trackpoint><Time>2026-09-13T21:25:45Z</Time><Position><LatitudeDegrees>4.720166</LatitudeDegrees><LongitudeDegrees>-74.04581</LongitudeDegrees></Position><HeartRateBpm><Value>64</Value></HeartRateBpm></Trackpoint><Trackpoint><Time>2026-09-13T21:25:46Z</Time><Position><LatitudeDegrees>4.720166</LatitudeDegrees><LongitudeDegrees>-74.04581</LongitudeDegrees></Position><HeartRateBpm><Value>64</Value></HeartRateBpm></Trackpoint><Trackpoint><Time>2026-09-13T21:25:47Z</Time><Position><LatitudeDegrees>4.720166</LatitudeDegrees><LongitudeDegrees>-74.04581</LongitudeDegrees></Position><HeartRateBpm><Value>65</Value></HeartRateBpm></Trackpoint><Trackpoint><Time>2026-09-13T21:25:48Z</Time><Position><LatitudeDegrees>4.720166</LatitudeDegrees><LongitudeDegrees>-74.04581</LongitudeDegrees></Position><HeartRateBpm><Value>65</Value></HeartRateBpm></Trackpoint><Trackpoint><Time>2026-09-13T21:25:49Z</Time><Position><LatitudeDegrees>4.720166</LatitudeDegrees><LongitudeDegrees>-74.04581</LongitudeDegrees></Position><AltitudeMeters>2562.2</AltitudeMeters><HeartRateBpm><Value>66</Value></HeartRateBpm></Trackpoint><Trackpoint><Time>2026-09-13T21:25:50Z</Time><Position><LatitudeDegrees>4.720166</LatitudeDegrees><LongitudeDegrees>-74.04581</LongitudeDegrees></Position><HeartRateBpm><Value>66</Value></HeartRateBpm></Trackpoint><Trackpoint><Time>2026-09-13T21:25:51Z</Time><Position><LatitudeDegrees>4.720166</LatitudeDegrees><LongitudeDegrees>-74.04581</LongitudeDegrees></Position><HeartRateBpm><Value>66</Value></HeartRateBpm></Trackpoint><Trackpoint><Time>2026-09-13T21:25:52Z</Time><Position><LatitudeDegrees>4.720166</LatitudeDegrees><LongitudeDegrees>-74.04581</LongitudeDegrees></Position><HeartRateBpm><Value>66</Value></HeartRateBpm></Trackpoint><Trackpoint><Time>2026-09-13T21:25:53Z</Time><Position><LatitudeDegrees>4.720166</LatitudeDegrees><LongitudeDegrees>-74.04581</LongitudeDegrees></Position><HeartRateBpm><Value>66</Value></HeartRateBpm></Trackpoint><Trackpoint><Time>2026-09-13T21:25:54Z</Time><Position><LatitudeDegrees>4.720166</LatitudeDegrees><LongitudeDegrees>-74.04581</LongitudeDegrees></Position><AltitudeMeters>2562.2</AltitudeMeters><HeartRateBpm><Value>67</Value></HeartRateBpm></Trackpoint></Track></Lap></Activity></Activities></TrainingCenterDatabase>